price,kilometrage,transmission,puissance_fiscale,car_age,is_new,price_per_fiscal,brand_encoded,body_type_encoded,model_encoded,fuel_diesel,fuel_electrique,fuel_essence,fuel_hybride
78000.0,0.08645910254102392,1.0,-0.014468701681598103,-0.6517974709530199,0,-0.24814390557772106,0.1714235032256855,1.7487897039120293,0.068732804213078,0,0,1,0
75000.0,0.6846091403156319,1.0,-0.014457960998823774,0.4134955520501627,0,-0.41739472100710895,0.7168979404301677,0.12838915571849938,-0.16727016840171285,0,0,1,0
118000.0,0.43007720934771365,1.0,-0.014457960998823774,0.4134955520501627,0,0.20641542728977816,1.61783723340406,0.12838915571849938,0.8267724449304006,1,0,0,0
68000.0,-0.49896433868518825,1.0,-0.014500923729921091,-0.8648560755536564,0,0.13871510111802307,-0.9936213437697933,1.7487897039120293,-0.17708726376838468,0,0,1,0
47000.0,0.11191229563781574,0.0,-0.014522405095469749,-0.8648560755536564,0,0.19916182091423296,-0.07526237887860447,-1.1334252924124224,-0.5744530777639784,0,0,1,0
44000.0,0.9391410712835503,0.0,-0.014490183047146762,1.0526713658520723,0,-0.5935537329846353,1.2004690324034661,-0.9346187243669639,-0.026885704658305653,0,0,1,0
42000.0,-0.10443984568491482,0.0,-0.01451166441269542,-0.22568026175174685,0,-0.28682980624729537,-0.6547472531184948,-0.9346187243669639,-0.7548560497482442,0,0,1,0
44000.0,0.17554527837979533,0.0,-0.014479442364372434,1.0526713658520723,0,-0.7075389760289169,0.11004421352280759,0.645607861430407,-0.6483078413686326,1,0,0,0
46000.0,0.5064367886380892,0.0,-0.01451166441269542,1.2657299704527087,0,-0.1707721042385722,-0.32036319269464486,-0.9346187243669639,-0.726667004122192,0,0,1,0
69000.0,0.3282644369605463,1.0,-0.014500923729921091,-0.4387388663523834,0,0.16289378903650698,-0.32036319269464486,-0.9346187243669639,-0.27162723695701885,0,0,1,0
45000.0,-0.20625261807208214,0.0,-0.01451166441269542,-0.8648560755536564,0,-0.19978652974075298,0.11004421352280759,-1.1334252924124224,-0.6599620002908548,0,0,1,0
145000.0,0.5573431748316728,1.0,-0.014425738950500788,0.6265541566507993,0,0.11267651412888642,1.4293979033596458,1.7487897039120293,1.8967741324410399,1,0,0,0
85000.0,0.43007720934771365,1.0,-0.014468701681598103,0.8396127612514358,0,-0.13531002862479555,1.61783723340406,0.12838915571849938,0.8267724449304006,0,0,1,0
43500.0,-0.14261963533010258,1.0,-0.01451166441269542,-0.8648560755536564,0,-0.2433081679940242,-0.7107256994550611,-1.1334252924124224,-0.7430231774662824,0,0,1,0
53000.0,0.37917082315413,0.0,-0.014500923729921091,-0.6517974709530199,0,-0.2239652176592369,-0.8102427462111627,-0.9346187243669639,-0.599331507536703,1,0,0,0
51000.0,-0.16807282842689442,0.0,-0.01451166441269542,-0.8648560755536564,0,-0.02569997672766821,0.11004421352280759,-1.1334252924124224,-0.4082097375437444,0,0,1,0
61000.0,-0.5753239179755637,0.0,-0.01451166441269542,-0.8648560755536564,0,0.26444427829413975,0.11004421352280759,-1.1334252924124224,-0.4082097375437444,0,0,1,0
29500.0,-0.43533135594320865,0.0,-0.01451166441269542,-0.22568026175174685,0,-0.6495101250245553,-1.3420330208418312,1.7487897039120293,-0.91693926912938,0,0,1,0
39800.0,-0.5880505145239596,1.0,-0.01451166441269542,-1.077914680154293,0,-0.3506615423520931,0.5199635555482692,-1.1334252924124224,-0.7886923051120398,0,0,1,0
78000.0,-0.28261219736245763,1.0,-0.014500923729921091,-0.8648560755536564,0,0.3805019803028629,-0.6808932935519518,1.7487897039120293,-0.602167493145275,0,0,1,0
47000.0,0.073732505992628,1.0,-0.014500923729921091,-0.4387388663523834,0,-0.36903734517014103,-0.7107256994550611,0.12838915571849938,-0.56322634819081,0,0,1,0
67000.0,1.3718453539290114,1.0,-0.014339813488306156,1.9049057842546184,0,-1.0425865086136237,2.413559718457235,1.7487897039120293,1.0656601476446517,0,0,1,0
40000.0,1.155493212606281,0.0,-0.014522405095469749,-0.22568026175174685,0,-0.054714402229849,-0.32036319269464486,-1.1334252924124224,-0.677508791536798,0,0,1,0
39000.0,-0.5498707248787719,0.0,-0.014522405095469749,-0.6517974709530199,0,-0.090982434107575,-0.14125162852066492,-1.1334252924124224,-0.8544668440687411,0,0,1,0
80000.0,-1.0716611833630045,1.0,-0.014479442364372434,-0.012621657151110341,0,-0.054714402229849,0.11004421352280759,1.7487897039120293,0.17671313981439438,0,0,1,0
48000.0,1.0409538436707175,0.0,-0.014468701681598103,1.2657299704527087,0,-0.731717663947401,-0.1174694926053072,1.7487897039120293,-0.3047095035351185,0,0,1,0
150000.0,-0.384424969749625,1.0,-0.014350554171080485,1.6918471796539818,0,-0.41739472100710895,2.413559718457235,0.12838915571849938,1.8234186142845195,0,0,1,0
42500.0,-0.3971515662980209,0.0,-0.01451166441269542,-0.4387388663523834,0,-0.27232259349620497,-1.1381312347207264,-0.13969362055378792,-0.7156250667400966,0,0,1,0
95000.0,0.1500920852830035,1.0,-0.014447220316049445,-0.6517974709530199,0,-0.25254003065380903,0.11004421352280759,1.7487897039120293,0.17671313981439438,0,0,1,0
147000.0,-0.35897177665283314,1.0,-0.014479442364372434,-0.6517974709530199,0,1.160264665673972,1.61783723340406,0.12838915571849938,1.1788691035843615,0,0,0,1
57500.0,0.8118751057995911,0.0,-0.01451166441269542,-0.4387388663523834,0,0.16289378903650698,-0.9345511308118133,-0.9346187243669639,-0.6861294929918105,1,0,0,0
198000.0,-0.42260475939481273,1.0,-0.014436479633275117,-0.6517974709530199,0,0.8882544265910268,1.61783723340406,1.7487897039120293,2.9642897574202522,0,0,0,1
127000.0,-0.7407696731047106,1.0,-0.014479442364372434,-0.6517974709530199,0,0.7975843468967119,1.61783723340406,-0.9346187243669639,0.4451786460753563,0,0,0,1
147000.0,-0.7153164800079188,1.0,-0.014479442364372434,-0.8648560755536564,0,1.160264665673972,1.61783723340406,1.7487897039120293,1.4574591147824754,0,1,0,0
76000.0,0.11191229563781574,0.0,-0.014500923729921091,-0.8648560755536564,0,0.33214460446589483,-0.8102427462111627,1.7487897039120293,-0.1688273628391848,0,0,1,0
125000.0,-0.3335185835560413,1.0,-0.014479442364372434,-0.6517974709530199,0,0.7613163150189859,1.61783723340406,-0.9346187243669639,0.4451786460753563,0,0,0,1
169000.0,-0.8680356385886698,1.0,-0.014479442364372434,-1.2909732847549296,0,1.5592130163289577,1.61783723340406,-0.9346187243669639,0.4451786460753563,0,0,0,1
179000.0,-0.10443984568491482,1.0,-0.014447220316049445,-0.8648560755536564,0,0.8552834885203668,2.6714025272308954,1.7487897039120293,0.9420616080322042,0,0,0,1
189000.0,-0.677136690362731,1.0,-0.014457960998823774,-0.6517974709530199,0,1.2364275326171965,1.2004690324034661,0.12838915571849938,1.1296197984586185,0,0,0,1
47500.0,-0.21897921462047806,0.0,-0.01451166441269542,-0.8648560755536564,0,-0.127250465985301,-0.6547472531184948,-1.1334252924124224,-0.8428143786987349,0,0,1,0
69500.0,-0.21897921462047806,0.0,-0.014500923729921091,-0.4387388663523834,0,0.17498313299574905,-0.32036319269464486,1.7487897039120293,0.07488485064285891,0,0,1,0
103000.0,0.1500920852830035,1.0,-0.014500923729921091,-0.6517974709530199,0,0.984969178264963,1.61783723340406,-0.9346187243669639,0.4451786460753563,1,0,0,0
163000.0,-0.43533135594320865,1.0,-0.014479442364372434,-0.6517974709530199,0,1.4504089206957798,1.61783723340406,1.7487897039120293,1.240064991829398,0,0,0,1
49500.0,-0.6135037076207515,0.0,-0.01451166441269542,-0.8648560755536564,0,-0.0692216149809394,-0.8102427462111627,-1.1334252924124224,-0.8015849257249965,0,0,1,0
129000.0,-0.3335185835560413,1.0,-0.014479442364372434,-0.6517974709530199,0,0.8338523787744379,1.61783723340406,-0.9346187243669639,0.4451786460753563,0,0,0,1
68500.0,0.4682569989929014,0.0,-0.01451166441269542,-0.6517974709530199,0,0.48205246956049574,-0.8102427462111627,1.7487897039120293,-0.44241729846874356,1,0,0,0
46500.0,0.6591559472188401,0.0,-0.01451166441269542,-0.8648560755536564,0,-0.1562648914874818,-0.9345511308118133,-1.1334252924124224,-0.7674136132819462,0,0,1,0
95000.0,0.022826119799044333,1.0,-0.014490183047146762,0.20043694744952617,0,0.46340033888052223,1.2004690324034661,0.12838915571849938,0.7332252156866398,0,0,1,0
43500.0,0.6591559472188401,0.0,-0.01451166441269542,-0.4387388663523834,0,-0.2433081679940242,-1.1381312347207264,1.7487897039120293,-0.6188565552686172,0,0,1,0
52000.0,0.13736548873460758,0.0,-0.014479442364372434,-0.4387388663523834,0,-0.562466848518013,-0.9071017708421057,1.7487897039120293,-0.43625858144852103,0,0,1,0
44000.0,2.211800726123142,0.0,-0.014457960998823774,1.6918471796539818,0,-0.8671183162909113,0.11004421352280759,1.7487897039120293,0.17671313981439438,1,0,0,0
66000.0,2.0845347606391824,1.0,-0.014404257584952129,2.3310229934558913,0,-0.8671183162909113,1.2004690324034661,1.7487897039120293,1.3936479948991085,1,0,0,0
67000.0,0.2773580507669626,1.0,-0.014490183047146762,0.8396127612514358,0,-0.11688817116309368,1.2004690324034661,0.12838915571849938,-0.0771632573576179,0,0,1,0
78000.0,0.7991485092511952,1.0,-0.014404257584952129,2.117964388855255,0,-0.7510606142821882,1.61783723340406,0.12838915571849938,1.0626716368227436,0,0,1,0
93000.0,-0.8044026558466902,1.0,-0.014500923729921091,-0.6517974709530199,0,0.7431822990801229,1.2004690324034661,-0.9346187243669639,-0.026885704658305653,0,0,1,0
35000.0,0.5128000869122871,0.0,-0.014522405095469749,0.6265541566507993,0,-0.236054561618479,-0.32036319269464486,-1.1334252924124224,-0.677508791536798,0,0,1,0
117000.0,-0.7280430765563147,1.0,-0.014479442364372434,-0.6517974709530199,0,0.616244187508082,0.11004421352280759,1.7487897039120293,0.17671313981439438,1,0,0,0
48000.0,0.04827931289583617,0.0,-0.014522405095469749,-0.6517974709530199,0,0.23542985279195897,-0.32036319269464486,-1.1334252924124224,-0.677508791536798,0,0,1,0
38000.0,1.7663698469292846,0.0,-0.01451166441269542,0.20043694744952617,0,-0.40288750825601854,-0.32036319269464486,0.12838915571849938,-0.544682945831541,0,0,1,0
33500.0,-0.384424969749625,0.0,-0.014490183047146762,1.2657299704527087,0,-0.8111619242509912,0.11004421352280759,1.374316969122095,-0.8407229105554005,0,0,1,0
65000.0,0.5573431748316728,1.0,-0.014479442364372434,1.2657299704527087,0,-0.326724641312794,0.7168979404301677,-0.16392578415542897,-0.23598983596841566,0,0,1,0
69500.0,-0.6453201989917412,1.0,-0.014500923729921091,-0.6517974709530199,0,0.17498313299574905,-0.24807192448694768,1.7487897039120293,-0.318855491726885,0,0,1,0
67500.0,-0.6007771110723555,0.0,-0.014490183047146762,-0.8648560755536564,0,-0.1065258763408861,-0.24807192448694768,1.7487897039120293,-0.318855491726885,0,0,1,0
84500.0,-0.3017020921850515,1.0,-0.014479442364372434,-0.6517974709530199,0,0.026888669495034483,0.11004421352280759,1.7487897039120293,0.4414037687538932,0,0,1,0
73000.0,-0.23170581116887398,1.0,-0.014490183047146762,-0.8648560755536564,0,0.007459366703395671,-0.14125162852066492,0.12838915571849938,-0.07891631010166636,0,0,1,0
49900.0,-0.43533135594320865,0.0,-0.01451166441269542,-1.077914680154293,0,-0.05761584478006709,-0.14125162852066492,-1.1334252924124224,-0.29557960484411366,0,0,1,0
39700.0,-0.11716644223331074,0.0,-0.014522405095469749,-0.8648560755536564,0,-0.0655948117931668,-1.100277399583882,-1.1334252924124224,-0.7396068282786806,0,0,1,0
45000.0,-0.4098781628464168,0.0,-0.014522405095469749,-0.8648560755536564,0,0.12662575715878097,-0.9345511308118133,-1.1334252924124224,-0.7674136132819462,0,0,1,0
29000.0,1.4100251435741993,1.0,-0.014468701681598103,1.6918471796539818,0,-1.0379810442481983,-0.1174694926053072,0.12838915571849938,-0.9428207023687876,0,0,1,0
165000.0,-0.8298558489434821,1.0,-0.014490183047146762,-1.077914680154293,0,1.9141216139895623,1.61783723340406,0.12838915571849938,1.1788691035843615,0,0,1,0
240000.0,-1.30598327901207,1.0,-0.014479442364372434,-1.504031889355566,0,2.8467281479882307,1.61783723340406,0.12838915571849938,1.1788691035843615,0,0,0,1
270000.0,-0.4735111455883964,1.0,-0.014436479633275117,-0.6517974709530199,0,1.7586871916564508,1.61783723340406,1.7487897039120293,4.345321335145106,0,0,0,1
150000.0,-0.595393760732384,1.0,-0.014479442364372434,-0.6517974709530199,0,1.2146667134905609,1.61783723340406,0.12838915571849938,1.1788691035843615,0,0,0,1
175000.0,-0.4541667188348346,1.0,-0.014404257584952129,1.2657299704527087,0,0.18707247695499088,2.413559718457235,0.12838915571849938,1.8234186142845195,1,0,0,0
48000.0,-0.1908407096519747,0.0,-0.014522405095469749,-0.8648560755536564,0,0.23542985279195897,-1.100277399583882,-1.1334252924124224,-0.7007311306266601,0,0,0,1
46500.0,-1.1704959321578472,0.0,-0.014522405095469749,-1.077914680154293,0,0.18102780497536997,-0.14125162852066492,-1.1334252924124224,-0.6934664800553231,0,0,1,0
110000.0,-0.8627922808107307,1.0,-0.014479442364372434,-0.6517974709530199,0,0.4893060759360409,0.7168979404301677,1.7487897039120293,0.5572314696586683,0,0,1,0
78000.0,-0.05849683214520557,1.0,-0.014500923729921091,-0.6517974709530199,0,0.3805019803028629,-0.32372425172264196,1.7487897039120293,-0.06642182508953866,0,0,1,0
125000.0,0.9205856935159891,1.0,-0.014479442364372434,-0.012621657151110341,0,0.7613163150189859,2.6714025272308954,1.7487897039120293,1.4957457867124955,1,0,0,0
73000.0,0.7463585867684489,0.0,-0.014500923729921091,-0.4387388663523834,0,0.25960854071044287,-0.8102427462111627,1.7487897039120293,-0.1688273628391848,1,0,0,0
135000.0,-1.0463352562316965,0.0,-0.014479442364372434,-1.2909732847549296,0,0.9426564744076159,-0.1174694926053072,0.645607861430407,1.1384035153656409,1,0,0,0
78000.0,-0.4451181086889251,1.0,-0.014468701681598103,-0.6517974709530199,0,-0.24814390557772106,0.1714235032256855,1.7487897039120293,0.068732804213078,0,0,1,0
45000.0,-0.6596376201086867,0.0,-0.01451166441269542,-0.8648560755536564,0,-0.19978652974075298,-0.9345511308118133,-1.164846784639172,-0.5894052691686016,1,0,0,0
63000.0,1.0395411914538457,1.0,-0.014500923729921091,-0.4387388663523834,0,0.017821661525602984,-0.9345511308118133,1.7487897039120293,-0.275258217435103,1,0,0,0
78000.0,-0.13124205801583663,1.0,-0.014500923729921091,-0.4387388663523834,0,0.3805019803028629,-0.32372425172264196,1.7487897039120293,-0.06642182508953866,0,0,1,0
41000.0,-0.30806539045924947,0.0,-0.014522405095469749,0.4134955520501627,0,-0.01844637035212301,-1.100277399583882,-1.1334252924124224,-0.7007311306266601,0,0,1,0
188000.0,-1.3325691392016692,1.0,-0.014500923729921091,-1.504031889355566,0,3.0401576513361026,0.11004421352280759,1.7487897039120293,2.179015624232855,0,1,0,0
250000.0,-0.8963650425053991,1.0,-0.014436479633275117,-0.6517974709530199,0,1.5169003124716107,-0.14125162852066492,1.7487897039120293,3.396335449700162,1,0,0,0
135000.0,-0.3064236595045064,0.0,-0.014479442364372434,-0.4387388663523834,0,0.9426564744076159,0.5199635555482692,0.645607861430407,1.8967741324410399,1,0,0,0
190000.0,-0.43533135594320865,1.0,-0.014457960998823774,-0.8648560755536564,0,1.2509347453682869,1.2004690324034661,0.12838915571849938,1.1296197984586185,0,0,1,0
95000.0,-0.4677587239485214,1.0,-0.014425738950500788,0.4134955520501627,0,-0.4452932070668982,0.7168979404301677,1.7487897039120293,0.5762839065925054,0,0,1,0
67000.0,0.8945216237848742,0.0,-0.014468701681598103,1.0526713658520723,0,-0.42545428364660365,-0.9936213437697933,1.7487897039120293,0.002892817953932332,1,0,0,0
96000.0,-0.6707861186850815,0.0,-0.014468701681598103,-0.6517974709530199,0,0.04200034944408689,-0.6773632585629926,0.645607861430407,-0.33729735160478563,1,0,0,0
137800.0,0.17768334659992585,1.0,-0.014479442364372434,-0.6517974709530199,0,0.9934317190364322,1.61783723340406,1.7487897039120293,1.240064991829398,0,0,0,1
175000.0,-0.7612213137579829,1.0,-0.014500923729921091,-0.6517974709530199,0,2.7258347083958108,1.61783723340406,1.7487897039120293,1.240064991829398,0,0,0,1
135000.0,0.0671655821736557,1.0,-0.014500923729921091,-0.4387388663523834,0,1.7586871916564508,0.8002264370753965,0.645607861430407,0.5624672538542267,1,0,0,0
63000.0,-0.13867439040009985,1.0,-0.014490183047146762,-0.012621657151110341,0,-0.19978652974075298,-0.7092948551838962,1.7487897039120293,-0.33774114206297895,0,0,1,0
64000.0,1.7027114109942083,0.0,-0.014468701681598103,1.2657299704527087,0,-0.47381165948357157,0.7168979404301677,0.12838915571849938,-0.16727016840171285,1,0,0,0
179000.0,-1.125265608024848,1.0,-0.014479442364372434,-1.2909732847549296,0,1.7405531757175878,1.61783723340406,-0.9346187243669639,0.4451786460753563,0,0,0,1
93200.0,-0.8324011682531612,1.0,-0.014468701681598103,-1.2909732847549296,0,-0.003133201337083263,0.1714235032256855,1.7487897039120293,0.068732804213078,0,0,1,0
185000.0,-0.6351389217530246,1.0,-0.014404257584952129,0.20043694744952617,0,0.283787228628927,2.413559718457235,1.7487897039120293,3.590713937960264,0,0,1,0
110000.0,-0.537755004964699,1.0,-0.01451166441269542,-0.6517974709530199,0,1.6861511279009989,0.5199635555482692,1.7487897039120293,0.18002307870043238,0,0,0,1
182000.0,-1.0389283770405302,1.0,-0.014479442364372434,-1.077914680154293,0,1.7949552235341768,1.61783723340406,0.12838915571849938,1.1788691035843615,0,0,0,1
150000.0,-0.6982755672296167,1.0,-0.014479442364372434,-0.6517974709530199,0,1.2146667134905609,1.61783723340406,0.12838915571849938,1.1788691035843615,0,0,0,1
155000.0,-0.7093222530336243,1.0,-0.014479442364372434,-0.8648560755536564,0,1.3053367931848758,-0.32036319269464486,1.7487897039120293,0.27267559763416027,0,0,1,0
198000.0,-0.8169256268503118,1.0,-0.014468701681598103,-1.077914680154293,0,1.6861511279009989,1.61783723340406,0.12838915571849938,0.8558122807230648,0,0,0,1
87000.0,-0.6232522805768227,1.0,-0.014468701681598103,-0.8648560755536564,0,-0.10307177806681708,-0.24807192448694768,1.7487897039120293,0.08879240241231086,0,0,1,0
195000.0,-0.6886033538528358,1.0,-0.014468701681598103,-1.077914680154293,0,1.6377937520640309,1.61783723340406,0.12838915571849938,0.8558122807230648,0,0,0,1
225000.0,-0.4625662725567759,1.0,-0.014457960998823774,-0.4387388663523834,0,1.7586871916564508,1.61783723340406,1.7487897039120293,2.9642897574202522,0,0,0,1
44000.0,-0.8862728514425211,0.0,-0.014522405095469749,-0.8648560755536564,0,0.09035772528105497,-0.8102427462111627,-1.1334252924124224,-0.8015849257249965,0,0,1,0
145000.0,0.13125672239137753,1.0,-0.014479442364372434,-0.4387388663523834,0,1.123996633796246,0.7168979404301677,1.7487897039120293,1.3936479948991085,0,0,0,1
129000.0,1.4042218155481305,1.0,-0.014382776219403471,2.3310229934558913,0,-0.4045942391679116,0.5199635555482692,1.7487897039120293,1.0205983709655788,1,0,0,0
252000.0,-0.8597124444460189,1.0,-0.014436479633275117,-0.6517974709530199,0,1.5410790003900947,1.61783723340406,1.7487897039120293,2.9642897574202522,0,0,0,1
150000.0,-1.1143461881863244,1.0,-0.014500923729921091,-0.6517974709530199,0,2.1213675104337106,1.61783723340406,1.7487897039120293,1.4574591147824754,0,1,0,0
78000.0,0.4444837166404978,1.0,-0.014479442364372434,0.6265541566507993,0,-0.090982434107575,0.7168979404301677,1.7487897039120293,0.3604595735481716,0,0,1,0
149000.0,-0.5399567061675715,1.0,-0.014468701681598103,-0.22568026175174685,0,0.8963139892305214,1.61783723340406,0.12838915571849938,0.8558122807230648,0,0,1,0
110000.0,-0.08419183057641692,1.0,-0.014490183047146762,-0.6517974709530199,0,0.7742691835467451,0.11004421352280759,1.7487897039120293,0.17671313981439438,0,0,0,1
232000.0,-0.8201200025839591,1.0,-0.014436479633275117,-0.6517974709530199,0,1.2992921212052546,1.61783723340406,1.7487897039120293,2.9642897574202522,0,0,0,1
258000.0,-0.7534962696531066,1.0,-0.014436479633275117,-0.6517974709530199,0,1.613615064145547,1.61783723340406,1.7487897039120293,2.9642897574202522,0,0,0,1
54000.0,-0.4740965690296226,0.0,-0.01451166441269542,-0.22568026175174685,0,0.06134329977887418,0.11004421352280759,-1.1334252924124224,-0.4082097375437444,0,0,1,0
218000.0,-1.2150899264634265,1.0,-0.014479442364372434,-1.2909732847549296,0,2.447779797333245,1.61783723340406,1.7487897039120293,1.240064991829398,0,0,0,1
335000.0,-1.2145045030222001,1.0,-0.014447220316049445,-1.077914680154293,0,2.9126700241295507,1.61783723340406,0.12838915571849938,0.8267724449304006,0,0,0,1
52000.0,1.0155006505739257,1.0,-0.014425738950500788,2.544081598056528,0,-0.9251471672952729,1.2004690324034661,1.7487897039120293,1.128586419998969,1,0,0,0
198000.0,-0.30278385289166515,1.0,-0.014457960998823774,-0.4387388663523834,0,1.36699244737701,1.61783723340406,1.7487897039120293,2.9642897574202522,0,0,0,1
89000.0,-0.11716644223331074,1.0,-0.014479442364372434,0.6265541566507993,0,0.10849174121991798,1.61783723340406,1.7487897039120293,1.240064991829398,0,0,1,0
120000.0,-1.0589345868146085,1.0,-0.014490183047146762,-1.504031889355566,0,0.9815150799908935,0.1714235032256855,0.645607861430407,0.778443351921007,1,0,0,0
123000.0,1.5245645125097624,1.0,-0.014425738950500788,0.4134955520501627,0,-0.13283016319725893,1.2004690324034661,1.7487897039120293,1.3936479948991085,1,0,0,0
128000.0,-0.12989303878170666,1.0,-0.014479442364372434,-0.6517974709530199,0,0.8157183628355749,0.7168979404301677,0.12838915571849938,0.7777888788965621,0,0,1,0
121000.0,-1.3211024757115644,1.0,-0.014479442364372434,-1.2909732847549296,0,0.6887802512635339,-0.32036319269464486,-0.9346187243669639,0.3028550113639118,0,0,1,0
58000.0,0.5064367886380892,1.0,-0.01451166441269542,0.8396127612514358,0,0.17740100178759738,-0.32036319269464486,-0.9346187243669639,-0.27162723695701885,0,0,1,0
225000.0,0.30281124386375446,1.0,-0.0143935169021778,-0.012621657151110341,0,0.5346411157831984,1.61783723340406,1.7487897039120293,3.313871848620119,1,0,0,0
225000.0,-0.384424969749625,1.0,-0.014457960998823774,-0.4387388663523834,0,1.7586871916564508,1.61783723340406,1.7487897039120293,2.221556370821766,0,0,0,1
138000.0,-1.1862005522985677,1.0,-0.014500923729921091,-1.2909732847549296,0,1.8312232554119028,1.2004690324034661,-0.9346187243669639,-0.026885704658305653,0,0,1,0
28500.0,0.5191633851864851,0.0,-0.01451166441269542,1.0526713658520723,0,-0.6785245505267361,-0.6547472531184948,-0.9497616223813684,-0.932723118563068,0,0,1,0
146000.0,-1.0080282006210248,1.0,-0.014468701681598103,-1.077914680154293,0,0.8479566133935537,0.5199635555482692,1.7487897039120293,0.22122644167615824,0,0,0,1
51000.0,-0.18079942497529033,0.0,-0.01451166441269542,-0.8648560755536564,0,-0.02569997672766821,-0.6547472531184948,-1.164846784639172,-0.38651863159071703,1,0,0,0
85000.0,-0.23170581116887398,1.0,-0.014500923729921091,-0.8648560755536564,0,0.5497527957322509,-0.7107256994550611,1.7487897039120293,0.24995638468184,0,0,1,0
59000.0,0.43007720934771365,1.0,-0.014457960998823774,0.6265541566507993,0,-0.6495101250245553,0.7168979404301677,0.12838915571849938,0.7777888788965621,0,0,1,0
265000.0,-0.3335185835560413,1.0,-0.014103518467270915,0.6265541566507993,0,-0.6113865194228526,2.6714025272308954,1.7487897039120293,2.739345221315201,0,0,1,0
80000.0,-0.8680356385886698,1.0,-0.01451166441269542,-1.504031889355566,0,0.8157183628355749,-0.9345511308118133,-0.9497616223813684,0.058523025031739284,0,0,0,1
118000.0,-0.2571590042656658,1.0,-0.014468701681598103,-0.22568026175174685,0,0.3966211055818523,0.7168979404301677,1.7487897039120293,0.3604595735481716,0,0,1,0
230000.0,-0.28261219736245763,1.0,-0.014404257584952129,-0.22568026175174685,0,0.719003611161639,0.7168979404301677,1.7487897039120293,0.9292993840555308,1,0,0,0
71000.0,-0.384424969749625,0.0,-0.014500923729921091,1.0526713658520723,0,0.21125116487347506,1.61783723340406,0.12838915571849938,1.1788691035843615,0,0,1,0
245000.0,1.3845719504774074,1.0,-0.014447220316049445,-0.22568026175174685,0,1.7257162535857906,0.5199635555482692,1.7487897039120293,2.0317591937327775,1,0,0,0
79000.0,0.5827963679284647,1.0,-0.014457960998823774,0.6265541566507993,0,-0.3593658700027474,1.61783723340406,0.12838915571849938,0.8267724449304006,0,0,1,0
118000.0,-0.11716644223331074,1.0,-0.014479442364372434,-0.4387388663523834,0,0.634378203446945,0.7168979404301677,0.12838915571849938,0.7777888788965621,0,0,1,0
74000.0,0.49371019208969324,0.0,-0.014490183047146762,-0.4387388663523834,0,0.0281839563478103,-0.8102427462111627,-0.13969362055378792,-0.0592821193683227,1,0,0,0
310000.0,-0.677136690362731,1.0,-0.014479442364372434,-0.8648560755536564,0,4.1161092637086405,1.61783723340406,0.12838915571849938,4.967070708367655,0,1,0,0
47000.0,0.022826119799044333,1.0,-0.01451166441269542,1.0526713658520723,0,-0.1417576787363914,-0.32036319269464486,-0.9346187243669639,-0.27162723695701885,0,0,1,0
63000.0,-0.2698856008140617,1.0,-0.014490183047146762,-0.4387388663523834,0,-0.19978652974075298,-0.8102427462111627,1.7487897039120293,-0.1688273628391848,0,0,1,0
238000.0,-1.0716611833630045,1.0,-0.014479442364372434,-1.2909732847549296,0,2.8104601161105047,1.2004690324034661,1.7487897039120293,0.5325102385989583,0,0,0,1
185000.0,-0.015353669846143416,1.0,-0.014425738950500788,0.20043694744952617,0,0.5590522910855139,1.2004690324034661,1.7487897039120293,1.3936479948991085,1,0,0,0
54000.0,-0.43533135594320865,0.0,-0.01451166441269542,-0.22568026175174685,0,0.06134329977887418,0.11004421352280759,-1.1334252924124224,-0.4082097375437444,0,0,1,0
123000.0,0.6973357368640278,1.0,-0.014468701681598103,0.20043694744952617,0,0.4772167319767988,1.61783723340406,0.12838915571849938,0.8267724449304006,0,0,1,0
350000.0,-0.44805795249160457,1.0,-0.014318332122757496,-0.6517974709530199,0,0.7021836543487805,0.7168979404301677,1.7487897039120293,5.104510043501061,0,0,0,1
255000.0,-0.7025898834595229,1.0,-0.014372035536629142,-0.6517974709530199,0,0.5497527957322509,1.4293979033596458,1.7487897039120293,1.8967741324410399,0,0,1,0
93000.0,-0.28261219736245763,1.0,-0.014479442364372434,-0.4387388663523834,0,0.18102780497536997,-0.32036319269464486,1.7487897039120293,0.27267559763416027,0,0,1,0
78000.0,1.5754708987033461,1.0,-0.014447220316049445,1.4787885750533454,0,-0.4767424095342969,1.61783723340406,1.374316969122095,1.5834451719880969,1,0,0,0
225000.0,0.4046240162509218,1.0,-0.01428611007443451,0.20043694744952617,0,-0.2500038046483735,1.61783723340406,1.7487897039120293,3.313871848620119,0,0,1,0
188000.0,-1.14802076265338,1.0,-0.014479442364372434,-1.077914680154293,0,1.9037593191673547,1.61783723340406,1.7487897039120293,2.1004788612994805,1,0,0,0
185000.0,-0.2698856008140617,1.0,-0.014490183047146762,-0.4387388663523834,0,2.3286134068778592,1.2004690324034661,1.7487897039120293,1.128586419998969,1,0,0,0
36000.0,-0.28261219736245763,0.0,-0.014522405095469749,-0.012621657151110341,0,-0.19978652974075298,-0.6547472531184948,-1.1334252924124224,-0.8428143786987349,0,0,1,0
37500.0,-0.4735111455883964,0.0,-0.01451166441269542,-0.8648560755536564,0,-0.41739472100710895,-0.8102427462111627,-1.1334252924124224,-0.8015849257249965,0,0,1,0
116000.0,-0.08534995086232096,1.0,-0.014500923729921091,-0.22568026175174685,0,1.2992921212052546,1.61783723340406,0.12838915571849938,0.9739671679738876,1,0,0,0
48500.0,-0.14261963533010258,0.0,-0.01451166441269542,-0.8648560755536564,0,-0.09823604048312021,-0.9345511308118133,-1.1334252924124224,-0.7674136132819462,0,0,1,0
93000.0,0.010099523250648416,1.0,-0.014404257584952129,0.4134955520501627,0,-0.6059884867712841,1.5274482590375342,0.12838915571849938,0.7391749704543197,0,0,1,0
265000.0,0.073732505992628,1.0,-0.014414998267726459,-0.4387388663523834,0,1.2405724505460793,1.2004690324034661,1.7487897039120293,1.3936479948991085,1,0,0,0
52000.0,0.9136878781867585,0.0,-0.014500923729921091,-0.22568026175174685,0,-0.24814390557772106,0.11004421352280759,-0.9346187243669639,-0.4912343155018833,0,0,1,0
57000.0,2.020901777897203,1.0,-0.014490183047146762,0.8396127612514358,0,-0.32413406760724206,1.2004690324034661,0.12838915571849938,-0.0771632573576179,0,0,1,0
79000.0,-0.12989303878170666,1.0,-0.014468701681598103,-0.6517974709530199,0,-0.23202478029873172,0.1714235032256855,1.7487897039120293,0.1958946560591678,0,0,1,0
65000.0,-0.48623774213679233,1.0,-0.014500923729921091,-0.8648560755536564,0,0.06617903736257107,-0.14125162852066492,0.12838915571849938,-0.5310636738466661,0,0,1,0
128000.0,-0.5498707248787719,1.0,-0.014490183047146762,-0.8648560755536564,0,1.1473117971462126,1.61783723340406,-0.9346187243669639,0.4451786460753563,0,0,1,0
79000.0,0.6846091403156319,0.0,-0.014500923729921091,-0.4387388663523834,0,0.40468066822134685,-0.6547472531184948,-0.13969362055378792,0.06834012039841111,1,0,0,0
43800.0,-0.537144128330376,0.0,-0.014500923729921091,-0.6517974709530199,0,-0.44640914650928976,-0.8194871463930152,1.7487897039120293,-0.7288080233753417,0,0,1,0
47000.0,-0.3462451801044372,1.0,-0.01451166441269542,-0.8648560755536564,0,-0.1417576787363914,-0.14125162852066492,-1.1334252924124224,-0.6934664800553231,0,0,1,0
320000.0,-0.20625261807208214,1.0,-0.014296850757208839,-0.6517974709530199,0,0.35148755480068217,2.6714025272308954,1.7487897039120293,2.739345221315201,0,0,1,0
83000.0,-0.2698856008140617,0.0,-0.014479442364372434,-0.6517974709530199,0,-0.00031235441326001273,1.4293979033596458,1.7487897039120293,-0.018891784145444346,0,0,1,0
49500.0,-0.384424969749625,0.0,-0.01451166441269542,-0.8648560755536564,0,-0.0692216149809394,-0.32036319269464486,0.12838915571849938,-0.544682945831541,0,0,1,0
23500.0,1.6645570745421174,0.0,-0.014522405095469749,1.6918471796539818,0,-0.6531369282123279,0.11004421352280759,-1.1334252924124224,-0.6599620002908548,0,0,1,0
74000.0,0.9645942643803421,1.0,-0.014490183047146762,-0.6517974709530199,0,0.0281839563478103,-0.32372425172264196,-0.9346187243669639,-0.31092699726734396,0,0,1,0
35000.0,0.824601702347987,0.0,-0.01451166441269542,-0.8648560755536564,0,-0.48993078476256097,-0.958293484507613,-1.1334252924124224,-0.8081862516258597,0,0,1,0
119000.0,0.5573431748316728,1.0,-0.014436479633275117,0.20043694744952617,0,-0.06680374618909109,1.61783723340406,1.7487897039120293,2.221556370821766,0,0,1,0
122000.0,-0.8285831892886425,1.0,-0.014479442364372434,-1.2909732847549296,0,0.7069142672023969,-0.32372425172264196,1.7487897039120293,0.42035311140335835,0,0,1,0
89000.0,1.1809464057030727,1.0,-0.014457960998823774,1.0526713658520723,0,-0.21429374249184338,1.61783723340406,0.12838915571849938,0.8267724449304006,0,0,1,0
96000.0,0.2391782611217749,1.0,-0.014468701681598103,0.4134955520501627,0,0.04200034944408689,1.61783723340406,1.7487897039120293,1.240064991829398,0,0,1,0
57000.0,0.22645166457337898,1.0,-0.014490183047146762,-0.22568026175174685,0,-0.32413406760724206,-0.24807192448694768,1.7487897039120293,-0.318855491726885,0,0,1,0
109000.0,1.130040019509489,1.0,-0.014404257584952129,1.4787885750533454,0,-0.4512448840929865,1.2004690324034661,1.7487897039120293,0.9224274172988605,1,0,0,0
220000.0,-0.6644100938143351,1.0,-0.014350554171080485,-0.6517974709530199,0,0.09035772528105497,1.4293979033596458,1.7487897039120293,2.270641847655125,0,0,1,0
145000.0,0.022826119799044333,1.0,-0.0143935169021778,0.6265541566507993,0,-0.19071952177132148,-0.32036319269464486,1.7487897039120293,1.6030793627214406,1,0,0,0
185000.0,1.3209389677354277,1.0,-0.014264628708885852,1.0526713658520723,0,-0.5469234062847018,2.413559718457235,1.7487897039120293,1.0656601476446517,1,0,0,0
74000.0,-1.2243803419437553,1.0,-0.014490183047146762,-1.077914680154293,0,0.0281839563478103,-0.32036319269464486,0.12838915571849938,-0.0592821193683227,0,0,1,0
195000.0,-1.0589345868146085,1.0,-0.014468701681598103,-0.8648560755536564,0,1.6377937520640309,1.61783723340406,0.12838915571849938,0.8558122807230648,0,0,0,1
120000.0,-0.8171292523950862,1.0,-0.0143935169021778,0.20043694744952617,0,-0.41739472100710895,1.5274482590375342,0.12838915571849938,0.7391749704543197,0,0,1,0
75000.0,1.5754708987033461,1.0,-0.014457960998823774,0.8396127612514358,0,-0.41739472100710895,1.61783723340406,1.374316969122095,0.2496291481696175,0,0,1,0
316200.0,-1.1607473592017759,1.0,-0.014436479633275117,-1.2909732847549296,0,2.317214882573431,1.61783723340406,1.374316969122095,4.696118876247513,0,0,1,0
245000.0,-1.1989271488469635,1.0,-0.014361294853854813,0.20043694744952617,0,0.3652312300385573,1.5274482590375342,1.374316969122095,2.2837313081440214,0,0,1,0
130000.0,-0.015353669846143416,1.0,-0.014479442364372434,-0.6517974709530199,0,0.8519863947133008,1.61783723340406,0.12838915571849938,0.8558122807230648,1,0,0,0
99000.0,0.04827931289583617,1.0,-0.014479442364372434,0.20043694744952617,0,0.28983190060854797,2.6714025272308954,1.7487897039120293,1.4957457867124955,1,0,0,0
155000.0,-0.5116909352335841,1.0,-0.014447220316049445,0.6265541566507993,0,0.5387624830420308,1.61783723340406,1.374316969122095,1.5834451719880969,1,0,0,0
69000.0,1.3463921608322196,1.0,-0.014253888026111522,2.117964388855255,0,-1.1602640636060484,1.61783723340406,0.12838915571849938,1.0626716368227436,0,0,1,0
260000.0,-0.06626005603972708,1.0,-0.014361294853854813,-0.22568026175174685,0,0.47976185702084995,2.6714025272308954,1.7487897039120293,2.739345221315201,0,0,0,1
83000.0,0.35371763005733814,1.0,-0.014490183047146762,-0.22568026175174685,0,0.21470526314754407,0.11004421352280759,1.7487897039120293,0.17671313981439438,1,0,0,0
77000.0,0.7100623334124238,1.0,-0.014468701681598103,1.2657299704527087,0,-0.26426303085671043,2.6714025272308954,1.7487897039120293,0.9420616080322042,1,0,0,0
65000.0,-0.2571590042656658,0.0,-0.014500923729921091,0.4134955520501627,0,0.06617903736257107,0.7168979404301677,0.12838915571849938,-0.25464231716509217,0,0,1,0
174700.0,-0.9698484109758371,1.0,-0.014468701681598103,-0.8648560755536564,0,1.310575508900547,1.61783723340406,0.12838915571849938,0.8558122807230648,0,0,0,1
134000.0,-0.20625261807208214,1.0,-0.014479442364372434,-1.077914680154293,0,0.9245224584687529,-0.32036319269464486,1.7487897039120293,0.27267559763416027,0,0,1,0
26500.0,0.6655192454930381,0.0,-0.014522405095469749,1.4787885750533454,0,-0.54433283257915,-1.100277399583882,-1.1334252924124224,-0.8241565621241418,0,0,1,0
127000.0,0.22645166457337898,1.0,-0.014457960998823774,0.4134955520501627,0,0.33698034204959176,1.2004690324034661,0.12838915571849938,0.7332252156866398,0,0,1,0
150000.0,-0.49896433868518825,1.0,-0.014479442364372434,-0.22568026175174685,0,1.2146667134905609,1.2004690324034661,0.12838915571849938,1.1296197984586185,0,0,0,1
65000.0,0.2964479455895565,0.0,-0.014490183047146762,-0.4387388663523834,0,-0.1583373504519232,-0.8102427462111627,-1.164846784639172,-0.5265758588219019,1,0,0,0
120000.0,0.21372506802498306,0.0,-0.014479442364372434,-0.012621657151110341,0,0.6706462353246709,-0.32036319269464486,1.7487897039120293,0.27267559763416027,1,0,0,0
103000.0,-0.7916760592982943,1.0,-0.01451166441269542,-0.4387388663523834,0,1.483050149385733,0.5199635555482692,1.7487897039120293,0.18002307870043238,0,0,0,1
35000.0,1.3718453539290114,1.0,-0.014479442364372434,0.20043694744952617,0,-0.8707451194786839,-0.07526237887860447,0.12838915571849938,-0.19803040055061802,0,0,1,0
48000.0,0.2391782611217749,1.0,-0.014490183047146762,1.2657299704527087,0,-0.5106553744069758,1.2004690324034661,-0.9346187243669639,-0.026885704658305653,0,0,1,0
82000.0,0.22645166457337898,0.0,-0.014500923729921091,-0.012621657151110341,0,0.4772167319767988,-0.6547472531184948,-0.13969362055378792,0.06834012039841111,1,0,0,0
47000.0,0.43007720934771365,0.0,-0.014522405095469749,-0.22568026175174685,0,0.19916182091423296,-0.7092948551838962,-1.1334252924124224,-0.8699883990356986,1,0,0,0
75000.0,-0.2444324077172699,0.0,-0.014479442364372434,-0.22568026175174685,0,-0.145384481924164,-0.7092948551838962,1.7487897039120293,-0.17598529481347577,0,0,1,0
74000.0,-0.4735111455883964,1.0,-0.014468701681598103,-0.4387388663523834,0,-0.31262040669367824,-0.8102427462111627,-0.13969362055378792,-0.0592821193683227,1,0,0,0
35500.0,-0.9953016040726289,0.0,-0.014522405095469749,-0.8648560755536564,0,-0.217920545679616,-0.9345511308118133,1.7487897039120293,-0.8397412010187333,0,0,1,0
47000.0,-0.21897921462047806,0.0,-0.014500923729921091,-0.22568026175174685,0,-0.36903734517014103,0.11004421352280759,0.12838915571849938,-0.5854784310219329,0,0,1,0
97000.0,-0.6007771110723555,1.0,-0.014479442364372434,-0.6517974709530199,0,0.253563868730822,0.7168979404301677,1.7487897039120293,0.5572314696586683,0,0,1,0
59000.0,-0.2571590042656658,1.0,-0.014490183047146762,-0.4387388663523834,0,-0.2826848883184123,-0.9345511308118133,-0.9346187243669639,-0.6861294929918105,0,0,1,0
38000.0,0.8755080885415707,0.0,-0.014468701681598103,1.0526713658520723,0,-0.8929089167372942,-0.32036319269464486,0.12838915571849938,-0.7466237140621923,0,0,1,0
99000.0,0.9391410712835503,1.0,-0.0143935169021778,1.2657299704527087,0,-0.6078018883651705,0.7168979404301677,1.7487897039120293,0.9292993840555308,1,0,0,0
45000.0,-0.015353669846143416,0.0,-0.014522405095469749,-0.6517974709530199,0,0.12662575715878097,-0.32372425172264196,-1.1334252924124224,-0.557862186594303,0,0,1,0
71000.0,0.36644422660573406,1.0,-0.014479442364372434,-0.6517974709530199,0,-0.217920545679616,1.4293979033596458,1.7487897039120293,-0.018891784145444346,0,0,1,0
47000.0,-0.21897921462047806,0.0,-0.014500923729921091,-0.22568026175174685,0,-0.36903734517014103,0.11004421352280759,0.12838915571849938,-0.5854784310219329,0,0,1,0
97000.0,-0.02808026639453933,1.0,-0.014490183047146762,-0.4387388663523834,0,0.5048495181693521,-0.14125162852066492,1.7487897039120293,0.4692490690211446,1,0,0,0
89000.0,-0.09171324913651892,1.0,-0.014490183047146762,-0.4387388663523834,0,0.3390528010140332,-0.14125162852066492,1.7487897039120293,0.4692490690211446,1,0,0,0
67000.0,0.8118751057995911,1.0,-0.014479442364372434,1.6918471796539818,0,-0.29045660943506796,0.7168979404301677,0.12838915571849938,0.7777888788965621,1,0,0,0
95000.0,-1.288013324685735,1.0,-0.014490183047146762,-1.504031889355566,0,0.46340033888052223,-0.958293484507613,-0.9346187243669639,-0.7343992367672523,0,0,1,0
49000.0,1.5754708987033461,0.0,-0.014457960998823774,1.6918471796539818,0,-0.7945822525354593,0.11004421352280759,1.7487897039120293,0.17671313981439438,1,0,0,0
48000.0,0.16281868183139941,0.0,-0.014522405095469749,-0.8648560755536564,0,0.23542985279195897,-0.32036319269464486,-1.1334252924124224,-0.677508791536798,0,0,1,0
119000.0,2.0972613571875787,1.0,-0.014339813488306156,1.4787885750533454,0,-0.6833602881104329,2.413559718457235,1.7487897039120293,1.0656601476446517,0,0,1,0
62000.0,0.11191229563781574,1.0,-0.014468701681598103,0.6265541566507993,0,-0.5060499100415503,1.2004690324034661,-0.9346187243669639,-0.026885704658305653,0,0,1,0
69000.0,0.30281124386375446,0.0,-0.014500923729921091,-0.4387388663523834,0,0.16289378903650698,-1.1381312347207264,1.7487897039120293,-0.5443922507298501,1,0,0,0
114000.0,0.6337027541220484,1.0,-0.014468701681598103,-0.22568026175174685,0,0.33214460446589483,1.61783723340406,0.12838915571849938,0.8267724449304006,0,0,1,0
198000.0,-0.078986652588123,1.0,-0.014457960998823774,-0.012621657151110341,0,1.36699244737701,1.61783723340406,1.374316969122095,0.2496291481696175,0,0,1,0
42000.0,0.2646314542185667,1.0,-0.014500923729921091,-0.012621657151110341,0,-0.48993078476256097,-0.8102427462111627,1.7487897039120293,-0.44241729846874356,0,0,1,0
58000.0,0.09918569908941983,1.0,-0.014500923729921091,-0.22568026175174685,0,-0.10307177806681708,0.11004421352280759,0.12838915571849938,-0.5854784310219329,0,0,1,0
61000.0,-0.3971515662980209,0.0,-0.014522405095469749,-0.6517974709530199,0,0.7069142672023969,-0.32372425172264196,-1.1334252924124224,-0.557862186594303,0,0,1,0
45500.0,-0.9698484109758371,0.0,-0.014522405095469749,-1.077914680154293,0,0.14475977309764396,-0.14125162852066492,-1.1334252924124224,-0.6934664800553231,0,0,1,0
35500.0,0.990047457477134,0.0,-0.01451166441269542,0.8396127612514358,0,-0.47542357201147056,-1.1381312347207264,-1.1334252924124224,-0.6895396419086542,0,0,1,0
150000.0,0.17554527837979533,1.0,-0.014479442364372434,-0.4387388663523834,0,1.2146667134905609,0.7168979404301677,1.7487897039120293,1.3936479948991085,1,0,0,0
68000.0,-0.04080686294293525,1.0,-0.014468701681598103,-0.6517974709530199,0,-0.4093351583676143,0.1714235032256855,1.7487897039120293,0.1958946560591678,0,0,1,0
57000.0,-0.14261963533010258,0.0,-0.014500923729921091,-0.6517974709530199,0,-0.127250465985301,0.11004421352280759,0.12838915571849938,-0.5854784310219329,0,0,1,0
195000.0,-0.6516834972659392,1.0,-0.014457960998823774,-0.8648560755536564,0,1.3234708091237388,1.61783723340406,0.12838915571849938,0.8267724449304006,0,0,0,1
46500.0,-0.7407696731047106,0.0,-0.01451166441269542,-0.012621657151110341,0,-0.1562648914874818,-0.9345511308118133,-1.1334252924124224,-0.7674136132819462,0,0,1,0
35900.0,0.9391410712835503,0.0,-0.01451166441269542,0.20043694744952617,0,-0.46381780181059823,-0.6547472531184948,-0.9346187243669639,-0.7548560497482442,0,0,1,0
44500.0,-0.5498707248787719,1.0,-0.014522405095469749,-0.6517974709530199,0,0.10849174121991798,0.11004421352280759,-1.1334252924124224,-0.6599620002908548,0,0,1,0
64000.0,-0.384424969749625,0.0,-0.014500923729921091,-0.6517974709530199,0,0.04200034944408689,-0.6773632585629926,0.12838915571849938,-0.5599539830685861,0,0,1,0
49500.0,2.2499805157683292,0.0,-0.014490183047146762,0.4134955520501627,0,-0.4795684899403535,-0.32036319269464486,0.12838915571849938,-0.21518594876585154,0,0,1,0
66000.0,2.453606060542664,0.0,-0.014479442364372434,0.8396127612514358,0,-0.30859062537393095,-0.32036319269464486,1.7487897039120293,0.27267559763416027,1,0,0,0
34000.0,1.56274430215495,1.0,-0.014490183047146762,1.4787885750533454,0,-0.8007996294287838,-0.8102427462111627,0.12838915571849938,-0.6123936341522249,0,0,1,0
56000.0,-1.3501572956315522,0.0,-0.01451166441269542,-1.504031889355566,0,0.11937215078323578,0.11004421352280759,-1.1334252924124224,-0.6599620002908548,0,0,1,0
38500.0,-0.9698484109758371,0.0,-0.014522405095469749,-1.077914680154293,0,-0.109116450046438,-0.7107256994550611,-1.1334252924124224,-0.788213532922619,0,0,1,0
76000.0,1.1936730022514686,0.0,-0.014479442364372434,0.6265541566507993,0,-0.127250465985301,1.61783723340406,0.12838915571849938,0.8558122807230648,0,0,1,0
40500.0,-0.10443984568491482,0.0,-0.01451166441269542,-0.8648560755536564,0,-0.3303514445005666,0.11004421352280759,-1.1334252924124224,-0.6599620002908548,0,0,1,0
129000.0,1.0664070367675094,1.0,-0.014468701681598103,-0.6517974709530199,0,0.573931483650735,1.61783723340406,0.12838915571849938,0.8267724449304006,0,0,1,0
85000.0,1.0664070367675094,1.0,-0.014479442364372434,0.20043694744952617,0,0.035955677464465985,0.7168979404301677,1.7487897039120293,0.3604595735481716,0,0,1,0
72000.0,-0.078986652588123,1.0,-0.014468701681598103,1.0526713658520723,0,-0.344858657251657,1.61783723340406,1.374316969122095,0.3726700767652379,0,0,1,0
42000.0,0.9009612816383625,1.0,-0.014425738950500788,2.117964388855255,0,-1.0367411115344298,1.2004690324034661,0.12838915571849938,1.1296197984586185,0,0,1,0
99000.0,0.6464293506704443,1.0,-0.014500923729921091,-0.22568026175174685,0,0.8882544265910268,-0.32036319269464486,0.12838915571849938,-0.21518594876585154,1,0,0,0
129000.0,-0.4607845490400005,1.0,-0.014479442364372434,-0.22568026175174685,0,0.8338523787744379,1.61783723340406,-0.9346187243669639,0.4451786460753563,0,0,1,0
169000.0,-0.1553462318784985,1.0,-0.014436479633275117,-0.4387388663523834,0,0.537663451773009,1.61783723340406,1.7487897039120293,2.221556370821766,0,0,0,1
54000.0,0.5700697713800688,0.0,-0.014500923729921091,1.0526713658520723,0,-0.19978652974075298,1.61783723340406,-0.9346187243669639,0.4451786460753563,0,0,1,0
42000.0,-0.5116909352335841,0.0,-0.01451166441269542,-0.6517974709530199,0,-0.28682980624729537,-0.9345511308118133,-1.1334252924124224,-0.7674136132819462,0,0,1,0
56000.0,0.2773580507669626,1.0,-0.014468701681598103,-0.4387388663523834,0,-0.6027646617154863,-0.8194871463930152,1.7487897039120293,-0.02710448564076287,0,0,1,0
94000.0,-1.275286728137339,0.0,-0.014382776219403471,0.20043694744952617,0,-0.7032721487491845,-0.6696563497873814,0.12838915571849938,0.33340169529855057,0,0,1,0
39500.0,-1.1607473592017759,0.0,-0.014522405095469749,-1.077914680154293,0,-0.072848418168712,-0.7107256994550611,-1.1334252924124224,-0.788213532922619,0,0,1,0
56000.0,-0.04080686294293525,0.0,-0.014479442364372434,-0.012621657151110341,0,-0.48993078476256097,-0.7092948551838962,1.7487897039120293,-0.17598529481347577,0,0,1,0
47000.0,0.5064367886380892,1.0,-0.014468701681598103,-0.012621657151110341,0,-0.7478367892263902,-0.7257150424069697,-0.9346187243669639,-0.6749542430781704,0,0,1,0
108000.0,-0.18079942497529033,1.0,-0.014479442364372434,-0.6517974709530199,0,0.45303804405831494,1.2004690324034661,-0.9346187243669639,-0.026885704658305653,0,0,1,0
105000.0,-0.5753239179755637,1.0,-0.014490183047146762,-0.6517974709530199,0,0.6706462353246709,-0.32036319269464486,-0.9346187243669639,0.3028550113639118,0,0,1,0
45000.0,-0.23170581116887398,0.0,-0.01451166441269542,-1.077914680154293,0,-0.19978652974075298,-1.1381312347207264,0.12838915571849938,-1.0704429421355213,0,0,1,0
97000.0,-0.078986652588123,1.0,-0.014490183047146762,-0.4387388663523834,0,0.5048495181693521,1.61783723340406,-0.9346187243669639,0.4451786460753563,0,0,1,0
59500.0,1.5754708987033461,1.0,-0.014457960998823774,1.2657299704527087,0,-0.6422565186490101,1.2004690324034661,0.12838915571849938,1.1296197984586185,0,0,1,0
49000.0,0.9009612816383625,0.0,-0.014457960998823774,0.8396127612514358,0,-0.7945822525354593,0.7168979404301677,0.12838915571849938,-0.25464231716509217,0,0,1,0
46000.0,0.4046240162509218,1.0,-0.014447220316049445,0.6265541566507993,0,-0.8987704168387449,-0.6808932935519518,0.12838915571849938,-0.6090394599019453,0,0,1,0
58000.0,-0.078986652588123,1.0,-0.014490183047146762,-0.4387388663523834,0,-0.3034094779628272,-0.8102427462111627,1.7487897039120293,-0.44241729846874356,0,0,1,0
136000.0,1.9063624089616398,1.0,-0.014447220316049445,-0.012621657151110341,0,0.288183353705015,0.7168979404301677,1.7487897039120293,0.5762839065925054,1,0,0,0
112000.0,0.5446165782832769,1.0,-0.014500923729921091,-0.22568026175174685,0,1.202577369531319,1.61783723340406,-0.9346187243669639,0.4451786460753563,1,0,0,0
129000.0,-1.0334813937178167,1.0,-0.014457960998823774,-1.077914680154293,0,0.3659947675517725,0.11004421352280759,1.7487897039120293,0.17671313981439438,0,0,1,0
78500.0,0.8500548954447789,1.0,-0.014490183047146762,-0.012621657151110341,0,0.12144460974767718,0.11004421352280759,1.7487897039120293,0.17671313981439438,1,0,0,0
32500.0,1.5754708987033461,0.0,-0.01451166441269542,0.4134955520501627,0,-0.562466848518013,-0.7092948551838962,-1.1334252924124224,-0.8699883990356986,0,0,1,0
56000.0,0.5573431748316728,0.0,-0.01451166441269542,-0.012621657151110341,0,0.11937215078323578,-0.6547472531184948,-0.13969362055378792,-0.6199086206554122,1,0,0,0
48000.0,1.0027740540255299,0.0,-0.014468701681598103,1.2657299704527087,0,-0.731717663947401,-0.6547472531184948,-0.9346187243669639,-0.746478795035351,1,0,0,0
79000.0,0.6337027541220484,0.0,-0.014500923729921091,-0.6517974709530199,0,0.40468066822134685,-0.32372425172264196,-0.9346187243669639,-0.31092699726734396,0,0,1,0
40900.0,-1.2243803419437553,0.0,-0.014522405095469749,-1.077914680154293,0,-0.02207317353989561,-0.7107256994550611,-1.1334252924124224,-0.788213532922619,0,0,1,0
43000.0,-0.3207919870076454,1.0,-0.014522405095469749,-0.6517974709530199,0,0.05408969340332898,0.11004421352280759,-1.1334252924124224,-0.6599620002908548,0,0,1,0
89000.0,-0.09171324913651892,1.0,-0.014490183047146762,-0.6517974709530199,0,0.3390528010140332,-0.14125162852066492,1.7487897039120293,0.4692490690211446,1,0,0,0
130000.0,0.7482421230576115,1.0,-0.014468701681598103,-0.012621657151110341,0,0.5900506089297244,1.61783723340406,0.12838915571849938,0.8267724449304006,0,0,1,0
52000.0,1.6263772848969298,1.0,-0.014468701681598103,-0.012621657151110341,0,-0.6672411628314436,0.1714235032256855,1.7487897039120293,0.1958946560591678,0,0,1,0
48000.0,-0.8680356385886698,0.0,-0.01451166441269542,-1.077914680154293,0,-0.1127432532342106,-0.9345511308118133,-1.164846784639172,-0.5894052691686016,1,0,0,0
67000.0,0.36644422660573406,1.0,-0.014447220316049445,1.2657299704527087,0,-0.621814537045201,1.61783723340406,0.12838915571849938,0.8558122807230648,0,0,1,0
64000.0,0.8755080885415707,1.0,-0.014339813488306156,2.117964388855255,0,-1.0633110982580385,2.413559718457235,1.7487897039120293,1.0656601476446517,0,0,1,0
325000.0,-0.21897921462047806,1.0,-0.014210925295014207,-0.012621657151110341,0,-0.07669502761028907,2.413559718457235,1.7487897039120293,1.0656601476446517,0,0,1,0
129000.0,-0.16807282842689442,1.0,-0.014479442364372434,-0.4387388663523834,0,0.8338523787744379,1.61783723340406,0.12838915571849938,0.8558122807230648,0,0,1,0
151000.0,-0.21897921462047806,0.0,-0.014479442364372434,-0.22568026175174685,0,1.2328007294294239,0.5199635555482692,0.645607861430407,1.8967741324410399,1,0,0,0
149000.0,-0.8044026558466902,1.0,-0.014500923729921091,-0.8648560755536564,0,2.0971888225152266,1.61783723340406,1.7487897039120293,1.4574591147824754,0,1,0,0
175000.0,1.0664070367675094,1.0,-0.0143935169021778,0.6265541566507993,0,0.08129071731162348,1.4293979033596458,1.7487897039120293,2.270641847655125,1,0,0,0
69000.0,1.295485774638636,1.0,-0.014457960998823774,1.0526713658520723,0,-0.5044379975136514,1.61783723340406,0.12838915571849938,0.8267724449304006,0,0,1,0
45000.0,-0.2571590042656658,0.0,-0.014522405095469749,-0.6517974709530199,0,0.12662575715878097,-0.32036319269464486,-1.1334252924124224,-0.677508791536798,0,0,1,0
99000.0,1.1045868264126972,1.0,-0.014404257584952129,1.4787885750533454,0,-0.5479596357669225,1.2004690324034661,1.7487897039120293,0.9224274172988605,1,0,0,0
129000.0,-0.842582445491878,1.0,-0.014468701681598103,-0.22568026175174685,0,0.573931483650735,1.61783723340406,1.7487897039120293,1.240064991829398,0,0,1,0
31000.0,1.1936730022514686,0.0,-0.014490183047146762,1.0526713658520723,0,-0.8629733983620284,-0.8102427462111627,-0.13969362055378792,-0.1688273628391848,0,0,1,0
75000.0,0.2391782611217749,1.0,-0.014447220316049445,1.0526713658520723,0,-0.516307535219089,1.61783723340406,0.12838915571849938,0.8267724449304006,0,0,1,0
74000.0,0.12463889218621166,1.0,-0.014468701681598103,-0.6517974709530199,0,-0.31262040669367824,-0.8194871463930152,1.7487897039120293,-0.02710448564076287,0,0,1,0
42000.0,0.6846091403156319,0.0,-0.014522405095469749,-0.4387388663523834,0,0.017821661525602984,-0.32036319269464486,-1.1334252924124224,-0.677508791536798,0,0,1,0
58000.0,-0.3335185835560413,0.0,-0.014490183047146762,-0.012621657151110341,0,-0.3034094779628272,-0.7092948551838962,1.7487897039120293,-0.33774114206297895,0,0,1,0
55000.0,-0.52441753178198,0.0,-0.014522405095469749,-0.4387388663523834,0,0.4893060759360409,-0.32372425172264196,-1.1334252924124224,-0.557862186594303,0,0,1,0
57500.0,-0.2698856008140617,0.0,-0.01451166441269542,-0.6517974709530199,0,0.16289378903650698,0.11004421352280759,-1.1334252924124224,-0.4082097375437444,0,0,1,0
68000.0,-0.677136690362731,0.0,-0.01451166441269542,0.20043694744952617,0,0.46754525680940534,-0.32036319269464486,-0.9346187243669639,-0.27162723695701885,0,0,1,0
79000.0,-0.04080686294293525,1.0,-0.014479442364372434,0.20043694744952617,0,-0.072848418168712,0.7168979404301677,0.12838915571849938,-0.5254071569925362,0,0,1,0
89000.0,0.073732505992628,1.0,-0.014500923729921091,-0.4387388663523834,0,0.646467547406187,-0.8102427462111627,1.7487897039120293,-0.44241729846874356,1,0,0,0
58000.0,0.531889981734881,0.0,-0.01451166441269542,-0.22568026175174685,0,0.17740100178759738,-0.6547472531184948,-0.9346187243669639,-0.7548560497482442,1,0,0,0
39500.0,-0.02808026639453933,0.0,-0.014500923729921091,-0.012621657151110341,0,-0.550377504558771,0.1714235032256855,1.7487897039120293,-0.7366616996686791,0,0,1,0
39000.0,1.4736581263161788,0.0,-0.014500923729921091,0.8396127612514358,0,-0.562466848518013,-0.6547472531184948,-0.9346187243669639,-0.829456299716328,1,0,0,0
52000.0,-0.12989303878170666,1.0,-0.014500923729921091,0.8396127612514358,0,-0.24814390557772106,-0.32372425172264196,-0.9346187243669639,-0.31092699726734396,0,0,1,0
115000.0,-1.14802076265338,1.0,-0.014264628708885852,1.6918471796539818,0,-0.9096037250619617,-0.7092948551838962,1.374316969122095,1.6047155452825528,0,0,1,0
57000.0,-0.2698856008140617,0.0,-0.014468701681598103,0.4134955520501627,0,-0.586645536436497,-0.7092948551838962,0.12838915571849938,-0.40125409173609144,0,0,1,0
69000.0,-0.4098781628464168,1.0,-0.014479442364372434,-0.22568026175174685,0,-0.254188577557342,1.4293979033596458,1.7487897039120293,-0.018891784145444346,0,0,1,0
148600.0,-0.8553090420402739,1.0,-0.014457960998823774,-0.8648560755536564,0,0.6503361374731443,0.11004421352280759,1.7487897039120293,0.17671313981439438,0,0,1,0
115000.0,-0.49896433868518825,1.0,-0.014479442364372434,0.4134955520501627,0,0.5799761556303559,1.61783723340406,1.7487897039120293,1.240064991829398,0,0,1,0
59000.0,0.6973357368640278,1.0,-0.014436479633275117,1.9049057842546184,0,-0.7921643837436109,1.61783723340406,0.12838915571849938,0.8267724449304006,1,0,0,0
83500.0,0.37917082315413,1.0,-0.014500923729921091,-0.6517974709530199,0,0.5134847638545248,-0.32036319269464486,-0.9346187243669639,0.3028550113639118,0,0,0,1
58000.0,-0.3971515662980209,0.0,-0.014490183047146762,-0.4387388663523834,0,-0.3034094779628272,-0.7092948551838962,1.7487897039120293,-0.33774114206297895,0,0,1,0
78000.0,-0.2571590042656658,1.0,-0.014468701681598103,-0.012621657151110341,0,-0.24814390557772106,-0.6773632585629926,1.7487897039120293,0.08797431113175477,0,0,1,0
58000.0,0.824601702347987,1.0,-0.014500923729921091,0.20043694744952617,0,-0.10307177806681708,-0.8102427462111627,0.12838915571849938,-0.6123936341522249,1,0,0,0
69000.0,1.3209389677354277,1.0,-0.014436479633275117,0.6265541566507993,0,-0.6712709441511909,0.11004421352280759,1.7487897039120293,-0.4040257849946152,1,0,0,0
118000.0,0.6082495610252565,1.0,-0.014457960998823774,0.4134955520501627,0,0.20641542728977816,1.61783723340406,0.12838915571849938,0.8267724449304006,0,0,1,0
63000.0,-0.02808026639453933,0.0,-0.014500923729921091,0.20043694744952617,0,0.017821661525602984,-0.32036319269464486,0.12838915571849938,-0.21518594876585154,0,0,1,0
115000.0,0.30281124386375446,1.0,-0.014457960998823774,0.4134955520501627,0,0.16289378903650698,1.61783723340406,0.12838915571849938,0.8267724449304006,0,0,1,0
87000.0,-0.7025898834595229,1.0,-0.014500923729921091,-1.077914680154293,0,0.5981101715692189,-0.7107256994550611,1.7487897039120293,0.24995638468184,0,0,1,0
60000.0,-0.5880505145239596,0.0,-0.01451166441269542,-0.4387388663523834,0,0.23542985279195897,-0.8102427462111627,-0.9346187243669639,-0.599331507536703,1,0,0,0
67000.0,0.41735061279931773,0.0,-0.014490183047146762,-0.22568026175174685,0,-0.11688817116309368,-0.32036319269464486,-1.164846784639172,-0.19672145450172834,1,0,0,0
137000.0,-0.10443984568491482,1.0,-0.014382776219403471,-0.22568026175174685,0,-0.336325002692192,-0.7257150424069697,1.7487897039120293,1.177671896832328,0,0,1,0
128000.0,0.010099523250648416,1.0,-0.014468701681598103,-0.012621657151110341,0,0.5578123583717457,1.61783723340406,0.12838915571849938,0.8267724449304006,0,0,1,0
68000.0,1.1682198091546767,1.0,-0.014361294853854813,1.4787885750533454,0,-0.9862301683524957,1.61783723340406,1.7487897039120293,0.32162118085854435,0,0,1,0
67000.0,-0.49896433868518825,1.0,-0.014468701681598103,-0.8648560755536564,0,-0.42545428364660365,-0.7092948551838962,0.12838915571849938,-0.40125409173609144,0,0,1,0
59000.0,1.0027740540255299,1.0,-0.014490183047146762,1.0526713658520723,0,-0.2826848883184123,1.2004690324034661,0.12838915571849938,-0.0771632573576179,0,0,1,0
64000.0,0.2646314542185667,1.0,-0.014457960998823774,1.0526713658520723,0,-0.5769740612691033,1.2004690324034661,0.12838915571849938,-0.0771632573576179,0,0,1,0
124000.0,0.2391782611217749,1.0,-0.014468701681598103,-0.012621657151110341,0,0.4933358572557882,1.61783723340406,0.12838915571849938,0.8558122807230648,0,0,1,0
197000.0,-0.842582445491878,1.0,-0.014468701681598103,-1.2909732847549296,0,1.6700320026220097,1.61783723340406,0.12838915571849938,0.8558122807230648,0,0,0,1
39500.0,1.1809464057030727,1.0,-0.01451166441269542,1.2657299704527087,0,-0.3593658700027474,0.7168979404301677,-1.1334252924124224,-0.2897875185777773,1,0,0,0
71000.0,-0.37169837320122906,1.0,-0.014479442364372434,-0.4387388663523834,0,-0.217920545679616,1.4293979033596458,1.7487897039120293,-0.018891784145444346,0,0,1,0
76000.0,0.06100590944423208,1.0,-0.014500923729921091,-0.4387388663523834,0,0.33214460446589483,-0.6808932935519518,1.7487897039120293,-0.2790448113622479,0,0,1,0
129000.0,1.0664070367675094,1.0,-0.014468701681598103,-0.6517974709530199,0,0.573931483650735,1.61783723340406,0.12838915571849938,0.8267724449304006,0,0,1,0
110000.0,1.0282272471223217,1.0,-0.014457960998823774,0.4134955520501627,0,0.09035772528105497,1.61783723340406,0.12838915571849938,0.8267724449304006,0,0,1,0
75000.0,0.9009612816383625,1.0,-0.014500923729921091,-0.6517974709530199,0,0.30796591654741096,-0.32036319269464486,-0.9346187243669639,0.3028550113639118,0,0,1,0
115000.0,0.6337027541220484,1.0,-0.014490183047146762,-0.4387388663523834,0,0.8778921317688193,1.61783723340406,0.12838915571849938,0.8558122807230648,1,0,0,0
158000.0,-0.52441753178198,1.0,-0.014479442364372434,-0.6517974709530199,0,1.3597388410014648,1.61783723340406,0.12838915571849938,1.1788691035843615,0,0,0,1
85000.0,0.7355155265092156,1.0,-0.014468701681598103,0.8396127612514358,0,-0.13531002862479555,1.61783723340406,0.12838915571849938,0.8558122807230648,0,0,1,0
115000.0,0.43007720934771365,1.0,-0.014490183047146762,0.20043694744952617,0,0.8778921317688193,-0.32036319269464486,0.645607861430407,-0.005745456000475006,1,0,0,0
58000.0,-0.22279719358499683,1.0,-0.014479442364372434,-0.012621657151110341,0,-0.45366275288483493,-0.6696563497873814,1.7487897039120293,-0.42529043165010694,0,0,1,0
47900.0,0.5446165782832769,0.0,-0.01451166441269542,-0.6517974709530199,0,-0.11564469578442868,-0.8102427462111627,-1.164846784639172,-0.6547550895783869,1,0,0,0
94000.0,-0.6007771110723555,1.0,-0.014479442364372434,-0.8648560755536564,0,0.19916182091423296,-0.7092948551838962,1.7487897039120293,-0.17598529481347577,0,0,1,0
95000.0,-0.6559214539165551,0.0,-0.014479442364372434,0.20043694744952617,0,0.21729583685309595,1.61783723340406,0.12838915571849938,0.8558122807230648,0,0,1,0
102000.0,0.04827931289583617,1.0,-0.014490183047146762,-0.22568026175174685,0,0.6084724663914263,1.61783723340406,-0.9346187243669639,0.4451786460753563,0,0,1,0
127000.0,-0.2698856008140617,1.0,-0.014490183047146762,-0.6517974709530199,0,1.1265872075017975,1.61783723340406,0.12838915571849938,1.1788691035843615,0,0,1,0
159000.0,0.04827931289583617,1.0,-0.014447220316049445,-0.6517974709530199,0,0.5915159839550869,2.6714025272308954,1.7487897039120293,0.9420616080322042,0,0,0,1
169000.0,-1.1607473592017759,1.0,-0.014479442364372434,-1.077914680154293,0,1.5592130163289577,1.61783723340406,-0.9346187243669639,0.4451786460753563,0,0,0,1
142200.0,0.5191633851864851,1.0,-0.014479442364372434,-0.22568026175174685,0,1.0732213891674294,1.61783723340406,0.12838915571849938,0.8558122807230648,0,0,1,0
140000.0,-0.4735111455883964,1.0,-0.014479442364372434,-0.6517974709530199,0,1.033326554101931,1.61783723340406,0.12838915571849938,1.1788691035843615,0,0,0,1
105000.0,-0.3462451801044372,1.0,-0.014490183047146762,-0.22568026175174685,0,0.6706462353246709,1.2004690324034661,0.12838915571849938,0.7332252156866398,0,0,1,0
102000.0,0.6846091403156319,1.0,-0.014457960998823774,0.4134955520501627,0,-0.02569997672766821,2.6714025272308954,1.7487897039120293,0.9420616080322042,1,0,0,0
122000.0,-0.20625261807208214,1.0,-0.014490183047146762,-0.22568026175174685,0,1.0229642592797232,1.2004690324034661,0.12838915571849938,0.7332252156866398,0,0,1,0
102000.0,0.7482421230576115,1.0,-0.014372035536629142,1.6918471796539818,0,-0.6833602881104329,1.61783723340406,0.12838915571849938,1.0626716368227436,0,0,1,0
122000.0,1.130040019509489,1.0,-0.014339813488306156,1.2657299704527087,0,-0.6626356984660181,2.413559718457235,1.7487897039120293,1.0656601476446517,0,0,1,0
55000.0,0.6973357368640278,1.0,-0.014490183047146762,1.2657299704527087,0,-0.36558324689607186,1.2004690324034661,0.12838915571849938,-0.0771632573576179,0,0,1,0
69000.0,-0.5116909352335841,0.0,-0.01451166441269542,-0.6517974709530199,0,0.49655968231158615,-0.9345511308118133,1.7487897039120293,-0.6499440239297446,0,0,1,0
133000.0,-0.10443984568491482,1.0,-0.014479442364372434,-0.6517974709530199,0,0.9063884425298899,1.61783723340406,0.12838915571849938,0.8558122807230648,1,0,0,0
57000.0,-1.2116537453953595,1.0,-0.01451166441269542,-0.6517974709530199,0,0.14838657628541657,-0.8102427462111627,1.7487897039120293,-0.44241729846874356,0,0,1,0
55000.0,-0.3462451801044372,1.0,-0.014490183047146762,-0.22568026175174685,0,-0.36558324689607186,-0.7092948551838962,1.7487897039120293,-0.33774114206297895,0,0,1,0
56000.0,1.1936730022514686,0.0,-0.014468701681598103,1.2657299704527087,0,-0.6027646617154863,1.61783723340406,1.374316969122095,0.3726700767652379,0,0,1,0
58000.0,-0.32715528528184334,0.0,-0.014522405095469749,-0.8648560755536564,0,0.5981101715692189,-0.32036319269464486,-1.1334252924124224,-0.677508791536798,0,0,1,0
43500.0,0.16281868183139941,0.0,-0.01451166441269542,-0.6517974709530199,0,-0.2433081679940242,-0.8102427462111627,-1.1334252924124224,-0.8015849257249965,1,0,0,0
65000.0,-0.6516834972659392,1.0,-0.014500923729921091,-0.8648560755536564,0,0.06617903736257107,-0.9345511308118133,-0.9346187243669639,-0.6861294929918105,0,0,0,1
52500.0,0.5573431748316728,0.0,-0.01451166441269542,-0.6517974709530199,0,0.017821661525602984,-0.8102427462111627,-0.9346187243669639,-0.599331507536703,1,0,0,0
98000.0,0.073732505992628,1.0,-0.014479442364372434,-0.6517974709530199,0,0.271697884669685,-0.32036319269464486,0.12838915571849938,-0.21518594876585154,0,0,0,1
89000.0,0.022826119799044333,1.0,-0.014436479633275117,-0.22568026175174685,0,-0.42948406496635094,-0.32036319269464486,1.7487897039120293,0.27267559763416027,0,0,1,0
39500.0,0.04827931289583617,1.0,-0.014500923729921091,0.20043694744952617,0,-0.550377504558771,-0.14125162852066492,0.12838915571849938,-0.5310636738466661,0,0,1,0
169000.0,-0.9062154282338575,1.0,-0.014479442364372434,-0.8648560755536564,0,1.5592130163289577,1.61783723340406,1.7487897039120293,1.240064991829398,0,0,0,1
76500.0,0.5955229644768606,1.0,-0.014500923729921091,-0.6517974709530199,0,0.34423394842513694,-0.32036319269464486,-0.9346187243669639,0.3028550113639118,0,0,1,0
129000.0,-0.10443984568491482,1.0,-0.014479442364372434,-0.8648560755536564,0,0.8338523787744379,0.7168979404301677,-0.9346187243669639,0.4086660931097012,0,0,0,1
57000.0,1.3845719504774074,0.0,-0.014500923729921091,0.20043694744952617,0,-0.127250465985301,0.7168979404301677,-0.9346187243669639,-0.4247585554475627,1,0,0,0
89500.0,-0.384424969749625,0.0,-0.014490183047146762,-0.6517974709530199,0,0.34941509583624075,-0.32036319269464486,-0.9346187243669639,0.3028550113639118,0,0,1,0
47500.0,-0.10443984568491482,0.0,-0.01451166441269542,-0.6517974709530199,0,-0.127250465985301,-1.1381312347207264,1.7487897039120293,-0.6188565552686172,0,0,1,0
87000.0,0.6591559472188401,0.0,-0.014500923729921091,-0.6517974709530199,0,0.5981101715692189,0.7168979404301677,-0.9346187243669639,0.4086660931097012,1,0,0,0
159000.0,-0.4607845490400005,1.0,-0.014479442364372434,-0.6517974709530199,0,1.3778728569403278,0.7168979404301677,1.7487897039120293,1.3936479948991085,0,0,0,1
312000.0,-0.7280430765563147,1.0,-0.0143935169021778,-0.8648560755536564,0,1.3234708091237388,2.6714025272308954,1.7487897039120293,3.1663349296809935,0,0,1,0
119000.0,-1.350373647772875,1.0,-0.014500923729921091,-1.504031889355566,0,1.3718281849607066,-0.7107256994550611,1.7487897039120293,0.7849880821654548,0,0,1,0
95000.0,1.0664070367675094,1.0,-0.014468701681598103,0.4134955520501627,0,0.025881224165097534,2.6714025272308954,1.7487897039120293,1.4957457867124955,1,0,0,0
87000.0,-0.20625261807208214,1.0,-0.014339813488306156,2.117964388855255,0,-0.904422577650858,2.413559718457235,1.7487897039120293,1.0656601476446517,0,0,1,0
55000.0,-0.8044026558466902,1.0,-0.014522405095469749,-0.8648560755536564,0,0.4893060759360409,-1.100277399583882,-1.1334252924124224,-0.7007311306266601,0,0,1,0
54000.0,0.6846091403156319,0.0,-0.01451166441269542,0.4134955520501627,0,0.06134329977887418,-0.32036319269464486,-0.9346187243669639,-0.27162723695701885,0,0,1,0
135000.0,-0.7153164800079188,1.0,-0.014490183047146762,-0.4387388663523834,0,1.2923839246571167,1.61783723340406,0.12838915571849938,1.1788691035843615,0,0,1,0
245000.0,-0.3462451801044372,1.0,-0.014210925295014207,0.8396127612514358,0,-0.428385033697329,2.413559718457235,0.12838915571849938,1.8234186142845195,0,0,1,0
135000.0,-0.49896433868518825,1.0,-0.014479442364372434,-0.4387388663523834,0,0.9426564744076159,1.61783723340406,0.12838915571849938,0.8558122807230648,0,0,1,0
55000.0,-1.0334813937178167,0.0,-0.014500923729921091,-0.6517974709530199,0,-0.17560784182226907,-0.8102427462111627,-1.1334252924124224,-0.8015849257249965,0,0,1,0
69000.0,-0.2698856008140617,0.0,-0.014500923729921091,-0.22568026175174685,0,0.16289378903650698,-0.32036319269464486,1.7487897039120293,0.12135243537843901,0,0,1,0
147000.0,-0.9062154282338575,1.0,-0.014447220316049445,-0.8648560755536564,0,0.433255481215919,-0.14125162852066492,1.7487897039120293,0.4692490690211446,0,0,0,1
145000.0,-0.7407696731047106,1.0,-0.014479442364372434,-0.6517974709530199,0,1.123996633796246,1.61783723340406,0.12838915571849938,1.1788691035843615,0,0,1,0
86000.0,-1.1225675695565882,1.0,-0.014468701681598103,-1.077914680154293,0,-0.11919090334580645,-0.9936213437697933,1.7487897039120293,0.002892817953932332,0,0,1,0
39500.0,-0.2698856008140617,0.0,-0.014522405095469749,-0.22568026175174685,0,-0.072848418168712,-0.6547472531184948,-1.1334252924124224,-0.8428143786987349,0,0,1,0
66500.0,-1.1607473592017759,0.0,-0.014522405095469749,-1.504031889355566,0,0.9063884425298899,-0.14125162852066492,-1.1334252924124224,-0.29557960484411366,0,0,1,0
65000.0,0.43007720934771365,0.0,-0.014500923729921091,-0.6517974709530199,0,0.06617903736257107,0.11004421352280759,1.7487897039120293,-0.08452607888262177,0,0,1,0
98000.0,0.5573431748316728,1.0,-0.014447220316049445,0.4134955520501627,0,-0.21297490496901686,1.2004690324034661,1.7487897039120293,1.1068160293138378,0,0,1,0
68000.0,0.5446165782832769,1.0,-0.014479442364372434,-0.012621657151110341,0,-0.27232259349620497,0.11004421352280759,1.7487897039120293,0.17671313981439438,0,0,1,0
350000.0,-1.0716611833630045,1.0,-0.014318332122757496,-0.6517974709530199,0,0.7021836543487805,0.7168979404301677,1.7487897039120293,5.104510043501061,0,0,0,1
49000.0,-0.2698856008140617,0.0,-0.014490183047146762,-0.012621657151110341,0,-0.48993078476256097,-0.7257150424069697,-0.9346187243669639,-0.6749542430781704,0,0,1,0
85000.0,-0.078986652588123,1.0,-0.014490183047146762,-0.22568026175174685,0,0.25615444243637386,1.2004690324034661,0.12838915571849938,-0.0771632573576179,0,0,1,0
117000.0,-1.1734739557501717,1.0,-0.01451166441269542,-1.504031889355566,0,1.8892521064162644,-0.14125162852066492,1.7487897039120293,0.3019869901252007,0,0,0,1
98000.0,-0.537144128330376,1.0,-0.014479442364372434,0.20043694744952617,0,0.271697884669685,0.7168979404301677,1.7487897039120293,0.3604595735481716,0,0,1,0
75000.0,-0.09171324913651892,1.0,-0.014468701681598103,-0.6517974709530199,0,-0.2965012814146889,0.1714235032256855,1.7487897039120293,0.1958946560591678,0,0,1,0
51000.0,-0.9698484109758371,1.0,-0.014500923729921091,-0.8648560755536564,0,-0.27232259349620497,-0.8194871463930152,1.7487897039120293,-0.4945066806241072,0,0,1,0
38500.0,-0.7025898834595229,0.0,-0.014490183047146762,1.6918471796539818,0,-0.7075389760289169,0.11004421352280759,0.12838915571849938,-0.7515247820538202,0,0,1,0
85000.0,-0.9062154282338575,1.0,-0.014479442364372434,-0.8648560755536564,0,0.035955677464465985,1.4293979033596458,1.7487897039120293,-0.018891784145444346,0,0,1,0
69000.0,-0.2698856008140617,0.0,-0.014500923729921091,-0.4387388663523834,0,0.16289378903650698,-0.32372425172264196,-0.9346187243669639,-0.31092699726734396,0,0,1,0
179000.0,-0.6389569007175433,1.0,-0.014479442364372434,-0.6517974709530199,0,1.7405531757175878,1.61783723340406,1.7487897039120293,1.240064991829398,1,0,0,0
45000.0,-0.2444324077172699,0.0,-0.014522405095469749,-0.8648560755536564,0,0.12662575715878097,-0.32036319269464486,-1.1334252924124224,-0.677508791536798,0,0,1,0
72000.0,-0.7789494627498984,1.0,-0.014500923729921091,-1.077914680154293,0,0.23542985279195897,0.11004421352280759,-1.1334252924124224,-0.4082097375437444,0,0,1,0
225000.0,-0.078986652588123,1.0,-0.014457960998823774,-1.077914680154293,0,1.7586871916564508,1.2004690324034661,0.12838915571849938,0.7332252156866398,0,0,1,0
51000.0,-0.3335185835560413,0.0,-0.014490183047146762,-0.012621657151110341,0,-0.4484816054737313,-0.7257150424069697,-0.9346187243669639,-0.6749542430781704,0,0,1,0
43800.0,-0.9316686213306493,1.0,-0.01451166441269542,-1.077914680154293,0,-0.23460384034336995,0.5199635555482692,-1.1334252924124224,-0.7886923051120398,0,0,1,0
145005.0,-1.1225675695565882,1.0,-0.014479442364372434,-1.2909732847549296,0,1.1240873038759402,0.11004421352280759,1.7487897039120293,0.4414037687538932,0,0,1,0
139000.0,-1.2116537453953595,1.0,-0.014490183047146762,-1.2909732847549296,0,1.3752822832347762,-0.6808932935519518,1.7487897039120293,-0.2790448113622479,0,0,0,1
158000.0,0.5446165782832769,1.0,-0.014468701681598103,-0.4387388663523834,0,1.0413861167414253,0.7168979404301677,1.7487897039120293,0.5762839065925054,0,0,0,1
52000.0,-0.49896433868518825,0.0,-0.014490183047146762,0.6265541566507993,0,-0.4277570158293164,0.7168979404301677,0.12838915571849938,-0.5254071569925362,0,0,1,0
148000.0,0.2391782611217749,1.0,-0.014468701681598103,-0.22568026175174685,0,0.8801948639515323,1.61783723340406,0.12838915571849938,0.8558122807230648,0,0,0,1
255000.0,0.531889981734881,1.0,-0.014350554171080485,-0.22568026175174685,0,0.34423394842513694,2.6714025272308954,1.7487897039120293,2.739345221315201,1,0,0,0
115000.0,0.43007720934771365,1.0,-0.014479442364372434,-0.4387388663523834,0,0.5799761556303559,0.7168979404301677,0.12838915571849938,0.7777888788965621,0,0,1,0
35000.0,1.1936730022514686,1.0,-0.014468701681598103,1.0526713658520723,0,-0.9412662925742623,-0.8102427462111627,0.12838915571849938,-0.6123936341522249,0,0,1,0
98000.0,-0.842582445491878,1.0,-0.014468701681598103,-0.8648560755536564,0,0.07423860000206561,-0.14125162852066492,1.7487897039120293,0.4692490690211446,0,0,1,0
46000.0,0.3918974197025259,0.0,-0.014500923729921091,1.2657299704527087,0,-0.3932160330886249,1.2004690324034661,-0.9346187243669639,-0.026885704658305653,1,0,0,0
225000.0,-0.7153164800079188,1.0,-0.014468701681598103,-1.2909732847549296,0,2.1213675104337106,2.6714025272308954,1.7487897039120293,0.9420616080322042,1,0,0,0
135000.0,-0.29533879391085355,0.0,-0.014479442364372434,0.20043694744952617,0,0.9426564744076159,0.7168979404301677,1.7487897039120293,0.5762839065925054,1,0,0,0
179000.0,-0.20625261807208214,1.0,-0.014468701681598103,-0.8648560755536564,0,1.3798877476002018,1.61783723340406,0.12838915571849938,0.8558122807230648,0,0,0,1
51000.0,-0.078986652588123,0.0,-0.01451166441269542,-0.4387388663523834,0,-0.02569997672766821,-0.9345511308118133,-1.1334252924124224,-0.7674136132819462,0,0,1,0
94500.0,-0.4735111455883964,1.0,-0.014447220316049445,-0.4387388663523834,0,-0.2591342182679411,0.11004421352280759,1.7487897039120293,0.17671313981439438,0,0,1,0
80000.0,0.30281124386375446,1.0,-0.014479442364372434,-0.6517974709530199,0,-0.054714402229849,0.11004421352280759,1.7487897039120293,0.17671313981439438,0,0,1,0
46000.0,0.9009612816383625,0.0,-0.014500923729921091,1.2657299704527087,0,-0.3932160330886249,-0.32036319269464486,-0.9346187243669639,-0.726667004122192,1,0,0,0
69000.0,-0.2698856008140617,0.0,-0.014500923729921091,-0.8648560755536564,0,0.16289378903650698,-0.6696563497873814,1.7487897039120293,-0.42529043165010694,0,0,1,0
200000.0,-1.0716611833630045,1.0,-0.014479442364372434,-1.2909732847549296,0,2.1213675104337106,-0.32036319269464486,1.7487897039120293,0.27267559763416027,0,0,0,1
89000.0,-0.2698856008140617,1.0,-0.014479442364372434,-0.8648560755536564,0,0.10849174121991798,0.1714235032256855,1.7487897039120293,0.1958946560591678,0,0,1,0
93500.0,1.1936730022514686,1.0,-0.014500923729921091,-0.22568026175174685,0,0.755271643039365,1.61783723340406,-0.9346187243669639,0.4451786460753563,1,0,0,0
91000.0,-1.2116537453953595,1.0,-0.014447220316049445,-1.077914680154293,0,-0.30529353156686506,-0.8194871463930152,1.7487897039120293,0.19596236016514493,0,0,1,0
99000.0,0.43007720934771365,1.0,-0.014479442364372434,0.20043694744952617,0,0.28983190060854797,1.61783723340406,0.12838915571849938,0.8558122807230648,0,0,1,0
78000.0,-0.20625261807208214,1.0,-0.014479442364372434,-0.012621657151110341,0,-0.090982434107575,0.11004421352280759,1.7487897039120293,0.17671313981439438,0,0,1,0
89500.0,-0.6262303041691474,1.0,-0.014500923729921091,-1.077914680154293,0,0.6585568913654288,0.5199635555482692,1.7487897039120293,0.18002307870043238,0,0,1,0
36000.0,1.1936730022514686,0.0,-0.01451166441269542,0.4134955520501627,0,-0.46091635926038016,-0.9345511308118133,1.7487897039120293,-0.6499440239297446,0,0,1,0
180000.0,-1.1607473592017759,1.0,-0.014479442364372434,-1.2909732847549296,0,1.7586871916564508,-0.32036319269464486,-0.9346187243669639,0.3028550113639118,0,0,1,0
33000.0,-0.3335185835560413,0.0,-0.01451166441269542,-0.8648560755536564,0,-0.5479596357669225,-1.3420330208418312,1.7487897039120293,-0.91693926912938,0,0,1,0
93000.0,0.25190485767017085,1.0,-0.014490183047146762,-0.6517974709530199,0,0.4219511595916927,0.11004421352280759,1.7487897039120293,0.17671313981439438,0,0,0,1
92000.0,-0.23170581116887398,1.0,-0.014479442364372434,-0.6517974709530199,0,0.16289378903650698,0.11004421352280759,1.7487897039120293,0.17671313981439438,0,0,1,0
69000.0,0.9009612816383625,1.0,-0.014490183047146762,0.6265541566507993,0,-0.0754389918742639,1.2004690324034661,0.12838915571849938,-0.0771632573576179,0,0,1,0
195000.0,-0.7789494627498984,1.0,-0.014490183047146762,-0.6517974709530199,0,2.5358593033220083,-0.7092948551838962,0.645607861430407,1.531087330032514,1,0,0,0
61000.0,0.2391782611217749,1.0,-0.014468701681598103,-0.012621657151110341,0,-0.5221690353205397,0.1714235032256855,1.7487897039120293,0.1958946560591678,0,0,1,0
42000.0,1.270032581541844,1.0,-0.014490183047146762,1.2657299704527087,0,-0.635002912273465,-0.32036319269464486,-0.9346187243669639,-0.726667004122192,0,0,1,0
37500.0,1.1936730022514686,1.0,-0.014490183047146762,1.0526713658520723,0,-0.7282635656733318,-0.32036319269464486,0.12838915571849938,-0.7466237140621923,0,0,1,0
136000.0,-1.135294166104984,1.0,-0.014457960998823774,-1.077914680154293,0,0.46754525680940534,0.11004421352280759,1.7487897039120293,0.17671313981439438,0,0,1,0
115000.0,-1.3389197108793187,1.0,-0.014479442364372434,-1.2909732847549296,0,0.5799761556303559,0.11004421352280759,1.7487897039120293,0.4414037687538932,0,0,1,0
125000.0,-0.12989303878170666,1.0,-0.014468701681598103,0.4134955520501627,0,0.5094549825347776,1.61783723340406,1.374316969122095,0.3726700767652379,0,0,1,0
85000.0,0.5573431748316728,1.0,-0.014468701681598103,0.4134955520501627,0,-0.13531002862479555,1.61783723340406,0.12838915571849938,0.8558122807230648,0,0,1,0
290000.0,-1.3134665177825269,1.0,-0.014479442364372434,-1.2909732847549296,0,3.7534289449313807,0.5199635555482692,0.645607861430407,1.8967741324410399,1,0,0,0
102000.0,1.1936730022514686,1.0,-0.014468701681598103,-0.4387388663523834,0,0.13871510111802307,0.5199635555482692,1.7487897039120293,0.22122644167615824,0,0,0,1
79000.0,-0.52441753178198,1.0,-0.014468701681598103,-0.6517974709530199,0,-0.23202478029873172,0.1714235032256855,1.7487897039120293,0.068732804213078,0,0,1,0
185000.0,0.5573431748316728,1.0,-0.014447220316049445,-0.012621657151110341,0,0.9344137398899511,1.61783723340406,1.7487897039120293,2.9642897574202522,1,0,0,0
155000.0,-0.3335185835560413,1.0,-0.014447220316049445,-0.4387388663523834,0,0.5387624830420308,1.61783723340406,0.12838915571849938,0.8267724449304006,0,0,1,0
59000.0,-0.5880505145239596,1.0,-0.014468701681598103,-0.6517974709530199,0,-0.5544072858785183,0.1714235032256855,1.7487897039120293,-0.34888643268514175,0,0,1,0
68000.0,-0.20625261807208214,1.0,-0.014500923729921091,-0.22568026175174685,0,0.13871510111802307,-0.6808932935519518,1.7487897039120293,-0.2790448113622479,0,0,1,0
145000.0,-0.015353669846143416,1.0,-0.014436479633275117,-0.012621657151110341,0,0.24751919675120104,1.61783723340406,1.7487897039120293,2.221556370821766,0,0,1,0
58000.0,1.448204933219387,0.0,-0.01451166441269542,0.6265541566507993,0,0.17740100178759738,-0.32036319269464486,-0.9346187243669639,-0.27162723695701885,0,0,1,0
93500.0,-0.52441753178198,1.0,-0.014500923729921091,-0.8648560755536564,0,0.755271643039365,0.5199635555482692,1.7487897039120293,0.18002307870043238,0,0,1,0
69500.0,-0.14261963533010258,0.0,-0.01451166441269542,-0.8648560755536564,0,0.5110668950626766,-0.32036319269464486,1.7487897039120293,0.3383102429818865,0,0,1,0
119000.0,-0.48623774213679233,1.0,-0.014479442364372434,-0.8648560755536564,0,0.652512219385808,1.2004690324034661,1.7487897039120293,0.5325102385989583,0,0,1,0
136000.0,-0.4735111455883964,1.0,-0.014479442364372434,-0.8648560755536564,0,0.9607904903464789,1.2004690324034661,0.12838915571849938,0.9682405290099956,0,0,1,0
98000.0,-0.4735111455883964,1.0,-0.014447220316049445,-0.4387388663523834,0,-0.21297490496901686,0.11004421352280759,1.7487897039120293,0.17671313981439438,0,0,1,0
79000.0,-0.5880505145239596,1.0,-0.014468701681598103,-0.8648560755536564,0,-0.23202478029873172,0.1714235032256855,1.7487897039120293,0.068732804213078,0,0,1,0
85000.0,-0.9698484109758371,1.0,-0.014479442364372434,-0.012621657151110341,0,0.035955677464465985,0.11004421352280759,1.7487897039120293,0.17671313981439438,0,0,1,0
195000.0,0.06100590944423208,1.0,-0.014436479633275117,-0.4387388663523834,0,0.8519863947133008,0.7168979404301677,1.7487897039120293,0.5762839065925054,0,0,1,0
290000.0,0.03555271634744025,1.0,-0.014436479633275117,-0.6517974709530199,0,2.000474070841291,1.61783723340406,1.7487897039120293,4.345321335145106,0,0,0,1
118000.0,-1.1734739557501717,1.0,-0.014490183047146762,-1.2909732847549296,0,0.9400659007020642,0.1714235032256855,0.645607861430407,0.778443351921007,1,0,0,0
234800.0,-1.14802076265338,1.0,-0.014468701681598103,-1.077914680154293,0,2.2793349381678065,1.61783723340406,0.12838915571849938,0.8558122807230648,0,0,0,1
220000.0,-0.8807622351370658,1.0,-0.014468701681598103,-1.077914680154293,0,2.0407718840387643,1.61783723340406,0.12838915571849938,0.8558122807230648,0,0,0,1
230000.0,-0.8680356385886698,1.0,-0.014361294853854813,-0.8648560755536564,0,0.2507006030562646,-0.32036319269464486,-0.9346187243669639,0.3028550113639118,0,0,1,0
105000.0,0.41735061279931773,1.0,-0.014490183047146762,-0.4387388663523834,0,0.6706462353246709,1.61783723340406,1.7487897039120293,1.240064991829398,0,0,1,0
63500.0,0.6209761575736524,0.0,-0.014500923729921091,0.4134955520501627,0,0.02991100548484507,1.61783723340406,-0.9346187243669639,0.4451786460753563,0,0,1,0
35500.0,0.6846091403156319,0.0,-0.01451166441269542,-0.8648560755536564,0,-0.47542357201147056,0.5199635555482692,-1.1334252924124224,-0.7886923051120398,0,0,1,0
63000.0,-0.842582445491878,1.0,-0.014522405095469749,-0.6517974709530199,0,0.7794503309578489,-0.8102427462111627,-1.1334252924124224,-0.275258217435103,0,1,0,0
147000.0,-0.20625261807208214,1.0,-0.014479442364372434,-0.4387388663523834,0,1.160264665673972,1.61783723340406,0.12838915571849938,0.8558122807230648,0,0,1,0
71000.0,0.9391410712835503,1.0,-0.014479442364372434,0.4134955520501627,0,-0.217920545679616,-0.32036319269464486,1.7487897039120293,0.27267559763416027,0,0,1,0
67000.0,0.5573431748316728,1.0,-0.014468701681598103,0.6265541566507993,0,-0.42545428364660365,-0.32036319269464486,1.7487897039120293,0.27267559763416027,0,0,1,0
120000.0,-1.2625601315889432,1.0,-0.014479442364372434,-1.077914680154293,0,0.6706462353246709,0.1714235032256855,1.7487897039120293,0.1958946560591678,0,0,1,0
52000.0,-0.9316686213306493,0.0,-0.014500923729921091,-0.4387388663523834,0,-0.24814390557772106,-0.8102427462111627,-0.9346187243669639,-0.599331507536703,0,0,1,0
65000.0,-0.5880505145239596,1.0,-0.01451166441269542,-0.6517974709530199,0,0.3805019803028629,-0.14125162852066492,-1.1334252924124224,-0.29557960484411366,0,0,1,0
155000.0,-0.4607845490400005,1.0,-0.014468701681598103,-1.077914680154293,0,0.9930287409044576,0.7168979404301677,1.7487897039120293,0.3604595735481716,0,0,1,0
269000.0,-1.3134665177825269,1.0,-0.0143935169021778,-0.22568026175174685,0,0.9335894664381844,2.6714025272308954,1.7487897039120293,3.769385073633692,1,0,0,0
250000.0,-0.7153164800079188,1.0,-0.014404257584952129,0.8396127612514358,0,0.912433114509511,1.61783723340406,0.12838915571849938,1.0626716368227436,1,0,0,0
95000.0,0.5573431748316728,1.0,-0.014468701681598103,0.20043694744952617,0,0.025881224165097534,1.61783723340406,1.7487897039120293,1.240064991829398,1,0,0,0
94500.0,-0.3335185835560413,1.0,-0.014479442364372434,-0.8648560755536564,0,0.20822882888366445,0.1714235032256855,1.7487897039120293,0.1958946560591678,0,0,1,0
138000.0,-0.7153164800079188,1.0,-0.014479442364372434,-1.077914680154293,0,0.9970585222242049,-0.32036319269464486,-0.9346187243669639,0.3028550113639118,0,0,1,0
94000.0,-0.4098781628464168,1.0,-0.014500923729921091,-1.077914680154293,0,0.7673609869986068,0.11004421352280759,1.7487897039120293,0.33340169529855057,0,0,1,0
157000.0,-0.37169837320122906,1.0,-0.014479442364372434,-0.6517974709530199,0,1.3416048250626018,-0.32036319269464486,1.7487897039120293,0.27267559763416027,0,0,0,1
47500.0,0.5573431748316728,1.0,-0.014500923729921091,1.0526713658520723,0,-0.3569480012108989,-0.6808932935519518,1.7487897039120293,-0.602167493145275,0,0,1,0
40900.0,-0.3335185835560413,0.0,-0.014522405095469749,-0.012621657151110341,0,-0.02207317353989561,-0.6547472531184948,-1.1334252924124224,-0.8428143786987349,0,0,1,0
98000.0,0.5191633851864851,1.0,-0.014425738950500788,1.6918471796539818,0,-0.41181502379515117,1.2004690324034661,-0.16392578415542897,0.4119384582319252,0,0,1,0
99000.0,0.7864219127027993,1.0,-0.014479442364372434,0.6265541566507993,0,0.28983190060854797,1.61783723340406,0.12838915571849938,0.8558122807230648,0,0,1,0
128000.0,-0.9189420247822534,0.0,-0.014500923729921091,-0.4387388663523834,0,1.5894363762270627,1.61783723340406,0.12838915571849938,0.9739671679738876,0,0,1,0
43000.0,1.0409538436707175,0.0,-0.01451166441269542,-0.4387388663523834,0,-0.25781538074511456,-0.9936213437697933,-1.1334252924124224,-0.6679420321019762,0,0,1,0
100000.0,0.17554527837979533,1.0,-0.014490183047146762,-0.22568026175174685,0,0.5670232871025968,-0.32036319269464486,0.12838915571849938,-0.21518594876585154,0,0,1,0
139000.0,0.5446165782832769,1.0,-0.014457960998823774,0.4134955520501627,0,0.5110668950626766,1.61783723340406,0.12838915571849938,0.8267724449304006,0,0,1,0
98000.0,0.8755080885415707,1.0,-0.014404257584952129,0.4134955520501627,0,-0.5576311109343162,2.6714025272308954,1.7487897039120293,0.9420616080322042,0,0,1,0
59000.0,-0.8044026558466902,0.0,-0.01451166441269542,-1.077914680154293,0,0.20641542728977816,-1.100277399583882,0.12838915571849938,-0.34888643268514175,0,0,1,0
118000.0,-0.3971515662980209,1.0,-0.014457960998823774,-0.8648560755536564,0,0.20641542728977816,-0.14125162852066492,1.7487897039120293,0.4692490690211446,0,0,1,0
86000.0,-0.4607845490400005,1.0,-0.014490183047146762,-0.4387388663523834,0,0.27687903208078873,0.3664142374090258,1.7487897039120293,-0.08382485778500227,0,0,1,0
350000.0,-1.0589345868146085,1.0,-0.014382776219403471,-0.8648560755536564,0,1.48134341847384,2.413559718457235,1.7487897039120293,3.590713937960264,0,0,1,0
265000.0,-0.20625261807208214,1.0,-0.0143935169021778,-0.22568026175174685,0,0.8973214345604584,1.2004690324034661,1.7487897039120293,0.9224274172988605,1,0,0,0
135000.0,-1.3341217839805735,1.0,-0.014479442364372434,-1.077914680154293,0,0.9426564744076159,0.7168979404301677,-0.9346187243669639,0.4086660931097012,0,0,1,0
105000.0,-1.0207547971694209,1.0,-0.014490183047146762,-1.077914680154293,0,0.6706462353246709,0.11004421352280759,1.7487897039120293,0.4414037687538932,0,0,1,0
350000.0,-0.6262303041691474,1.0,-0.014339813488306156,-0.012621657151110341,0,0.912433114509511,2.6714025272308954,1.7487897039120293,2.739345221315201,1,0,0,0
128000.0,-0.9062154282338575,1.0,-0.014479442364372434,-0.6517974709530199,0,0.8157183628355749,1.61783723340406,-0.9346187243669639,0.4451786460753563,0,0,0,1
85000.0,1.1936730022514686,1.0,-0.014221665977788536,1.6918471796539818,0,-1.1200878386380502,1.2004690324034661,0.12838915571849938,1.4599133886241433,0,0,1,0
98000.0,-0.3335185835560413,1.0,-0.014490183047146762,-0.4387388663523834,0,0.5255741078137669,-0.14125162852066492,1.7487897039120293,0.4692490690211446,1,0,0,0
150000.0,1.1936730022514686,1.0,-0.014361294853854813,0.4134955520501627,0,-0.3601294075159626,2.6714025272308954,1.7487897039120293,2.739345221315201,1,0,0,0
106000.0,-0.078986652588123,1.0,-0.014479442364372434,-0.4387388663523834,0,0.41677001218058896,1.2004690324034661,-0.9346187243669639,-0.026885704658305653,0,0,1,0
83000.0,0.36644422660573406,1.0,-0.014490183047146762,-0.6517974709530199,0,0.21470526314754407,-0.07526237887860447,0.12838915571849938,-0.19803040055061802,1,0,0,0
235000.0,-0.3462451801044372,1.0,-0.014436479633275117,-0.4387388663523834,0,1.3355601530829806,1.61783723340406,1.7487897039120293,2.9642897574202522,0,0,0,1
81000.0,0.18827187492819125,1.0,-0.014490183047146762,0.20043694744952617,0,0.17325608385871427,1.2004690324034661,1.7487897039120293,0.5325102385989583,0,0,1,0
85000.0,-0.7916760592982943,0.0,-0.014468701681598103,1.2657299704527087,0,-0.13531002862479555,1.61783723340406,0.12838915571849938,0.8558122807230648,0,0,1,0
259000.0,-0.384424969749625,1.0,-0.014382776219403471,-0.012621657151110341,0,0.7047808535625307,1.61783723340406,0.12838915571849938,1.0626716368227436,1,0,0,0
92000.0,-1.0207547971694209,1.0,-0.014500923729921091,-1.077914680154293,0,0.719003611161639,-0.7107256994550611,1.7487897039120293,0.24995638468184,0,0,1,0
128000.0,-0.7153164800079188,1.0,-0.014490183047146762,-0.4387388663523834,0,1.1473117971462126,-0.32036319269464486,-0.9346187243669639,0.3028550113639118,0,0,1,0
88000.0,1.0664070367675094,1.0,-0.014490183047146762,0.6265541566507993,0,0.31832821136961825,1.61783723340406,1.7487897039120293,1.240064991829398,0,0,1,0
98000.0,0.8118751057995911,1.0,-0.014404257584952129,0.6265541566507993,0,-0.5576311109343162,2.6714025272308954,1.7487897039120293,1.4957457867124955,0,0,1,0
179000.0,-0.1553462318784985,1.0,-0.014468701681598103,-0.4387388663523834,0,1.3798877476002018,2.6714025272308954,1.7487897039120293,0.9420616080322042,1,0,0,0
98000.0,-0.9062154282338575,1.0,-0.014404257584952129,-0.6517974709530199,0,-0.5576311109343162,-0.24807192448694768,1.7487897039120293,0.08879240241231086,0,0,1,0
125000.0,-0.3971515662980209,1.0,-0.014490183047146762,-0.6517974709530199,0,1.0851380282129681,-0.14125162852066492,1.7487897039120293,0.4692490690211446,0,0,0,1
78000.0,1.448204933219387,0.0,-0.01451166441269542,-0.012621657151110341,0,0.7576895118312132,1.61783723340406,0.12838915571849938,1.1788691035843615,1,0,0,0
135000.0,-0.3462451801044372,1.0,-0.014479442364372434,-0.6517974709530199,0,0.9426564744076159,1.2004690324034661,0.12838915571849938,0.9682405290099956,0,0,1,0
138000.0,-0.7407696731047106,1.0,-0.014479442364372434,-0.4387388663523834,0,0.9970585222242049,1.61783723340406,-0.9346187243669639,0.4451786460753563,0,0,1,0
169000.0,0.8118751057995911,1.0,-0.014414998267726459,-0.012621657151110341,0,0.24579214761416626,2.6714025272308954,1.7487897039120293,2.739345221315201,1,0,0,0
110000.0,0.671882543767236,1.0,-0.014447220316049445,0.4134955520501627,0,-0.054714402229849,1.2004690324034661,1.7487897039120293,1.1068160293138378,0,0,1,0
63000.0,-0.14261963533010258,0.0,-0.014500923729921091,-0.8648560755536564,0,0.017821661525602984,-0.32036319269464486,-1.1334252924124224,-0.677508791536798,0,0,1,0
165000.0,-0.7916760592982943,1.0,-0.014468701681598103,-0.6517974709530199,0,1.1542199936943507,1.61783723340406,1.7487897039120293,1.240064991829398,0,0,1,0
99000.0,0.9264144747351544,1.0,-0.014457960998823774,0.6265541566507993,0,-0.0692216149809394,1.2004690324034661,1.374316969122095,0.24995638468184,0,0,1,0
105000.0,0.5573431748316728,1.0,-0.014339813488306156,1.4787885750533454,0,-0.7800750397843689,2.413559718457235,1.7487897039120293,1.0656601476446517,0,0,1,0
249000.0,0.30281124386375446,1.0,-0.014404257584952129,0.4134955520501627,0,0.9027616393421173,2.413559718457235,1.7487897039120293,1.0656601476446517,1,0,0,0
79500.0,-0.7789494627498984,1.0,-0.014468701681598103,-0.8648560755536564,0,-0.2239652176592369,-0.8194871463930152,1.7487897039120293,-0.02710448564076287,0,0,1,0
140000.0,-0.8171292523950862,1.0,-0.014404257584952129,0.4134955520501627,0,-0.15142915390378492,2.6714025272308954,1.7487897039120293,1.4957457867124955,0,0,1,0
79000.0,-0.2698856008140617,0.0,-0.014500923729921091,-0.4387388663523834,0,0.40468066822134685,-0.32036319269464486,1.7487897039120293,0.12135243537843901,0,0,1,0
65500.0,-0.4607845490400005,0.0,-0.014522405095469749,-0.4387388663523834,0,0.8701204106521638,-0.32036319269464486,-1.1334252924124224,-0.677508791536798,0,0,1,0
360000.0,-1.0716611833630045,1.0,-0.014318332122757496,-0.6517974709530199,0,0.7652584923969995,0.7168979404301677,1.7487897039120293,5.104510043501061,0,0,0,1
125000.0,-0.5880505145239596,1.0,-0.014479442364372434,-0.6517974709530199,0,0.7613163150189859,-0.07526237887860447,0.12838915571849938,0.7980775426543507,0,0,1,0
231000.0,-1.3134665177825269,1.0,-0.014479442364372434,-1.2909732847549296,0,2.683522004538464,0.5199635555482692,0.645607861430407,1.8967741324410399,1,0,0,0
106000.0,-0.5880505145239596,1.0,-0.014479442364372434,-0.22568026175174685,0,0.41677001218058896,-0.32036319269464486,0.12838915571849938,-0.21518594876585154,0,0,1,0
90000.0,-0.5880505145239596,1.0,-0.014490183047146762,-0.012621657151110341,0,0.35977739065844805,-0.32036319269464486,1.7487897039120293,0.27267559763416027,0,0,1,0
55000.0,1.448204933219387,1.0,-0.014329072805531825,2.117964388855255,0,-1.1427553585616288,1.2004690324034661,0.12838915571849938,1.4599133886241433,0,0,1,0
24500.0,1.295485774638636,0.0,-0.014522405095469749,1.4787885750533454,0,-0.616868896334602,-1.100277399583882,-1.1334252924124224,-1.0243493419853384,0,0,1,0
62000.0,1.3718453539290114,1.0,-0.014490183047146762,0.6265541566507993,0,-0.22051111938516788,1.2004690324034661,0.12838915571849938,-0.0771632573576179,0,0,1,0
39900.0,1.995448584800411,0.0,-0.01451166441269542,1.6918471796539818,0,-0.34776009980187506,-0.32036319269464486,-0.9346187243669639,-0.726667004122192,0,0,1,0
48500.0,-0.19352602152368623,0.0,-0.014522405095469749,-0.4387388663523834,0,0.253563868730822,-0.32372425172264196,-1.1334252924124224,-0.557862186594303,0,0,1,0
49900.0,-0.20625261807208214,1.0,-0.014500923729921091,-0.22568026175174685,0,-0.2989191502065375,0.11004421352280759,0.12838915571849938,-0.5854784310219329,0,0,1,0
41500.0,0.022826119799044333,1.0,-0.014522405095469749,-0.6517974709530199,0,-0.00031235441326001273,0.11004421352280759,-1.1334252924124224,-0.6599620002908548,0,0,1,0
41900.0,0.6846091403156319,0.0,-0.014500923729921091,-0.4387388663523834,0,-0.4923486535544094,0.11004421352280759,0.12838915571849938,-0.5854784310219329,0,0,1,0
71900.0,-0.04080686294293525,1.0,-0.014479442364372434,0.20043694744952617,0,-0.2015999313346393,0.11004421352280759,1.7487897039120293,0.17671313981439438,0,0,1,0
63000.0,0.8882346850899666,0.0,-0.014479442364372434,-0.22568026175174685,0,-0.36299267319052,0.8002264370753965,0.645607861430407,0.38248717213190975,1,0,0,0
35000.0,0.12463889218621166,0.0,-0.014490183047146762,1.6918471796539818,0,-0.7800750397843689,-0.9345511308118133,1.374316969122095,-0.8250155579687256,0,0,1,0
125000.0,-0.10443984568491482,0.0,-0.014479442364372434,-0.4387388663523834,0,0.7613163150189859,0.7168979404301677,1.7487897039120293,1.3936479948991085,0,0,1,0
43000.0,-0.23170581116887398,0.0,-0.014522405095469749,-0.6517974709530199,0,0.05408969340332898,-0.32036319269464486,-1.1334252924124224,-0.677508791536798,0,0,1,0
44500.0,2.148167743381162,1.0,-0.014447220316049445,1.0526713658520723,0,-0.9185529796811408,0.11004421352280759,1.7487897039120293,0.17671313981439438,1,0,0,0
48500.0,1.690010267638909,0.0,-0.01451166441269542,1.0526713658520723,0,-0.09823604048312021,-0.32036319269464486,0.12838915571849938,-0.21518594876585154,1,0,0,0
35000.0,1.1936730022514686,0.0,-0.01451166441269542,-0.6517974709530199,0,-0.48993078476256097,-0.8102427462111627,-1.1334252924124224,-0.8015849257249965,0,0,1,0
88000.0,-0.078986652588123,0.0,-0.014447220316049445,-1.077914680154293,0,-0.344858657251657,0.1714235032256855,0.645607861430407,0.2155965508984886,1,0,0,0
29000.0,-0.20625261807208214,0.0,-0.014522405095469749,0.4134955520501627,0,-0.45366275288483493,-0.8102427462111627,-1.1334252924124224,-0.9035523209021002,0,0,1,0
98000.0,-0.2698856008140617,1.0,-0.014479442364372434,-0.8648560755536564,0,0.271697884669685,-0.07526237887860447,0.12838915571849938,0.7980775426543507,0,0,1,0
87000.0,-1.0589345868146085,1.0,-0.014468701681598103,-1.077914680154293,0,-0.10307177806681708,-0.9936213437697933,1.7487897039120293,0.002892817953932332,0,0,1,0
75000.0,1.3336655642838238,1.0,-0.014361294853854813,1.6918471796539818,0,-0.9327825424274258,1.2004690324034661,1.7487897039120293,1.3936479948991085,0,0,1,0
28500.0,0.4682569989929014,0.0,-0.01451166441269542,0.20043694744952617,0,-0.6785245505267361,-0.6808932935519518,-1.1334252924124224,-0.9543394275990159,0,0,1,0
40500.0,-0.7789494627498984,0.0,-0.014522405095469749,-1.077914680154293,0,-0.036580386290986006,-0.8102427462111627,-1.1334252924124224,-0.8015849257249965,0,0,1,0
50000.0,-0.49896433868518825,0.0,-0.01451166441269542,-1.077914680154293,0,-0.054714402229849,0.11004421352280759,-1.1334252924124224,-0.4082097375437444,0,0,1,0
119000.0,0.16281868183139941,1.0,-0.014457960998823774,-1.077914680154293,0,0.22092264004086856,0.11004421352280759,1.7487897039120293,0.17671313981439438,0,0,1,0
56900.0,1.435478336670991,0.0,-0.014479442364372434,1.0526713658520723,0,-0.47361017041758424,-0.32036319269464486,0.645607861430407,-0.005745456000475006,1,0,0,0
59900.0,-0.09171324913651892,1.0,-0.014490183047146762,-0.6517974709530199,0,-0.2640327576384391,-0.7092948551838962,1.7487897039120293,-0.33774114206297895,0,0,1,0
34500.0,0.5573431748316728,0.0,-0.01451166441269542,1.0526713658520723,0,-0.5044379975136514,-0.8102427462111627,-0.13969362055378792,-0.8348326533353974,0,0,1,0
45000.0,-0.11716644223331074,0.0,-0.01451166441269542,-0.4387388663523834,0,-0.19978652974075298,-0.32036319269464486,-1.164846784639172,-0.6762865631636473,1,0,0,0
45500.0,-0.8807622351370658,0.0,-0.014522405095469749,-1.077914680154293,0,0.14475977309764396,-0.14125162852066492,-1.1334252924124224,-0.6934664800553231,0,0,1,0
74000.0,-0.6135037076207515,1.0,-0.014490183047146762,-1.2909732847549296,0,0.0281839563478103,-0.24807192448694768,0.12838915571849938,-0.06255448449054674,0,0,1,0
34000.0,0.44280380589610957,0.0,-0.014490183047146762,0.8396127612514358,0,-0.8007996294287838,-1.1381312347207264,1.7487897039120293,-0.5443922507298501,0,0,1,0
61500.0,-0.29533879391085355,0.0,-0.014522405095469749,-0.6517974709530199,0,0.7250482831412599,-0.32036319269464486,-1.1334252924124224,-0.677508791536798,0,0,1,0
42500.0,0.2773580507669626,0.0,-0.014490183047146762,1.6918471796539818,0,-0.6246406174512575,1.2004690324034661,0.12838915571849938,-0.0771632573576179,0,0,1,0
56000.0,-1.3516463074277145,0.0,-0.01451166441269542,-1.504031889355566,0,0.11937215078323578,0.11004421352280759,-1.1334252924124224,-0.6599620002908548,0,0,1,0
42500.0,0.7736953161544033,0.0,-0.014490183047146762,1.9049057842546184,0,-0.6246406174512575,1.2004690324034661,0.12838915571849938,-0.0771632573576179,0,0,1,0
34900.0,0.49371019208969324,1.0,-0.014490183047146762,1.2657299704527087,0,-0.7821474987488105,0.11004421352280759,1.374316969122095,-0.8407229105554005,0,0,1,0
249000.0,-1.2116537453953595,1.0,-0.014468701681598103,-1.2909732847549296,0,2.508226517129455,1.61783723340406,0.12838915571849938,0.8558122807230648,0,0,0,1
180000.0,-0.1553462318784985,1.0,-0.0143935169021778,0.4134955520501627,0,0.12662575715878097,1.61783723340406,1.7487897039120293,0.3760569746667397,1,0,0,0
56000.0,1.130040019509489,1.0,-0.014447220316049445,1.9049057842546184,0,-0.7668866645561049,1.61783723340406,0.12838915571849938,0.8267724449304006,1,0,0,0
38000.0,-0.9571218144274412,0.0,-0.01451166441269542,-1.2909732847549296,0,-0.40288750825601854,-1.100277399583882,-1.164846784639172,-0.8655644301354135,1,0,0,0
65000.0,0.6209761575736524,0.0,-0.014479442364372434,1.2657299704527087,0,-0.326724641312794,0.5199635555482692,1.7487897039120293,0.22122644167615824,1,0,0,0
50000.0,-0.5116909352335841,1.0,-0.014500923729921091,-0.8648560755536564,0,-0.2965012814146889,-0.8194871463930152,1.7487897039120293,-0.4945066806241072,0,0,1,0
100000.0,0.43007720934771365,1.0,-0.014447220316049445,-0.6517974709530199,0,-0.18659815451248912,0.11004421352280759,1.7487897039120293,0.17671313981439438,0,0,1,0
129000.0,0.30281124386375446,1.0,-0.014468701681598103,-0.012621657151110341,0,0.573931483650735,1.61783723340406,1.7487897039120293,2.9642897574202522,1,0,0,0
74500.0,0.16281868183139941,0.0,-0.014479442364372434,0.8396127612514358,0,-0.1544514898935955,1.61783723340406,0.12838915571849938,0.8558122807230648,0,0,1,0
51000.0,-0.3335185835560413,0.0,-0.01451166441269542,-0.8648560755536564,0,-0.02569997672766821,-0.32036319269464486,0.12838915571849938,-0.544682945831541,0,0,1,0
29000.0,0.6082495610252565,0.0,-0.01451166441269542,-0.6517974709530199,0,-0.6640173377756458,-1.1381312347207264,-1.164846784639172,-0.910097051146548,1,0,0,0
98000.0,-0.37169837320122906,0.0,-0.014500923729921091,-1.077914680154293,0,0.864075738672543,-0.14125162852066492,1.7487897039120293,0.4692490690211446,1,0,0,0
49000.0,1.3463921608322196,0.0,-0.014500923729921091,-0.012621657151110341,0,-0.32067996933317294,-0.6773632585629926,-0.9346187243669639,-0.5841160363427136,0,0,1,0
52000.0,1.117313422961093,0.0,-0.01451166441269542,0.8396127612514358,0,0.0033144487745125867,0.7168979404301677,-0.9346187243669639,-0.4247585554475627,0,0,1,0
75900.0,-0.14261963533010258,1.0,-0.014468701681598103,-0.4387388663523834,0,-0.2819940686635985,0.1714235032256855,1.7487897039120293,0.1958946560591678,0,0,1,0
49900.0,2.4281528674458723,1.0,-0.014447220316049445,1.4787885750533454,0,-0.8473357534485153,1.61783723340406,0.12838915571849938,0.8267724449304006,0,0,1,0
34900.0,1.4991113194129706,0.0,-0.01451166441269542,1.0526713658520723,0,-0.49283222731277904,-0.6808932935519518,1.7487897039120293,-0.602167493145275,0,0,1,0
53000.0,0.3409910335089422,0.0,-0.014500923729921091,-1.077914680154293,0,-0.2239652176592369,-0.8102427462111627,0.645607861430407,-0.43724029098518824,1,0,0,0
39000.0,0.3282644369605463,0.0,-0.01451166441269542,-0.6517974709530199,0,-0.3738730827538378,-0.7107256994550611,-1.1334252924124224,-0.7430231774662824,0,0,1,0
90000.0,-0.48623774213679233,1.0,-0.014500923729921091,-1.2909732847549296,0,0.6706462353246709,-0.7107256994550611,-0.9346187243669639,-0.254421432519342,0,0,1,0
105000.0,-0.10443984568491482,1.0,-0.014490183047146762,-0.6517974709530199,0,0.6706462353246709,0.11004421352280759,1.7487897039120293,0.17671313981439438,1,0,0,0
195000.0,-0.6262303041691474,1.0,-0.014457960998823774,-0.6517974709530199,0,1.3234708091237388,1.61783723340406,0.12838915571849938,0.8267724449304006,0,0,0,1
68000.0,1.4609315297677827,1.0,-0.014447220316049445,1.0526713658520723,0,-0.608626161816937,1.61783723340406,0.12838915571849938,0.8558122807230648,0,0,1,0
99000.0,1.0536804402191136,1.0,-0.014500923729921091,-0.22568026175174685,0,0.8882544265910268,1.61783723340406,-0.9346187243669639,0.4451786460753563,1,0,0,0
43500.0,-0.30806539045924947,0.0,-0.01451166441269542,-0.012621657151110341,0,-0.2433081679940242,-0.14125162852066492,-1.1334252924124224,-0.29557960484411366,0,0,1,0
45000.0,-0.12989303878170666,1.0,-0.014490183047146762,-0.6517974709530199,0,-0.5728291433402204,-0.24807192448694768,-1.1334252924124224,-0.5841160363427136,0,0,1,0
44900.0,1.0664070367675094,1.0,-0.014468701681598103,0.6265541566507993,0,-0.7816869523122679,-0.6773632585629926,0.12838915571849938,-0.6158023478212081,0,0,1,0
35000.0,0.6209761575736524,0.0,-0.014490183047146762,1.4787885750533454,0,-0.7800750397843689,-0.6547472531184948,-1.164846784639172,-0.6199086206554122,1,0,0,0
260000.0,-0.2444324077172699,1.0,-0.014318332122757496,0.20043694744952617,0,0.1345101119148083,1.61783723340406,1.7487897039120293,3.313871848620119,0,0,1,0
58000.0,2.326340095058705,1.0,-0.014490183047146762,0.8396127612514358,0,-0.3034094779628272,1.61783723340406,0.12838915571849938,1.1788691035843615,0,0,1,0
335000.0,-0.14261963533010258,1.0,-0.014414998267726459,-0.4387388663523834,0,1.9659330881005992,1.61783723340406,1.7487897039120293,4.345321335145106,1,0,0,0
95000.0,-1.0462079902662127,1.0,-0.014500923729921091,-1.077914680154293,0,0.791539674917091,-0.7107256994550611,1.7487897039120293,0.24995638468184,0,0,1,0
55500.0,-0.04080686294293525,0.0,-0.01451166441269542,-0.8648560755536564,0,0.10486493803214537,-0.14125162852066492,-1.1334252924124224,-0.29557960484411366,0,0,1,0
72500.0,0.36644422660573406,0.0,-0.014490183047146762,0.8396127612514358,0,-0.0029029281188119073,1.61783723340406,0.12838915571849938,1.1788691035843615,0,0,1,0
45000.0,1.1045868264126972,0.0,-0.014468701681598103,1.9049057842546184,0,-0.7800750397843689,1.61783723340406,0.12838915571849938,0.8558122807230648,0,0,1,0
49500.0,0.5955229644768606,1.0,-0.014500923729921091,-0.6517974709530199,0,-0.30859062537393095,-0.7107256994550611,-0.13969362055378792,-0.5403197923352424,0,0,1,0
34000.0,-0.16807282842689442,0.0,-0.014522405095469749,-0.8648560755536564,0,-0.27232259349620497,0.5199635555482692,-1.1334252924124224,-0.7886923051120398,0,0,1,0
59000.0,-0.35897177665283314,0.0,-0.01451166441269542,-0.6517974709530199,0,0.20641542728977816,0.11004421352280759,-1.1334252924124224,-0.4082097375437444,0,0,1,0
90000.0,-0.35897177665283314,1.0,-0.014457960998823774,-0.8648560755536564,0,-0.19978652974075298,-0.7092948551838962,1.7487897039120293,-0.17598529481347577,0,0,1,0
139000.0,-0.2698856008140617,1.0,-0.014468701681598103,-0.6517974709530199,0,0.7351227364406283,0.7168979404301677,1.7487897039120293,1.3936479948991085,0,0,1,0
69000.0,1.422751740122595,0.0,-0.014447220316049445,0.4134955520501627,0,-0.5954377865886729,0.11004421352280759,1.7487897039120293,0.17671313981439438,1,0,0,0
28500.0,1.0409538436707175,0.0,-0.01451166441269542,0.4134955520501627,0,-0.6785245505267361,-0.6808932935519518,-1.1334252924124224,-0.9543394275990159,0,0,1,0
54000.0,-0.7153164800079188,1.0,-0.014522405095469749,-1.2909732847549296,0,0.45303804405831494,0.11004421352280759,-1.1334252924124224,-0.6599620002908548,0,0,1,0
85000.0,0.12463889218621166,0.0,-0.014490183047146762,-0.012621657151110341,0,0.25615444243637386,0.11004421352280759,1.7487897039120293,0.17671313981439438,1,0,0,0
210000.0,-0.43533135594320865,1.0,-0.014404257584952129,-0.22568026175174685,0,0.5255741078137669,1.2004690324034661,1.7487897039120293,1.128586419998969,0,0,1,0
63500.0,0.5700697713800688,1.0,-0.014500923729921091,-0.8648560755536564,0,0.02991100548484507,-0.32372425172264196,1.7487897039120293,-0.06642182508953866,0,0,1,0
270000.0,0.30281124386375446,1.0,-0.014307591439983168,-0.22568026175174685,0,0.12662575715878097,2.6714025272308954,1.7487897039120293,2.739345221315201,0,0,1,0
59500.0,0.4555304024445055,1.0,-0.014468701681598103,-0.4387388663523834,0,-0.5463477232390236,0.1714235032256855,1.7487897039120293,-0.34888643268514175,0,0,1,0
49500.0,2.0972613571875787,0.0,-0.014490183047146762,1.4787885750533454,0,-0.4795684899403535,-0.32036319269464486,0.645607861430407,-0.005745456000475006,1,0,0,0
54000.0,-0.8171292523950862,1.0,-0.01451166441269542,-1.2909732847549296,0,0.06134329977887418,0.11004421352280759,-1.1334252924124224,-0.6599620002908548,0,0,1,0
53900.0,0.16281868183139941,0.0,-0.01451166441269542,-0.8648560755536564,0,0.0584418572286561,0.11004421352280759,-1.1334252924124224,-0.4082097375437444,0,0,1,0
48000.0,-0.3971515662980209,0.0,-0.01451166441269542,-1.2909732847549296,0,-0.1127432532342106,-0.9345511308118133,-1.164846784639172,-0.5894052691686016,1,0,0,0
35000.0,-0.4607845490400005,0.0,-0.014500923729921091,1.9049057842546184,0,-0.6591816001919489,-0.8102427462111627,0.12838915571849938,-1.0115403699354903,1,0,0,0
55000.0,0.2773580507669626,1.0,-0.014479442364372434,-0.012621657151110341,0,-0.5080648007014239,-0.07526237887860447,0.12838915571849938,-0.19803040055061802,0,0,1,0
94900.0,0.2646314542185667,1.0,-0.014457960998823774,0.6265541566507993,0,-0.12870118726041005,1.61783723340406,0.12838915571849938,0.8558122807230648,0,0,1,0
285000.0,-1.2371069384921514,1.0,-0.014436479633275117,-1.2909732847549296,0,1.9400273510450807,1.61783723340406,0.12838915571849938,0.8267724449304006,0,0,0,1
46500.0,0.6464293506704443,0.0,-0.014468701681598103,0.8396127612514358,0,-0.7558963518658849,-0.8102427462111627,1.7487897039120293,-0.43724029098518824,0,0,1,0
39500.0,0.30281124386375446,0.0,-0.014490183047146762,0.4134955520501627,0,-0.686814386384502,-0.7257150424069697,-0.9346187243669639,-0.6749542430781704,0,0,1,0
42000.0,0.36644422660573406,0.0,-0.014522405095469749,-0.6517974709530199,0,0.017821661525602984,-0.07526237887860447,-1.1334252924124224,-0.5744530777639784,0,0,1,0
24000.0,2.326340095058705,0.0,-0.014500923729921091,2.117964388855255,0,-0.9251471672952729,-0.6547472531184948,-0.9346187243669639,-0.829456299716328,0,0,1,0
99000.0,0.30281124386375446,1.0,-0.014307591439983168,0.8396127612514358,0,-0.9070131513564099,1.61783723340406,0.12838915571849938,1.1788691035843615,0,0,1,0
35900.0,0.21372506802498306,0.0,-0.014490183047146762,1.4787885750533454,0,-0.7614229091043956,-1.1381312347207264,1.7487897039120293,-0.5443922507298501,0,0,1,0
90000.0,-0.2571590042656658,0.0,-0.014479442364372434,-0.4387388663523834,0,0.12662575715878097,-0.32036319269464486,-0.9346187243669639,0.3028550113639118,0,0,1,0
37900.0,-0.02808026639453933,0.0,-0.01451166441269542,-0.012621657151110341,0,-0.40578895080623667,-0.8102427462111627,1.7487897039120293,-0.44241729846874356,0,0,1,0
188000.0,-0.19352602152368623,1.0,-0.014468701681598103,-0.8648560755536564,0,1.5249598751111058,1.61783723340406,0.12838915571849938,0.8558122807230648,0,0,0,1
39900.0,0.08645910254102392,0.0,-0.01451166441269542,-0.8648560755536564,0,-0.34776009980187506,-0.9345511308118133,-1.1334252924124224,-0.7674136132819462,0,0,1,0
56500.0,-0.2444324077172699,0.0,-0.01451166441269542,-0.6517974709530199,0,0.13387936353432617,-0.14125162852066492,-1.1334252924124224,-0.29557960484411366,0,0,1,0
129000.0,0.12463889218621166,1.0,-0.014468701681598103,-0.4387388663523834,0,0.573931483650735,1.61783723340406,0.12838915571849938,0.8558122807230648,0,0,1,0
97000.0,-0.02808026639453933,1.0,-0.014490183047146762,-0.4387388663523834,0,0.5048495181693521,-0.14125162852066492,1.7487897039120293,0.4692490690211446,1,0,0,0
44500.0,-0.21897921462047806,0.0,-0.01451166441269542,-0.6517974709530199,0,-0.21429374249184338,-0.14125162852066492,-1.1334252924124224,-0.6934664800553231,0,0,1,0
55000.0,-1.0207547971694209,1.0,-0.014500923729921091,-0.8648560755536564,0,-0.17560784182226907,-0.8194871463930152,1.7487897039120293,-0.4945066806241072,0,0,1,0
33500.0,0.36644422660573406,0.0,-0.01451166441269542,0.20043694744952617,0,-0.5334524230158322,-0.958293484507613,-1.1334252924124224,-0.8081862516258597,0,0,1,0
73000.0,-0.09171324913651892,1.0,-0.014500923729921091,-0.4387388663523834,0,0.25960854071044287,-0.32036319269464486,-0.9346187243669639,-0.27162723695701885,0,0,1,0
46000.0,-0.43533135594320865,0.0,-0.01451166441269542,-0.8648560755536564,0,-0.1707721042385722,-0.14125162852066492,-1.1334252924124224,-0.6934664800553231,0,0,1,0
129000.0,-0.5753239179755637,1.0,-0.014490183047146762,-0.6517974709530199,0,1.1680363867906272,1.61783723340406,-0.9346187243669639,0.4451786460753563,0,0,1,0
73500.0,0.9645942643803421,0.0,-0.014500923729921091,0.20043694744952617,0,0.271697884669685,-0.8102427462111627,1.7487897039120293,-0.1688273628391848,1,0,0,0
43000.0,-1.0334813937178167,0.0,-0.014522405095469749,-0.8648560755536564,0,0.05408969340332898,-0.8102427462111627,-1.1334252924124224,-0.8015849257249965,0,0,1,0
205000.0,-0.982575007524233,1.0,-0.014490183047146762,-0.6517974709530199,0,2.7431051997661564,2.6714025272308954,1.7487897039120293,0.9420616080322042,0,0,0,1
205000.0,-0.982575007524233,1.0,-0.014490183047146762,-0.6517974709530199,0,2.7431051997661564,2.6714025272308954,1.7487897039120293,0.9420616080322042,0,0,0,1
45000.0,0.8882346850899666,1.0,-0.014382776219403471,1.4787885750533454,0,-1.1214212221629665,1.5274482590375342,0.12838915571849938,-0.6286736506352889,0,0,1,0
46000.0,-1.0080282006210248,1.0,-0.014522405095469749,-1.2909732847549296,0,0.16289378903650698,-0.7107256994550611,-1.1334252924124224,-0.788213532922619,0,0,1,0
39500.0,-0.5498707248787719,0.0,-0.014500923729921091,-0.22568026175174685,0,-0.550377504558771,0.1714235032256855,1.7487897039120293,-0.7366616996686791,0,0,1,0
65500.0,1.5754708987033461,1.0,-0.014339813488306156,2.117964388855255,0,-1.0529488034358312,2.413559718457235,1.7487897039120293,1.0656601476446517,0,0,1,0
21900.0,-0.1553462318784985,0.0,-0.014522405095469749,0.20043694744952617,0,-0.7111657792166896,-0.8194871463930152,-1.1334252924124224,-1.057680718158848,0,0,1,0
46000.0,0.35371763005733814,1.0,-0.014490183047146762,-0.012621657151110341,0,-0.5521045536958055,-0.7092948551838962,-0.9346187243669639,-0.7386518926384681,0,0,1,0
39500.0,-0.8553090420402739,0.0,-0.014522405095469749,-0.8648560755536564,0,-0.072848418168712,-0.8102427462111627,-1.1334252924124224,-0.8015849257249965,0,0,1,0
85000.0,0.09918569908941983,0.0,-0.014490183047146762,-0.012621657151110341,0,0.25615444243637386,1.2004690324034661,-0.9346187243669639,-0.026885704658305653,0,0,1,0
72000.0,1.9318156020584316,1.0,-0.014457960998823774,1.0526713658520723,0,-0.46091635926038016,0.7168979404301677,1.7487897039120293,0.5762839065925054,1,0,0,0
80000.0,-0.28261219736245763,0.0,-0.014500923729921091,-0.6517974709530199,0,0.428859356139831,-0.32036319269464486,-0.9346187243669639,0.3028550113639118,0,0,1,0
85000.0,0.9518676678319462,1.0,-0.014457960998823774,0.4134955520501627,0,-0.27232259349620497,0.11004421352280759,1.7487897039120293,0.17671313981439438,1,0,0,0
69000.0,0.11191229563781574,0.0,-0.014500923729921091,-0.4387388663523834,0,0.16289378903650698,-0.32372425172264196,-0.9346187243669639,-0.31092699726734396,0,0,1,0
82000.0,0.3918974197025259,1.0,-0.014479442364372434,0.8396127612514358,0,-0.01844637035212301,1.61783723340406,0.12838915571849938,0.8558122807230648,0,0,1,0
89900.0,0.824601702347987,1.0,-0.014468701681598103,0.20043694744952617,0,-0.05632631475774797,0.5199635555482692,1.7487897039120293,0.22122644167615824,0,0,1,0
90000.0,0.531889981734881,1.0,-0.014404257584952129,0.4134955520501627,0,-0.635002912273465,0.7168979404301677,1.7487897039120293,0.5762839065925054,0,0,1,0
75000.0,-0.8680356385886698,0.0,-0.014479442364372434,-0.8648560755536564,0,-0.145384481924164,-1.100277399583882,-1.164846784639172,-0.5010514108685551,1,0,0,0
78000.0,1.3591187573806156,1.0,-0.014468701681598103,0.6265541566507993,0,-0.24814390557772106,1.61783723340406,0.12838915571849938,0.8558122807230648,0,0,1,0
84900.0,-0.5880505145239596,1.0,-0.014479442364372434,-0.22568026175174685,0,0.034142275870579684,0.11004421352280759,1.7487897039120293,0.17671313981439438,0,0,1,0
47500.0,0.18827187492819125,0.0,-0.014500923729921091,-0.4387388663523834,0,-0.3569480012108989,0.11004421352280759,0.12838915571849938,-0.5854784310219329,0,0,1,0
140000.0,-0.7916760592982943,1.0,-0.014490183047146762,-0.4387388663523834,0,1.3960068728791908,1.61783723340406,0.12838915571849938,1.1788691035843615,0,0,1,0
71500.0,0.010099523250648416,1.0,-0.014500923729921091,-0.4387388663523834,0,0.22334050883271686,-0.32036319269464486,-0.9346187243669639,-0.27162723695701885,0,0,1,0
32000.0,-0.10443984568491482,0.0,-0.01451166441269542,-0.012621657151110341,0,-0.5769740612691033,-1.3420330208418312,1.7487897039120293,-0.91693926912938,0,0,1,0
59000.0,1.9827219882520153,1.0,-0.0143935169021778,1.6918471796539818,0,-0.9704822071424304,0.7168979404301677,1.7487897039120293,0.9292993840555308,1,0,0,0
70000.0,-0.6389569007175433,1.0,-0.014490183047146762,-0.8648560755536564,0,-0.054714402229849,-0.24807192448694768,1.7487897039120293,-0.318855491726885,0,0,1,0
98000.0,0.6464293506704443,0.0,-0.014447220316049445,1.6918471796539818,0,-0.21297490496901686,-0.1174694926053072,1.7487897039120293,0.6344592865431533,1,0,0,0
88000.0,0.06100590944423208,1.0,-0.014479442364372434,-0.6517974709530199,0,0.09035772528105497,0.11004421352280759,1.7487897039120293,0.17671313981439438,0,0,1,0
54900.0,-0.14261963533010258,0.0,-0.014500923729921091,0.20043694744952617,0,-0.1780257106141174,0.7168979404301677,-1.1334252924124224,-0.2897875185777773,0,0,1,0
155000.0,-0.30806539045924947,1.0,-0.014490183047146762,-0.8648560755536564,0,1.7068757175454135,1.61783723340406,1.7487897039120293,1.240064991829398,0,0,1,0
54000.0,1.8300028296712643,1.0,-0.014221665977788536,2.117964388855255,0,-1.2606264621642385,2.6714025272308954,1.7487897039120293,2.739345221315201,0,0,1,0
69900.0,0.4555304024445055,0.0,-0.014500923729921091,-0.6517974709530199,0,0.18465460816314255,-0.6547472531184948,0.12838915571849938,-0.13978230137503173,1,0,0,0
63000.0,-0.23170581116887398,1.0,-0.01451166441269542,-0.6517974709530199,0,0.32247312929850136,-0.14125162852066492,-1.1334252924124224,-0.29557960484411366,0,0,1,0
159000.0,-0.9443952178790452,1.0,-0.014436479633275117,-0.4387388663523834,0,0.41677001218058896,0.7168979404301677,1.7487897039120293,1.8157830956659973,0,1,0,0
55000.0,-0.14261963533010258,0.0,-0.014500923729921091,-0.6517974709530199,0,-0.17560784182226907,-0.958293484507613,-0.9346187243669639,-0.7343992367672523,0,0,1,0
120000.0,-0.6516834972659392,1.0,-0.014479442364372434,-1.077914680154293,0,0.6706462353246709,-0.32036319269464486,-0.9346187243669639,0.3028550113639118,0,0,1,0
350000.0,-0.7025898834595229,1.0,-0.014479442364372434,-0.8648560755536564,0,4.84146990126316,1.61783723340406,0.12838915571849938,4.967070708367655,0,1,0,0
48000.0,2.4154262708974765,1.0,-0.014468701681598103,0.8396127612514358,0,-0.731717663947401,-0.6773632585629926,1.7487897039120293,-0.3537977852528681,0,0,1,0
48000.0,0.990047457477134,0.0,-0.014490183047146762,-0.012621657151110341,0,-0.5106553744069758,-0.6696563497873814,1.7487897039120293,-0.42529043165010694,0,0,1,0
79000.0,0.3409910335089422,0.0,-0.014490183047146762,-0.6517974709530199,0,0.13180690456988475,-0.8102427462111627,-1.164846784639172,-0.5265758588219019,1,0,0,0
170000.0,-0.6516834972659392,1.0,-0.014436479633275117,-0.22568026175174685,0,0.5497527957322509,0.7168979404301677,1.7487897039120293,1.7274292373659508,0,1,0,0
80000.0,-0.5116909352335841,1.0,-0.014468701681598103,-0.8648560755536564,0,-0.21590565501974235,0.1714235032256855,1.7487897039120293,0.068732804213078,0,0,1,0
155000.0,-0.6516834972659392,1.0,-0.014479442364372434,-0.4387388663523834,0,1.3053367931848758,1.61783723340406,0.12838915571849938,0.8558122807230648,0,0,1,0
70000.0,-0.015353669846143416,0.0,-0.014479442364372434,-0.4387388663523834,0,-0.236054561618479,1.4293979033596458,1.7487897039120293,-0.018891784145444346,0,0,1,0
31500.0,0.08645910254102392,0.0,-0.01451166441269542,0.20043694744952617,0,-0.5914812740201938,-0.8102427462111627,-1.1334252924124224,-0.8015849257249965,0,0,1,0
139000.0,-1.0589345868146085,1.0,-0.014479442364372434,-1.2909732847549296,0,1.0151925381630678,0.1714235032256855,1.7487897039120293,0.1958946560591678,0,0,0,1
43000.0,-0.16807282842689442,0.0,-0.014522405095469749,-0.22568026175174685,0,0.05408969340332898,-0.32036319269464486,-1.1334252924124224,-0.677508791536798,0,0,1,0
37000.0,1.2191261953482604,0.0,-0.01451166441269542,0.20043694744952617,0,-0.43190193375819935,-0.32036319269464486,-1.164846784639172,-0.6762865631636473,1,0,0,0
49500.0,1.3591187573806156,1.0,-0.014490183047146762,-0.012621657151110341,0,-0.4795684899403535,-0.9345511308118133,1.7487897039120293,-0.06772482138366047,0,0,1,0
57500.0,1.4991113194129706,0.0,-0.014457960998823774,2.117964388855255,0,-0.6712709441511909,1.2004690324034661,0.12838915571849938,1.1296197984586185,1,0,0,0
136500.0,-0.8553090420402739,1.0,-0.014457960998823774,-1.077914680154293,0,0.4747988631849505,0.11004421352280759,1.7487897039120293,0.17671313981439438,0,0,1,0
185000.0,-1.2371069384921514,1.0,-0.014479442364372434,-1.077914680154293,0,1.8493572713507658,1.61783723340406,1.7487897039120293,2.0219420983661056,0,1,0,0
148000.0,0.022826119799044333,1.0,-0.014468701681598103,-0.012621657151110341,0,0.8801948639515323,1.5274482590375342,0.12838915571849938,0.7391749704543197,1,0,0,0
64000.0,1.448204933219387,1.0,-0.014468701681598103,1.0526713658520723,0,-0.47381165948357157,-0.32036319269464486,1.7487897039120293,0.27267559763416027,1,0,0,0
79000.0,-0.6389569007175433,1.0,-0.014500923729921091,-0.6517974709530199,0,0.40468066822134685,0.11004421352280759,1.7487897039120293,-0.08452607888262177,0,0,0,1
110000.0,-0.2444324077172699,1.0,-0.014490183047146762,-0.012621657151110341,0,0.7742691835467451,1.61783723340406,0.12838915571849938,0.8558122807230648,1,0,0,0
130000.0,0.5700697713800688,1.0,-0.014350554171080485,1.0526713658520723,0,-0.562466848518013,2.413559718457235,0.12838915571849938,1.8234186142845195,0,0,1,0
43000.0,-0.21897921462047806,0.0,-0.01451166441269542,-0.6517974709530199,0,-0.25781538074511456,-0.9345511308118133,-1.1334252924124224,-0.7674136132819462,0,0,1,0
107000.0,-0.10443984568491482,1.0,-0.014500923729921091,0.4134955520501627,0,1.0816839299388987,1.61783723340406,0.12838915571849938,0.8558122807230648,1,0,0,0
59000.0,-0.3335185835560413,0.0,-0.01451166441269542,-0.4387388663523834,0,0.20641542728977816,0.11004421352280759,-1.1334252924124224,-0.4082097375437444,0,0,1,0
29500.0,1.1936730022514686,1.0,-0.014457960998823774,1.6918471796539818,0,-1.0774729011817221,-0.9345511308118133,1.7487897039120293,-0.6728505797853122,1,0,0,0
43500.0,2.300886901961913,0.0,-0.01451166441269542,1.4787885750533454,0,-0.2433081679940242,-0.32036319269464486,0.12838915571849938,-0.21518594876585154,1,0,0,0
297000.0,-0.4607845490400005,1.0,-0.014049815053399271,0.4134955520501627,0,-0.6078018883651705,1.2004690324034661,1.7487897039120293,1.3936479948991085,0,0,1,0
115000.0,0.49371019208969324,1.0,-0.014500923729921091,-0.22568026175174685,0,1.275113433286771,1.61783723340406,-0.9346187243669639,0.4451786460753563,1,0,0,0
94000.0,0.17554527837979533,0.0,-0.014500923729921091,-0.012621657151110341,0,0.7673609869986068,-0.32036319269464486,1.7487897039120293,0.27267559763416027,1,0,0,0
54000.0,0.35371763005733814,1.0,-0.014468701681598103,0.8396127612514358,0,-0.635002912273465,-0.6773632585629926,1.7487897039120293,-0.3537977852528681,0,0,1,0
78000.0,-0.015353669846143416,0.0,-0.014500923729921091,-0.4387388663523834,0,0.3805019803028629,-0.32036319269464486,-0.9346187243669639,0.3028550113639118,0,0,1,0
90000.0,-0.3207919870076454,1.0,-0.014490183047146762,-0.22568026175174685,0,0.35977739065844805,0.11004421352280759,1.7487897039120293,0.17671313981439438,1,0,0,0
35900.0,0.8373282988963829,0.0,-0.014522405095469749,-0.012621657151110341,0,-0.2034133329285256,-0.6547472531184948,-1.1334252924124224,-0.8428143786987349,0,0,1,0
57000.0,1.8045496365744724,0.0,-0.014468701681598103,0.8396127612514358,0,-0.586645536436497,-0.6773632585629926,0.645607861430407,-0.33729735160478563,1,0,0,0
69500.0,-0.6262303041691474,1.0,-0.014500923729921091,-0.8648560755536564,0,0.17498313299574905,-0.6808932935519518,1.7487897039120293,-0.602167493145275,0,0,1,0
51500.0,0.44280380589610957,0.0,-0.014490183047146762,-0.22568026175174685,0,-0.4381193106515239,-0.6696563497873814,1.7487897039120293,-0.42529043165010694,0,0,1,0
130000.0,0.36644422660573406,0.0,-0.014339813488306156,0.6265541566507993,0,-0.6073701260809118,-0.9936213437697933,1.374316969122095,1.2817331077190495,0,0,1,0
49500.0,-0.8553090420402739,0.0,-0.014522405095469749,0.20043694744952617,0,0.28983190060854797,-1.100277399583882,-1.1334252924124224,-0.7007311306266601,0,0,1,0
63000.0,0.13736548873460758,1.0,-0.014500923729921091,-0.22568026175174685,0,0.017821661525602984,-0.32036319269464486,-0.9346187243669639,-0.27162723695701885,0,0,1,0
44000.0,0.21372506802498306,0.0,-0.014490183047146762,-0.22568026175174685,0,-0.5935537329846353,-0.9345511308118133,0.12838915571849938,-0.5599539830685861,0,0,1,0
69900.0,-0.7789494627498984,0.0,-0.014500923729921091,-1.077914680154293,0,0.18465460816314255,-0.14125162852066492,0.12838915571849938,-0.5310636738466661,0,0,1,0
110000.0,-1.0716611833630045,1.0,-0.014479442364372434,-0.8648560755536564,0,0.4893060759360409,0.1714235032256855,1.7487897039120293,0.1958946560591678,0,0,1,0
54000.0,1.448204933219387,1.0,-0.014500923729921091,1.0526713658520723,0,-0.19978652974075298,1.61783723340406,-0.9346187243669639,0.4451786460753563,0,0,1,0
61000.0,-0.7534962696531066,0.0,-0.01451166441269542,-1.077914680154293,0,0.26444427829413975,-1.100277399583882,-1.164846784639172,-0.8655644301354135,1,0,0,0
190000.0,-0.3971515662980209,0.0,-0.014447220316049445,0.8396127612514358,0,1.0003556160312708,0.5199635555482692,1.7487897039120293,2.0317591937327775,0,0,1,0
69000.0,-0.19352602152368623,0.0,-0.014500923729921091,-0.6517974709530199,0,0.16289378903650698,0.11004421352280759,1.7487897039120293,-0.08452607888262177,0,0,0,1
42000.0,0.6591559472188401,1.0,-0.014479442364372434,0.20043694744952617,0,-0.7438070079066429,-0.14125162852066492,-0.9346187243669639,-0.746478795035351,0,0,1,0
139000.0,1.1936730022514686,1.0,-0.014457960998823774,0.4134955520501627,0,0.5110668950626766,1.5274482590375342,1.7487897039120293,1.0795009431656097,1,0,0,0
89000.0,0.4809835955412973,1.0,-0.014479442364372434,0.20043694744952617,0,0.10849174121991798,2.6714025272308954,1.7487897039120293,0.9420616080322042,1,0,0,0
39900.0,-0.18079942497529033,0.0,-0.014468701681598103,1.4787885750533454,0,-0.8622825787072146,-0.8102427462111627,1.374316969122095,-0.7288080233753417,0,0,1,0
145000.0,-0.8807622351370658,1.0,-0.014479442364372434,-1.077914680154293,0,1.123996633796246,1.4293979033596458,1.7487897039120293,0.2500654635192476,0,0,1,0
49500.0,0.671882543767236,1.0,-0.014490183047146762,-0.012621657151110341,0,-0.4795684899403535,-0.24807192448694768,1.7487897039120293,-0.318855491726885,0,0,1,0
119000.0,0.6082495610252565,1.0,-0.014447220316049445,0.4134955520501627,0,0.06398097482452696,2.6714025272308954,1.7487897039120293,0.9420616080322042,1,0,0,0
65000.0,0.9518676678319462,1.0,-0.014479442364372434,-0.012621657151110341,0,-0.326724641312794,0.11004421352280759,1.7487897039120293,0.17671313981439438,0,0,1,0
155000.0,0.5827963679284647,1.0,-0.014479442364372434,-0.22568026175174685,0,1.3053367931848758,1.61783723340406,0.645607861430407,1.3347454226990774,1,0,0,0
53900.0,0.5191633851864851,0.0,-0.014479442364372434,1.4787885750533454,0,-0.5280122182341732,1.4293979033596458,1.7487897039120293,0.2500654635192476,1,0,0,0
82000.0,1.130040019509489,0.0,-0.01451166441269542,-0.4387388663523834,0,0.8737472138399365,-0.8102427462111627,-0.13969362055378792,-0.0592821193683227,1,0,0,0
59500.0,-1.0207547971694209,0.0,-0.01451166441269542,-0.8648560755536564,0,0.22092264004086856,-1.100277399583882,0.12838915571849938,-0.34888643268514175,0,0,1,0
64000.0,0.21372506802498306,0.0,-0.014490183047146762,-0.8648560755536564,0,-0.1790619400963381,-0.6547472531184948,-1.164846784639172,-0.09200577059056224,1,0,0,0
85000.0,-0.2698856008140617,1.0,-0.014479442364372434,-0.22568026175174685,0,0.035955677464465985,0.11004421352280759,1.7487897039120293,0.17671313981439438,0,0,1,0
65000.0,0.35371763005733814,1.0,-0.014500923729921091,-0.012621657151110341,0,0.06617903736257107,-0.32036319269464486,-0.9346187243669639,-0.27162723695701885,0,0,1,0
54000.0,1.2191261953482604,1.0,-0.014468701681598103,0.20043694744952617,0,-0.635002912273465,-0.24807192448694768,1.7487897039120293,-0.37997390134626924,0,0,1,0
92500.0,1.5754708987033461,0.0,-0.014490183047146762,1.0526713658520723,0,0.41158886476948514,-0.7092948551838962,0.645607861430407,0.36808876559412446,1,0,0,0
89000.0,1.0664070367675094,1.0,-0.014479442364372434,-0.6517974709530199,0,0.10849174121991798,-0.32036319269464486,0.12838915571849938,-0.21518594876585154,0,0,1,0
42000.0,1.2445793884450522,1.0,-0.014447220316049445,1.9049057842546184,0,-0.9515239177518009,0.7168979404301677,0.12838915571849938,-0.16727016840171285,0,0,1,0
73000.0,0.9136878781867585,1.0,-0.014457960998823774,0.8396127612514358,0,-0.44640914650928976,1.2004690324034661,1.374316969122095,0.24995638468184,0,0,1,0
69900.0,0.6591559472188401,0.0,-0.014479442364372434,0.8396127612514358,0,-0.23786796321236528,1.61783723340406,0.12838915571849938,0.8558122807230648,0,0,1,0
94000.0,0.7355155265092156,1.0,-0.014479442364372434,0.20043694744952617,0,0.19916182091423296,1.61783723340406,0.12838915571849938,0.8558122807230648,0,0,1,0
72000.0,0.073732505992628,0.0,-0.014490183047146762,-0.012621657151110341,0,-0.013265222941019221,1.2004690324034661,-0.9346187243669639,-0.026885704658305653,0,0,1,0
79500.0,-0.20625261807208214,1.0,-0.014500923729921091,-1.077914680154293,0,0.41677001218058896,-0.32372425172264196,1.7487897039120293,-0.06642182508953866,0,0,1,0
55000.0,-0.6262303041691474,1.0,-0.014500923729921091,-0.6517974709530199,0,-0.17560784182226907,-0.5342239031937968,1.7487897039120293,-0.569771078435258,0,0,1,0
61000.0,0.8755080885415707,1.0,-0.014500923729921091,-0.22568026175174685,0,-0.030535714311365095,-0.32036319269464486,-0.9346187243669639,-0.27162723695701885,0,0,1,0
31500.0,1.5245645125097624,0.0,-0.014500923729921091,1.2657299704527087,0,-0.7438070079066429,-0.6547472531184948,0.12838915571849938,-0.8445406698646618,1,0,0,0
145000.0,-0.384424969749625,1.0,-0.014404257584952129,0.20043694744952617,0,-0.10307177806681708,1.61783723340406,0.12838915571849938,0.8558122807230648,0,0,1,0
87000.0,2.059081567542391,1.0,-0.014457960998823774,0.20043694744952617,0,-0.2433081679940242,0.11004421352280759,1.7487897039120293,0.17671313981439438,1,0,0,0
48500.0,1.995448584800411,1.0,-0.014500923729921091,1.0526713658520723,0,-0.332769313292415,-0.6547472531184948,-1.1334252924124224,-0.746478795035351,1,0,0,0
50000.0,0.3282644369605463,1.0,-0.014490183047146762,-0.012621657151110341,0,-0.46920619511814604,-0.7092948551838962,-0.9346187243669639,-0.7386518926384681,0,0,1,0
64000.0,0.5573431748316728,1.0,-0.014479442364372434,-0.22568026175174685,0,-0.344858657251657,1.4293979033596458,1.7487897039120293,-0.018891784145444346,0,0,1,0
42000.0,1.9699953917036193,0.0,-0.01451166441269542,-0.6517974709530199,0,-0.28682980624729537,-0.8102427462111627,-1.164846784639172,-0.6547550895783869,1,0,0,0
129900.0,1.6518304779937216,1.0,-0.014339813488306156,1.2657299704527087,0,-0.6080609457357257,2.413559718457235,1.7487897039120293,1.0656601476446517,0,0,1,0
36000.0,0.5573431748316728,0.0,-0.014490183047146762,-0.012621657151110341,0,-0.7593504501399541,-0.9936213437697933,0.12838915571849938,-0.8525034249954067,0,0,1,0
44000.0,-0.4735111455883964,0.0,-0.014522405095469749,-0.22568026175174685,0,0.09035772528105497,-0.6547472531184948,-1.1334252924124224,-0.8428143786987349,0,0,1,0
185000.0,-0.4607845490400005,0.0,-0.014457960998823774,0.6265541566507993,0,1.178398681612835,2.6714025272308954,1.7487897039120293,3.1018225887000073,1,0,0,0
59000.0,1.5754708987033461,0.0,-0.014414998267726459,0.8396127612514358,0,-0.8940602828286506,0.7168979404301677,1.7487897039120293,0.5762839065925054,0,0,1,0
155000.0,-0.20625261807208214,1.0,-0.014339813488306156,1.2657299704527087,0,-0.4346652123774547,2.413559718457235,1.7487897039120293,1.0656601476446517,0,0,1,0
79000.0,1.3209389677354277,1.0,-0.014457960998823774,0.8396127612514358,0,-0.3593658700027474,1.61783723340406,0.12838915571849938,0.8267724449304006,0,0,1,0
92000.0,0.8500548954447789,1.0,-0.014479442364372434,-0.22568026175174685,0,0.16289378903650698,0.11004421352280759,1.7487897039120293,0.17671313981439438,1,0,0,0
195000.0,-1.0716611833630045,1.0,-0.014479442364372434,-0.8648560755536564,0,2.0306974307393957,-0.6808932935519518,0.645607861430407,0.05459618688507055,1,0,0,0
38000.0,0.990047457477134,0.0,-0.01451166441269542,0.20043694744952617,0,-0.40288750825601854,-0.8102427462111627,-1.1334252924124224,-0.599331507536703,0,0,1,0
320000.0,-0.11716644223331074,1.0,-0.014436479633275117,-0.4387388663523834,0,2.363154389618551,2.6714025272308954,1.7487897039120293,3.1018225887000073,1,0,0,0
84900.0,-0.14261963533010258,1.0,-0.014479442364372434,-0.4387388663523834,0,0.034142275870579684,0.11004421352280759,1.7487897039120293,0.17671313981439438,0,0,1,0
108000.0,0.22645166457337898,0.0,-0.014479442364372434,-0.012621657151110341,0,0.45303804405831494,-0.32036319269464486,1.7487897039120293,0.27267559763416027,1,0,0,0
37000.0,0.531889981734881,0.0,-0.01451166441269542,0.4134955520501627,0,-0.43190193375819935,-0.6547472531184948,-0.9346187243669639,-0.7548560497482442,0,0,1,0
45000.0,1.117313422961093,1.0,-0.014425738950500788,1.9049057842546184,0,-1.0032629282626828,0.7168979404301677,1.7487897039120293,0.5762839065925054,0,0,1,0
160000.0,0.7355155265092156,1.0,-0.0143935169021778,0.4134955520501627,0,-0.054714402229849,2.6714025272308954,1.7487897039120293,2.739345221315201,1,0,0,0
41500.0,0.36644422660573406,1.0,-0.014490183047146762,0.6265541566507993,0,-0.6453652070956724,-0.07526237887860447,0.12838915571849938,-0.19803040055061802,0,0,1,0
209000.0,-0.8298558489434821,1.0,-0.014468701681598103,-1.077914680154293,0,1.8634615059698816,1.61783723340406,0.12838915571849938,0.8558122807230648,0,0,0,1
79000.0,0.04827931289583617,1.0,-0.014457960998823774,-0.6517974709530199,0,-0.3593658700027474,-0.24807192448694768,1.7487897039120293,0.08879240241231086,0,0,1,0
85000.0,-0.30806539045924947,1.0,-0.014468701681598103,-0.012621657151110341,0,-0.13531002862479555,-0.6773632585629926,1.7487897039120293,0.08797431113175477,0,0,1,0
105000.0,0.08645910254102392,1.0,-0.014490183047146762,-0.6517974709530199,0,0.6706462353246709,-0.14125162852066492,1.7487897039120293,0.4692490690211446,0,0,0,1
34000.0,1.0664070367675094,1.0,-0.014404257584952129,1.2657299704527087,0,-1.1766055216475066,-0.6773632585629926,1.7487897039120293,-0.8446497487020692,0,0,1,0
32000.0,1.155493212606281,1.0,-0.014522405095469749,-0.012621657151110341,0,-0.344858657251657,-0.1174694926053072,0.12838915571849938,-0.8839181301687565,0,0,1,0
80000.0,0.073732505992628,1.0,-0.014479442364372434,-0.4387388663523834,0,-0.054714402229849,0.11004421352280759,1.7487897039120293,0.17671313981439438,0,0,1,0
110000.0,-1.135294166104984,1.0,-0.014468701681598103,-0.8648560755536564,0,0.2676681033499377,0.11004421352280759,1.7487897039120293,0.38248717213190975,0,0,1,0
45000.0,-0.43533135594320865,0.0,-0.01451166441269542,-0.6517974709530199,0,-0.19978652974075298,-0.958293484507613,-1.164846784639172,-0.6286736506352889,1,0,0,0
98000.0,-0.29533879391085355,1.0,-0.014447220316049445,-0.4387388663523834,0,-0.21297490496901686,0.11004421352280759,1.7487897039120293,0.17671313981439438,0,0,1,0
74000.0,0.30281124386375446,1.0,-0.014468701681598103,-0.6517974709530199,0,-0.31262040669367824,0.1714235032256855,1.7487897039120293,0.1958946560591678,0,0,1,0
76900.0,-1.0843877799114003,1.0,-0.01451166441269542,-1.077914680154293,0,0.7257736437788144,-0.14125162852066492,-1.1334252924124224,-0.29557960484411366,0,0,1,0
105000.0,0.8373282988963829,1.0,-0.014479442364372434,-0.012621657151110341,0,0.39863599624172597,1.61783723340406,0.12838915571849938,0.8558122807230648,0,0,1,0
209000.0,-0.3335185835560413,1.0,-0.014457960998823774,-0.8648560755536564,0,1.5265717876390044,1.2004690324034661,0.12838915571849938,1.1296197984586185,0,0,0,1
180000.0,0.3282644369605463,1.0,-0.014350554171080485,0.4134955520501627,0,-0.19978652974075298,1.4293979033596458,1.7487897039120293,2.270641847655125,0,0,1,0
65000.0,1.702736864187305,1.0,-0.014404257584952129,1.9049057842546184,0,-0.8767897914583049,1.61783723340406,1.7487897039120293,0.32162118085854435,1,0,0,0
67000.0,-1.0207547971694209,1.0,-0.014490183047146762,-0.8648560755536564,0,-0.11688817116309368,-0.24807192448694768,0.12838915571849938,-0.48217140404985104,0,1,0,0
52000.0,0.8627814919931748,0.0,-0.014500923729921091,0.8396127612514358,0,-0.24814390557772106,1.61783723340406,-0.9346187243669639,0.4451786460753563,0,0,1,0
39000.0,0.36644422660573406,0.0,-0.014500923729921091,-0.4387388663523834,0,-0.562466848518013,-0.8194871463930152,1.7487897039120293,-0.7288080233753417,0,0,1,0
140000.0,-0.4607845490400005,1.0,-0.014490183047146762,-0.4387388663523834,0,1.3960068728791908,-0.7092948551838962,0.645607861430407,0.36808876559412446,1,0,0,0
39900.0,1.600924091800138,0.0,-0.014490183047146762,1.9049057842546184,0,-0.6785245505267361,1.2004690324034661,1.374316969122095,-0.5609356926052533,0,0,1,0
79000.0,-0.43533135594320865,0.0,-0.014500923729921091,-0.012621657151110341,0,0.40468066822134685,-0.32036319269464486,-1.1334252924124224,-0.0003795471682917068,0,0,1,0
200000.0,0.11191229563781574,0.0,-0.014479442364372434,0.8396127612514358,0,2.1213675104337106,2.6714025272308954,1.7487897039120293,3.1018225887000073,1,0,0,0
85000.0,1.855456022768056,1.0,-0.014468701681598103,0.20043694744952617,0,-0.13531002862479555,1.61783723340406,0.12838915571849938,0.8267724449304006,0,0,1,0
155500.0,1.1936730022514686,1.0,-0.014350554171080485,1.2657299704527087,0,-0.3774998859416104,1.2004690324034661,0.12838915571849938,1.4599133886241433,1,0,0,0
119000.0,0.5064367886380892,1.0,-0.014479442364372434,0.20043694744952617,0,0.652512219385808,1.61783723340406,0.12838915571849938,0.8558122807230648,0,0,1,0
43000.0,1.0791336333159054,1.0,-0.014479442364372434,0.4134955520501627,0,-0.7256729919677799,-0.07526237887860447,0.12838915571849938,-0.19803040055061802,0,0,1,0
65000.0,0.073732505992628,1.0,-0.014361294853854813,2.3310229934558913,0,-1.009136293748954,1.61783723340406,0.12838915571849938,1.0626716368227436,0,0,1,0
62000.0,0.3155378404121504,0.0,-0.014490183047146762,0.20043694744952617,0,-0.22051111938516788,-0.8102427462111627,1.7487897039120293,-0.1688273628391848,0,0,1,0
135000.0,0.20099847147658714,1.0,-0.014468701681598103,-0.6517974709530199,0,0.6706462353246709,0.7168979404301677,1.7487897039120293,1.3936479948991085,0,0,1,0
115000.0,1.7536432503808888,0.0,-0.014479442364372434,1.0526713658520723,0,0.5799761556303559,0.8002264370753965,0.645607861430407,0.5624672538542267,1,0,0,0
129000.0,-0.7025898834595229,1.0,-0.0143935169021778,0.8396127612514358,0,-0.3357916492822255,1.5274482590375342,0.12838915571849938,0.837345924121038,0,0,1,0
85000.0,0.990047457477134,1.0,-0.014339813488306156,2.117964388855255,0,-0.9182389707471346,2.413559718457235,1.7487897039120293,1.0656601476446517,0,0,1,0
295000.0,-0.5880505145239596,1.0,-0.014447220316049445,-0.22568026175174685,0,2.385135014998991,2.6714025272308954,1.7487897039120293,3.1663349296809935,1,0,0,0
117000.0,-0.02808026639453933,1.0,-0.014479442364372434,-0.012621657151110341,0,0.616244187508082,-0.32036319269464486,1.7487897039120293,0.27267559763416027,0,0,1,0
86000.0,0.671882543767236,1.0,-0.014361294853854813,1.6918471796539818,0,-0.8487934159737445,1.2004690324034661,1.7487897039120293,1.3936479948991085,1,0,0,0
139000.0,0.30281124386375446,1.0,-0.014457960998823774,0.6265541566507993,0,0.5110668950626766,2.6714025272308954,1.7487897039120293,0.9420616080322042,1,0,0,0
88000.0,0.6846091403156319,1.0,-0.014500923729921091,0.4134955520501627,0,0.6222888594877029,1.61783723340406,0.12838915571849938,0.8558122807230648,1,0,0,0
248000.0,-1.1607473592017759,1.0,-0.014468701681598103,-0.8648560755536564,0,2.4921073918504653,1.61783723340406,0.12838915571849938,0.8267724449304006,0,0,1,0
52000.0,2.4026996743490803,1.0,-0.0143935169021778,2.3310229934558913,0,-1.0339512629284509,1.2004690324034661,1.7487897039120293,1.3936479948991085,1,0,0,0
49500.0,1.0791336333159054,1.0,-0.014457960998823774,0.8396127612514358,0,-0.7873286461599142,-0.32036319269464486,0.12838915571849938,-0.6375982827868089,0,0,1,0
135000.0,0.08645910254102392,1.0,-0.014479442364372434,0.20043694744952617,0,0.9426564744076159,1.61783723340406,0.12838915571849938,0.8558122807230648,0,0,1,0
78000.0,0.9009612816383625,1.0,-0.014490183047146762,-0.012621657151110341,0,0.11108231492546987,1.2004690324034661,0.12838915571849938,-0.0771632573576179,0,0,1,0
126000.0,-1.2116537453953595,1.0,-0.014479442364372434,-1.077914680154293,0,0.7794503309578489,0.1714235032256855,1.7487897039120293,0.1958946560591678,0,0,1,0
79500.0,0.9264144747351544,1.0,-0.014457960998823774,1.0526713658520723,0,-0.35211226362720216,1.2004690324034661,0.12838915571849938,1.1296197984586185,0,0,1,0
125000.0,-0.09171324913651892,1.0,-0.014490183047146762,-0.22568026175174685,0,1.0851380282129681,1.2004690324034661,0.12838915571849938,0.7332252156866398,0,0,1,0
119000.0,-0.06626005603972708,1.0,-0.014490183047146762,-0.4387388663523834,0,0.9607904903464789,1.61783723340406,-0.9346187243669639,0.4451786460753563,0,0,1,0
105000.0,1.4863847228645746,1.0,-0.014468701681598103,0.20043694744952617,0,0.18707247695499088,1.61783723340406,0.12838915571849938,0.8267724449304006,0,0,1,0
149000.0,0.09918569908941983,0.0,-0.014479442364372434,-0.22568026175174685,0,1.1965326975516979,0.5199635555482692,0.645607861430407,1.8967741324410399,1,0,0,0
145000.0,0.073732505992628,1.0,-0.014457960998823774,-0.22568026175174685,0,0.5981101715692189,1.61783723340406,0.12838915571849938,0.8558122807230648,0,0,0,1
155000.0,1.130040019509489,1.0,-0.014404257584952129,1.2657299704527087,0,-0.006357026392880924,2.413559718457235,1.7487897039120293,1.0656601476446517,1,0,0,0
37000.0,1.6136506883485338,0.0,-0.014490183047146762,1.4787885750533454,0,-0.7386258604955392,0.7168979404301677,0.12838915571849938,-0.5254071569925362,0,0,1,0
55000.0,1.1809464057030727,1.0,-0.014447220316049445,1.6918471796539818,0,-0.7800750397843689,1.61783723340406,0.12838915571849938,0.8267724449304006,0,0,1,0
59000.0,-1.0971143764597964,0.0,-0.014522405095469749,-0.4387388663523834,0,0.634378203446945,-1.100277399583882,-1.1334252924124224,-0.3537949803684777,0,0,1,0
65000.0,1.295485774638636,1.0,-0.014447220316049445,0.20043694744952617,0,-0.6481912875017289,-0.7092948551838962,1.7487897039120293,-0.17598529481347577,0,0,1,0
340000.0,-0.7534962696531066,1.0,-0.014382776219403471,-0.22568026175174685,0,1.3960068728791908,2.6714025272308954,1.7487897039120293,2.739345221315201,0,0,0,1
41000.0,2.4026996743490803,1.0,-0.01451166441269542,1.4787885750533454,0,-0.3158442317494762,-0.32036319269464486,-0.9346187243669639,-0.726667004122192,1,0,0,0
44000.0,-0.7025898834595229,0.0,-0.014522405095469749,-0.22568026175174685,0,0.09035772528105497,-0.6547472531184948,-1.1334252924124224,-0.8428143786987349,0,0,1,0
68000.0,1.0791336333159054,1.0,-0.014490183047146762,0.8396127612514358,0,-0.09616358151867879,-0.7092948551838962,0.645607861430407,0.36808876559412446,1,0,0,0
65000.0,0.8118751057995911,0.0,-0.014490183047146762,-0.22568026175174685,0,-0.1583373504519232,-0.6547472531184948,-1.164846784639172,-0.09200577059056224,1,0,0,0
99000.0,-1.0971143764597964,1.0,-0.014490183047146762,-0.012621657151110341,0,0.5462986974581818,1.61783723340406,0.12838915571849938,1.1788691035843615,0,0,1,0
95000.0,0.5700697713800688,1.0,-0.014361294853854813,2.117964388855255,0,-0.7800750397843689,1.61783723340406,0.12838915571849938,1.0626716368227436,0,0,1,0
48000.0,1.7154634607357009,1.0,-0.014447220316049445,2.117964388855255,0,-0.8723936663822168,0.7168979404301677,0.12838915571849938,-0.5254071569925362,0,0,1,0
84900.0,0.3282644369605463,1.0,-0.014468701681598103,-0.012621657151110341,0,-0.13692194115269452,-0.8102427462111627,1.7487897039120293,-0.1688273628391848,0,0,1,0
120000.0,0.7227889299608197,1.0,-0.0143935169021778,0.8396127612514358,0,-0.41739472100710895,1.5274482590375342,0.12838915571849938,0.837345924121038,0,0,1,0
85000.0,0.5827963679284647,1.0,-0.014490183047146762,0.4134955520501627,0,0.25615444243637386,1.2004690324034661,0.12838915571849938,-0.0771632573576179,0,0,1,0
65000.0,1.3463921608322196,1.0,-0.014243147343337193,1.9049057842546184,0,-1.191112734398597,2.413559718457235,1.7487897039120293,1.0656601476446517,0,0,1,0
65000.0,-0.9443952178790452,0.0,-0.014479442364372434,-0.6517974709530199,0,-0.326724641312794,-0.9071017708421057,1.7487897039120293,-0.43625858144852103,0,0,1,0
109000.0,-0.9698484109758371,1.0,-0.014479442364372434,-0.8648560755536564,0,0.4711720599971779,-0.07526237887860447,0.12838915571849938,-0.19803040055061802,0,0,1,0
80000.0,0.7991485092511952,1.0,-0.014490183047146762,-0.4387388663523834,0,0.15253149421429965,-0.8102427462111627,1.7487897039120293,-0.1688273628391848,0,0,1,0
75000.0,1.435478336670991,1.0,-0.014468701681598103,0.8396127612514358,0,-0.2965012814146889,1.2004690324034661,1.7487897039120293,1.128586419998969,0,0,1,0
85000.0,-0.06626005603972708,1.0,-0.014479442364372434,-0.012621657151110341,0,0.035955677464465985,0.11004421352280759,1.7487897039120293,0.17671313981439438,0,0,1,0
350000.0,-0.30806539045924947,1.0,-0.014382776219403471,-0.22568026175174685,0,1.48134341847384,2.6714025272308954,1.7487897039120293,2.739345221315201,0,0,0,1
48000.0,1.8300028296712643,1.0,-0.014436479633275117,1.2657299704527087,0,-0.9251471672952729,0.11004421352280759,1.7487897039120293,-0.4040257849946152,1,0,0,0
110000.0,0.3282644369605463,1.0,-0.014457960998823774,-0.012621657151110341,0,0.09035772528105497,0.11004421352280759,1.7487897039120293,0.17671313981439438,1,0,0,0
51000.0,0.44280380589610957,1.0,-0.014468701681598103,0.8396127612514358,0,-0.6833602881104329,-0.6773632585629926,0.12838915571849938,-0.6158023478212081,0,0,1,0
119000.0,0.4682569989929014,1.0,-0.014468701681598103,-0.012621657151110341,0,0.41274023086084166,1.61783723340406,0.12838915571849938,0.8558122807230648,0,0,1,0
195000.0,-0.7534962696531066,1.0,-0.014457960998823774,-0.22568026175174685,0,1.3234708091237388,1.2004690324034661,0.12838915571849938,1.1296197984586185,0,0,1,0
40500.0,-0.6007771110723555,0.0,-0.014522405095469749,-0.8648560755536564,0,-0.036580386290986006,0.11004421352280759,-1.1334252924124224,-0.6599620002908548,0,0,1,0
145000.0,-1.3415541163648366,1.0,-0.014479442364372434,-1.504031889355566,0,1.123996633796246,1.2004690324034661,-0.9346187243669639,-0.026885704658305653,0,0,1,0
85000.0,1.0664070367675094,1.0,-0.014479442364372434,0.20043694744952617,0,0.035955677464465985,0.7168979404301677,1.7487897039120293,0.3604595735481716,0,0,1,0
68500.0,0.9645942643803421,1.0,-0.014479442364372434,1.2657299704527087,0,-0.2632555855267735,1.61783723340406,0.12838915571849938,0.8267724449304006,1,0,0,0
52500.0,2.4026996743490803,0.0,-0.014500923729921091,1.2657299704527087,0,-0.236054561618479,1.2004690324034661,0.12838915571849938,-0.0771632573576179,1,0,0,0
43000.0,0.49371019208969324,1.0,-0.014490183047146762,1.0526713658520723,0,-0.61427832262905,-0.6547472531184948,-0.13969362055378792,-0.7602227285486914,1,0,0,0
108000.0,-0.6007771110723555,1.0,-0.014479442364372434,-0.6517974709530199,0,0.45303804405831494,1.2004690324034661,0.12838915571849938,0.9682405290099956,0,0,1,0
220000.0,-1.3102848686454278,1.0,-0.014490183047146762,-1.504031889355566,0,3.053974044432379,1.2004690324034661,0.12838915571849938,3.187034976482719,0,1,0,0
82500.0,-1.0722975131904242,0.0,-0.014500923729921091,-0.6517974709530199,0,0.4893060759360409,-0.32036319269464486,1.7487897039120293,0.12135243537843901,0,0,1,0
128500.0,-0.9914836251081102,1.0,-0.014479442364372434,-1.2909732847549296,0,0.8247853708050064,-0.32036319269464486,-0.9346187243669639,0.3028550113639118,0,0,0,1
100000.0,-0.537144128330376,1.0,-0.014490183047146762,-0.4387388663523834,0,0.5670232871025968,1.2004690324034661,1.7487897039120293,0.5325102385989583,0,0,1,0
125000.0,0.5573431748316728,1.0,-0.014457960998823774,0.20043694744952617,0,0.30796591654741096,1.61783723340406,0.12838915571849938,0.8267724449304006,0,0,1,0
41500.0,0.8500548954447789,0.0,-0.014457960998823774,1.4787885750533454,0,-0.9033863481686373,0.11004421352280759,0.12838915571849938,-0.6548525716130805,0,0,1,0
58900.0,-0.6007771110723555,1.0,-0.014468701681598103,-0.6517974709530199,0,-0.5560191984064172,-0.8194871463930152,1.7487897039120293,-0.3645937852718167,0,0,1,0
73000.0,-0.078986652588123,1.0,-0.014500923729921091,-1.077914680154293,0,0.25960854071044287,-0.32372425172264196,1.7487897039120293,-0.06642182508953866,0,0,1,0
101000.0,-0.4009695452625397,1.0,-0.014479442364372434,-0.4387388663523834,0,0.32609993248627395,-0.32372425172264196,1.7487897039120293,0.42035311140335835,0,0,1,0
125000.0,-1.275286728137339,1.0,-0.014479442364372434,-1.504031889355566,0,0.7613163150189859,1.4293979033596458,1.7487897039120293,-0.018891784145444346,0,0,1,0
84000.0,-0.8553090420402739,0.0,-0.01451166441269542,-0.8648560755536564,0,0.9317760648442981,-0.32036319269464486,1.7487897039120293,0.07488485064285891,0,0,1,0
53000.0,-0.16807282842689442,0.0,-0.01451166441269542,-0.8648560755536564,0,0.032328874276693384,-0.14125162852066492,-1.1334252924124224,-0.29557960484411366,0,0,1,0
42500.0,-0.04080686294293525,0.0,-0.01451166441269542,-0.8648560755536564,0,-0.27232259349620497,-0.14125162852066492,-1.1334252924124224,-0.6934664800553231,0,0,1,0
139000.0,-0.5498707248787719,1.0,-0.014490183047146762,-0.4387388663523834,0,1.3752822832347762,1.61783723340406,-0.9346187243669639,0.4451786460753563,0,0,1,0
73000.0,0.9136878781867585,1.0,-0.014500923729921091,-0.22568026175174685,0,0.25960854071044287,0.7168979404301677,0.12838915571849938,-0.25464231716509217,0,0,1,0
85000.0,0.6082495610252565,1.0,-0.014468701681598103,-0.012621657151110341,0,-0.13531002862479555,1.61783723340406,0.12838915571849938,0.8558122807230648,0,0,1,0
115000.0,-0.43533135594320865,1.0,-0.014479442364372434,-1.077914680154293,0,0.5799761556303559,0.1714235032256855,1.7487897039120293,0.1958946560591678,0,0,1,0
59000.0,0.36644422660573406,1.0,-0.014382776219403471,1.4787885750533454,0,-1.0019500583304575,1.5274482590375342,0.12838915571849938,0.7391749704543197,0,0,1,0
51000.0,0.04827931289583617,0.0,-0.01451166441269542,-0.8648560755536564,0,-0.02569997672766821,-0.8102427462111627,-1.164846784639172,-0.6547550895783869,1,0,0,0
87000.0,1.0027740540255299,1.0,-0.014457960998823774,0.8396127612514358,0,-0.2433081679940242,1.2004690324034661,1.7487897039120293,1.128586419998969,1,0,0,0
44000.0,-0.49896433868518825,0.0,-0.01451166441269542,-0.8648560755536564,0,-0.22880095524293378,-0.8102427462111627,-1.1334252924124224,-0.8015849257249965,0,0,1,0
49500.0,-0.04080686294293525,0.0,-0.014522405095469749,-0.8648560755536564,0,0.28983190060854797,-0.07526237887860447,-1.1334252924124224,-0.5744530777639784,0,0,1,0
135000.0,0.6591559472188401,0.0,-0.014479442364372434,-0.012621657151110341,0,0.9426564744076159,1.61783723340406,0.645607861430407,1.3347454226990774,1,0,0,0
104000.0,0.8118751057995911,1.0,-0.014479442364372434,0.6265541566507993,0,0.3805019803028629,1.61783723340406,0.12838915571849938,0.8558122807230648,0,0,1,0
63000.0,0.30281124386375446,1.0,-0.014500923729921091,-0.22568026175174685,0,0.017821661525602984,-0.32036319269464486,-0.9346187243669639,-0.27162723695701885,0,0,1,0
85000.0,0.5064367886380892,1.0,-0.014490183047146762,-0.012621657151110341,0,0.25615444243637386,1.61783723340406,0.12838915571849938,1.1788691035843615,0,0,1,0
77000.0,-0.3335185835560413,1.0,-0.014468701681598103,-0.22568026175174685,0,-0.26426303085671043,0.1714235032256855,1.7487897039120293,0.1958946560591678,0,0,1,0
38800.0,0.6846091403156319,0.0,-0.01451166441269542,-0.4387388663523834,0,-0.37967596785427393,-0.9345511308118133,-1.1334252924124224,-0.7674136132819462,0,0,1,0
37500.0,-0.9189420247822534,0.0,-0.014522405095469749,-1.077914680154293,0,-0.145384481924164,-0.7107256994550611,-1.1334252924124224,-0.788213532922619,0,0,1,0
128000.0,0.8627814919931748,1.0,-0.014457960998823774,0.4134955520501627,0,0.35148755480068217,1.61783723340406,0.12838915571849938,0.8267724449304006,0,0,1,0
27500.0,-0.078986652588123,0.0,-0.01451166441269542,-0.6517974709530199,0,-0.7075389760289169,-1.3420330208418312,1.7487897039120293,-0.91693926912938,0,0,1,0
72000.0,2.211800726123142,1.0,-0.014479442364372434,-0.22568026175174685,0,-0.19978652974075298,-0.32036319269464486,0.12838915571849938,-0.21518594876585154,0,0,1,0
84000.0,-0.078986652588123,0.0,-0.014500923729921091,-0.8648560755536564,0,0.5255741078137669,-0.8102427462111627,0.645607861430407,0.14098662611178267,1,0,0,0
75000.0,-0.078986652588123,1.0,-0.014500923729921091,-1.077914680154293,0,0.30796591654741096,-0.32372425172264196,1.7487897039120293,-0.06642182508953866,0,0,1,0
165000.0,-0.7280430765563147,1.0,-0.014447220316049445,-0.4387388663523834,0,0.6706462353246709,2.6714025272308954,1.7487897039120293,0.9420616080322042,0,0,0,1
88000.0,-0.09171324913651892,1.0,-0.014490183047146762,-0.8648560755536564,0,0.31832821136961825,0.11004421352280759,1.7487897039120293,0.38248717213190975,1,0,0,0
36500.0,1.1936730022514686,0.0,-0.01451166441269542,0.6265541566507993,0,-0.44640914650928976,-0.7092948551838962,-1.1334252924124224,-0.8699883990356986,0,0,1,0
39500.0,-0.078986652588123,0.0,-0.01451166441269542,-0.8648560755536564,0,-0.3593658700027474,-0.14125162852066492,0.12838915571849938,-0.7808386288187024,0,0,1,0
43000.0,0.9391410712835503,1.0,-0.014490183047146762,1.2657299704527087,0,-0.61427832262905,0.7168979404301677,0.12838915571849938,-0.5254071569925362,0,0,1,0
165000.0,-0.37169837320122906,1.0,-0.014479442364372434,-0.6517974709530199,0,1.4866769525735057,0.5199635555482692,0.645607861430407,1.8967741324410399,1,0,0,0
130000.0,-0.4607845490400005,1.0,-0.014490183047146762,-0.6517974709530199,0,1.1887609764350424,-0.14125162852066492,1.7487897039120293,0.4692490690211446,0,0,0,1
43000.0,0.04827931289583617,0.0,-0.01451166441269542,-1.077914680154293,0,-0.25781538074511456,-0.14125162852066492,-1.1334252924124224,-0.6934664800553231,0,0,1,0
54500.0,-0.7153164800079188,1.0,-0.014522405095469749,-1.2909732847549296,0,0.4711720599971779,0.11004421352280759,-1.1334252924124224,-0.6599620002908548,0,0,1,0
47500.0,0.8755080885415707,0.0,-0.014490183047146762,0.6265541566507993,0,-0.5210176692291832,-0.6808932935519518,1.7487897039120293,-0.2790448113622479,1,0,0,0
99500.0,-0.16807282842689442,0.0,-0.014500923729921091,-0.4387388663523834,0,0.9003437705502687,0.7168979404301677,-0.9346187243669639,0.4086660931097012,0,0,1,0
54000.0,0.30281124386375446,0.0,-0.01451166441269542,-0.8648560755536564,0,0.06134329977887418,0.11004421352280759,-1.1334252924124224,-0.4082097375437444,0,0,1,0
82000.0,0.9391410712835503,1.0,-0.014479442364372434,0.8396127612514358,0,-0.01844637035212301,1.61783723340406,0.12838915571849938,0.8558122807230648,0,0,1,0
64000.0,1.8045496365744724,1.0,-0.0143935169021778,2.3310229934558913,0,-0.9251471672952729,0.7168979404301677,1.7487897039120293,0.9292993840555308,1,0,0,0
42000.0,0.7227889299608197,0.0,-0.014500923729921091,0.4134955520501627,0,-0.48993078476256097,-0.32372425172264196,-0.9346187243669639,-0.6438901484536302,0,0,1,0
40000.0,0.9391410712835503,0.0,-0.014490183047146762,1.9049057842546184,0,-0.6764520915622946,-0.32036319269464486,0.12838915571849938,-0.21518594876585154,0,0,1,0
36500.0,0.9391410712835503,0.0,-0.014490183047146762,1.6918471796539818,0,-0.7489881553177465,1.2004690324034661,-0.9346187243669639,-0.026885704658305653,0,0,1,0
62000.0,0.1500920852830035,1.0,-0.014500923729921091,-0.012621657151110341,0,-0.006357026392880924,-0.32036319269464486,-0.9346187243669639,-0.27162723695701885,0,0,1,0
57000.0,0.2773580507669626,1.0,-0.014468701681598103,0.20043694744952617,0,-0.586645536436497,-0.24807192448694768,1.7487897039120293,-0.37997390134626924,0,0,1,0
74000.0,-0.37169837320122906,1.0,-0.014457960998823774,0.6265541566507993,0,-0.43190193375819935,1.2004690324034661,0.12838915571849938,-0.0771632573576179,0,0,1,0
36500.0,0.022826119799044333,1.0,-0.014522405095469749,-0.8648560755536564,0,-0.18165251380189,-0.7107256994550611,-1.1334252924124224,-0.788213532922619,0,0,1,0
49000.0,0.9136878781867585,0.0,-0.014490183047146762,0.8396127612514358,0,-0.48993078476256097,0.7168979404301677,0.12838915571849938,-0.5254071569925362,0,0,1,0
86000.0,-0.6135037076207515,1.0,-0.014479442364372434,-0.6517974709530199,0,0.05408969340332898,-0.32372425172264196,-0.9346187243669639,-0.31092699726734396,0,0,1,0
77000.0,0.12463889218621166,1.0,-0.014468701681598103,-0.6517974709530199,0,-0.26426303085671043,-0.8194871463930152,1.7487897039120293,-0.02710448564076287,0,0,1,0
57000.0,0.9645942643803421,0.0,-0.01451166441269542,1.0526713658520723,0,0.14838657628541657,-0.32036319269464486,-0.9346187243669639,-0.27162723695701885,0,0,1,0
37500.0,-0.06626005603972708,0.0,-0.01451166441269542,-0.6517974709530199,0,-0.41739472100710895,-0.9345511308118133,-1.1334252924124224,-0.7674136132819462,0,0,1,0
277000.0,-0.04080686294293525,1.0,-0.014382776219403471,-0.22568026175174685,0,0.8583866356328995,2.6714025272308954,1.7487897039120293,2.739345221315201,0,0,0,1
95000.0,-0.4607845490400005,1.0,-0.014447220316049445,-0.4387388663523834,0,-0.25254003065380903,0.11004421352280759,1.7487897039120293,0.17671313981439438,0,0,1,0
109000.0,-1.2243803419437553,1.0,-0.01451166441269542,-1.504031889355566,0,1.657136702398818,0.5199635555482692,1.7487897039120293,0.6279145562987055,0,0,0,1
63000.0,0.6209761575736524,1.0,-0.014500923729921091,-0.012621657151110341,0,0.017821661525602984,-0.32036319269464486,-0.9346187243669639,-0.27162723695701885,0,0,1,0
58500.0,1.422751740122595,0.0,-0.014479442364372434,1.0526713658520723,0,-0.44459574491540343,-0.32036319269464486,0.645607861430407,-0.005745456000475006,1,0,0,0
24500.0,1.0791336333159054,0.0,-0.01451166441269542,-0.012621657151110341,0,-0.7945822525354593,-0.6547472531184948,-1.164846784639172,-1.059115524404746,1,0,0,0
63000.0,0.7227889299608197,1.0,-0.014500923729921091,0.20043694744952617,0,0.017821661525602984,-0.6808932935519518,1.7487897039120293,-0.2790448113622479,0,0,1,0
58000.0,2.2245273226715376,1.0,-0.014468701681598103,1.0526713658520723,0,-0.5705264111575076,1.61783723340406,0.12838915571849938,0.8558122807230648,0,0,1,0
43000.0,0.03555271634744025,0.0,-0.014522405095469749,-0.4387388663523834,0,0.05408969340332898,-0.7092948551838962,-1.1334252924124224,-0.8699883990356986,0,0,1,0
66000.0,-1.0589345868146085,0.0,-0.014500923729921091,-0.6517974709530199,0,0.09035772528105497,-0.6696563497873814,1.7487897039120293,-0.42529043165010694,0,0,1,0
175000.0,1.1427666160578849,1.0,-0.014103518467270915,0.6265541566507993,0,-0.9150258560735819,2.6714025272308954,1.7487897039120293,2.739345221315201,0,0,1,0
160000.0,-0.43533135594320865,1.0,-0.014436479633275117,-0.4387388663523834,0,0.428859356139831,0.7168979404301677,1.7487897039120293,1.7274292373659508,0,1,0,0
35000.0,-0.0026270732977474996,0.0,-0.01451166441269542,0.4134955520501627,0,-0.48993078476256097,-0.8102427462111627,-1.1334252924124224,-0.8015849257249965,0,0,1,0
113000.0,1.8300028296712643,0.0,-0.014479442364372434,-0.22568026175174685,0,0.5437081237526299,0.5199635555482692,0.645607861430407,1.8967741324410399,1,0,0,0
122000.0,1.2445793884450522,1.0,-0.014404257584952129,1.6918471796539818,0,-0.3255157069168698,2.413559718457235,1.7487897039120293,1.0656601476446517,1,0,0,0
129000.0,0.8882346850899666,1.0,-0.014468701681598103,-0.012621657151110341,0,0.573931483650735,1.61783723340406,0.12838915571849938,0.8267724449304006,0,0,1,0
79000.0,-0.20625261807208214,1.0,-0.014500923729921091,-1.077914680154293,0,0.40468066822134685,-0.32372425172264196,1.7487897039120293,-0.06642182508953866,0,0,1,0
98000.0,-0.06626005603972708,1.0,-0.014490183047146762,-0.22568026175174685,0,0.5255741078137669,1.2004690324034661,0.12838915571849938,0.7332252156866398,0,0,1,0
220000.0,-0.982575007524233,1.0,-0.014468701681598103,-0.8648560755536564,0,2.0407718840387643,1.61783723340406,0.12838915571849938,0.8558122807230648,0,0,0,1
43000.0,-0.12989303878170666,0.0,-0.014500923729921091,-0.4387388663523834,0,-0.4657520968440769,-0.7107256994550611,0.12838915571849938,-0.56322634819081,0,0,1,0
165000.0,-0.7916760592982943,1.0,-0.014479442364372434,-1.077914680154293,0,1.4866769525735057,1.61783723340406,0.12838915571849938,1.1788691035843615,0,0,0,1
80000.0,-0.2698856008140617,1.0,-0.014468701681598103,-0.4387388663523834,0,-0.21590565501974235,0.1714235032256855,1.7487897039120293,0.1958946560591678,0,0,1,0
32000.0,1.422751740122595,0.0,-0.01451166441269542,1.2657299704527087,0,-0.5769740612691033,-0.32036319269464486,-1.1334252924124224,-0.677508791536798,0,0,1,0
169000.0,-0.7025898834595229,1.0,-0.014500923729921091,-0.8648560755536564,0,2.580762580884907,1.2004690324034661,1.7487897039120293,1.8059660002993254,0,1,0,0
129900.0,-0.842582445491878,1.0,-0.014522405095469749,-0.8648560755536564,0,3.205781663577718,-0.14125162852066492,1.7487897039120293,1.0382691426255881,0,1,0,0
68000.0,-0.677136690362731,0.0,-0.01451166441269542,-0.4387388663523834,0,0.46754525680940534,-0.32372425172264196,1.7487897039120293,-0.06642182508953866,0,0,1,0
71500.0,-1.1874732119534073,1.0,-0.014500923729921091,-1.2909732847549296,0,0.22334050883271686,0.3664142374090258,0.12838915571849938,-0.3903636606093302,0,0,1,0
29800.0,-0.3335185835560413,0.0,-0.01451166441269542,-0.012621657151110341,0,-0.6408057973739011,-0.8102427462111627,-1.1334252924124224,-0.8015849257249965,0,0,1,0
52000.0,0.49371019208969324,0.0,-0.014522405095469749,-0.4387388663523834,0,0.3805019803028629,-0.32372425172264196,-1.1334252924124224,-0.557862186594303,0,0,1,0
62000.0,0.25190485767017085,1.0,-0.014490183047146762,-0.4387388663523834,0,-0.22051111938516788,-0.8102427462111627,1.7487897039120293,-0.44241729846874356,0,0,1,0
30000.0,2.46633265709106,0.0,-0.014490183047146762,1.6918471796539818,0,-0.8836979880064433,-0.32036319269464486,0.12838915571849938,-0.7466237140621923,0,0,1,0
33000.0,-0.9443952178790452,0.0,-0.014522405095469749,-0.8648560755536564,0,-0.30859062537393095,0.5199635555482692,-1.1334252924124224,-0.7886923051120398,0,0,1,0
112000.0,-0.3462451801044372,1.0,-0.014479442364372434,-0.012621657151110341,0,0.5255741078137669,1.61783723340406,0.12838915571849938,0.8558122807230648,0,0,1,0
185000.0,-1.0207547971694209,1.0,-0.014436479633275117,-1.077914680154293,0,0.7310929551208808,0.7168979404301677,1.7487897039120293,2.1201130520328237,0,1,0,0
185000.0,-0.20625261807208214,1.0,-0.014447220316049445,-0.6517974709530199,0,0.9344137398899511,1.61783723340406,0.12838915571849938,0.8267724449304006,0,0,0,1
125900.0,0.5827963679284647,1.0,-0.014490183047146762,-0.6517974709530199,0,1.1037901588929415,-0.8102427462111627,1.7487897039120293,0.03674692258203081,1,0,0,0
310000.0,0.17554527837979533,1.0,-0.014404257584952129,-0.6517974709530199,0,1.492721624553127,1.2004690324034661,0.12838915571849938,1.4599133886241433,0,0,1,0
50500.0,-1.0716611833630045,0.0,-0.014490183047146762,-1.2909732847549296,0,-0.45884390029593863,-0.8194871463930152,0.12838915571849938,-0.5619174021419204,0,0,1,0
70000.0,-0.2698856008140617,1.0,-0.014500923729921091,-0.8648560755536564,0,0.18707247695499088,0.11004421352280759,-1.1334252924124224,-0.4082097375437444,0,0,1,0
70000.0,0.43007720934771365,1.0,-0.014468701681598103,-0.8648560755536564,0,-0.3770969078096357,-0.9936213437697933,1.7487897039120293,0.002892817953932332,0,0,1,0
310000.0,-0.9316686213306493,1.0,-0.014447220316049445,-1.2909732847549296,0,2.5829606434229504,1.61783723340406,1.7487897039120293,2.9642897574202522,0,0,0,1
152000.0,0.04827931289583617,1.0,-0.014479442364372434,-0.4387388663523834,0,1.2509347453682869,1.61783723340406,0.12838915571849938,0.8267724449304006,1,0,0,0
112000.0,-0.8171292523950862,1.0,-0.014479442364372434,-1.077914680154293,0,0.5255741078137669,-0.32036319269464486,-0.9346187243669639,0.3028550113639118,0,0,1,0
32000.0,-0.6224123252046286,0.0,-0.01451166441269542,-0.22568026175174685,0,-0.5769740612691033,-1.3420330208418312,1.7487897039120293,-0.91693926912938,0,0,1,0
34000.0,0.7864219127027993,0.0,-0.014490183047146762,1.2657299704527087,0,-0.8007996294287838,-0.8102427462111627,-0.13969362055378792,-0.1688273628391848,0,0,1,0
35000.0,0.5573431748316728,0.0,-0.01451166441269542,0.4134955520501627,0,-0.48993078476256097,-0.8102427462111627,-0.9346187243669639,-0.599331507536703,0,0,1,0
190000.0,0.43007720934771365,1.0,-0.014243147343337193,1.6918471796539818,0,-0.586645536436497,2.413559718457235,0.12838915571849938,1.8234186142845195,0,0,1,0
175000.0,-0.5880505145239596,1.0,-0.014361294853854813,-0.012621657151110341,0,-0.16924502921214168,-0.7092948551838962,1.374316969122095,1.6047155452825528,0,0,1,0
55000.0,-0.5880505145239596,1.0,-0.014447220316049445,1.4787885750533454,0,-0.7800750397843689,1.61783723340406,1.374316969122095,0.2496291481696175,0,0,1,0
110000.0,-0.5625973214271678,1.0,-0.014447220316049445,-0.22568026175174685,0,-0.054714402229849,0.11004421352280759,1.7487897039120293,0.17671313981439438,0,0,1,0
44000.0,0.6464293506704443,0.0,-0.014522405095469749,-0.012621657151110341,0,0.09035772528105497,-0.32036319269464486,-1.1334252924124224,-0.677508791536798,0,0,1,0
138000.0,-0.12862037912686708,1.0,-0.014479442364372434,-0.22568026175174685,0,0.9970585222242049,1.61783723340406,0.12838915571849938,1.1788691035843615,1,0,0,0
67000.0,-0.04994455926468352,0.0,-0.014500923729921091,0.20043694744952617,0,0.11453641319953889,-0.32036319269464486,-0.9346187243669639,-0.27162723695701885,0,0,1,0
82000.0,-0.900055755504434,1.0,-0.014468701681598103,-1.077914680154293,0,-0.18366740446176363,-0.8194871463930152,1.7487897039120293,-0.02710448564076287,0,0,1,0
19000.0,1.8300028296712643,0.0,-0.01451166441269542,1.2657299704527087,0,-0.9541615927974537,-1.100277399583882,-1.1334252924124224,-1.0243493419853384,0,0,1,0
66000.0,0.04827931289583617,0.0,-0.014500923729921091,-0.4387388663523834,0,0.09035772528105497,-0.32036319269464486,-0.9346187243669639,-0.27162723695701885,0,0,1,0
36000.0,-0.23170581116887398,0.0,-0.014500923729921091,-0.4387388663523834,0,-0.635002912273465,-1.1381312347207264,-1.164846784639172,-0.910097051146548,1,0,0,0
119000.0,-1.1098409730081922,1.0,-0.01451166441269542,-1.2909732847549296,0,1.947280957420626,-0.8102427462111627,-0.9346187243669639,0.7848899112117881,0,0,1,0
52000.0,1.5372911090581582,0.0,-0.014500923729921091,1.2657299704527087,0,-0.24814390557772106,-0.14125162852066492,1.7487897039120293,-0.566498713313034,1,0,0,0
250000.0,-0.6307227927507312,1.0,-0.014436479633275117,-0.6517974709530199,0,1.5169003124716107,1.61783723340406,1.7487897039120293,2.221556370821766,0,0,0,1
59000.0,-0.12057717010828085,0.0,-0.014522405095469749,-0.4387388663523834,0,0.634378203446945,-0.32036319269464486,-1.1334252924124224,-0.677508791536798,0,0,1,0
155000.0,-0.3030765646122783,1.0,-0.014479442364372434,-0.6517974709530199,0,1.3053367931848758,1.61783723340406,1.7487897039120293,1.240064991829398,0,0,0,1
56000.0,1.0625636046098939,0.0,-0.01451166441269542,-0.4387388663523834,0,0.11937215078323578,-0.9345511308118133,-0.9346187243669639,-0.6861294929918105,1,0,0,0
115000.0,-1.2877715193513155,1.0,-0.014500923729921091,-1.2909732847549296,0,1.275113433286771,-0.7107256994550611,1.7487897039120293,0.7849880821654548,0,0,1,0
125000.0,-0.5410639200672819,1.0,-0.014479442364372434,-0.6517974709530199,0,0.7613163150189859,1.61783723340406,-0.9346187243669639,0.4451786460753563,0,0,0,1
170000.0,-0.5640608800302334,1.0,-0.014479442364372434,-0.8648560755536564,0,1.5773470322678207,1.61783723340406,0.12838915571849938,1.1788691035843615,0,0,0,1
225000.0,-0.6138345991310098,1.0,-0.0143935169021778,-0.6517974709530199,0,0.5346411157831984,0.7168979404301677,1.7487897039120293,0.5762839065925054,0,0,0,1
175000.0,-1.2880260512822834,1.0,-0.014479442364372434,-1.504031889355566,0,1.6680171119621359,0.7168979404301677,-0.9346187243669639,0.4086660931097012,0,0,0,1
165000.0,-0.5910539913093811,1.0,-0.014457960998823774,-0.4387388663523834,0,0.8882544265910268,1.61783723340406,0.12838915571849938,0.8558122807230648,0,0,0,1
98000.0,-0.4400911030523087,1.0,-0.014500923729921091,-1.077914680154293,0,0.864075738672543,0.7168979404301677,-1.1334252924124224,-0.2897875185777773,0,0,1,0
250000.0,-0.5916139615575104,1.0,-0.014436479633275117,-0.6517974709530199,0,1.5169003124716107,1.61783723340406,1.7487897039120293,2.221556370821766,0,0,0,1
265000.0,-0.8445805211499761,1.0,-0.014436479633275117,-0.6517974709530199,0,1.6982404718602406,1.61783723340406,1.7487897039120293,2.9642897574202522,0,0,0,1
75000.0,0.2087235155814635,0.0,-0.01451166441269542,-0.4387388663523834,0,0.6706462353246709,-0.8102427462111627,-0.13969362055378792,-0.0592821193683227,1,0,0,0
79662.0,-0.3378201731893991,0.0,-0.014500923729921091,-0.4387388663523834,0,0.42068695962338337,-0.07526237887860447,1.7487897039120293,-0.04296610686891411,0,0,1,0
80000.0,0.05124460989161241,1.0,-0.014490183047146762,-0.22568026175174685,0,0.15253149421429965,-0.32036319269464486,-0.9346187243669639,-0.27162723695701885,0,0,1,0
120000.0,-0.450997796294284,1.0,-0.014479442364372434,-0.4387388663523834,0,0.6706462353246709,1.61783723340406,-0.9346187243669639,0.4451786460753563,0,0,0,1
175000.0,-1.2728304950034988,1.0,-0.014479442364372434,-1.077914680154293,0,1.6680171119621359,1.61783723340406,-0.9346187243669639,0.4451786460753563,0,0,0,1
120000.0,0.9513586039700104,1.0,-0.014479442364372434,0.6265541566507993,0,0.6706462353246709,1.61783723340406,0.12838915571849938,0.8558122807230648,0,0,1,0
137000.0,-0.7342663822684803,1.0,-0.014479442364372434,-0.4387388663523834,0,0.9789245062853419,1.61783723340406,-0.9346187243669639,0.4451786460753563,0,0,0,1
145000.0,-0.7147946895494346,1.0,-0.014479442364372434,-0.6517974709530199,0,1.123996633796246,1.61783723340406,-0.9346187243669639,0.4451786460753563,0,0,0,1
170000.0,-1.116356990440971,1.0,-0.014468701681598103,-0.22568026175174685,0,1.2348156200892977,1.61783723340406,0.12838915571849938,0.8558122807230648,0,0,1,0
50000.0,-0.7634993745401457,0.0,-0.01451166441269542,-0.6517974709530199,0,-0.054714402229849,-0.9345511308118133,-1.1334252924124224,-0.7674136132819462,0,0,1,0
58000.0,0.49822813386437376,0.0,-0.014490183047146762,-0.4387388663523834,0,-0.3034094779628272,-0.6547472531184948,-1.164846784639172,-0.38651863159071703,1,0,0,0
175000.0,-1.3069250471566514,1.0,-0.014479442364372434,-1.504031889355566,0,1.6680171119621359,0.7168979404301677,-0.9346187243669639,0.4086660931097012,0,0,0,1
60000.0,-0.07691221735073446,0.0,-0.01451166441269542,-0.4387388663523834,0,0.23542985279195897,-0.32036319269464486,-1.164846784639172,-0.6762865631636473,1,0,0,0
55000.0,-0.24111076601813858,0.0,-0.01451166441269542,-0.4387388663523834,0,0.09035772528105497,-0.8102427462111627,-1.164846784639172,-0.6547550895783869,1,0,0,0
150000.0,-1.2621528804993944,1.0,-0.014479442364372434,-1.504031889355566,0,1.2146667134905609,-0.6808932935519518,1.7487897039120293,-0.2790448113622479,0,0,0,1
245000.0,-0.7288830319285088,1.0,-0.014447220316049445,-0.8648560755536564,0,1.7257162535857906,2.6714025272308954,1.7487897039120293,0.9420616080322042,0,0,0,1
258000.0,-1.2792828794535354,1.0,-0.014436479633275117,-0.8648560755536564,0,1.613615064145547,1.61783723340406,0.12838915571849938,0.8558122807230648,0,0,0,1
255000.0,-0.41509606743125915,1.0,-0.014436479633275117,-0.4387388663523834,0,1.5773470322678207,1.61783723340406,1.7487897039120293,2.221556370821766,0,0,0,1
85000.0,-0.39391901077472835,1.0,-0.014490183047146762,-0.6517974709530199,0,0.25615444243637386,-0.6547472531184948,-1.164846784639172,-0.6199086206554122,1,0,0,0
65000.0,-1.1056539227437698,0.0,-0.01451166441269542,-0.8648560755536564,0,0.3805019803028629,-0.6547472531184948,-1.164846784639172,-0.38651863159071703,1,0,0,0
178000.0,-0.7900216017470029,1.0,-0.014479442364372434,-0.6517974709530199,0,1.7224191597787248,1.61783723340406,0.12838915571849938,1.1788691035843615,0,0,0,1
140000.0,-0.7153164800079188,1.0,-0.014479442364372434,-0.8648560755536564,0,1.033326554101931,-0.1174694926053072,0.645607861430407,0.5002923165319717,1,0,0,0
33000.0,-0.9253053230564514,0.0,-0.01451166441269542,-0.6517974709530199,0,-0.5479596357669225,-1.3420330208418312,1.7487897039120293,-0.91693926912938,0,0,1,0
93000.0,0.2646314542185667,1.0,-0.014500923729921091,-0.22568026175174685,0,0.7431822990801229,-0.32036319269464486,-0.9346187243669639,-0.27162723695701885,0,0,1,0
32000.0,1.0664070367675094,0.0,-0.014522405095469749,-0.012621657151110341,0,-0.344858657251657,-1.100277399583882,-1.1334252924124224,-1.0243493419853384,0,0,1,0
155000.0,-0.8934888316854617,0.0,-0.014479442364372434,0.4134955520501627,0,1.3053367931848758,0.5199635555482692,0.645607861430407,1.8967741324410399,1,0,0,0
35800.0,1.0155006505739257,0.0,-0.014500923729921091,0.6265541566507993,0,-0.6398386498571617,-0.9345511308118133,1.7487897039120293,-0.6499440239297446,0,0,1,0
105000.0,0.9009612816383625,1.0,-0.014479442364372434,0.20043694744952617,0,0.39863599624172597,2.6714025272308954,1.7487897039120293,1.4957457867124955,1,0,0,0
75000.0,-1.0971143764597964,1.0,-0.014490183047146762,-0.8648560755536564,0,0.04890854599222519,-0.8102427462111627,1.7487897039120293,-0.44241729846874356,0,0,1,0
120000.0,0.8755080885415707,1.0,-0.014436479633275117,0.4134955520501627,0,-0.054714402229849,1.61783723340406,0.12838915571849938,0.8267724449304006,0,0,1,0
30000.0,-0.078986652588123,1.0,-0.014468701681598103,-0.8648560755536564,0,-1.0218619189692089,0.5199635555482692,1.7487897039120293,0.22122644167615824,0,0,0,1
45000.0,0.7100623334124238,1.0,-0.014372035536629142,0.8396127612514358,0,-1.1427553585616288,0.11004421352280759,1.7487897039120293,-0.4040257849946152,0,0,1,0
113000.0,-0.2698856008140617,1.0,-0.014490183047146762,-0.4387388663523834,0,0.8364429524799898,1.61783723340406,-0.9346187243669639,0.4451786460753563,0,0,0,1
158000.0,-0.9953016040726289,1.0,-0.014479442364372434,-0.8648560755536564,0,1.3597388410014648,0.7168979404301677,0.12838915571849938,0.7777888788965621,0,0,1,0
157000.0,-1.0462079902662127,1.0,-0.014479442364372434,-1.2909732847549296,0,1.3416048250626018,1.61783723340406,0.12838915571849938,0.9739671679738876,0,0,0,1
205000.0,-0.8680356385886698,1.0,-0.014468701681598103,-1.2909732847549296,0,1.798985004853924,1.61783723340406,0.12838915571849938,0.8558122807230648,0,0,0,1
175000.0,-0.9571218144274412,1.0,-0.014447220316049445,-0.22568026175174685,0,0.802529987607311,1.61783723340406,0.12838915571849938,0.8267724449304006,1,0,0,0
288000.0,0.073732505992628,1.0,-0.014361294853854813,-0.012621657151110341,0,0.6935523607211294,0.7168979404301677,1.7487897039120293,5.104510043501061,0,0,0,1
119000.0,-1.3389197108793187,1.0,-0.014490183047146762,-1.504031889355566,0,0.9607904903464789,-0.32036319269464486,1.7487897039120293,0.3383102429818865,0,0,1,0
62000.0,0.5573431748316728,1.0,-0.014500923729921091,0.20043694744952617,0,-0.006357026392880924,-0.6808932935519518,1.7487897039120293,-0.2790448113622479,0,0,1,0
145000.0,-0.3335185835560413,1.0,-0.014479442364372434,-0.8648560755536564,0,1.123996633796246,1.61783723340406,0.12838915571849938,1.1788691035843615,0,0,0,1
163000.0,-0.9316686213306493,1.0,-0.014479442364372434,-0.8648560755536564,0,1.4504089206957798,1.61783723340406,0.12838915571849938,1.1788691035843615,0,0,0,1
59000.0,0.8118751057995911,0.0,-0.014479442364372434,1.0526713658520723,0,-0.43552873694597194,1.61783723340406,1.374316969122095,0.3726700767652379,0,0,1,0
84500.0,1.0282272471223217,1.0,-0.014404257584952129,0.4134955520501627,0,-0.6881960256941297,2.6714025272308954,1.7487897039120293,0.9420616080322042,0,0,1,0
109000.0,-1.2116537453953595,1.0,-0.014436479633275117,-0.4387388663523834,0,-0.1876971857815109,0.5199635555482692,1.374316969122095,0.6279145562987055,0,0,1,0
98000.0,-0.49896433868518825,1.0,-0.0143935169021778,0.4134955520501627,0,-0.616868896334602,-0.32036319269464486,-0.9346187243669639,-0.27162723695701885,0,0,1,0
178000.0,-0.7662228662015025,1.0,-0.014361294853854813,-0.8648560755536564,0,-0.1463389038156832,-0.32036319269464486,-0.9346187243669639,0.3028550113639118,0,0,1,0
288000.0,-0.8298558489434821,1.0,-0.014361294853854813,-0.6517974709530199,0,0.6935523607211294,2.6714025272308954,1.7487897039120293,2.739345221315201,0,0,0,1
188000.0,-1.0716611833630045,1.0,-0.014479442364372434,-0.8648560755536564,0,1.9037593191673547,1.61783723340406,0.12838915571849938,1.1788691035843615,0,0,0,1
209000.0,-0.7789494627498984,1.0,-0.014436479633275117,-0.4387388663523834,0,1.021237210142689,1.61783723340406,1.7487897039120293,2.9642897574202522,0,0,0,1
225000.0,-0.9189420247822534,1.0,-0.014436479633275117,-0.6517974709530199,0,1.2146667134905609,1.61783723340406,0.12838915571849938,0.8267724449304006,0,0,0,1
218000.0,-0.6516834972659392,1.0,-0.014436479633275117,-0.6517974709530199,0,1.130041305775867,1.61783723340406,1.7487897039120293,2.9642897574202522,0,0,0,1
102000.0,-0.7153164800079188,0.0,-0.014500923729921091,-0.6517974709530199,0,0.9607904903464789,-0.32036319269464486,-0.16392578415542897,0.12135243537843901,0,0,1,0
198000.0,-0.20625261807208214,1.0,-0.014200184612239878,0.4134955520501627,0,-0.6606038759518597,1.2004690324034661,1.7487897039120293,0.9224274172988605,0,0,1,0
134000.0,-0.4607845490400005,1.0,-0.014479442364372434,-0.8648560755536564,0,0.9245224584687529,1.61783723340406,-0.9346187243669639,0.4451786460753563,0,0,0,1
209000.0,-0.2698856008140617,1.0,-0.0143935169021778,-0.012621657151110341,0,0.3895689882722944,1.61783723340406,1.7487897039120293,3.313871848620119,1,0,0,0
69500.0,0.17554527837979533,1.0,-0.014490183047146762,-0.22568026175174685,0,-0.06507669705205632,-0.32036319269464486,-0.9346187243669639,-0.27162723695701885,0,0,1,0
187000.0,-1.0971143764597964,1.0,-0.014479442364372434,-1.2909732847549296,0,1.8856253032284918,1.61783723340406,0.12838915571849938,1.1788691035843615,0,0,0,1
158000.0,-0.5498707248787719,1.0,-0.014479442364372434,-0.6517974709530199,0,1.3597388410014648,1.61783723340406,1.7487897039120293,1.240064991829398,0,0,0,1
157000.0,-0.3335185835560413,1.0,-0.014479442364372434,-0.6517974709530199,0,1.3416048250626018,1.61783723340406,0.12838915571849938,1.1788691035843615,0,0,0,1
357000.0,-1.1734739557501717,1.0,-0.014447220316049445,-1.2909732847549296,0,3.202814279151359,1.61783723340406,1.7487897039120293,2.9642897574202522,0,0,0,1
69000.0,0.17565981774873088,1.0,-0.014500923729921091,-0.4387388663523834,0,0.16289378903650698,-0.32036319269464486,-0.9346187243669639,-0.27162723695701885,0,0,1,0
92000.0,-0.1553462318784985,1.0,-0.014404257584952129,0.20043694744952617,0,-0.6156599619386778,1.2004690324034661,1.7487897039120293,1.128586419998969,0,0,1,0
88500.0,1.3845719504774074,1.0,-0.014479442364372434,-0.012621657151110341,0,0.09942473325048648,0.7168979404301677,0.12838915571849938,0.7777888788965621,0,0,1,0
218000.0,-0.677136690362731,1.0,-0.014436479633275117,-0.6517974709530199,0,1.130041305775867,1.61783723340406,0.12838915571849938,0.8267724449304006,0,0,0,1
89500.0,-0.1553462318784985,1.0,-0.014490183047146762,-0.4387388663523834,0,0.34941509583624075,1.61783723340406,-0.9346187243669639,0.4451786460753563,0,0,1,0
98000.0,0.9645942643803421,1.0,-0.014479442364372434,0.4134955520501627,0,0.271697884669685,1.61783723340406,0.12838915571849938,0.8558122807230648,0,0,1,0
62000.0,0.9391410712835503,1.0,-0.014361294853854813,1.6918471796539818,0,-1.0320424191454127,1.61783723340406,1.374316969122095,0.2496291481696175,0,0,1,0
107000.0,0.3282644369605463,1.0,-0.014490183047146762,-0.4387388663523834,0,0.7120954146135007,1.2004690324034661,0.12838915571849938,0.7332252156866398,0,0,1,0
39500.0,-0.42260475939481273,0.0,-0.014522405095469749,-0.4387388663523834,0,-0.072848418168712,0.11004421352280759,-1.1334252924124224,-0.6599620002908548,0,0,1,0
97500.0,0.531889981734881,1.0,-0.014479442364372434,-0.012621657151110341,0,0.2626308767002535,1.61783723340406,0.12838915571849938,0.8558122807230648,0,0,1,0
32000.0,-0.12989303878170666,0.0,-0.014522405095469749,-0.4387388663523834,0,-0.344858657251657,-0.8102427462111627,-1.1334252924124224,-0.8015849257249965,0,0,1,0
55000.0,-0.683499988636929,0.0,-0.014500923729921091,-1.077914680154293,0,-0.17560784182226907,-0.7107256994550611,0.12838915571849938,-0.56322634819081,0,0,1,0
97000.0,-1.2587421526244245,1.0,-0.014490183047146762,-1.504031889355566,0,0.5048495181693521,0.3664142374090258,1.7487897039120293,-0.08382485778500227,0,0,1,0
67000.0,0.25190485767017085,1.0,-0.014479442364372434,0.4134955520501627,0,-0.29045660943506796,0.11004421352280759,1.7487897039120293,0.17671313981439438,0,0,1,0
125000.0,0.671882543767236,0.0,-0.014468701681598103,-0.012621657151110341,0,0.5094549825347776,1.5274482590375342,1.7487897039120293,1.0795009431656097,1,0,0,0
38000.0,-0.04080686294293525,0.0,-0.014490183047146762,1.0526713658520723,0,-0.7179012708511243,-0.6808932935519518,1.7487897039120293,-0.2790448113622479,0,0,1,0
58000.0,-0.7216797782821167,0.0,-0.014490183047146762,-0.4387388663523834,0,-0.3034094779628272,-0.7092948551838962,1.7487897039120293,-0.33774114206297895,0,0,1,0
182000.0,-0.18079942497529033,1.0,-0.014404257584952129,0.20043694744952617,0,0.2547728031267462,2.6714025272308954,1.7487897039120293,3.1663349296809935,1,0,0,0
42000.0,0.073732505992628,0.0,-0.014500923729921091,0.4134955520501627,0,-0.48993078476256097,-0.6773632585629926,0.12838915571849938,-0.5599539830685861,0,0,1,0
38000.0,0.990047457477134,0.0,-0.014436479633275117,1.6918471796539818,0,-1.046040606887693,-0.32036319269464486,1.7487897039120293,0.27267559763416027,0,0,1,0
42000.0,0.6591559472188401,0.0,-0.014447220316049445,1.6918471796539818,0,-0.9515239177518009,-0.32036319269464486,1.7487897039120293,0.27267559763416027,0,0,1,0
66000.0,0.4682569989929014,0.0,-0.014490183047146762,1.0526713658520723,0,-0.1376127608075083,1.61783723340406,0.12838915571849938,1.1788691035843615,0,0,1,0
97000.0,0.7355155265092156,1.0,-0.014479442364372434,-0.4387388663523834,0,0.253563868730822,0.7168979404301677,0.12838915571849938,0.7777888788965621,0,0,1,0
62000.0,-0.18079942497529033,1.0,-0.014490183047146762,-0.4387388663523834,0,-0.22051111938516788,-0.24807192448694768,1.7487897039120293,-0.318855491726885,0,0,1,0
44900.0,0.6591559472188401,0.0,-0.014500923729921091,0.20043694744952617,0,-0.4198125897989574,-0.32372425172264196,-0.9346187243669639,-0.6438901484536302,0,0,1,0
87000.0,-0.7789494627498984,0.0,-0.014479442364372434,-0.6517974709530199,0,0.07222370934219198,1.4293979033596458,1.7487897039120293,0.2500654635192476,0,0,1,0
75500.0,-0.8044026558466902,0.0,-0.01451166441269542,-0.4387388663523834,0,0.6851534480757613,-0.8102427462111627,1.7487897039120293,-0.44241729846874356,0,0,1,0
47000.0,-0.42260475939481273,0.0,-0.014500923729921091,-0.6517974709530199,0,-0.36903734517014103,-0.5342239031937968,1.7487897039120293,-0.569771078435258,0,0,1,0
88000.0,-0.5180542335077821,1.0,-0.014500923729921091,-0.8648560755536564,0,0.6222888594877029,-0.32036319269464486,-0.9346187243669639,0.3028550113639118,0,0,0,1
145000.0,1.5754708987033461,0.0,-0.014447220316049445,0.8396127612514358,0,0.40687873075939096,0.5199635555482692,1.7487897039120293,2.0317591937327775,1,0,0,0
185000.0,-0.6516834972659392,1.0,-0.014361294853854813,-0.8648560755536564,0,-0.09289127789061315,1.61783723340406,-0.9346187243669639,0.4451786460753563,0,0,1,0
48000.0,0.022826119799044333,1.0,-0.014490183047146762,-0.4387388663523834,0,-0.5106553744069758,0.3664142374090258,0.12838915571849938,-0.3903636606093302,0,0,1,0
62000.0,0.8373282988963829,0.0,-0.014479442364372434,-0.22568026175174685,0,-0.38112668912938297,-0.7092948551838962,1.7487897039120293,-0.17598529481347577,0,0,1,0
39800.0,-0.3462451801044372,0.0,-0.01451166441269542,-0.012621657151110341,0,-0.3506615423520931,0.11004421352280759,-1.1334252924124224,-0.6599620002908548,0,0,1,0
69000.0,0.14372878700880554,1.0,-0.014500923729921091,-0.22568026175174685,0,0.16289378903650698,0.5199635555482692,1.7487897039120293,0.18002307870043238,0,0,1,0
195000.0,-1.1225675695565882,1.0,-0.014457960998823774,-0.6517974709530199,0,1.3234708091237388,1.2004690324034661,0.12838915571849938,1.1296197984586185,0,0,1,0
36000.0,0.04827931289583617,0.0,-0.01451166441269542,0.20043694744952617,0,-0.46091635926038016,-0.8102427462111627,1.7487897039120293,-0.44241729846874356,0,0,1,0
95500.0,-0.683499988636929,1.0,-0.014457960998823774,0.6265541566507993,0,-0.1199968596097558,1.61783723340406,0.12838915571849938,0.8267724449304006,0,0,1,0
39500.0,-1.0462079902662127,0.0,-0.014500923729921091,-0.22568026175174685,0,-0.550377504558771,-0.9071017708421057,0.12838915571849938,-0.7366616996686791,0,0,1,0
46500.0,1.6772836710905132,0.0,-0.014457960998823774,1.2657299704527087,0,-0.8308502844131853,-0.6808932935519518,0.645607861430407,0.05459618688507055,1,0,0,0
94500.0,-0.7407696731047106,1.0,-0.014479442364372434,-0.8648560755536564,0,0.20822882888366445,0.1714235032256855,1.7487897039120293,0.1958946560591678,0,0,1,0
98000.0,0.4046240162509218,1.0,-0.014479442364372434,-0.4387388663523834,0,0.271697884669685,-0.32036319269464486,1.7487897039120293,0.27267559763416027,0,0,1,0
42700.0,-0.30806539045924947,0.0,-0.01451166441269542,-0.012621657151110341,0,-0.26651970839576883,-0.14125162852066492,-1.1334252924124224,-0.29557960484411366,0,0,1,0
36000.0,0.9645942643803421,0.0,-0.014490183047146762,1.6918471796539818,0,-0.7593504501399541,1.2004690324034661,-0.9346187243669639,-0.8053813672353819,0,0,1,0
83000.0,-1.0080282006210248,1.0,-0.014500923729921091,-1.077914680154293,0,0.501395419895283,-0.32372425172264196,1.7487897039120293,-0.06642182508953866,0,0,1,0
45000.0,-0.35897177665283314,0.0,-0.014500923729921091,-0.6517974709530199,0,-0.41739472100710895,-0.5342239031937968,1.7487897039120293,-0.569771078435258,0,0,1,0
96000.0,0.073732505992628,1.0,-0.014479442364372434,0.4134955520501627,0,0.23542985279195897,0.7168979404301677,1.7487897039120293,0.5762839065925054,1,0,0,0
192000.0,0.4809835955412973,1.0,-0.014361294853854813,-0.012621657151110341,0,-0.03944365196554335,2.6714025272308954,1.7487897039120293,3.1663349296809935,1,0,0,0
289500.0,-1.2371069384921514,1.0,-0.014468701681598103,-1.2909732847549296,0,3.161051090928523,2.413559718457235,1.7487897039120293,3.590713937960264,0,1,0,0
73000.0,-0.7407696731047106,1.0,-0.014500923729921091,-1.2909732847549296,0,0.25960854071044287,-0.07526237887860447,-0.9346187243669639,-0.11818469156835369,0,0,1,0
265000.0,-0.7407696731047106,1.0,-0.014479442364372434,-0.6517974709530199,0,3.3000785464598055,2.6714025272308954,1.7487897039120293,1.4957457867124955,1,0,0,0
147000.0,-0.9698484109758371,1.0,-0.014468701681598103,-1.2909732847549296,0,0.864075738672543,0.5199635555482692,1.7487897039120293,0.22122644167615824,0,0,0,1
39500.0,-0.06626005603972708,1.0,-0.014490183047146762,0.20043694744952617,0,-0.686814386384502,-0.7092948551838962,-0.9346187243669639,-0.7386518926384681,0,0,1,0
83000.0,-0.9062154282338575,1.0,-0.014500923729921091,-1.2909732847549296,0,0.501395419895283,0.7168979404301677,-1.1334252924124224,-0.2897875185777773,0,0,1,0
42000.0,-0.23170581116887398,0.0,-0.014500923729921091,-0.4387388663523834,0,-0.48993078476256097,-0.8194871463930152,1.7487897039120293,-0.7288080233753417,0,0,1,0
215000.0,-0.078986652588123,1.0,-0.0143935169021778,-0.4387388663523834,0,0.44397103608888344,2.413559718457235,1.7487897039120293,3.590713937960264,0,0,1,0
79000.0,0.20099847147658714,0.0,-0.014468701681598103,-0.012621657151110341,0,-0.23202478029873172,1.61783723340406,-0.9346187243669639,0.4451786460753563,0,0,1,0
67000.0,0.6464293506704443,1.0,-0.014490183047146762,0.4134955520501627,0,-0.11688817116309368,1.2004690324034661,0.12838915571849938,-0.0771632573576179,0,0,1,0
123000.0,0.6591559472188401,1.0,-0.014479442364372434,-0.4387388663523834,0,0.7250482831412599,0.7168979404301677,0.12838915571849938,0.7777888788965621,0,0,1,0
118000.0,-0.23170581116887398,1.0,-0.014468701681598103,0.20043694744952617,0,0.3966211055818523,1.61783723340406,0.12838915571849938,0.8267724449304006,0,0,1,0
49500.0,0.41735061279931773,0.0,-0.014479442364372434,-0.012621657151110341,0,-0.6078018883651705,-0.958293484507613,1.7487897039120293,-0.3110906155234552,0,0,1,0
77000.0,0.08645910254102392,1.0,-0.014479442364372434,-0.6517974709530199,0,-0.109116450046438,0.11004421352280759,1.7487897039120293,0.17671313981439438,0,0,1,0
45000.0,-0.11716644223331074,0.0,-0.014500923729921091,-0.6517974709530199,0,-0.41739472100710895,-0.5342239031937968,1.7487897039120293,-0.569771078435258,0,0,1,0
38000.0,-1.1034776747339943,0.0,-0.01451166441269542,-0.8648560755536564,0,-0.40288750825601854,-0.8102427462111627,0.12838915571849938,-1.0150918929746795,0,0,1,0
48000.0,0.6464293506704443,1.0,-0.014468701681598103,0.6265541566507993,0,-0.731717663947401,-0.6773632585629926,0.12838915571849938,-0.6158023478212081,0,0,1,0
52000.0,-0.6007771110723555,0.0,-0.014490183047146762,-0.012621657151110341,0,-0.4277570158293164,-0.6696563497873814,1.7487897039120293,-0.42529043165010694,0,0,1,0
38500.0,-0.8553090420402739,0.0,-0.014500923729921091,-0.012621657151110341,0,-0.5745561924772549,-1.100277399583882,-0.9346187243669639,-0.44705738635186004,0,0,1,0
105500.0,-0.8743989368628677,1.0,-0.014490183047146762,-0.6517974709530199,0,0.6810085301468782,1.61783723340406,0.12838915571849938,0.9739671679738876,0,0,1,0
56000.0,-0.5753239179755637,1.0,-0.014479442364372434,-0.012621657151110341,0,-0.48993078476256097,-0.6696563497873814,1.7487897039120293,-0.42529043165010694,0,0,1,0
69000.0,0.8755080885415707,1.0,-0.014479442364372434,0.4134955520501627,0,-0.254188577557342,0.11004421352280759,1.7487897039120293,0.17671313981439438,0,0,1,0
52000.0,-0.48623774213679233,1.0,-0.014500923729921091,-0.8648560755536564,0,-0.24814390557772106,-0.8194871463930152,1.7487897039120293,-0.4945066806241072,0,0,1,0
96500.0,0.6973357368640278,1.0,-0.014447220316049445,0.4134955520501627,0,-0.23275746781141307,1.2004690324034661,1.7487897039120293,1.1068160293138378,0,0,1,0
33500.0,-0.3971515662980209,0.0,-0.01451166441269542,-0.012621657151110341,0,-0.5334524230158322,-0.8102427462111627,-1.1334252924124224,-0.8015849257249965,0,0,1,0
115000.0,-0.2571590042656658,1.0,-0.014500923729921091,-0.22568026175174685,0,1.275113433286771,1.61783723340406,-0.9346187243669639,0.4451786460753563,1,0,0,0
64500.0,-0.16807282842689442,1.0,-0.014500923729921091,0.20043694744952617,0,0.05408969340332898,-0.7107256994550611,1.7487897039120293,-0.3501135696059757,0,0,1,0
91500.0,0.073732505992628,1.0,-0.014457960998823774,0.8396127612514358,0,-0.1780257106141174,1.61783723340406,1.374316969122095,0.2496291481696175,0,0,1,0
68000.0,-0.8553090420402739,0.0,-0.014500923729921091,-0.8648560755536564,0,0.13871510111802307,-0.32372425172264196,1.7487897039120293,-0.06642182508953866,0,0,1,0
56500.0,0.2646314542185667,0.0,-0.014479442364372434,0.20043694744952617,0,-0.48086377679312947,-0.7092948551838962,1.7487897039120293,-0.17598529481347577,0,0,1,0
69500.0,-0.6962265851853249,1.0,-0.014490183047146762,-0.8648560755536564,0,-0.06507669705205632,-0.24807192448694768,1.7487897039120293,-0.318855491726885,0,0,1,0
74000.0,0.33462773523474426,1.0,-0.014490183047146762,0.20043694744952617,0,0.0281839563478103,1.2004690324034661,0.12838915571849938,0.7332252156866398,0,0,1,0
72000.0,-0.05353345949133116,1.0,-0.014490183047146762,-0.6517974709530199,0,-0.013265222941019221,-0.14125162852066492,-0.9346187243669639,-0.09855050083501002,0,0,1,0
35500.0,-0.9507585161532432,0.0,-0.014522405095469749,-0.4387388663523834,0,-0.217920545679616,-0.8102427462111627,-1.1334252924124224,-0.8015849257249965,0,0,1,0
350000.0,-0.689863286911127,1.0,-0.014103518467270915,0.20043694744952617,0,-0.324616034808275,2.6714025272308954,1.7487897039120293,5.359754523034528,0,0,1,0
235000.0,-0.8171292523950862,1.0,-0.014404257584952129,-0.8648560755536564,0,0.7673609869986068,0.7168979404301677,1.374316969122095,3.1018225887000073,0,0,1,0
140000.0,-0.1553462318784985,1.0,-0.014479442364372434,-0.6517974709530199,0,1.033326554101931,0.7168979404301677,0.12838915571849938,0.7777888788965621,0,0,1,0
95000.0,-0.5753239179755637,1.0,-0.014447220316049445,-0.6517974709530199,0,-0.25254003065380903,0.11004421352280759,1.7487897039120293,0.17671313981439438,0,0,1,0
99000.0,0.04827931289583617,1.0,-0.014447220316049445,-0.6517974709530199,0,-0.19978652974075298,0.3664142374090258,1.7487897039120293,0.4021213628652534,0,0,1,0
69000.0,0.671882543767236,1.0,-0.014457960998823774,-0.4387388663523834,0,-0.5044379975136514,0.3664142374090258,0.12838915571849938,-0.18363199401283248,0,0,1,0
162000.0,-0.7280430765563147,1.0,-0.014479442364372434,-0.6517974709530199,0,1.4322749047569168,1.61783723340406,0.12838915571849938,1.1788691035843615,0,0,0,1
160000.0,-0.6262303041691474,1.0,-0.014339813488306156,0.20043694744952617,0,-0.4001242296367632,-0.7092948551838962,-0.16392578415542897,1.6047155452825528,0,0,1,0
73500.0,-1.0525712885404106,1.0,-0.014490183047146762,-0.8648560755536564,0,0.017821661525602984,-0.24807192448694768,1.7487897039120293,-0.318855491726885,0,0,1,0
57000.0,0.6846091403156319,0.0,-0.014500923729921091,0.4134955520501627,0,-0.127250465985301,0.7168979404301677,-0.9346187243669639,0.4086660931097012,0,0,1,0
114000.0,-0.8807622351370658,1.0,-0.014479442364372434,-0.6517974709530199,0,0.5618421396914929,1.61783723340406,-0.9346187243669639,0.4451786460753563,0,0,0,1
132000.0,-0.8680356385886698,1.0,-0.014490183047146762,-0.012621657151110341,0,1.2302101557238723,1.2004690324034661,1.7487897039120293,1.112224594387849,0,0,1,0
77500.0,-0.35897177665283314,1.0,-0.014457960998823774,-0.6517974709530199,0,-0.38112668912938297,-0.24807192448694768,1.7487897039120293,0.08879240241231086,0,0,1,0
197000.0,-0.7662228662015025,1.0,-0.014468701681598103,-0.8648560755536564,0,1.6700320026220097,1.61783723340406,0.12838915571849938,0.8558122807230648,0,0,0,1
130000.0,-1.0971143764597964,1.0,-0.014479442364372434,-1.2909732847549296,0,0.8519863947133008,-0.07526237887860447,0.12838915571849938,0.7980775426543507,0,0,1,0
62000.0,-0.078986652588123,1.0,-0.014468701681598103,0.20043694744952617,0,-0.5060499100415503,-0.24807192448694768,1.7487897039120293,-0.37997390134626924,0,0,1,0
51000.0,-0.3207919870076454,0.0,-0.01451166441269542,-0.8648560755536564,0,-0.02569997672766821,-0.32036319269464486,0.12838915571849938,-0.544682945831541,0,0,1,0
54000.0,-0.06626005603972708,0.0,-0.01451166441269542,-0.8648560755536564,0,0.06134329977887418,-0.32036319269464486,0.12838915571849938,-0.544682945831541,0,0,1,0
46000.0,-0.10443984568491482,0.0,-0.014490183047146762,-0.4387388663523834,0,-0.5521045536958055,-0.9345511308118133,-0.9346187243669639,-0.6861294929918105,0,0,1,0
78000.0,2.46633265709106,0.0,-0.014490183047146762,-0.012621657151110341,0,0.11108231492546987,-0.9345511308118133,-0.13969362055378792,-0.3014371384128946,1,0,0,0
90000.0,1.0409538436707175,1.0,-0.014479442364372434,0.6265541566507993,0,0.12662575715878097,2.6714025272308954,1.7487897039120293,0.9420616080322042,1,0,0,0
48500.0,-0.20625261807208214,0.0,-0.014522405095469749,-0.8648560755536564,0,0.253563868730822,-0.32036319269464486,-1.1334252924124224,-0.677508791536798,0,0,1,0
69500.0,0.3918974197025259,0.0,-0.01451166441269542,-0.6517974709530199,0,0.5110668950626766,-0.32036319269464486,-0.9346187243669639,0.3028550113639118,0,0,1,0
35000.0,1.0664070367675094,0.0,-0.01451166441269542,2.3310229934558913,0,-0.48993078476256097,-0.32036319269464486,-0.9346187243669639,-0.8765553086437526,0,0,1,0
90000.0,1.1936730022514686,1.0,-0.014490183047146762,0.6265541566507993,0,0.35977739065844805,1.2004690324034661,0.12838915571849938,0.25486493236517593,0,0,1,0
68000.0,1.0664070367675094,1.0,-0.014457960998823774,1.6918471796539818,0,-0.5189452102647417,1.61783723340406,0.12838915571849938,0.8267724449304006,1,0,0,0
95000.0,0.30281124386375446,1.0,-0.014447220316049445,-0.22568026175174685,0,-0.25254003065380903,0.11004421352280759,1.7487897039120293,0.17671313981439438,0,0,1,0
90000.0,-0.9698484109758371,1.0,-0.014500923729921091,-0.6517974709530199,0,0.6706462353246709,0.5199635555482692,1.7487897039120293,0.18002307870043238,0,0,1,0
54000.0,0.9391410712835503,1.0,-0.014490183047146762,0.6265541566507993,0,-0.3863078365404866,1.2004690324034661,0.12838915571849938,-0.0771632573576179,0,0,1,0
28500.0,1.1936730022514686,0.0,-0.01451166441269542,1.2657299704527087,0,-0.6785245505267361,-0.7092948551838962,-1.1334252924124224,-0.8699883990356986,0,0,1,0
105000.0,-0.842582445491878,1.0,-0.014479442364372434,-0.8648560755536564,0,0.39863599624172597,0.1714235032256855,1.7487897039120293,0.1958946560591678,0,0,1,0
70000.0,1.8300028296712643,1.0,-0.0143935169021778,1.6918471796539818,0,-0.8707451194786839,1.2004690324034661,1.7487897039120293,1.3936479948991085,1,0,0,0
39000.0,0.9391410712835503,0.0,-0.01451166441269542,0.8396127612514358,0,-0.3738730827538378,-1.1381312347207264,-1.1334252924124224,-0.6895396419086542,0,0,1,0
180000.0,-0.7153164800079188,1.0,-0.014447220316049445,-1.077914680154293,0,0.868471863748631,0.5199635555482692,0.645607861430407,2.0219420983661056,1,0,0,0
62000.0,0.30281124386375446,1.0,-0.014500923729921091,-0.012621657151110341,0,-0.006357026392880924,-0.32036319269464486,-0.9346187243669639,-0.27162723695701885,0,0,1,0
38000.0,1.1936730022514686,0.0,-0.014490183047146762,1.6918471796539818,0,-0.7179012708511243,1.2004690324034661,-0.9346187243669639,-0.026885704658305653,0,0,1,0
40000.0,1.1936730022514686,0.0,-0.014490183047146762,1.0526713658520723,0,-0.6764520915622946,0.7168979404301677,0.12838915571849938,-0.5254071569925362,0,0,1,0
145000.0,-0.4607845490400005,1.0,-0.014479442364372434,-0.4387388663523834,0,1.123996633796246,1.2004690324034661,1.7487897039120293,1.112224594387849,1,0,0,0
78000.0,0.43007720934771365,1.0,-0.014468701681598103,-0.8648560755536564,0,-0.24814390557772106,-0.8102427462111627,1.7487897039120293,-0.1688273628391848,0,0,1,0
65000.0,0.5573431748316728,0.0,-0.014479442364372434,1.4787885750533454,0,-0.326724641312794,-0.1174694926053072,0.645607861430407,0.5002923165319717,1,0,0,0
59000.0,0.8118751057995911,1.0,-0.014447220316049445,1.0526713658520723,0,-0.7273215388713129,1.61783723340406,0.12838915571849938,0.8267724449304006,0,0,1,0
78000.0,-0.078986652588123,1.0,-0.014468701681598103,-0.012621657151110341,0,-0.24814390557772106,-0.14125162852066492,0.12838915571849938,-0.5462100495552455,0,0,1,0
185000.0,-0.842582445491878,1.0,-0.0143935169021778,0.4134955520501627,0,0.17196079700593847,2.6714025272308954,1.7487897039120293,0.9420616080322042,0,0,1,0
85000.0,0.9391410712835503,0.0,-0.014490183047146762,0.6265541566507993,0,0.25615444243637386,-0.7092948551838962,0.645607861430407,0.36808876559412446,1,0,0,0
75000.0,1.1936730022514686,0.0,-0.014457960998823774,1.0526713658520723,0,-0.41739472100710895,1.2004690324034661,1.7487897039120293,1.128586419998969,1,0,0,0
185000.0,-0.7153164800079188,1.0,-0.014339813488306156,-0.012621657151110341,0,-0.22741931593330617,-0.7092948551838962,-0.16392578415542897,1.6047155452825528,0,0,1,0
220000.0,-0.7153164800079188,1.0,-0.014296850757208839,0.6265541566507993,0,-0.22880095524293378,2.6714025272308954,1.7487897039120293,1.4957457867124955,0,0,1,0
68000.0,1.1936730022514686,1.0,-0.014457960998823774,1.0526713658520723,0,-0.5189452102647417,0.7168979404301677,1.7487897039120293,0.3604595735481716,0,0,1,0
250000.0,-1.1225675695565882,1.0,-0.014404257584952129,-0.6517974709530199,0,0.912433114509511,1.2004690324034661,1.7487897039120293,1.128586419998969,0,0,1,0
115000.0,-1.1225675695565882,1.0,-0.014490183047146762,-1.077914680154293,0,0.8778921317688193,0.3664142374090258,1.7487897039120293,-0.08382485778500227,0,0,1,0
50000.0,0.6846091403156319,0.0,-0.014500923729921091,0.8396127612514358,0,-0.2965012814146889,-0.9345511308118133,-0.13969362055378792,-0.3014371384128946,1,0,0,0
85000.0,-0.6007771110723555,1.0,-0.014479442364372434,-0.8648560755536564,0,0.035955677464465985,-0.07526237887860447,0.12838915571849938,-0.19803040055061802,0,0,1,0
124000.0,-0.3462451801044372,1.0,-0.014490183047146762,-0.22568026175174685,0,1.064413438568553,1.2004690324034661,1.7487897039120293,1.112224594387849,0,0,1,0
100000.0,1.8936358124132437,1.0,-0.014479442364372434,0.20043694744952617,0,0.30796591654741096,1.61783723340406,1.374316969122095,0.3726700767652379,0,0,1,0
230000.0,-0.9443952178790452,1.0,-0.014372035536629142,0.20043694744952617,0,0.34826372974488423,0.5199635555482692,1.7487897039120293,3.0036516350332887,0,0,1,0
67000.0,2.4281528674458723,0.0,-0.014479442364372434,0.8396127612514358,0,-0.29045660943506796,0.8002264370753965,0.645607861430407,0.5624672538542267,1,0,0,0
34000.0,0.17554527837979533,1.0,-0.014490183047146762,0.8396127612514358,0,-0.8007996294287838,-0.8102427462111627,0.12838915571849938,-0.6123936341522249,0,0,1,0
114990.0,-1.1212949099017484,1.0,-0.014490183047146762,-1.2909732847549296,0,0.8776848858723755,-0.8102427462111627,-0.9346187243669639,0.7848899112117881,0,0,0,1
35000.0,-0.3335185835560413,0.0,-0.014522405095469749,0.20043694744952617,0,-0.236054561618479,0.5199635555482692,-1.1334252924124224,-0.6362252624558057,0,0,1,0
43000.0,1.5500177056065543,0.0,-0.014500923729921091,0.4134955520501627,0,-0.4657520968440769,-0.32372425172264196,-0.9346187243669639,-0.6438901484536302,0,0,1,0
40500.0,0.2773580507669626,0.0,-0.01451166441269542,0.4134955520501627,0,-0.3303514445005666,-0.8102427462111627,1.7487897039120293,-0.44241729846874356,0,0,1,0
93000.0,-0.3335185835560413,1.0,-0.014479442364372434,-0.8648560755536564,0,0.18102780497536997,0.11004421352280759,1.7487897039120293,0.38248717213190975,0,0,0,1
155000.0,0.30281124386375446,1.0,-0.014479442364372434,-0.6517974709530199,0,1.3053367931848758,1.61783723340406,0.12838915571849938,0.8267724449304006,1,0,0,0
58000.0,-0.677136690362731,0.0,-0.01451166441269542,-0.8648560755536564,0,0.17740100178759738,-0.32036319269464486,0.12838915571849938,-0.544682945831541,0,0,1,0
67000.0,-0.42260475939481273,0.0,-0.01451166441269542,-0.6517974709530199,0,0.43853083130722453,0.11004421352280759,1.7487897039120293,-0.08452607888262177,0,0,1,0
44500.0,-0.4735111455883964,1.0,-0.014522405095469749,-0.6517974709530199,0,0.10849174121991798,-1.100277399583882,-1.1334252924124224,-0.7007311306266601,0,0,1,0
24000.0,1.5754708987033461,0.0,-0.01451166441269542,0.6265541566507993,0,-0.8090894652865497,-0.8102427462111627,-1.1334252924124224,-0.8015849257249965,0,0,1,0
22000.0,1.702736864187305,1.0,-0.01451166441269542,2.117964388855255,0,-0.8671183162909113,-0.32036319269464486,-1.1334252924124224,-0.677508791536798,0,0,1,0
119000.0,-0.9443952178790452,0.0,-0.014479442364372434,0.8396127612514358,0,0.652512219385808,0.7168979404301677,1.7487897039120293,0.5762839065925054,1,0,0,0
134500.0,0.29008464731535855,1.0,-0.014457960998823774,-0.22568026175174685,0,0.4457844376827697,1.2004690324034661,0.12838915571849938,1.1296197984586185,0,0,1,0
77000.0,2.4154262708974765,1.0,-0.014479442364372434,0.6265541566507993,0,-0.109116450046438,1.61783723340406,0.12838915571849938,0.8558122807230648,0,0,1,0
86000.0,-0.8731262772080282,0.0,-0.01451166441269542,-1.077914680154293,0,0.9898049158486597,-0.32036319269464486,-1.1334252924124224,-0.677508791536798,0,0,1,0
21800.0,0.30281124386375446,0.0,-0.01451166441269542,-0.012621657151110341,0,-0.8729212013913474,-0.8194871463930152,-1.1334252924124224,-1.057680718158848,0,0,1,0
85000.0,-0.02808026639453933,1.0,-0.014479442364372434,0.20043694744952617,0,0.035955677464465985,0.7168979404301677,1.7487897039120293,0.3604595735481716,0,0,1,0
70000.0,2.46633265709106,1.0,-0.014468701681598103,1.2657299704527087,0,-0.3770969078096357,1.61783723340406,0.12838915571849938,0.8558122807230648,0,0,1,0
48000.0,0.35371763005733814,0.0,-0.014490183047146762,-0.012621657151110341,0,-0.5106553744069758,-0.24807192448694768,1.7487897039120293,-0.318855491726885,0,0,1,0
33000.0,-1.288013324685735,0.0,-0.014522405095469749,-1.2909732847549296,0,-0.30859062537393095,-0.9345511308118133,1.7487897039120293,-0.8397412010187333,0,0,1,0
118000.0,-0.5116909352335841,1.0,-0.014457960998823774,-0.8648560755536564,0,0.20641542728977816,0.11004421352280759,1.7487897039120293,0.17671313981439438,0,0,1,0
71000.0,-0.8171292523950862,0.0,-0.014490183047146762,-1.077914680154293,0,-0.03398981258543411,-0.7092948551838962,1.7487897039120293,-0.33774114206297895,0,0,1,0
232000.0,-0.6516834972659392,1.0,-0.014436479633275117,-0.6517974709530199,0,1.2992921212052546,1.61783723340406,1.7487897039120293,2.9642897574202522,0,0,0,1
135000.0,1.0027740540255299,1.0,-0.014425738950500788,0.6265541566507993,0,0.001082569889729469,1.2004690324034661,1.7487897039120293,1.3936479948991085,1,0,0,0
260000.0,-0.3335185835560413,1.0,-0.014404257584952129,-0.4387388663523834,0,1.0091478661834468,2.413559718457235,1.7487897039120293,3.590713937960264,0,0,1,0
85000.0,0.8755080885415707,1.0,-0.014457960998823774,0.6265541566507993,0,-0.27232259349620497,1.2004690324034661,0.12838915571849938,0.7332252156866398,0,0,1,0
75000.0,-1.1225675695565882,0.0,-0.01451166441269542,-1.2909732847549296,0,0.6706462353246709,0.11004421352280759,1.7487897039120293,-0.08452607888262177,0,0,1,0
55000.0,0.43007720934771365,0.0,-0.01451166441269542,-0.4387388663523834,0,0.09035772528105497,0.11004421352280759,-1.1334252924124224,-0.4082097375437444,0,0,1,0
25500.0,0.7100623334124238,0.0,-0.01451166441269542,1.0526713658520723,0,-0.7655678270332785,-0.32036319269464486,-1.1334252924124224,-0.677508791536798,0,0,1,0
53500.0,-0.3335185835560413,0.0,-0.014490183047146762,-0.4387388663523834,0,-0.3966701313626941,-0.24807192448694768,1.7487897039120293,-0.318855491726885,0,0,1,0
38000.0,0.6464293506704443,0.0,-0.01451166441269542,0.4134955520501627,0,-0.40288750825601854,0.11004421352280759,0.12838915571849938,-0.5854784310219329,0,0,1,0
27900.0,0.2773580507669626,0.0,-0.01451166441269542,-0.012621657151110341,0,-0.6959332058280446,-0.8102427462111627,0.12838915571849938,-1.0150918929746795,0,0,1,0
30000.0,-0.6135037076207515,0.0,-0.01451166441269542,-0.4387388663523834,0,-0.635002912273465,-1.3420330208418312,1.7487897039120293,-0.91693926912938,0,0,1,0
59000.0,1.1809464057030727,1.0,-0.014447220316049445,1.9049057842546184,0,-0.7273215388713129,2.6714025272308954,1.7487897039120293,-0.3537949803684777,1,0,0,0
55000.0,0.49371019208969324,1.0,-0.014490183047146762,-0.6517974709530199,0,-0.36558324689607186,-0.24807192448694768,1.7487897039120293,-0.318855491726885,0,0,1,0
65000.0,1.130040019509489,1.0,-0.014490183047146762,0.6265541566507993,0,-0.1583373504519232,1.2004690324034661,0.12838915571849938,-0.0771632573576179,0,0,1,0
58000.0,1.0664070367675094,0.0,-0.014490183047146762,0.4134955520501627,0,-0.3034094779628272,1.61783723340406,-0.13969362055378792,0.21854167950849016,0,0,1,0
129000.0,0.30281124386375446,1.0,-0.014457960998823774,-0.4387388663523834,0,0.3659947675517725,1.2004690324034661,0.12838915571849938,-0.0771632573576179,0,0,1,0
112000.0,-0.9189420247822534,1.0,-0.014479442364372434,-0.6517974709530199,0,0.5255741078137669,-0.32372425172264196,1.7487897039120293,0.42035311140335835,0,0,1,0
76000.0,-0.3335185835560413,1.0,-0.014468701681598103,-0.6517974709530199,0,-0.2803821561356995,0.1714235032256855,1.7487897039120293,0.068732804213078,0,0,1,0
81000.0,-0.29533879391085355,1.0,-0.014479442364372434,-0.6517974709530199,0,-0.036580386290986006,-0.32372425172264196,-0.9346187243669639,-0.31092699726734396,0,0,1,0
38500.0,1.0282272471223217,0.0,-0.01451166441269542,0.6265541566507993,0,-0.38838029550492814,-1.1381312347207264,-0.13969362055378792,-0.7156250667400966,0,0,1,0
54000.0,0.17554527837979533,0.0,-0.01451166441269542,-0.4387388663523834,0,0.06134329977887418,0.11004421352280759,-1.1334252924124224,-0.4082097375437444,0,0,1,0
102000.0,-0.23170581116887398,1.0,-0.014479442364372434,-0.6517974709530199,0,0.34423394842513694,-0.32036319269464486,0.12838915571849938,-0.21518594876585154,0,0,0,1
83500.0,-0.14261963533010258,0.0,-0.014500923729921091,-1.077914680154293,0,0.5134847638545248,-0.32036319269464486,1.7487897039120293,0.12135243537843901,0,0,1,0
78000.0,-0.3462451801044372,0.0,-0.01451166441269542,-0.6517974709530199,0,0.7576895118312132,-0.32036319269464486,-0.9346187243669639,0.3028550113639118,0,0,1,0
72000.0,-0.42260475939481273,0.0,-0.014500923729921091,-0.6517974709530199,0,0.23542985279195897,-0.8102427462111627,0.645607861430407,0.14098662611178267,1,0,0,0
39500.0,0.09918569908941983,0.0,-0.014500923729921091,-0.6517974709530199,0,-0.550377504558771,-0.8102427462111627,-0.9346187243669639,-0.599331507536703,0,0,1,0
109000.0,-0.9443952178790452,1.0,-0.014468701681598103,-0.22568026175174685,0,0.25154897807094834,1.61783723340406,-0.9346187243669639,0.4451786460753563,0,0,1,0
49000.0,0.35371763005733814,1.0,-0.014500923729921091,0.4134955520501627,0,-0.32067996933317294,-0.6808932935519518,1.7487897039120293,-0.2790448113622479,0,0,1,0
79500.0,0.3282644369605463,0.0,-0.014479442364372434,0.4134955520501627,0,-0.0637814101992805,2.6714025272308954,1.7487897039120293,0.9420616080322042,1,0,0,0
138000.0,-1.0589345868146085,1.0,-0.014479442364372434,-1.077914680154293,0,0.9970585222242049,-0.32036319269464486,-0.9346187243669639,0.3028550113639118,0,0,0,1
156000.0,-0.5753239179755637,1.0,-0.014479442364372434,-0.6517974709530199,0,1.3234708091237388,1.61783723340406,1.7487897039120293,1.240064991829398,0,0,0,1
123000.0,0.5827963679284647,1.0,-0.014425738950500788,0.6265541566507993,0,-0.13283016319725893,1.2004690324034661,1.7487897039120293,1.3936479948991085,1,0,0,0
77000.0,1.5245645125097624,1.0,-0.014457960998823774,-0.012621657151110341,0,-0.38838029550492814,0.11004421352280759,1.7487897039120293,0.17671313981439438,1,0,0,0
48000.0,1.448204933219387,0.0,-0.01451166441269542,0.8396127612514358,0,-0.1127432532342106,-0.32036319269464486,-0.9346187243669639,-0.27162723695701885,1,0,0,0
39500.0,-0.37169837320122906,0.0,-0.01451166441269542,-0.22568026175174685,0,-0.3593658700027474,-0.9345511308118133,-1.1334252924124224,-0.7674136132819462,0,0,1,0
72000.0,-0.44805795249160457,1.0,-0.014468701681598103,0.6265541566507993,0,-0.344858657251657,-0.32036319269464486,1.7487897039120293,0.27267559763416027,0,0,1,0
50000.0,1.4609315297677827,1.0,-0.014404257584952129,1.0526713658520723,0,-1.0218619189692089,1.61783723340406,0.12838915571849938,0.8267724449304006,0,0,1,0
32000.0,1.435478336670991,0.0,-0.014490183047146762,1.4787885750533454,0,-0.8422488087176134,-0.32036319269464486,0.12838915571849938,-0.7466237140621923,0,0,1,0
50000.0,-0.4098781628464168,1.0,-0.01451166441269542,-0.6517974709530199,0,-0.054714402229849,-0.14125162852066492,-1.1334252924124224,-0.6934664800553231,0,0,1,0
37500.0,0.37917082315413,0.0,-0.01451166441269542,-0.8648560755536564,0,-0.41739472100710895,-0.7107256994550611,-1.1334252924124224,-0.7430231774662824,0,0,1,0
32000.0,0.30281124386375446,0.0,-0.014500923729921091,-0.22568026175174685,0,-0.731717663947401,-0.8194871463930152,0.12838915571849938,-0.8839181301687565,0,0,1,0
41000.0,-0.6007771110723555,0.0,-0.014522405095469749,-0.8648560755536564,0,-0.01844637035212301,0.11004421352280759,-1.1334252924124224,-0.6599620002908548,0,0,1,0
33000.0,-0.3207919870076454,0.0,-0.014522405095469749,-0.22568026175174685,0,-0.30859062537393095,-0.6547472531184948,-1.1334252924124224,-0.8428143786987349,0,0,1,0
80000.0,-0.8860819524942952,1.0,-0.014490183047146762,-1.504031889355566,0,0.15253149421429965,-0.8194871463930152,0.12838915571849938,-0.5619174021419204,0,0,1,0
49000.0,-0.07262335431392504,0.0,-0.01451166441269542,-0.6517974709530199,0,-0.0837288277320298,-0.14125162852066492,-1.1334252924124224,-0.29557960484411366,0,0,1,0
95000.0,0.08645910254102392,1.0,-0.014457960998823774,0.4134955520501627,0,-0.127250465985301,0.11004421352280759,1.7487897039120293,0.17671313981439438,1,0,0,0
49800.0,-0.6262303041691474,1.0,-0.01451166441269542,-0.6517974709530199,0,-0.06051728733028516,-0.14125162852066492,-1.1334252924124224,-0.6934664800553231,0,0,1,0
25000.0,1.1936730022514686,0.0,-0.014500923729921091,0.8396127612514358,0,-0.9009684793767888,-0.6547472531184948,-0.9346187243669639,-0.829456299716328,0,0,1,0
91000.0,-0.6644100938143351,1.0,-0.014500923729921091,-0.8648560755536564,0,0.6948249232431548,0.5199635555482692,1.7487897039120293,0.18002307870043238,0,0,1,0
42500.0,1.3972985470258033,1.0,-0.014457960998823774,2.3310229934558913,0,-0.8888791354175469,1.2004690324034661,0.12838915571849938,1.1296197984586185,1,0,0,0
56000.0,0.5573431748316728,0.0,-0.014490183047146762,0.20043694744952617,0,-0.344858657251657,1.2004690324034661,-0.9346187243669639,-0.026885704658305653,0,0,1,0
155000.0,-0.8044026558466902,1.0,-0.014479442364372434,-0.6517974709530199,0,1.3053367931848758,1.61783723340406,-0.13969362055378792,0.21854167950849016,0,0,0,1
89000.0,-0.52441753178198,1.0,-0.014479442364372434,-0.8648560755536564,0,0.10849174121991798,0.1714235032256855,1.7487897039120293,0.1958946560591678,0,0,1,0
52000.0,-0.9863929864887518,0.0,-0.014522405095469749,-0.6517974709530199,0,0.3805019803028629,-0.32372425172264196,-1.1334252924124224,-0.557862186594303,0,0,1,0
80000.0,-0.52441753178198,1.0,-0.014468701681598103,-0.8648560755536564,0,-0.21590565501974235,-0.24807192448694768,1.7487897039120293,0.08879240241231086,0,0,1,0
112000.0,-1.1862005522985677,1.0,-0.014490183047146762,-1.2909732847549296,0,0.8157183628355749,0.1714235032256855,0.645607861430407,0.778443351921007,1,0,0,0
62000.0,2.440879463994268,1.0,-0.014447220316049445,0.8396127612514358,0,-0.687756413186521,0.11004421352280759,1.7487897039120293,0.17671313981439438,1,0,0,0
62000.0,-0.04080686294293525,0.0,-0.014500923729921091,-0.4387388663523834,0,-0.006357026392880924,-0.32372425172264196,-0.9346187243669639,-0.31092699726734396,0,0,1,0
46000.0,-0.7280430765563147,0.0,-0.01451166441269542,-0.6517974709530199,0,-0.1707721042385722,-0.8102427462111627,-1.1334252924124224,-0.8015849257249965,0,0,1,0
60000.0,-0.3335185835560413,0.0,-0.01451166441269542,0.4134955520501627,0,0.23542985279195897,-0.32036319269464486,-0.9346187243669639,-0.27162723695701885,0,0,1,0
229000.0,-0.9316686213306493,1.0,-0.0143935169021778,-0.6517974709530199,0,0.5709091476609244,1.61783723340406,1.7487897039120293,2.9642897574202522,0,0,0,1
55000.0,0.6209761575736524,0.0,-0.01451166441269542,-0.8648560755536564,0,0.09035772528105497,-0.6547472531184948,-1.164846784639172,-0.38651863159071703,1,0,0,0
175000.0,-1.275286728137339,1.0,-0.014490183047146762,-1.504031889355566,0,2.1213675104337106,1.61783723340406,1.7487897039120293,2.0219420983661056,0,1,0,0
195000.0,-0.6389569007175433,1.0,-0.014447220316049445,-0.22568026175174685,0,1.066297492172591,1.2004690324034661,1.7487897039120293,1.128586419998969,1,0,0,0
60000.0,0.8627814919931748,1.0,-0.014490183047146762,1.0526713658520723,0,-0.26196029867399767,1.2004690324034661,0.12838915571849938,-0.0771632573576179,0,0,1,0
55000.0,-0.19352602152368623,0.0,-0.014490183047146762,-0.22568026175174685,0,-0.36558324689607186,-0.9345511308118133,1.7487897039120293,-0.06772482138366047,0,0,1,0
52000.0,-0.42260475939481273,0.0,-0.01451166441269542,-0.22568026175174685,0,0.0033144487745125867,0.11004421352280759,-1.1334252924124224,-0.4082097375437444,0,0,1,0
73000.0,0.6846091403156319,1.0,-0.014479442364372434,-0.22568026175174685,0,-0.18165251380189,0.7168979404301677,0.12838915571849938,-0.5254071569925362,0,0,1,0
95000.0,0.6846091403156319,1.0,-0.014479442364372434,-0.6517974709530199,0,0.21729583685309595,0.7168979404301677,0.12838915571849938,0.7777888788965621,0,0,1,0
82000.0,-0.11716644223331074,1.0,-0.014479442364372434,-0.012621657151110341,0,-0.01844637035212301,0.7168979404301677,0.12838915571849938,-0.5254071569925362,0,0,1,0
28500.0,-1.0334813937178167,0.0,-0.01451166441269542,-0.4387388663523834,0,-0.6785245505267361,-1.3420330208418312,1.7487897039120293,-0.91693926912938,0,0,1,0
78000.0,0.36644422660573406,1.0,-0.014490183047146762,-0.012621657151110341,0,0.11108231492546987,1.2004690324034661,0.12838915571849938,-0.0771632573576179,0,0,1,0
140000.0,0.7864219127027993,1.0,-0.014457960998823774,0.20043694744952617,0,0.5255741078137669,1.61783723340406,0.12838915571849938,0.8267724449304006,1,0,0,0
77500.0,-0.7267704169014751,1.0,-0.01451166441269542,-1.2909732847549296,0,0.7431822990801229,-0.14125162852066492,-1.1334252924124224,-0.29557960484411366,0,0,1,0
55000.0,0.6846091403156319,0.0,-0.014490183047146762,0.20043694744952617,0,-0.36558324689607186,-0.9345511308118133,1.7487897039120293,-0.06772482138366047,0,0,1,0
43500.0,-0.2571590042656658,1.0,-0.01451166441269542,-0.8648560755536564,0,-0.2433081679940242,-0.7107256994550611,-1.1334252924124224,-0.7430231774662824,0,0,1,0
81000.0,-0.6505381035765836,1.0,-0.014468701681598103,-0.8648560755536564,0,-0.19978652974075298,0.1714235032256855,1.7487897039120293,0.068732804213078,0,0,1,0
49500.0,-0.29533879391085355,0.0,-0.01451166441269542,-0.8648560755536564,0,-0.0692216149809394,0.11004421352280759,-1.1334252924124224,-0.4082097375437444,0,0,1,0
53000.0,-0.6389569007175433,0.0,-0.014490183047146762,-0.22568026175174685,0,-0.40703242618490154,-0.9345511308118133,0.12838915571849938,-0.5599539830685861,0,0,1,0
74000.0,-1.0334813937178167,0.0,-0.014490183047146762,-0.8648560755536564,0,0.0281839563478103,-0.7092948551838962,1.7487897039120293,-0.33774114206297895,0,0,1,0
43500.0,0.878155220623637,1.0,-0.014447220316049445,1.0526713658520723,0,-0.931741354909405,-0.14125162852066492,1.7487897039120293,-0.566498713313034,1,0,0,0
25000.0,0.7355155265092156,0.0,-0.01451166441269542,0.6265541566507993,0,-0.7800750397843689,-0.6547472531184948,0.12838915571849938,-0.9665528291966192,0,0,1,0
89000.0,-0.7127711606982396,1.0,-0.014500923729921091,-0.4387388663523834,0,0.646467547406187,0.5199635555482692,1.7487897039120293,0.18002307870043238,0,0,1,0
87000.0,0.12463889218621166,1.0,-0.014468701681598103,-0.012621657151110341,0,-0.10307177806681708,-0.8102427462111627,1.7487897039120293,-0.1688273628391848,0,0,1,0
65000.0,-0.35897177665283314,1.0,-0.014500923729921091,-0.6517974709530199,0,0.06617903736257107,0.3664142374090258,0.12838915571849938,-0.3903636606093302,0,0,1,0
38000.0,0.6337027541220484,0.0,-0.01451166441269542,0.4134955520501627,0,-0.40288750825601854,-0.8102427462111627,-1.164846784639172,-0.6547550895783869,1,0,0,0
35000.0,0.30281124386375446,0.0,-0.014522405095469749,-0.012621657151110341,0,-0.236054561618479,0.11004421352280759,-1.1334252924124224,-0.6599620002908548,0,0,1,0
28000.0,0.7609687196060074,0.0,-0.01451166441269542,1.0526713658520723,0,-0.6930317632778266,-0.7092948551838962,-1.1334252924124224,-0.8699883990356986,0,0,1,0
39900.0,-0.12989303878170666,0.0,-0.01451166441269542,0.6265541566507993,0,-0.34776009980187506,-0.9345511308118133,1.7487897039120293,-0.6499440239297446,0,0,1,0
98000.0,-0.078986652588123,1.0,-0.014479442364372434,-1.077914680154293,0,0.271697884669685,-0.32372425172264196,-0.9346187243669639,-0.31092699726734396,0,0,1,0
40900.0,-0.7312247256934137,0.0,-0.014522405095469749,-1.077914680154293,0,-0.02207317353989561,-0.8102427462111627,-1.1334252924124224,-0.8015849257249965,0,0,1,0
65000.0,0.17554527837979533,1.0,-0.014457960998823774,1.4787885750533454,0,-0.562466848518013,1.61783723340406,0.12838915571849938,0.8267724449304006,1,0,0,0
85000.0,-0.3971515662980209,1.0,-0.014457960998823774,-0.4387388663523834,0,-0.27232259349620497,0.3664142374090258,0.12838915571849938,-0.18363199401283248,0,0,1,0
90000.0,-0.078986652588123,1.0,-0.014436479633275117,1.2657299704527087,0,-0.41739472100710895,1.61783723340406,1.374316969122095,0.3726700767652379,0,0,1,0
85000.0,-0.12989303878170666,1.0,-0.014490183047146762,-0.6517974709530199,0,0.25615444243637386,-0.8102427462111627,1.7487897039120293,-0.44241729846874356,1,0,0,0
68000.0,-0.11716644223331074,0.0,-0.014500923729921091,-0.22568026175174685,0,0.13871510111802307,0.7168979404301677,0.12838915571849938,-0.25464231716509217,0,0,1,0
195000.0,-0.6644100938143351,1.0,-0.014275369391660181,1.2657299704527087,0,-0.4576925342045822,2.413559718457235,0.12838915571849938,1.8234186142845195,0,0,1,0
70000.0,0.6846091403156319,0.0,-0.014500923729921091,-0.4387388663523834,0,0.18707247695499088,0.7168979404301677,-0.9346187243669639,0.4086660931097012,0,0,1,0
55000.0,-0.16807282842689442,0.0,-0.01451166441269542,-0.4387388663523834,0,0.09035772528105497,0.11004421352280759,-1.1334252924124224,-0.4082097375437444,0,0,1,0
60000.0,-0.14261963533010258,0.0,-0.014522405095469749,-0.4387388663523834,0,0.6706462353246709,-0.32036319269464486,-1.1334252924124224,-0.677508791536798,0,0,1,0
35900.0,2.0845347606391824,1.0,-0.01451166441269542,1.2657299704527087,0,-0.46381780181059823,0.7168979404301677,-1.1334252924124224,-0.2897875185777773,1,0,0,0
56000.0,-0.982575007524233,1.0,-0.014500923729921091,-0.6517974709530199,0,-0.15142915390378492,-0.8194871463930152,1.7487897039120293,-0.4945066806241072,0,0,1,0
138000.0,-0.41751412077545436,1.0,-0.014468701681598103,-0.6517974709530199,0,0.719003611161639,1.2004690324034661,0.12838915571849938,-0.0771632573576179,0,0,1,0
32000.0,1.117313422961093,0.0,-0.014479442364372434,1.9049057842546184,0,-0.9251471672952729,1.2004690324034661,-0.9346187243669639,-0.026885704658305653,0,0,1,0
45500.0,1.7409166538324927,1.0,-0.01451166441269542,0.8396127612514358,0,-0.1852793169896626,0.7168979404301677,-0.9346187243669639,-0.4247585554475627,0,0,1,0
39900.0,0.9645942643803421,0.0,-0.014490183047146762,1.6918471796539818,0,-0.6785245505267361,-0.32036319269464486,-0.9346187243669639,-0.726667004122192,0,0,1,0
49000.0,-0.1553462318784985,0.0,-0.014490183047146762,-0.6517974709530199,0,-0.48993078476256097,-0.9345511308118133,-0.9346187243669639,-0.6861294929918105,0,0,1,0
160000.0,-0.7025898834595229,1.0,-0.014479442364372434,-0.6517974709530199,0,1.3960068728791908,0.7168979404301677,1.7487897039120293,1.3936479948991085,0,0,0,1
91000.0,0.7227889299608197,1.0,-0.014404257584952129,-0.22568026175174685,0,-0.6253314371060713,-0.6773632585629926,1.7487897039120293,0.6338048135187087,0,0,1,0
54000.0,0.22645166457337898,0.0,-0.01451166441269542,-0.22568026175174685,0,0.06134329977887418,0.11004421352280759,-1.1334252924124224,-0.4082097375437444,0,0,1,0
61000.0,-0.2709800881172238,1.0,-0.014500923729921091,-0.4387388663523834,0,-0.030535714311365095,0.5199635555482692,-0.9346187243669639,0.05571814064126158,0,0,1,0
81000.0,-0.6007771110723555,0.0,-0.014500923729921091,-0.8648560755536564,0,0.45303804405831494,-0.32036319269464486,-0.9346187243669639,0.3028550113639118,0,0,1,0
90000.0,0.21372506802498306,1.0,-0.014500923729921091,-0.22568026175174685,0,0.6706462353246709,1.61783723340406,-0.9346187243669639,0.4451786460753563,1,0,0,0
63000.0,-0.52441753178198,0.0,-0.014500923729921091,-0.4387388663523834,0,0.017821661525602984,-0.8102427462111627,1.7487897039120293,-0.44241729846874356,0,0,1,0
195000.0,-0.8680356385886698,1.0,-0.014457960998823774,-0.8648560755536564,0,1.3234708091237388,1.61783723340406,0.12838915571849938,0.8558122807230648,0,0,0,1
70000.0,-0.6007771110723555,0.0,-0.014500923729921091,0.20043694744952617,0,0.18707247695499088,-0.32372425172264196,-0.9346187243669639,-0.31092699726734396,0,0,1,0
79900.0,0.04827931289583617,0.0,-0.014490183047146762,-0.22568026175174685,0,0.150459035249858,-0.8102427462111627,1.7487897039120293,0.03674692258203081,0,0,1,0
77000.0,1.1936730022514686,0.0,-0.014500923729921091,-0.22568026175174685,0,0.35632329238437904,0.7168979404301677,-0.9346187243669639,0.4086660931097012,1,0,0,0
83000.0,-1.0971143764597964,1.0,-0.014468701681598103,-1.077914680154293,0,-0.16754827918277426,-0.24807192448694768,0.12838915571849938,-0.06255448449054674,0,0,1,0
25500.0,0.20099847147658714,0.0,-0.01451166441269542,1.0526713658520723,0,-0.7655678270332785,-0.7092948551838962,-1.1334252924124224,-1.0115403699354903,0,0,1,0
82000.0,-0.982575007524233,1.0,-0.014490183047146762,-1.2909732847549296,0,0.19398067350312917,-0.24807192448694768,0.12838915571849938,-0.06255448449054674,0,0,1,0
42000.0,1.6772836710905132,0.0,-0.01451166441269542,-0.4387388663523834,0,-0.28682980624729537,-0.32036319269464486,-1.164846784639172,-0.6762865631636473,1,0,0,0
43000.0,1.5754708987033461,1.0,-0.014490183047146762,-0.012621657151110341,0,-0.61427832262905,-0.7092948551838962,1.7487897039120293,-0.33774114206297895,0,0,1,0
62000.0,1.3435923095915725,1.0,-0.014468701681598103,-0.22568026175174685,0,-0.5060499100415503,0.1714235032256855,1.7487897039120293,0.1958946560591678,0,0,1,0
135000.0,-0.3971515662980209,0.0,-0.014447220316049445,-0.22568026175174685,0,0.27499497847675086,-0.1174694926053072,1.7487897039120293,0.6344592865431533,1,0,0,0
180000.0,-0.7153164800079188,1.0,-0.014468701681598103,-0.8648560755536564,0,1.3960068728791908,1.61783723340406,1.7487897039120293,2.1004788612994805,0,0,1,0
54000.0,0.6337027541220484,0.0,-0.01451166441269542,0.8396127612514358,0,0.06134329977887418,0.7168979404301677,0.12838915571849938,-0.25464231716509217,0,0,1,0
49500.0,1.117313422961093,0.0,-0.01451166441269542,0.8396127612514358,0,-0.0692216149809394,0.7168979404301677,-0.9346187243669639,0.4086660931097012,0,0,1,0
100000.0,0.7991485092511952,1.0,-0.014479442364372434,0.20043694744952617,0,0.30796591654741096,-0.32036319269464486,1.7487897039120293,0.27267559763416027,1,0,0,0
69500.0,0.5891596662026626,0.0,-0.014500923729921091,-0.012621657151110341,0,0.17498313299574905,-0.32036319269464486,0.12838915571849938,-0.27162723695701885,0,0,1,0
80000.0,-0.44805795249160457,1.0,-0.0143935169021778,1.9049057842546184,0,-0.7800750397843689,1.61783723340406,1.7487897039120293,0.058523025031739284,0,0,1,0
66000.0,0.5064367886380892,0.0,-0.01451166441269542,0.20043694744952617,0,0.4095164058050437,1.61783723340406,-0.9346187243669639,0.4451786460753563,1,0,0,0
93000.0,-0.689863286911127,1.0,-0.014468701681598103,-0.8648560755536564,0,-0.006357026392880924,-0.24807192448694768,1.7487897039120293,0.08879240241231086,0,0,1,0
89000.0,-0.8044026558466902,1.0,-0.014490183047146762,-1.077914680154293,0,0.3390528010140332,-0.32036319269464486,1.7487897039120293,0.07488485064285891,0,0,1,0
99500.0,0.04827931289583617,1.0,-0.014479442364372434,-0.4387388663523834,0,0.29889890857797946,1.2004690324034661,-0.9346187243669639,-0.026885704658305653,0,0,1,0
55000.0,1.5754708987033461,1.0,-0.014500923729921091,-0.4387388663523834,0,-0.17560784182226907,-0.07526237887860447,0.12838915571849938,-0.19803040055061802,0,0,1,0
178500.0,0.30281124386375446,1.0,-0.014457960998823774,-0.012621657151110341,0,1.0841017987307473,1.61783723340406,1.7487897039120293,2.221556370821766,0,0,0,1
58500.0,0.7991485092511952,0.0,-0.014500923729921091,-0.22568026175174685,0,-0.090982434107575,-0.32036319269464486,-0.9346187243669639,-0.27162723695701885,0,0,1,0
220000.0,-0.12989303878170666,1.0,-0.014436479633275117,-0.22568026175174685,0,1.1542199936943507,1.61783723340406,1.7487897039120293,2.9642897574202522,1,0,0,0
70000.0,-0.7153164800079188,1.0,-0.014490183047146762,-0.6517974709530199,0,-0.054714402229849,-0.8102427462111627,1.7487897039120293,-0.1688273628391848,0,0,1,0
41000.0,1.0664070367675094,1.0,-0.014468701681598103,0.6265541566507993,0,-0.8445515409003262,-0.6773632585629926,0.12838915571849938,-0.6158023478212081,0,0,1,0
48000.0,-0.9380319196048473,0.0,-0.01451166441269542,0.20043694744952617,0,-0.1127432532342106,-0.8102427462111627,1.7487897039120293,-0.44241729846874356,0,0,1,0
69000.0,-0.5625973214271678,0.0,-0.014500923729921091,-0.22568026175174685,0,0.16289378903650698,-0.32036319269464486,-0.9346187243669639,-0.27162723695701885,0,0,1,0
28500.0,0.4682569989929014,0.0,-0.01451166441269542,0.20043694744952617,0,-0.6785245505267361,-0.6808932935519518,-1.1334252924124224,-0.9543394275990159,0,0,1,0
132240.0,-1.0716611833630045,1.0,-0.014457960998823774,-1.2909732847549296,0,0.41299813686530545,-0.24807192448694768,1.7487897039120293,-0.4037312721336151,0,0,1,0
55000.0,0.7482421230576115,0.0,-0.014490183047146762,-0.22568026175174685,0,-0.36558324689607186,-0.24807192448694768,1.7487897039120293,-0.318855491726885,0,0,1,0
56000.0,-0.4098781628464168,0.0,-0.01451166441269542,-0.8648560755536564,0,0.11937215078323578,-0.32036319269464486,0.12838915571849938,-0.544682945831541,0,0,1,0
65000.0,1.5754708987033461,1.0,-0.014490183047146762,0.8396127612514358,0,-0.1583373504519232,1.2004690324034661,0.12838915571849938,-0.0771632573576179,0,0,1,0
68000.0,-0.078986652588123,0.0,-0.014490183047146762,-0.22568026175174685,0,-0.09616358151867879,-0.7092948551838962,1.7487897039120293,-0.33774114206297895,0,0,1,0
170000.0,-0.8553090420402739,1.0,-0.014447220316049445,-0.4387388663523834,0,0.7365881114659908,1.61783723340406,1.374316969122095,0.3726700767652379,0,0,0,1
220000.0,-0.9698484109758371,1.0,-0.014436479633275117,-0.6517974709530199,0,1.1542199936943507,1.61783723340406,0.12838915571849938,0.8267724449304006,0,0,0,1
240000.0,-0.7789494627498984,1.0,-0.014414998267726459,-0.22568026175174685,0,0.9815150799908935,1.61783723340406,0.12838915571849938,1.5834451719880969,1,0,0,0
39000.0,1.8300028296712643,0.0,-0.014500923729921091,0.20043694744952617,0,-0.562466848518013,-0.6773632585629926,-1.1334252924124224,-0.7310519308877238,0,0,1,0
168000.0,-0.8171292523950862,1.0,-0.014479442364372434,-1.2909732847549296,0,1.5410790003900947,-0.32036319269464486,1.7487897039120293,0.27267559763416027,0,0,1,0
54000.0,1.1427666160578849,0.0,-0.01451166441269542,0.8396127612514358,0,0.06134329977887418,-0.32036319269464486,-0.9346187243669639,-0.27162723695701885,0,0,1,0
40000.0,-0.1493774580973008,1.0,-0.01451166441269542,-0.8648560755536564,0,-0.344858657251657,0.11004421352280759,-1.1334252924124224,-0.6599620002908548,0,0,1,0
42000.0,0.5064367886380892,0.0,-0.014500923729921091,0.20043694744952617,0,-0.48993078476256097,-0.6773632585629926,0.12838915571849938,-0.6875762228353199,0,0,1,0
75000.0,-0.2698856008140617,1.0,-0.014468701681598103,-0.8648560755536564,0,-0.2965012814146889,-0.8194871463930152,1.7487897039120293,-0.02710448564076287,0,0,1,0
36500.0,1.9572687951552235,0.0,-0.014490183047146762,0.8396127612514358,0,-0.7489881553177465,-0.6696563497873814,0.645607861430407,-0.79556427186871,1,0,0,0
125000.0,0.30281124386375446,1.0,-0.014447220316049445,-0.22568026175174685,0,0.143111226194111,1.61783723340406,0.12838915571849938,0.8558122807230648,1,0,0,0
150000.0,-0.6325936024433454,1.0,-0.014457960998823774,-0.012621657151110341,0,0.6706462353246709,1.61783723340406,0.12838915571849938,0.8558122807230648,0,0,0,1
47500.0,-0.5880505145239596,0.0,-0.01451166441269542,-1.077914680154293,0,-0.127250465985301,-0.14125162852066492,-1.1334252924124224,-0.6934664800553231,0,0,1,0
75000.0,-0.8553090420402739,1.0,-0.014500923729921091,-1.077914680154293,0,0.30796591654741096,-0.32372425172264196,-1.1334252924124224,-0.557862186594303,0,0,1,0
52000.0,0.43007720934771365,0.0,-0.01451166441269542,-0.6517974709530199,0,0.0033144487745125867,0.11004421352280759,-1.1334252924124224,-0.4082097375437444,0,0,1,0
66000.0,0.17554527837979533,0.0,-0.014479442364372434,0.20043694744952617,0,-0.30859062537393095,0.11004421352280759,1.7487897039120293,0.17671313981439438,0,0,1,0
70000.0,-0.09171324913651892,1.0,-0.014500923729921091,-0.4387388663523834,0,0.18707247695499088,-0.7092948551838962,-0.9346187243669639,-0.7386518926384681,0,0,1,0
65000.0,-0.3971515662980209,0.0,-0.01451166441269542,-0.8648560755536564,0,0.3805019803028629,0.11004421352280759,-1.1334252924124224,-0.4082097375437444,0,0,1,0
35500.0,-0.11716644223331074,0.0,-0.014522405095469749,-1.077914680154293,0,-0.217920545679616,-0.7107256994550611,-1.1334252924124224,-0.788213532922619,0,0,1,0
74800.0,-0.3462451801044372,1.0,-0.014479442364372434,-0.4387388663523834,0,-0.1490112851119366,1.4293979033596458,1.7487897039120293,-0.018891784145444346,0,0,1,0
40000.0,0.073732505992628,0.0,-0.014500923729921091,0.4134955520501627,0,-0.5382881605995289,-0.7092948551838962,-0.9346187243669639,-0.7386518926384681,0,0,1,0
161000.0,-0.3462451801044372,1.0,-0.014479442364372434,-0.6517974709530199,0,1.4141408888180538,1.61783723340406,1.7487897039120293,1.240064991829398,0,0,0,1
82000.0,0.5573431748316728,0.0,-0.01451166441269542,0.4134955520501627,0,0.8737472138399365,1.61783723340406,1.7487897039120293,1.240064991829398,1,0,0,0
26500.0,2.339066691607101,0.0,-0.014490183047146762,1.2657299704527087,0,-0.9562340517618951,-0.9345511308118133,0.12838915571849938,-0.9182779639521079,0,0,1,0
38500.0,1.5754708987033461,0.0,-0.01451166441269542,0.4134955520501627,0,-0.38838029550492814,0.11004421352280759,0.12838915571849938,-0.5854784310219329,0,0,1,0
30000.0,0.7070206768373571,0.0,-0.01451166441269542,0.8396127612514358,0,-0.635002912273465,-0.8102427462111627,1.7487897039120293,-0.44241729846874356,0,0,1,0
64000.0,-0.6007771110723555,0.0,-0.014500923729921091,-0.8648560755536564,0,0.04200034944408689,-0.6696563497873814,1.7487897039120293,-0.42529043165010694,0,0,1,0
53500.0,-1.2243803419437553,0.0,-0.014490183047146762,-1.2909732847549296,0,-0.3966701313626941,-0.8194871463930152,0.12838915571849938,-0.5619174021419204,0,0,1,0
63000.0,0.5573431748316728,1.0,-0.014500923729921091,-0.22568026175174685,0,0.017821661525602984,-0.32036319269464486,-0.9346187243669639,-0.27162723695701885,0,0,1,0
80000.0,0.6846091403156319,1.0,-0.014479442364372434,-0.012621657151110341,0,-0.054714402229849,0.7168979404301677,1.7487897039120293,0.3604595735481716,0,0,1,0
87000.0,-0.05353345949133116,1.0,-0.014479442364372434,-0.22568026175174685,0,0.07222370934219198,0.11004421352280759,1.7487897039120293,0.17671313981439438,0,0,1,0
47000.0,2.0887345375001534,0.0,-0.014500923729921091,-0.012621657151110341,0,-0.36903734517014103,-0.32372425172264196,-0.9346187243669639,-0.6438901484536302,0,0,1,0
125000.0,-0.4607845490400005,1.0,-0.014468701681598103,-0.4387388663523834,0,0.5094549825347776,1.61783723340406,-0.9346187243669639,0.4451786460753563,0,0,1,0
43800.0,-0.8680356385886698,0.0,-0.01451166441269542,-1.077914680154293,0,-0.23460384034336995,-1.100277399583882,-1.164846784639172,-0.9157255191567732,1,0,0,0
162000.0,-0.7789494627498984,1.0,-0.014479442364372434,-0.8648560755536564,0,1.4322749047569168,0.7168979404301677,1.7487897039120293,1.3936479948991085,0,0,0,1
55000.0,0.022826119799044333,0.0,-0.014500923729921091,-0.4387388663523834,0,-0.17560784182226907,-0.6696563497873814,1.7487897039120293,-0.42529043165010694,0,0,1,0
110000.0,0.5573431748316728,1.0,-0.014479442364372434,0.20043694744952617,0,0.4893060759360409,1.61783723340406,0.12838915571849938,0.8558122807230648,0,0,1,0
35000.0,1.0918602298643012,0.0,-0.01451166441269542,2.3310229934558913,0,-0.48993078476256097,-0.32036319269464486,-0.9346187243669639,-0.8765553086437526,0,0,1,0
51000.0,0.17554527837979533,0.0,-0.014500923729921091,-0.22568026175174685,0,-0.27232259349620497,-0.32372425172264196,-0.9346187243669639,-0.31092699726734396,0,0,1,0
70000.0,-0.9352193417676519,0.0,-0.01451166441269542,-1.077914680154293,0,0.5255741078137669,-1.100277399583882,-0.9346187243669639,-0.44705738635186004,0,0,1,0
50000.0,1.295485774638636,1.0,-0.014490183047146762,1.2657299704527087,0,-0.46920619511814604,1.2004690324034661,-0.9346187243669639,-0.026885704658305653,0,0,1,0
78000.0,-0.9316686213306493,1.0,-0.014500923729921091,-0.4387388663523834,0,0.3805019803028629,-0.6808932935519518,1.7487897039120293,-0.2790448113622479,0,0,1,0
27500.0,1.1936730022514686,0.0,-0.01451166441269542,-0.4387388663523834,0,-0.7075389760289169,-1.100277399583882,-1.164846784639172,-0.8655644301354135,1,0,0,0
31000.0,0.073732505992628,0.0,-0.01451166441269542,-0.4387388663523834,0,-0.6059884867712841,-1.100277399583882,-1.164846784639172,-0.8655644301354135,1,0,0,0
75000.0,0.073732505992628,1.0,-0.014490183047146762,-0.012621657151110341,0,0.04890854599222519,-0.9345511308118133,1.7487897039120293,-0.06772482138366047,0,0,1,0
120000.0,-0.677136690362731,1.0,-0.014436479633275117,0.20043694744952617,0,-0.054714402229849,1.61783723340406,1.7487897039120293,2.221556370821766,0,0,1,0
47000.0,0.20099847147658714,1.0,-0.014361294853854813,1.6918471796539818,0,-1.1465730461277053,0.3664142374090258,1.7487897039120293,-0.08382485778500227,0,0,1,0
60000.0,1.5092925966516872,1.0,-0.014436479633275117,0.8396127612514358,0,-0.7800750397843689,0.11004421352280759,1.7487897039120293,-0.4040257849946152,1,0,0,0
32000.0,1.1936730022514686,0.0,-0.01451166441269542,0.8396127612514358,0,-0.5769740612691033,-0.9345511308118133,-1.1334252924124224,-0.7674136132819462,0,0,1,0
58000.0,1.3972985470258033,1.0,-0.014490183047146762,0.6265541566507993,0,-0.3034094779628272,1.2004690324034661,0.12838915571849938,-0.0771632573576179,0,0,1,0
74000.0,1.4736581263161788,1.0,-0.014468701681598103,0.20043694744952617,0,-0.31262040669367824,-0.8102427462111627,1.7487897039120293,-0.1688273628391848,0,0,1,0
33000.0,-0.5880505145239596,0.0,-0.01451166441269542,-0.8648560755536564,0,-0.5479596357669225,-1.3420330208418312,1.7487897039120293,-0.91693926912938,0,0,1,0
38500.0,0.8118751057995911,0.0,-0.01451166441269542,-0.6517974709530199,0,-0.38838029550492814,-0.7107256994550611,-1.1334252924124224,-0.7430231774662824,0,0,1,0
32200.0,-0.08916792982683973,0.0,-0.014522405095469749,0.8396127612514358,0,-0.33760505087611176,0.11004421352280759,-1.1334252924124224,-0.6599620002908548,0,0,1,0
79500.0,-0.7853127610240963,0.0,-0.01451166441269542,-0.8648560755536564,0,0.8012111500844845,0.11004421352280759,1.7487897039120293,-0.08452607888262177,0,0,1,0
53000.0,-0.5944138127981576,1.0,-0.014522405095469749,-0.8648560755536564,0,0.41677001218058896,-1.100277399583882,-1.1334252924124224,-0.7007311306266601,0,0,1,0
46000.0,-0.10443984568491482,0.0,-0.01451166441269542,-0.22568026175174685,0,-0.1707721042385722,-0.8102427462111627,1.7487897039120293,-0.44241729846874356,0,0,1,0
81000.0,-0.9062154282338575,1.0,-0.014490183047146762,-0.22568026175174685,0,0.17325608385871427,-0.14125162852066492,1.7487897039120293,-0.05367235058736728,0,0,1,0
32500.0,0.21817937681692165,0.0,-0.01451166441269542,-0.6517974709530199,0,-0.562466848518013,-1.100277399583882,-1.164846784639172,-0.8655644301354135,1,0,0,0
44500.0,2.288160305413517,0.0,-0.014500923729921091,1.6918471796539818,0,-0.42948406496635094,1.61783723340406,0.12838915571849938,0.8558122807230648,1,0,0,0
53000.0,-0.10953048430427319,1.0,-0.014350554171080485,2.544081598056528,0,-1.1209945394349934,2.413559718457235,1.7487897039120293,1.0656601476446517,0,0,1,0
73000.0,-1.2243803419437553,0.0,-0.01451166441269542,-0.8648560755536564,0,0.6126173843203093,0.11004421352280759,-1.1334252924124224,-0.4082097375437444,0,0,1,0
49000.0,-0.9571218144274412,1.0,-0.014522405095469749,-0.6517974709530199,0,0.271697884669685,0.11004421352280759,-1.1334252924124224,-0.6599620002908548,0,0,1,0
49000.0,-0.8044026558466902,0.0,-0.014522405095469749,-0.012621657151110341,0,0.271697884669685,-0.32372425172264196,-1.1334252924124224,-0.557862186594303,0,0,1,0
27500.0,1.3845719504774074,0.0,-0.014500923729921091,0.4134955520501627,0,-0.840521759580579,-1.1381312347207264,-1.164846784639172,-0.910097051146548,1,0,0,0
46000.0,1.702736864187305,1.0,-0.014457960998823774,1.4787885750533454,0,-0.8381038907887305,0.7168979404301677,0.12838915571849938,-0.16727016840171285,0,0,1,0
97000.0,0.11191229563781574,0.0,-0.014500923729921091,-0.6517974709530199,0,0.8398970507540588,-0.32036319269464486,-0.9346187243669639,0.3028550113639118,0,0,1,0
185000.0,-1.350984524407198,1.0,-0.014490183047146762,-1.504031889355566,0,2.3286134068778592,1.61783723340406,1.7487897039120293,1.4574591147824754,0,1,0,0
82500.0,0.2391782611217749,1.0,-0.014479442364372434,0.20043694744952617,0,-0.009379362382691511,0.7168979404301677,1.7487897039120293,0.3604595735481716,0,0,1,0
262000.0,-0.842582445491878,1.0,-0.0143935169021778,-0.6517974709530199,0,0.8701204106521638,2.6714025272308954,1.7487897039120293,3.1663349296809935,0,0,1,0
137000.0,0.16281868183139941,1.0,-0.014479442364372434,-0.6517974709530199,0,0.9789245062853419,1.61783723340406,1.7487897039120293,1.240064991829398,0,0,0,1
176000.0,-1.2523788543502266,1.0,-0.014500923729921091,-1.077914680154293,0,2.7500133963142943,1.2004690324034661,0.12838915571849938,3.187034976482719,0,1,0,0
136000.0,-0.20625261807208214,1.0,-0.014490183047146762,-0.8648560755536564,0,1.3131085143015313,1.61783723340406,0.12838915571849938,1.1788691035843615,0,0,1,0
50000.0,-0.49896433868518825,0.0,-0.014522405095469749,-0.6517974709530199,0,0.30796591654741096,-0.9345511308118133,-1.1334252924124224,-0.7674136132819462,0,0,1,0
152000.0,-0.43533135594320865,1.0,-0.014468701681598103,-0.6517974709530199,0,0.9446713650674897,1.61783723340406,0.12838915571849938,0.8558122807230648,0,0,0,1
38000.0,0.7864219127027993,0.0,-0.014500923729921091,-0.4387388663523834,0,-0.586645536436497,-0.24807192448694768,0.12838915571849938,-0.48217140404985104,0,0,1,0
22000.0,0.671882543767236,0.0,-0.01451166441269542,2.117964388855255,0,-0.8671183162909113,-0.9936213437697933,-0.9346187243669639,-1.0352666532541752,0,0,1,0
205000.0,-1.1225675695565882,1.0,-0.014468701681598103,-1.2909732847549296,0,1.798985004853924,1.61783723340406,0.12838915571849938,0.8558122807230648,0,0,0,1
16000.0,0.17554527837979533,0.0,-0.014522405095469749,1.2657299704527087,0,-0.9251471672952729,-0.8102427462111627,-1.1334252924124224,-1.0665161039888527,1,0,0,0
34000.0,-0.04080686294293525,0.0,-0.01451166441269542,0.6265541566507993,0,-0.5189452102647417,-0.8102427462111627,1.7487897039120293,-0.44241729846874356,0,0,1,0
83000.0,-0.07262335431392504,1.0,-0.014447220316049445,-0.8648560755536564,0,-0.410800533392977,-0.8194871463930152,1.7487897039120293,0.19596236016514493,0,0,1,0
85972.0,-0.5116909352335841,1.0,-0.014468701681598103,-1.077914680154293,0,-0.11964223885361791,-0.8194871463930152,1.7487897039120293,-0.02710448564076287,0,0,1,0
22800.0,2.3517932881554966,0.0,-0.01451166441269542,1.9049057842546184,0,-0.8439067758891666,-1.100277399583882,-1.1334252924124224,-1.0243493419853384,0,0,1,0
47500.0,0.9645942643803421,1.0,-0.014490183047146762,-0.22568026175174685,0,-0.5210176692291832,-0.24807192448694768,1.7487897039120293,-0.318855491726885,0,0,1,0
95000.0,0.30281124386375446,1.0,-0.014457960998823774,0.6265541566507993,0,-0.127250465985301,1.2004690324034661,0.12838915571849938,0.7332252156866398,0,0,1,0
77000.0,-0.21897921462047806,0.0,-0.014500923729921091,-0.012621657151110341,0,0.35632329238437904,-0.6808932935519518,1.7487897039120293,-0.2790448113622479,0,0,1,0
49000.0,-0.4416946542174066,0.0,-0.01451166441269542,-0.6517974709530199,0,-0.0837288277320298,0.11004421352280759,-1.1334252924124224,-0.4082097375437444,0,0,1,0
80000.0,2.359200167346663,1.0,-0.014447220316049445,2.117964388855255,0,-0.45036565907776893,1.2004690324034661,1.7487897039120293,0.9224274172988605,1,0,0,0
76000.0,-0.6644100938143351,1.0,-0.014490183047146762,-0.22568026175174685,0,0.06963313563664009,0.3664142374090258,0.12838915571849938,-0.18363199401283248,0,0,1,0
33500.0,0.7227889299608197,0.0,-0.01451166441269542,0.20043694744952617,0,-0.5334524230158322,-0.9345511308118133,-1.1334252924124224,-0.7674136132819462,0,0,1,0
97000.0,0.43007720934771365,1.0,-0.014468701681598103,-0.4387388663523834,0,0.058119474723076256,-0.32372425172264196,1.7487897039120293,0.32260289039521156,0,0,1,0
190000.0,0.2391782611217749,1.0,-0.0143935169021778,0.20043694744952617,0,0.21729583685309595,2.6714025272308954,1.7487897039120293,2.739345221315201,1,0,0,0
97000.0,-0.05353345949133116,1.0,-0.014479442364372434,-0.6517974709530199,0,0.253563868730822,-0.32372425172264196,1.7487897039120293,0.42035311140335835,0,0,1,0
36500.0,0.9391410712835503,0.0,-0.014522405095469749,-0.4387388663523834,0,-0.18165251380189,-0.7092948551838962,-1.1334252924124224,-0.8699883990356986,0,0,1,0
100000.0,0.3409910335089422,1.0,-0.014457960998823774,0.6265541566507993,0,-0.054714402229849,2.6714025272308954,1.7487897039120293,0.9420616080322042,1,0,0,0
120000.0,-0.52441753178198,1.0,-0.014457960998823774,-1.077914680154293,0,0.23542985279195897,0.11004421352280759,1.7487897039120293,0.17671313981439438,0,0,1,0
53000.0,-0.3462451801044372,0.0,-0.014522405095469749,-0.6517974709530199,0,0.41677001218058896,-1.100277399583882,-1.1334252924124224,-0.7007311306266601,0,0,0,1
23000.0,2.1990741295747456,0.0,-0.01451166441269542,2.544081598056528,0,-0.8381038907887305,-0.9345511308118133,-1.1334252924124224,-0.7674136132819462,0,0,1,0
205000.0,-0.28261219736245763,1.0,-0.014457960998823774,-0.6517974709530199,0,1.4685429366346427,1.2004690324034661,0.12838915571849938,1.1296197984586185,0,0,0,1
44000.0,-0.9762117092500351,0.0,-0.014522405095469749,-0.8648560755536564,0,0.09035772528105497,-0.8102427462111627,-1.1334252924124224,-0.8015849257249965,0,0,1,0
20000.0,1.9190890055100356,0.0,-0.01451166441269542,2.117964388855255,0,-0.9251471672952729,-1.100277399583882,-1.1334252924124224,-1.0243493419853384,0,0,1,0
31000.0,2.313613498510309,0.0,-0.014500923729921091,1.6918471796539818,0,-0.7558963518658849,-0.6547472531184948,0.12838915571849938,-0.8445406698646618,1,0,0,0
148000.0,-0.44805795249160457,1.0,-0.014468701681598103,-0.22568026175174685,0,0.8801948639515323,1.61783723340406,0.12838915571849938,0.8558122807230648,1,0,0,0
89000.0,0.073732505992628,1.0,-0.014479442364372434,-0.8648560755536564,0,0.10849174121991798,-0.6808932935519518,1.7487897039120293,-0.2790448113622479,0,0,1,0
40000.0,1.422751740122595,0.0,-0.014490183047146762,1.4787885750533454,0,-0.6764520915622946,0.7168979404301677,0.12838915571849938,-0.5254071569925362,0,0,1,0
68000.0,1.448204933219387,1.0,-0.014404257584952129,1.0526713658520723,0,-0.8477753659561241,1.2004690324034661,0.12838915571849938,-0.0771632573576179,0,0,1,0
29000.0,0.41735061279931773,0.0,-0.014522405095469749,0.20043694744952617,0,-0.45366275288483493,-0.7107256994550611,-1.1334252924124224,-0.788213532922619,0,0,1,0
83000.0,-0.530780830056178,1.0,-0.014468701681598103,-0.8648560755536564,0,-0.16754827918277426,0.1714235032256855,1.7487897039120293,0.068732804213078,0,0,1,0
133000.0,-0.44805795249160457,1.0,-0.014468701681598103,-0.8648560755536564,0,0.6384079847666921,0.5199635555482692,1.7487897039120293,0.22122644167615824,0,0,0,1
70000.0,1.2191261953482604,1.0,-0.014457960998823774,1.2657299704527087,0,-0.48993078476256097,1.2004690324034661,0.12838915571849938,1.1296197984586185,0,0,1,0
260000.0,0.8755080885415707,1.0,-0.014404257584952129,-0.22568026175174685,0,1.0091478661834468,0.7168979404301677,1.7487897039120293,0.9292993840555308,1,0,0,0
129500.0,-0.842582445491878,1.0,-0.014479442364372434,-0.6517974709530199,0,0.8429193867438693,1.61783723340406,1.7487897039120293,1.4574591147824754,0,1,0,0
95000.0,0.8755080885415707,1.0,-0.014329072805531825,2.117964388855255,0,-0.8789878539963489,1.2004690324034661,1.7487897039120293,0.9224274172988605,0,0,1,0
37500.0,1.130040019509489,0.0,-0.01451166441269542,0.20043694744952617,0,-0.41739472100710895,-0.8102427462111627,-0.9346187243669639,-0.599331507536703,0,0,1,0
33900.0,2.0675574808436226,0.0,-0.01451166441269542,1.4787885750533454,0,-0.5218466528149598,-0.32036319269464486,-1.1334252924124224,-0.677508791536798,0,0,1,0
40000.0,-0.7789494627498984,0.0,-0.014522405095469749,-0.8648560755536564,0,-0.054714402229849,-0.8102427462111627,-1.1334252924124224,-0.8015849257249965,0,0,1,0
46800.0,-0.5116909352335841,0.0,-0.014500923729921091,0.6265541566507993,0,-0.3738730827538378,-0.9345511308118133,1.7487897039120293,-0.6499440239297446,0,0,1,0
84000.0,0.22645166457337898,1.0,-0.014479442364372434,-0.4387388663523834,0,0.017821661525602984,1.2004690324034661,-0.9346187243669639,-0.026885704658305653,0,0,1,0
75000.0,-0.5880505145239596,1.0,-0.014468701681598103,-0.8648560755536564,0,-0.2965012814146889,-0.24807192448694768,1.7487897039120293,-0.318855491726885,0,0,1,0
148000.0,-0.20625261807208214,1.0,-0.014479442364372434,-0.8648560755536564,0,1.178398681612835,1.61783723340406,1.7487897039120293,1.240064991829398,0,0,0,1
90000.0,1.5118379159613664,1.0,-0.014479442364372434,0.6265541566507993,0,0.12662575715878097,1.61783723340406,0.12838915571849938,0.8558122807230648,0,0,1,0
35500.0,0.5573431748316728,0.0,-0.014500923729921091,0.20043694744952617,0,-0.6470922562327069,-0.24807192448694768,0.12838915571849938,-0.06255448449054674,0,0,1,0
46500.0,-0.5625973214271678,0.0,-0.014500923729921091,-1.2909732847549296,0,-0.38112668912938297,-1.3420330208418312,1.7487897039120293,-0.5992223645352734,0,0,1,0
165000.0,-0.5880505145239596,1.0,-0.014468701681598103,-0.22568026175174685,0,1.1542199936943507,1.61783723340406,0.12838915571849938,0.8558122807230648,0,0,1,0
69000.0,-0.5753239179755637,0.0,-0.014500923729921091,-0.22568026175174685,0,0.16289378903650698,-0.32036319269464486,-0.9346187243669639,-0.27162723695701885,0,0,1,0
112000.0,-0.18079942497529033,1.0,-0.014479442364372434,-0.6517974709530199,0,0.5255741078137669,-0.32036319269464486,-0.9346187243669639,0.3028550113639118,0,0,0,1
290000.0,-1.135294166104984,1.0,-0.014382776219403471,-0.8648560755536564,0,0.969324144905944,1.4293979033596458,1.7487897039120293,3.764476525950356,0,0,0,1
85000.0,1.117313422961093,1.0,-0.014479442364372434,0.20043694744952617,0,0.035955677464465985,1.61783723340406,0.12838915571849938,0.8558122807230648,0,0,1,0
95000.0,-0.078986652588123,0.0,-0.014490183047146762,-0.4387388663523834,0,0.46340033888052223,0.11004421352280759,1.7487897039120293,0.17671313981439438,1,0,0,0
28000.0,2.0845347606391824,0.0,-0.014490183047146762,-0.22568026175174685,0,-0.9251471672952729,-0.8194871463930152,0.12838915571849938,-0.5619174021419204,0,0,1,0
51500.0,-0.078986652588123,0.0,-0.01451166441269542,-0.6517974709530199,0,-0.011192763976577811,-0.14125162852066492,-1.1334252924124224,-0.29557960484411366,0,0,1,0
90000.0,0.6846091403156319,1.0,-0.014447220316049445,1.0526713658520723,0,-0.31848190679512894,2.6714025272308954,1.7487897039120293,0.9420616080322042,1,0,0,0
42500.0,-0.078986652588123,0.0,-0.014522405095469749,-0.22568026175174685,0,0.035955677464465985,-0.32372425172264196,-1.1334252924124224,-0.6777591274686481,0,0,1,0
35500.0,-0.20625261807208214,0.0,-0.01451166441269542,-0.6517974709530199,0,-0.47542357201147056,-1.100277399583882,-1.164846784639172,-0.8151984626020538,1,0,0,0
53000.0,1.56274430215495,1.0,-0.014500923729921091,0.8396127612514358,0,-0.2239652176592369,1.61783723340406,-0.9346187243669639,0.4451786460753563,0,0,1,0
75000.0,1.1729286498775833,0.0,-0.014500923729921091,0.6265541566507993,0,0.30796591654741096,-0.1174694926053072,1.7487897039120293,-0.3047095035351185,0,0,1,0
40000.0,0.8761189651758937,0.0,-0.014490183047146762,0.8396127612514358,0,-0.6764520915622946,-1.1381312347207264,1.7487897039120293,-0.5443922507298501,0,0,1,0
90000.0,0.4809835955412973,1.0,-0.014479442364372434,-0.8648560755536564,0,0.12662575715878097,0.1714235032256855,1.7487897039120293,0.1958946560591678,0,0,1,0
185000.0,-0.8680356385886698,1.0,-0.014457960998823774,-0.6517974709530199,0,1.178398681612835,1.61783723340406,0.12838915571849938,0.8558122807230648,0,0,0,1
71000.0,-0.5880505145239596,0.0,-0.014500923729921091,-0.8648560755536564,0,0.21125116487347506,-0.6696563497873814,1.7487897039120293,-0.42529043165010694,0,0,1,0
69000.0,-0.4607845490400005,1.0,-0.014500923729921091,-0.6517974709530199,0,0.16289378903650698,-0.07526237887860447,-0.9346187243669639,-0.11818469156835369,0,0,1,0
52000.0,0.7482421230576115,1.0,-0.014500923729921091,0.6265541566507993,0,-0.24814390557772106,-0.6808932935519518,1.7487897039120293,-0.2790448113622479,0,0,1,0
76000.0,-0.5625973214271678,1.0,-0.014468701681598103,-0.4387388663523834,0,-0.2803821561356995,0.1714235032256855,1.7487897039120293,0.1958946560591678,0,0,1,0
42000.0,-0.30806539045924947,0.0,-0.014490183047146762,1.6918471796539818,0,-0.635002912273465,-0.958293484507613,-1.164846784639172,-0.6875762228353199,1,0,0,0
49000.0,1.1809464057030727,1.0,-0.014447220316049445,1.4787885750533454,0,-0.8592052911539528,-0.6696563497873814,1.7487897039120293,-0.4814172201352115,1,0,0,0
35000.0,-0.20625261807208214,0.0,-0.014522405095469749,-0.6517974709530199,0,-0.236054561618479,0.5199635555482692,-1.1334252924124224,-0.7886923051120398,0,0,1,0
130000.0,-0.6516834972659392,1.0,-0.014468701681598103,-0.6517974709530199,0,0.5900506089297244,1.61783723340406,-0.9346187243669639,0.4451786460753563,0,0,1,0
125000.0,0.04827931289583617,1.0,-0.014468701681598103,-0.4387388663523834,0,0.5094549825347776,0.5199635555482692,1.7487897039120293,0.22122644167615824,0,0,1,0
80000.0,-0.7948068020491997,1.0,-0.014479442364372434,-0.4387388663523834,0,-0.054714402229849,1.4293979033596458,1.7487897039120293,-0.018891784145444346,0,0,1,0
57000.0,1.7918230400260764,1.0,-0.014447220316049445,1.2657299704527087,0,-0.7536982893278409,1.61783723340406,0.12838915571849938,0.8267724449304006,0,0,1,0
48000.0,1.0918602298643012,0.0,-0.01451166441269542,0.6265541566507993,0,-0.1127432532342106,-0.32372425172264196,-0.9346187243669639,-0.31092699726734396,0,0,1,0
130000.0,-0.9062154282338575,1.0,-0.014468701681598103,-0.4387388663523834,0,0.5900506089297244,1.61783723340406,0.12838915571849938,0.8558122807230648,0,0,1,0
27500.0,1.448204933219387,0.0,-0.01451166441269542,-0.22568026175174685,0,-0.7075389760289169,-0.8102427462111627,0.12838915571849938,-1.0150918929746795,0,0,1,0
56000.0,-0.49896433868518825,0.0,-0.014479442364372434,-0.8648560755536564,0,-0.48993078476256097,-0.9071017708421057,1.7487897039120293,-0.43625858144852103,0,0,1,0
29500.0,0.36644422660573406,0.0,-0.014522405095469749,-0.012621657151110341,0,-0.43552873694597194,-0.8102427462111627,-1.1334252924124224,-0.8015849257249965,0,0,1,0
112000.0,-0.6007771110723555,0.0,-0.014479442364372434,-0.012621657151110341,0,0.5255741078137669,1.61783723340406,-0.9346187243669639,0.4451786460753563,0,0,1,0
59000.0,-0.30806539045924947,0.0,-0.014490183047146762,-1.077914680154293,0,-0.2826848883184123,-0.32036319269464486,-1.164846784639172,-0.6762865631636473,1,0,0,0
55000.0,0.41735061279931773,0.0,-0.01451166441269542,0.6265541566507993,0,0.09035772528105497,0.7168979404301677,0.12838915571849938,-0.25464231716509217,0,0,1,0
75000.0,-1.2447428964211888,0.0,-0.014500923729921091,-0.22568026175174685,0,0.30796591654741096,0.5199635555482692,-0.9346187243669639,0.05571814064126158,0,0,1,0
72000.0,-0.49392460645202346,1.0,-0.014490183047146762,-0.8648560755536564,0,-0.013265222941019221,-0.958293484507613,1.7487897039120293,-0.3110906155234552,0,0,1,0
300000.0,-1.348922815766358,1.0,-0.014436479633275117,-1.504031889355566,0,2.1213675104337106,0.7168979404301677,1.7487897039120293,4.378044986367345,0,1,0,0
45000.0,0.4555304024445055,1.0,-0.014500923729921091,0.4134955520501627,0,-0.41739472100710895,-0.6773632585629926,-1.1334252924124224,-0.7310519308877238,0,0,1,0
95000.0,-0.28261219736245763,1.0,-0.014468701681598103,-0.8648560755536564,0,0.025881224165097534,0.11004421352280759,1.7487897039120293,0.38248717213190975,0,0,1,0
120000.0,-0.015353669846143416,1.0,-0.014490183047146762,-0.4387388663523834,0,0.9815150799908935,1.61783723340406,0.12838915571849938,1.1788691035843615,0,0,1,0
33000.0,0.04827931289583617,0.0,-0.01451166441269542,-0.6517974709530199,0,-0.5479596357669225,-1.100277399583882,-1.164846784639172,-0.9157255191567732,1,0,0,0
45000.0,-0.9214873440919327,1.0,-0.014522405095469749,-0.6517974709530199,0,0.12662575715878097,0.11004421352280759,-1.1334252924124224,-0.6599620002908548,0,0,1,0
42000.0,-0.09222231299845475,1.0,-0.014490183047146762,0.6265541566507993,0,-0.635002912273465,-0.8102427462111627,0.12838915571849938,-0.6123936341522249,0,0,1,0
83000.0,-1.2434702367663493,1.0,-0.01451166441269542,-1.077914680154293,0,0.9027616393421173,0.11004421352280759,-1.1334252924124224,-0.4082097375437444,0,0,1,0
31000.0,0.4046240162509218,1.0,-0.01451166441269542,1.0526713658520723,0,-0.6059884867712841,0.11004421352280759,-1.1334252924124224,-0.6599620002908548,0,0,1,0
65000.0,0.5827963679284647,0.0,-0.014500923729921091,-0.22568026175174685,0,0.06617903736257107,-0.8102427462111627,-0.13969362055378792,-0.0592821193683227,1,0,0,0
70000.0,-0.3335185835560413,1.0,-0.014500923729921091,-0.4387388663523834,0,0.18707247695499088,0.5199635555482692,-0.9346187243669639,0.05571814064126158,0,0,1,0
168000.0,-0.8044026558466902,1.0,-0.014468701681598103,-0.22568026175174685,0,1.202577369531319,1.61783723340406,0.12838915571849938,0.8267724449304006,0,0,1,0
78000.0,-0.43533135594320865,1.0,-0.014468701681598103,-0.8648560755536564,0,-0.24814390557772106,0.1714235032256855,1.7487897039120293,0.068732804213078,0,0,1,0
72000.0,-0.48623774213679233,1.0,-0.014479442364372434,-0.4387388663523834,0,-0.19978652974075298,1.4293979033596458,1.7487897039120293,-0.018891784145444346,0,0,1,0
27000.0,1.5118379159613664,0.0,-0.014500923729921091,-0.22568026175174685,0,-0.852611103539821,-1.1381312347207264,-1.164846784639172,-0.910097051146548,1,0,0,0
49000.0,1.448204933219387,0.0,-0.014490183047146762,1.2657299704527087,0,-0.48993078476256097,-0.14125162852066492,1.7487897039120293,-0.566498713313034,1,0,0,0
58000.0,0.17554527837979533,0.0,-0.014468701681598103,-0.22568026175174685,0,-0.5705264111575076,-0.8194871463930152,1.7487897039120293,-0.3645937852718167,0,0,1,0
39000.0,0.18827187492819125,0.0,-0.01451166441269542,-0.6517974709530199,0,-0.3738730827538378,-0.958293484507613,-1.1334252924124224,-0.8081862516258597,0,0,1,0
65000.0,-0.48623774213679233,0.0,-0.014500923729921091,-0.22568026175174685,0,0.06617903736257107,-0.32372425172264196,-0.9346187243669639,-0.31092699726734396,0,0,1,0
78000.0,1.9572687951552235,0.0,-0.014479442364372434,0.8396127612514358,0,-0.090982434107575,0.7168979404301677,1.7487897039120293,0.5762839065925054,1,0,0,0
40000.0,0.7736953161544033,1.0,-0.014490183047146762,1.2657299704527087,0,-0.6764520915622946,-0.8102427462111627,0.12838915571849938,-0.6123936341522249,0,0,1,0
135000.0,-1.213562734877619,0.0,-0.014490183047146762,-0.012621657151110341,0,1.2923839246571167,0.5199635555482692,1.7487897039120293,0.22122644167615824,1,0,0,0
192000.0,-0.6516834972659392,1.0,-0.014468701681598103,-1.077914680154293,0,1.5894363762270627,1.61783723340406,0.12838915571849938,0.8558122807230648,0,0,0,1
52000.0,0.29008464731535855,1.0,-0.014490183047146762,-0.4387388663523834,0,-0.4277570158293164,-0.7092948551838962,1.7487897039120293,-0.33774114206297895,0,0,1,0
32000.0,0.7299158240279214,1.0,-0.01451166441269542,1.2657299704527087,0,-0.5769740612691033,0.11004421352280759,-1.1334252924124224,-0.6599620002908548,0,0,1,0
49000.0,0.43007720934771365,1.0,-0.014490183047146762,0.4134955520501627,0,-0.48993078476256097,-0.6696563497873814,1.7487897039120293,-0.42529043165010694,0,0,1,0
30000.0,0.8118751057995911,1.0,-0.014490183047146762,1.0526713658520723,0,-0.8836979880064433,-0.8102427462111627,0.12838915571849938,-0.6123936341522249,0,0,1,0
178000.0,0.43007720934771365,1.0,-0.014350554171080485,-0.012621657151110341,0,-0.21429374249184338,1.4293979033596458,1.7487897039120293,2.270641847655125,0,0,1,0
255000.0,-1.2703488086765615,1.0,-0.014436479633275117,-0.8648560755536564,0,1.5773470322678207,1.61783723340406,0.12838915571849938,0.8558122807230648,0,0,0,1
150000.0,-0.7780713275880591,1.0,-0.014468701681598103,-0.4387388663523834,0,0.912433114509511,0.7168979404301677,1.7487897039120293,0.3604595735481716,0,0,0,1
172000.0,-0.8680356385886698,1.0,-0.014468701681598103,-0.6517974709530199,0,1.267053870647276,1.61783723340406,0.12838915571849938,0.8558122807230648,0,0,0,1
38500.0,0.17425989212840734,1.0,-0.01451166441269542,-0.8648560755536564,0,-0.38838029550492814,-0.7107256994550611,-1.1334252924124224,-0.7430231774662824,0,0,1,0
43000.0,0.3834215064012942,0.0,-0.01451166441269542,-0.8648560755536564,0,-0.25781538074511456,-0.32036319269464486,0.12838915571849938,-0.544682945831541,0,0,1,0
43000.0,0.47033143423028995,0.0,-0.01451166441269542,-0.8648560755536564,0,-0.25781538074511456,-0.32036319269464486,0.12838915571849938,-0.544682945831541,0,0,1,0
140000.0,0.08605185145147524,1.0,-0.014318332122757496,-0.8648560755536564,0,-0.6223879446638212,0.7168979404301677,0.12838915571849938,2.512796866699697,0,0,1,0
51800.0,1.28275917809024,1.0,-0.014436479633275117,1.6918471796539818,0,-0.8792076602501533,0.11004421352280759,1.7487897039120293,-0.4040257849946152,1,0,0,0
62000.0,-0.4926010404109903,1.0,-0.014490183047146762,-0.4387388663523834,0,-0.22051111938516788,-0.24807192448694768,1.7487897039120293,-0.318855491726885,0,0,1,0
29500.0,0.6209761575736524,0.0,-0.014522405095469749,0.20043694744952617,0,-0.43552873694597194,0.11004421352280759,-1.1334252924124224,-0.6599620002908548,0,0,1,0
72000.0,0.5573431748316728,0.0,-0.014479442364372434,-0.4387388663523834,0,-0.19978652974075298,-0.7092948551838962,1.7487897039120293,-0.17598529481347577,0,0,1,0
59000.0,0.4555304024445055,1.0,-0.014490183047146762,0.6265541566507993,0,-0.2826848883184123,1.2004690324034661,0.12838915571849938,-0.0771632573576179,0,0,1,0
37000.0,-0.12989303878170666,0.0,-0.014500923729921091,-0.22568026175174685,0,-0.6108242243549808,-0.8194871463930152,1.7487897039120293,-0.7288080233753417,0,0,1,0
70000.0,0.6846091403156319,1.0,-0.014479442364372434,-0.012621657151110341,0,-0.236054561618479,0.11004421352280759,1.7487897039120293,0.17671313981439438,0,0,1,0
67000.0,0.8118751057995911,1.0,-0.014468701681598103,0.8396127612514358,0,-0.42545428364660365,0.5199635555482692,1.7487897039120293,0.22122644167615824,0,0,1,0
28500.0,0.6082495610252565,0.0,-0.014522405095469749,-0.012621657151110341,0,-0.471796768823698,0.5199635555482692,-1.1334252924124224,-0.8675563045576368,0,0,1,0
42500.0,-0.29533879391085355,1.0,-0.01451166441269542,-0.4387388663523834,0,-0.27232259349620497,0.11004421352280759,-1.1334252924124224,-0.6599620002908548,0,0,1,0
59000.0,-0.6389569007175433,0.0,-0.014522405095469749,-0.4387388663523834,0,0.634378203446945,-0.32036319269464486,-1.1334252924124224,-0.677508791536798,0,0,1,0
58000.0,-0.6644100938143351,0.0,-0.014490183047146762,-0.6517974709530199,0,-0.3034094779628272,-0.7092948551838962,1.7487897039120293,-0.33774114206297895,0,0,1,0
110000.0,0.6209761575736524,1.0,-0.0143935169021778,0.20043694744952617,0,-0.5080648007014239,1.5274482590375342,0.12838915571849938,0.837345924121038,0,0,1,0
32500.0,0.33462773523474426,0.0,-0.01451166441269542,1.0526713658520723,0,-0.562466848518013,-0.8102427462111627,-1.1334252924124224,-0.8015849257249965,0,0,1,0
31000.0,0.25190485767017085,0.0,-0.014522405095469749,0.8396127612514358,0,-0.38112668912938297,-1.100277399583882,-1.1334252924124224,-0.7007311306266601,0,0,1,0
22000.0,0.671882543767236,0.0,-0.01451166441269542,2.117964388855255,0,-0.8671183162909113,-0.9936213437697933,-0.9346187243669639,-1.0352666532541752,0,0,1,0
35500.0,1.880909215864848,0.0,-0.01451166441269542,1.9049057842546184,0,-0.47542357201147056,-0.9345511308118133,-0.9346187243669639,-0.6861294929918105,1,0,0,0
77000.0,0.2773580507669626,0.0,-0.014490183047146762,0.6265541566507993,0,0.09035772528105497,1.61783723340406,0.12838915571849938,1.1788691035843615,0,0,1,0
44000.0,0.2773580507669626,0.0,-0.01451166441269542,-0.6517974709530199,0,-0.22880095524293378,-0.8102427462111627,-1.164846784639172,-0.6547550895783869,1,0,0,0
37500.0,0.30281124386375446,0.0,-0.01451166441269542,0.8396127612514358,0,-0.41739472100710895,-0.8102427462111627,-0.9346187243669639,-0.599331507536703,0,0,1,0
21500.0,1.28275917809024,0.0,-0.014522405095469749,1.6918471796539818,0,-0.7256729919677799,-1.100277399583882,-1.1334252924124224,-1.0243493419853384,0,0,1,0
120000.0,-0.4735111455883964,1.0,-0.014479442364372434,-0.6517974709530199,0,0.6706462353246709,1.61783723340406,-0.9346187243669639,0.4451786460753563,0,0,0,1
50000.0,1.1936730022514686,0.0,-0.014490183047146762,0.4134955520501627,0,-0.46920619511814604,-0.32036319269464486,0.12838915571849938,-0.21518594876585154,0,0,1,0
99000.0,-0.22534251289467602,1.0,-0.014479442364372434,0.20043694744952617,0,0.28983190060854797,-0.32036319269464486,1.7487897039120293,0.27267559763416027,0,0,1,0
34000.0,-0.015353669846143416,0.0,-0.014522405095469749,-0.4387388663523834,0,-0.27232259349620497,-0.6547472531184948,-1.1334252924124224,-0.8428143786987349,0,0,1,0
34000.0,0.7482421230576115,0.0,-0.014500923729921091,-0.012621657151110341,0,-0.6833602881104329,-1.100277399583882,-1.164846784639172,-0.8655644301354135,1,0,0,0
160000.0,-0.9332594458991988,1.0,-0.014479442364372434,-0.012621657151110341,0,1.3960068728791908,2.6714025272308954,1.7487897039120293,0.9420616080322042,1,0,0,0
50000.0,0.37917082315413,0.0,-0.014490183047146762,-0.6517974709530199,0,-0.46920619511814604,-0.7092948551838962,1.7487897039120293,-0.33774114206297895,0,0,1,0
120000.0,-0.3207919870076454,1.0,-0.014447220316049445,0.8396127612514358,0,0.0771693500527911,2.6714025272308954,1.7487897039120293,1.4957457867124955,1,0,0,0
65000.0,1.9190890055100356,0.0,-0.014479442364372434,1.4787885750533454,0,-0.326724641312794,-0.32036319269464486,0.645607861430407,-0.005745456000475006,1,0,0,0
63000.0,0.2773580507669626,0.0,-0.014500923729921091,-0.012621657151110341,0,0.017821661525602984,-0.32036319269464486,-0.9346187243669639,-0.27162723695701885,0,0,1,0
32500.0,1.56274430215495,1.0,-0.014490183047146762,1.4787885750533454,0,-0.831886513895406,-0.8102427462111627,0.12838915571849938,-0.6123936341522249,0,0,1,0
50000.0,0.6151091965648419,0.0,-0.01451166441269542,-1.077914680154293,0,-0.054714402229849,-0.6547472531184948,-1.164846784639172,-0.38651863159071703,1,0,0,0
45000.0,2.405664971344857,1.0,-0.014436479633275117,0.8396127612514358,0,-0.9614151991729989,0.11004421352280759,1.7487897039120293,-0.4040257849946152,0,0,1,0
80000.0,0.5955229644768606,1.0,-0.014404257584952129,0.8396127612514358,0,-0.731717663947401,2.6714025272308954,1.7487897039120293,0.9420616080322042,0,0,1,0
64000.0,-0.537144128330376,0.0,-0.014500923729921091,-0.8648560755536564,0,0.04200034944408689,-0.6696563497873814,1.7487897039120293,-0.42529043165010694,0,0,1,0
32500.0,1.1936730022514686,0.0,-0.01451166441269542,0.20043694744952617,0,-0.562466848518013,-0.7092948551838962,-1.1334252924124224,-0.8699883990356986,0,0,1,0
36000.0,1.0723121775659652,0.0,-0.01451166441269542,-0.4387388663523834,0,-0.46091635926038016,-0.8102427462111627,-1.164846784639172,-0.6547550895783869,1,0,0,0
49000.0,-0.5295845299806288,1.0,-0.01451166441269542,-0.6517974709530199,0,-0.0837288277320298,-0.14125162852066492,-1.1334252924124224,-0.29557960484411366,0,0,1,0
62000.0,-0.4607845490400005,1.0,-0.014490183047146762,-0.22568026175174685,0,-0.22051111938516788,-0.7092948551838962,1.7487897039120293,-0.33774114206297895,0,0,1,0
130000.0,-0.4926010404109903,1.0,-0.014479442364372434,-0.012621657151110341,0,0.8519863947133008,1.61783723340406,1.7487897039120293,1.240064991829398,0,0,1,0
50000.0,-0.6135037076207515,1.0,-0.014490183047146762,0.20043694744952617,0,-0.46920619511814604,0.11004421352280759,0.12838915571849938,-0.7515247820538202,0,0,1,0
35000.0,0.37518739843448207,0.0,-0.014500923729921091,-0.6517974709530199,0,-0.6591816001919489,-1.1381312347207264,-1.164846784639172,-0.910097051146548,1,0,0,0
23000.0,1.3209389677354277,0.0,-0.01451166441269542,1.9049057842546184,0,-0.8381038907887305,-0.6547472531184948,-1.1334252924124224,-0.8428143786987349,0,0,1,0
65000.0,0.43007720934771365,1.0,-0.014490183047146762,-0.6517974709530199,0,-0.1583373504519232,-0.6547472531184948,-1.164846784639172,-0.38651863159071703,1,0,0,0
55000.0,0.06100590944423208,0.0,-0.014490183047146762,0.6265541566507993,0,-0.36558324689607186,0.7168979404301677,0.12838915571849938,-0.5254071569925362,0,0,1,0
153000.0,-0.21897921462047806,1.0,-0.014479442364372434,-0.8648560755536564,0,1.2690687613071499,1.61783723340406,0.12838915571849938,1.1788691035843615,0,0,0,1
50000.0,-0.7407696731047106,0.0,-0.01451166441269542,0.20043694744952617,0,-0.054714402229849,-0.8102427462111627,1.7487897039120293,-0.44241729846874356,0,0,1,0
48900.0,1.1745831074288746,0.0,-0.014500923729921091,0.6265541566507993,0,-0.32309783812502135,1.61783723340406,-0.13969362055378792,0.21854167950849016,1,0,0,0
11000.0,1.1936730022514686,1.0,-0.014468701681598103,1.2657299704527087,0,-1.328125299270006,-0.6547472531184948,0.12838915571849938,-0.746478795035351,1,0,0,0
240000.0,-0.2698856008140617,1.0,-0.014404257584952129,-0.4387388663523834,0,0.8157183628355749,1.61783723340406,1.7487897039120293,2.9642897574202522,0,0,0,1
182000.0,-0.9443952178790452,1.0,-0.014479442364372434,-0.8648560755536564,0,1.7949552235341768,1.61783723340406,1.7487897039120293,1.240064991829398,0,0,0,1
150000.0,0.9391410712835503,1.0,-0.014490183047146762,-0.6517974709530199,0,1.6032527693233392,-0.8102427462111627,-1.1334252924124224,0.03674692258203081,1,0,0,0
39000.0,0.17554527837979533,0.0,-0.014500923729921091,2.117964388855255,0,-0.562466848518013,0.7168979404301677,-0.9346187243669639,-0.4247585554475627,1,0,0,0
110000.0,0.6209761575736524,1.0,-0.014436479633275117,1.0526713658520723,0,-0.17560784182226907,1.61783723340406,1.7487897039120293,0.32162118085854435,1,0,0,0
98000.0,1.5118379159613664,1.0,-0.014468701681598103,0.20043694744952617,0,0.07423860000206561,1.61783723340406,0.12838915571849938,0.8267724449304006,0,0,1,0
64000.0,-0.6695007324336935,0.0,-0.014490183047146762,0.6265541566507993,0,-0.1790619400963381,-0.6808932935519518,1.7487897039120293,-0.2790448113622479,1,0,0,0
31000.0,-0.29533879391085355,0.0,-0.01451166441269542,0.20043694744952617,0,-0.6059884867712841,0.3664142374090258,0.12838915571849938,-0.8839181301687565,0,0,1,0
185000.0,0.30281124386375446,1.0,-0.014264628708885852,0.20043694744952617,0,-0.5469234062847018,2.413559718457235,1.7487897039120293,1.0656601476446517,1,0,0,0
45000.0,0.9264144747351544,1.0,-0.014490183047146762,1.2657299704527087,0,-0.5728291433402204,1.2004690324034661,-0.16392578415542897,-0.6286736506352889,0,0,1,0
85000.0,0.17554527837979533,1.0,-0.014479442364372434,-1.077914680154293,0,0.035955677464465985,0.1714235032256855,1.7487897039120293,0.1958946560591678,0,0,1,0
86000.0,-1.0971143764597964,1.0,-0.014500923729921091,-0.6517974709530199,0,0.573931483650735,-0.14125162852066492,1.7487897039120293,-0.05367235058736728,0,0,1,0
56000.0,0.5955229644768606,0.0,-0.01451166441269542,0.6265541566507993,0,0.11937215078323578,-0.32036319269464486,-0.9346187243669639,-0.27162723695701885,0,0,1,0
31000.0,2.339066691607101,0.0,-0.014500923729921091,1.6918471796539818,0,-0.7558963518658849,-0.6547472531184948,0.12838915571849938,-0.8445406698646618,1,0,0,0
239000.0,-0.9443952178790452,1.0,-0.014490183047146762,-1.077914680154293,0,3.447741247676262,1.2004690324034661,1.7487897039120293,3.1803593516333817,0,1,0,0
56000.0,0.7609687196060074,0.0,-0.014490183047146762,0.8396127612514358,0,-0.344858657251657,1.61783723340406,-0.9346187243669639,0.4451786460753563,0,0,1,0
81000.0,1.4100251435741993,1.0,-0.014490183047146762,0.6265541566507993,0,0.17325608385871427,1.61783723340406,0.12838915571849938,0.8558122807230648,1,0,0,0
119000.0,2.0972613571875787,1.0,-0.014457960998823774,0.4134955520501627,0,0.22092264004086856,1.61783723340406,0.12838915571849938,0.8267724449304006,0,0,1,0
154600.0,-0.9698484109758371,1.0,-0.014339813488306156,0.8396127612514358,0,-0.43742849099671005,-0.9936213437697933,1.374316969122095,1.2817331077190495,0,0,1,0
79900.0,0.17554527837979533,1.0,-0.014414998267726459,1.4787885750533454,0,-0.6774883210445154,1.61783723340406,0.12838915571849938,0.8267724449304006,1,0,0,0
99000.0,1.0027740540255299,1.0,-0.014350554171080485,1.0526713658520723,0,-0.7873286461599142,1.61783723340406,1.7487897039120293,0.32162118085854435,0,0,1,0
75000.0,-0.06626005603972708,1.0,-0.014490183047146762,0.4134955520501627,0,0.04890854599222519,1.2004690324034661,0.12838915571849938,-0.0771632573576179,0,0,1,0
35000.0,0.8627814919931748,1.0,-0.014479442364372434,1.4787885750533454,0,-0.8707451194786839,-0.32036319269464486,1.374316969122095,-0.8250155579687256,0,0,1,0
74500.0,-0.6135037076207515,0.0,-0.01451166441269542,-0.6517974709530199,0,0.6561390225735805,0.11004421352280759,1.7487897039120293,-0.08452607888262177,0,0,1,0
61000.0,0.30281124386375446,1.0,-0.014500923729921091,-0.22568026175174685,0,-0.030535714311365095,-0.32036319269464486,-0.9346187243669639,-0.27162723695701885,0,0,1,0
35000.0,1.0664070367675094,0.0,-0.014468701681598103,1.9049057842546184,0,-0.9412662925742623,-0.32036319269464486,-0.9346187243669639,-0.726667004122192,0,0,1,0
85000.0,-0.9953016040726289,1.0,-0.014479442364372434,-0.22568026175174685,0,0.035955677464465985,-0.14125162852066492,1.7487897039120293,0.4692490690211446,0,0,1,0
88000.0,0.43007720934771365,1.0,-0.014457960998823774,0.8396127612514358,0,-0.22880095524293378,1.2004690324034661,1.374316969122095,0.24995638468184,0,0,1,0
80000.0,-0.8298558489434821,1.0,-0.014479442364372434,-0.6517974709530199,0,-0.054714402229849,-0.24807192448694768,0.12838915571849938,-0.6158023478212081,0,0,1,0
170000.0,-0.842582445491878,1.0,-0.014447220316049445,-0.8648560755536564,0,0.7365881114659908,0.7168979404301677,1.7487897039120293,1.825600191032669,0,1,0,0
77000.0,-0.007717711917105866,0.0,-0.014479442364372434,0.6265541566507993,0,-0.109116450046438,1.61783723340406,0.12838915571849938,0.8558122807230648,0,0,1,0
103000.0,-0.30933805011408905,1.0,-0.014457960998823774,-0.012621657151110341,0,-0.011192763976577811,0.11004421352280759,1.7487897039120293,0.17671313981439438,1,0,0,0
99000.0,-1.0080282006210248,1.0,-0.014468701681598103,-0.6517974709530199,0,0.09035772528105497,-0.7092948551838962,0.12838915571849938,-0.40125409173609144,0,0,1,0
195000.0,-1.3315382848812491,1.0,-0.014425738950500788,-0.012621657151110341,0,0.6706462353246709,1.61783723340406,1.7487897039120293,2.9642897574202522,0,0,1,0
265000.0,-0.5498707248787719,1.0,-0.014479442364372434,-0.6517974709530199,0,3.3000785464598055,2.6714025272308954,1.7487897039120293,1.4957457867124955,1,0,0,0
70000.0,-0.2698856008140617,1.0,-0.014490183047146762,-0.4387388663523834,0,-0.054714402229849,-0.8102427462111627,1.7487897039120293,-0.1688273628391848,0,0,1,0
235000.0,-0.7280430765563147,1.0,-0.014457960998823774,-0.8648560755536564,0,1.9037593191673547,1.61783723340406,0.12838915571849938,0.8267724449304006,0,0,0,1
91000.0,-1.0398446919920146,1.0,-0.014468701681598103,-0.4387388663523834,0,-0.038595276950859646,-0.8102427462111627,1.7487897039120293,-0.1688273628391848,0,0,1,0
80000.0,-0.6262303041691474,0.0,-0.014500923729921091,-0.4387388663523834,0,0.428859356139831,-0.6547472531184948,-0.13969362055378792,-0.6199086206554122,0,0,1,0
29000.0,0.3409910335089422,0.0,-0.01451166441269542,0.4134955520501627,0,-0.6640173377756458,-0.9936213437697933,-1.1334252924124224,-0.9428207023687876,0,0,1,0
75000.0,2.288160305413517,1.0,-0.014479442364372434,0.8396127612514358,0,-0.145384481924164,1.61783723340406,0.12838915571849938,0.8558122807230648,0,0,1,0
105000.0,-0.33988188183023926,1.0,-0.014490183047146762,-0.22568026175174685,0,0.6706462353246709,1.2004690324034661,1.7487897039120293,0.5325102385989583,0,0,1,0
31000.0,2.0972613571875787,0.0,-0.01451166441269542,1.4787885750533454,0,-0.6059884867712841,-0.9345511308118133,-0.9346187243669639,-0.6861294929918105,1,0,0,0
45000.0,0.4607610336258962,0.0,-0.014522405095469749,-0.8648560755536564,0,0.12662575715878097,-0.32036319269464486,-1.1334252924124224,-0.677508791536798,0,0,1,0
45000.0,0.6469511411289285,0.0,-0.014522405095469749,-0.8648560755536564,0,0.12662575715878097,-0.32036319269464486,-1.1334252924124224,-0.677508791536798,0,0,1,0
56000.0,-0.5753239179755637,1.0,-0.014490183047146762,-0.4387388663523834,0,-0.344858657251657,-0.6547472531184948,1.7487897039120293,-0.41269755256850865,0,0,1,0
52000.0,1.2063995987998646,0.0,-0.014500923729921091,0.6265541566507993,0,-0.24814390557772106,1.61783723340406,-0.9346187243669639,0.4451786460753563,0,0,1,0
55000.0,1.1936730022514686,0.0,-0.014490183047146762,0.8396127612514358,0,-0.36558324689607186,-0.7092948551838962,0.645607861430407,0.36808876559412446,1,0,0,0
84000.0,-0.3207919870076454,1.0,-0.014500923729921091,-0.4387388663523834,0,0.5255741078137669,0.5199635555482692,1.7487897039120293,0.18002307870043238,0,0,1,0
45000.0,0.10959605506600768,0.0,-0.014522405095469749,-0.8648560755536564,0,0.12662575715878097,-0.32036319269464486,-1.1334252924124224,-0.677508791536798,0,0,1,0
70000.0,0.04827931289583617,0.0,-0.014490183047146762,-0.8648560755536564,0,-0.054714402229849,-0.8102427462111627,-1.164846784639172,-0.5265758588219019,1,0,0,0
45000.0,0.05133369606745118,0.0,-0.014522405095469749,-0.8648560755536564,0,0.12662575715878097,-0.32036319269464486,-1.1334252924124224,-0.677508791536798,0,0,1,0
41000.0,0.09918569908941983,0.0,-0.01451166441269542,-0.012621657151110341,0,-0.3158442317494762,-0.6547472531184948,-0.9346187243669639,-0.7548560497482442,0,0,1,0
45000.0,0.14679589677696894,0.0,-0.014522405095469749,-0.8648560755536564,0,0.12662575715878097,-0.32036319269464486,-1.1334252924124224,-0.677508791536798,0,0,1,0
45000.0,0.19270073052703302,0.0,-0.014522405095469749,-0.8648560755536564,0,0.12662575715878097,-0.32036319269464486,-1.1334252924124224,-0.677508791536798,0,0,1,0
35000.0,-0.35897177665283314,0.0,-0.014522405095469749,-0.012621657151110341,0,-0.236054561618479,-0.6547472531184948,-1.1334252924124224,-0.8428143786987349,0,0,1,0
51000.0,0.858289003411591,1.0,-0.014457960998823774,1.6918471796539818,0,-0.7655678270332785,1.61783723340406,0.12838915571849938,0.8267724449304006,1,0,0,0
68000.0,0.2640969371635341,1.0,-0.014479442364372434,-0.012621657151110341,0,-0.27232259349620497,0.7168979404301677,0.12838915571849938,-0.5254071569925362,0,0,1,0
29000.0,-0.5625973214271678,0.0,-0.01451166441269542,-0.8648560755536564,0,-0.6640173377756458,-1.100277399583882,-1.164846784639172,-0.8655644301354135,1,0,0,0
55000.0,0.9136878781867585,0.0,-0.014468701681598103,0.6265541566507993,0,-0.6188837869944755,-0.6773632585629926,0.645607861430407,-0.33729735160478563,1,0,0,0
19000.0,2.148167743381162,0.0,-0.014490183047146762,0.8396127612514358,0,-1.1116684740950067,-1.3420330208418312,0.645607861430407,-1.1391626097022243,1,0,0,0
64000.0,-0.18079942497529033,0.0,-0.014500923729921091,0.20043694744952617,0,0.04200034944408689,-0.32036319269464486,-0.9346187243669639,-0.27162723695701885,0,0,1,0
28500.0,0.7609687196060074,0.0,-0.014522405095469749,-0.22568026175174685,0,-0.471796768823698,-0.8102427462111627,-1.1334252924124224,-0.8015849257249965,0,0,1,0
110000.0,-0.5880505145239596,0.0,-0.014479442364372434,-0.6517974709530199,0,0.4893060759360409,-0.32036319269464486,-0.9346187243669639,0.3028550113639118,0,0,1,0
152000.0,-0.8171292523950862,1.0,-0.014479442364372434,-0.6517974709530199,0,1.2509347453682869,1.61783723340406,0.12838915571849938,1.1788691035843615,0,0,0,1
39000.0,-0.5880505145239596,0.0,-0.014522405095469749,-0.6517974709530199,0,-0.090982434107575,-1.100277399583882,-1.1334252924124224,-0.7396068282786806,0,0,1,0
155000.0,-0.37169837320122906,1.0,-0.014479442364372434,-0.6517974709530199,0,1.3053367931848758,1.61783723340406,1.7487897039120293,1.240064991829398,0,0,0,1
57000.0,1.6518304779937216,0.0,-0.014490183047146762,1.4787885750533454,0,-0.32413406760724206,1.2004690324034661,1.374316969122095,-0.5609356926052533,0,0,1,0
35500.0,1.1936730022514686,1.0,-0.014490183047146762,1.6918471796539818,0,-0.7697127449621615,-0.32036319269464486,-0.9346187243669639,-0.726667004122192,0,0,1,0
54000.0,0.6846091403156319,1.0,-0.014479442364372434,0.20043694744952617,0,-0.526198816640287,1.4293979033596458,1.7487897039120293,-0.018891784145444346,0,0,1,0
88000.0,-0.6135037076207515,1.0,-0.014500923729921091,-0.4387388663523834,0,0.6222888594877029,-0.6547472531184948,-1.164846784639172,-0.09200577059056224,1,0,0,0
49500.0,0.2773580507669626,0.0,-0.01451166441269542,-0.8648560755536564,0,-0.0692216149809394,0.11004421352280759,-1.1334252924124224,-0.4082097375437444,0,0,1,0
70000.0,0.09918569908941983,1.0,-0.014468701681598103,-0.4387388663523834,0,-0.3770969078096357,0.1714235032256855,1.7487897039120293,0.1958946560591678,0,0,1,0
85000.0,-0.38919744345527346,1.0,-0.014500923729921091,-0.22568026175174685,0,0.5497527957322509,0.7168979404301677,1.7487897039120293,0.5572314696586683,0,0,1,0
130000.0,-0.7662228662015025,1.0,-0.014490183047146762,-0.8648560755536564,0,1.1887609764350424,1.61783723340406,-0.9346187243669639,0.4451786460753563,0,0,1,0
135000.0,0.37787271030619357,1.0,-0.014479442364372434,-0.8648560755536564,0,0.9426564744076159,0.7168979404301677,1.7487897039120293,1.3936479948991085,0,0,0,1
65000.0,0.3283280699432883,1.0,-0.014479442364372434,-0.22568026175174685,0,-0.326724641312794,-0.07526237887860447,0.12838915571849938,-0.19803040055061802,0,0,1,0
158000.0,-0.6173216865852702,1.0,-0.014490183047146762,-1.077914680154293,0,1.7690494864786583,1.61783723340406,1.7487897039120293,1.240064991829398,0,0,1,0
81000.0,0.20099847147658714,1.0,-0.014500923729921091,-0.22568026175174685,0,0.45303804405831494,0.7168979404301677,0.12838915571849938,-0.25464231716509217,0,0,1,0
115000.0,0.073732505992628,1.0,-0.014468701681598103,-0.22568026175174685,0,0.34826372974488423,0.7168979404301677,1.7487897039120293,0.3604595735481716,0,0,1,0
175000.0,-0.3431780703362738,1.0,-0.014479442364372434,-0.6517974709530199,0,1.6680171119621359,0.7168979404301677,0.12838915571849938,0.7777888788965621,0,0,1,0
129000.0,-0.3971515662980209,1.0,-0.014479442364372434,-0.22568026175174685,0,0.8338523787744379,0.7168979404301677,0.12838915571849938,0.7777888788965621,0,0,1,0
160000.0,-0.44482539696831197,1.0,-0.014457960998823774,-0.4387388663523834,0,0.8157183628355749,1.2004690324034661,0.12838915571849938,1.1296197984586185,0,0,1,0
116000.0,-0.7662228662015025,1.0,-0.014479442364372434,-0.6517974709530199,0,0.5981101715692189,0.7168979404301677,1.7487897039120293,0.5572314696586683,0,0,1,0
168000.0,-0.5625973214271678,1.0,-0.014468701681598103,-0.4387388663523834,0,1.202577369531319,0.7168979404301677,1.7487897039120293,1.3936479948991085,0,0,1,0
99000.0,-0.5625973214271678,1.0,-0.014490183047146762,-0.4387388663523834,0,0.5462986974581818,1.2004690324034661,1.374316969122095,0.24995638468184,0,0,1,0
85000.0,-0.20625261807208214,1.0,-0.014500923729921091,-0.22568026175174685,0,0.5497527957322509,0.7168979404301677,0.12838915571849938,-0.25464231716509217,0,0,1,0
138000.0,0.24554155939597286,1.0,-0.014479442364372434,-0.4387388663523834,0,0.9970585222242049,0.7168979404301677,0.12838915571849938,0.7777888788965621,0,0,1,0
119000.0,0.11514485116110831,1.0,-0.014479442364372434,-0.012621657151110341,0,0.652512219385808,0.7168979404301677,0.12838915571849938,0.7777888788965621,0,0,1,0
99000.0,0.1500920852830035,1.0,-0.014479442364372434,-0.4387388663523834,0,0.28983190060854797,-0.32036319269464486,0.12838915571849938,-0.21518594876585154,0,0,1,0
130000.0,-1.1421283484514726,0.0,-0.014490183047146762,-0.8648560755536564,0,1.1887609764350424,-0.8102427462111627,1.7487897039120293,0.03674692258203081,0,0,1,0
111000.0,-0.7153164800079188,1.0,-0.014479442364372434,-0.6517974709530199,0,0.5074400918749039,1.2004690324034661,-0.9346187243669639,-0.026885704658305653,0,0,1,0
73000.0,-0.20625261807208214,0.0,-0.014490183047146762,-0.22568026175174685,0,0.007459366703395671,-0.8102427462111627,1.7487897039120293,-0.1688273628391848,0,0,1,0
76000.0,-0.006954116124202111,1.0,-0.014479442364372434,-0.6517974709530199,0,-0.127250465985301,1.4293979033596458,1.7487897039120293,-0.018891784145444346,0,0,1,0
197000.0,-0.9698484109758371,1.0,-0.014457960998823774,-1.2909732847549296,0,1.3524852346259195,1.2004690324034661,0.12838915571849938,1.1296197984586185,0,0,1,0
40000.0,1.1936730022514686,0.0,-0.014500923729921091,0.8396127612514358,0,-0.5382881605995289,-0.6773632585629926,-0.9346187243669639,-0.5841160363427136,0,0,1,0
47000.0,1.588197495251742,0.0,-0.014490183047146762,0.6265541566507993,0,-0.5313799640513907,-0.32036319269464486,0.12838915571849938,-0.21518594876585154,0,0,1,0
110000.0,-0.015353669846143416,1.0,-0.014468701681598103,0.4134955520501627,0,0.2676681033499377,1.61783723340406,0.12838915571849938,0.8558122807230648,0,0,1,0
50000.0,0.9391410712835503,0.0,-0.014500923729921091,0.6265541566507993,0,-0.2965012814146889,-0.6808932935519518,1.7487897039120293,-0.2790448113622479,0,0,1,0
85000.0,0.007248765623807731,0.0,-0.014490183047146762,-0.012621657151110341,0,0.25615444243637386,0.11004421352280759,1.7487897039120293,0.17671313981439438,1,0,0,0
260000.0,0.3375421258443269,1.0,-0.014382776219403471,-0.6517974709530199,0,0.7133145081219956,1.4293979033596458,1.7487897039120293,3.764476525950356,0,0,1,0
85000.0,0.25190485767017085,0.0,-0.014361294853854813,1.6918471796539818,0,-0.8564287911058973,1.2004690324034661,-0.16392578415542897,0.1566939786984576,0,0,1,0
100000.0,-0.2698856008140617,1.0,-0.014479442364372434,-0.8648560755536564,0,0.30796591654741096,0.1714235032256855,1.7487897039120293,0.1958946560591678,0,0,1,0
72000.0,0.8818713868157687,0.0,-0.014500923729921091,0.20043694744952617,0,0.23542985279195897,0.11004421352280759,1.7487897039120293,0.17671313981439438,1,0,0,0
99000.0,-0.2444324077172699,1.0,-0.014479442364372434,-0.6517974709530199,0,0.28983190060854797,0.11004421352280759,1.7487897039120293,0.17671313981439438,0,0,1,0
94000.0,-0.7153164800079188,1.0,-0.014479442364372434,-0.8648560755536564,0,0.19916182091423296,0.1714235032256855,1.7487897039120293,0.1958946560591678,0,0,1,0
31000.0,0.12463889218621166,0.0,-0.014522405095469749,-0.22568026175174685,0,-0.38112668912938297,-0.8102427462111627,-1.1334252924124224,-0.8015849257249965,0,0,1,0
115000.0,-0.3335185835560413,0.0,-0.014382776219403471,-1.077914680154293,0,-0.5240654030004207,0.8002264370753965,-1.164846784639172,0.7457197006987675,1,0,0,0
41990.0,2.338939425641617,0.0,-0.01451166441269542,-0.4387388663523834,0,-0.2871199505023172,-0.8102427462111627,-1.164846784639172,-0.6547550895783869,1,0,0,0
240000.0,0.43007720934771365,1.0,-0.014447220316049445,-0.22568026175174685,0,1.659774377444471,0.5199635555482692,1.7487897039120293,2.0317591937327775,1,0,0,0
42000.0,-0.35897177665283314,0.0,-0.014522405095469749,-0.4387388663523834,0,0.017821661525602984,-0.7092948551838962,-1.1334252924124224,-0.8699883990356986,0,0,1,0
29500.0,0.49371019208969324,0.0,-0.014500923729921091,-0.22568026175174685,0,-0.7921643837436109,-1.1381312347207264,-1.164846784639172,-0.910097051146548,1,0,0,0
56500.0,-0.28347760592774857,0.0,-0.014500923729921091,-0.8648560755536564,0,-0.1393398099445431,-0.8102427462111627,0.645607861430407,-0.43724029098518824,1,0,0,0
70000.0,-0.1553462318784985,1.0,-0.014500923729921091,-0.8648560755536564,0,0.18707247695499088,-0.07526237887860447,1.7487897039120293,-0.04296610686891411,0,0,1,0
80000.0,-1.135294166104984,1.0,-0.014457960998823774,-1.2909732847549296,0,-0.344858657251657,-0.5342239031937968,1.7487897039120293,0.058523025031739284,0,0,1,0
113000.0,-0.18079942497529033,1.0,-0.014490183047146762,-0.6517974709530199,0,0.8364429524799898,-0.14125162852066492,1.7487897039120293,0.4692490690211446,1,0,0,0
112000.0,1.8300028296712643,1.0,-0.014243147343337193,1.4787885750533454,0,-0.9638330679648472,2.413559718457235,1.7487897039120293,1.0656601476446517,0,0,1,0
39000.0,-0.5625973214271678,0.0,-0.014522405095469749,-1.077914680154293,0,-0.090982434107575,-0.8102427462111627,-1.1334252924124224,-0.8015849257249965,0,0,1,0
35000.0,1.1936730022514686,0.0,-0.01451166441269542,0.6265541566507993,0,-0.48993078476256097,0.11004421352280759,-1.1334252924124224,-0.4082097375437444,0,0,1,0
50500.0,-0.6962265851853249,0.0,-0.014500923729921091,-0.6517974709530199,0,-0.2844119374554471,-1.100277399583882,-1.164846784639172,-0.9157255191567732,0,0,1,0
175000.0,0.20099847147658714,1.0,-0.014457960998823774,-0.012621657151110341,0,1.033326554101931,2.6714025272308954,1.7487897039120293,3.1663349296809935,1,0,0,0
65000.0,2.1099879537359745,1.0,-0.014468701681598103,0.6265541566507993,0,-0.4576925342045822,0.5199635555482692,1.7487897039120293,0.22122644167615824,0,0,1,0
96000.0,0.8882346850899666,1.0,-0.014404257584952129,0.8396127612514358,0,-0.5769740612691033,2.6714025272308954,1.7487897039120293,0.9420616080322042,0,0,1,0
76000.0,1.1090538618011843,1.0,-0.014436479633275117,0.6265541566507993,0,-0.586645536436497,1.2004690324034661,0.12838915571849938,1.1296197984586185,1,0,0,0
84000.0,1.0027740540255299,1.0,-0.014479442364372434,0.4134955520501627,0,0.017821661525602984,1.61783723340406,1.7487897039120293,1.240064991829398,0,0,1,0
75000.0,1.868182619316452,1.0,-0.014479442364372434,0.4134955520501627,0,-0.145384481924164,1.61783723340406,0.12838915571849938,0.8558122807230648,0,0,1,0
54000.0,0.22645166457337898,1.0,-0.014457960998823774,1.2657299704527087,0,-0.7220461887800074,0.11004421352280759,0.12838915571849938,-0.6548525716130805,0,0,1,0
29500.0,-0.35897177665283314,0.0,-0.014522405095469749,-0.4387388663523834,0,-0.43552873694597194,-0.8102427462111627,-1.1334252924124224,-0.8015849257249965,0,0,1,0
52400.0,0.44280380589610957,1.0,-0.014500923729921091,0.6265541566507993,0,-0.23847243041032729,-0.6808932935519518,1.7487897039120293,-0.2790448113622479,0,0,1,0
155000.0,0.17554527837979533,1.0,-0.014436479633275117,-0.4387388663523834,0,0.36841263634362087,1.5274482590375342,1.7487897039120293,1.531087330032514,0,0,1,0
107000.0,-0.6135037076207515,1.0,-0.014479442364372434,-0.8648560755536564,0,0.43490402811945195,-0.32036319269464486,-0.9346187243669639,0.3028550113639118,0,0,1,0
70000.0,-0.6262303041691474,1.0,-0.014500923729921091,-0.012621657151110341,0,0.18707247695499088,-0.32036319269464486,-0.9346187243669639,-0.27162723695701885,0,0,1,0
205000.0,-0.4098781628464168,1.0,-0.014404257584952129,-0.4387388663523834,0,0.4772167319767988,0.7168979404301677,1.7487897039120293,0.5762839065925054,0,0,0,1
70000.0,-0.9571218144274412,1.0,-0.014468701681598103,-1.2909732847549296,0,-0.3770969078096357,-0.24807192448694768,1.7487897039120293,-0.4037312721336151,0,0,1,0
55000.0,0.7227889299608197,0.0,-0.014468701681598103,-0.012621657151110341,0,-0.6188837869944755,0.1714235032256855,1.7487897039120293,-0.4323317433018523,1,0,0,0
120000.0,-0.6389569007175433,1.0,-0.014479442364372434,-0.22568026175174685,0,0.6706462353246709,1.61783723340406,-0.9346187243669639,0.4451786460753563,0,0,1,0
62000.0,-0.5625973214271678,1.0,-0.01451166441269542,-0.6517974709530199,0,0.29345870379632055,-0.14125162852066492,-1.1334252924124224,-0.29557960484411366,0,0,1,0
130000.0,-1.3516463074277145,0.0,-0.014457960998823774,-1.504031889355566,0,0.3805019803028629,0.8002264370753965,0.645607861430407,0.38248717213190975,1,0,0,0
158000.0,-0.4410583243899868,1.0,-0.014479442364372434,-0.8648560755536564,0,1.3597388410014648,0.7168979404301677,1.7487897039120293,1.3936479948991085,0,0,0,1
56000.0,1.0027740540255299,1.0,-0.014500923729921091,-0.012621657151110341,0,-0.15142915390378492,-0.32036319269464486,-0.9346187243669639,-0.27162723695701885,0,0,1,0
38000.0,1.8936358124132437,1.0,-0.014382776219403471,1.9049057842546184,0,-1.181156804079221,-0.32036319269464486,1.7487897039120293,1.6030793627214406,1,0,0,0
60000.0,1.9572687951552235,0.0,-0.014500923729921091,0.20043694744952617,0,-0.054714402229849,1.2004690324034661,1.7487897039120293,0.5325102385989583,1,0,0,0
56000.0,0.4046240162509218,0.0,-0.014500923729921091,0.6265541566507993,0,-0.15142915390378492,-0.6808932935519518,1.7487897039120293,-0.2790448113622479,0,0,1,0
52000.0,1.1936730022514686,0.0,-0.01451166441269542,-0.4387388663523834,0,0.0033144487745125867,-0.8102427462111627,-1.164846784639172,-0.4912343155018833,1,0,0,0
42000.0,0.11191229563781574,0.0,-0.01451166441269542,-0.4387388663523834,0,-0.28682980624729537,-0.8102427462111627,-1.1334252924124224,-0.8015849257249965,0,0,1,0
78000.0,0.3918974197025259,1.0,-0.014447220316049445,1.2657299704527087,0,-0.4767424095342969,1.5274482590375342,0.12838915571849938,0.7391749704543197,1,0,0,0
179000.0,-0.7280430765563147,1.0,-0.014468701681598103,-1.077914680154293,0,1.3798877476002018,1.2004690324034661,0.12838915571849938,-0.0771632573576179,0,0,0,1
69000.0,1.3845719504774074,1.0,-0.014479442364372434,0.20043694744952617,0,-0.254188577557342,0.7168979404301677,0.12838915571849938,-0.5254071569925362,0,0,1,0
83000.0,-0.5880505145239596,1.0,-0.014457960998823774,0.4134955520501627,0,-0.3013370189983858,1.4293979033596458,1.7487897039120293,0.2500654635192476,0,0,1,0
170000.0,-0.32715528528184334,1.0,-0.014479442364372434,-0.4387388663523834,0,1.5773470322678207,1.2004690324034661,1.7487897039120293,1.128586419998969,1,0,0,0
59000.0,0.2391782611217749,0.0,-0.014500923729921091,-0.4387388663523834,0,-0.07889309014833291,-0.32372425172264196,-1.1334252924124224,-0.557862186594303,0,0,1,0
74000.0,-0.3386092221753997,1.0,-0.014468701681598103,-0.22568026175174685,0,-0.31262040669367824,0.1714235032256855,1.7487897039120293,0.1958946560591678,0,0,1,0
65000.0,-0.677136690362731,0.0,-0.014500923729921091,-0.6517974709530199,0,0.06617903736257107,-0.32372425172264196,1.7487897039120293,-0.06642182508953866,0,0,1,0
45000.0,1.6391038814453256,0.0,-0.014500923729921091,0.8396127612514358,0,-0.41739472100710895,-0.6547472531184948,-0.13969362055378792,-0.7602227285486914,1,0,0,0
99000.0,-0.44805795249160457,1.0,-0.014479442364372434,-0.012621657151110341,0,0.28983190060854797,0.7168979404301677,1.7487897039120293,0.3604595735481716,0,0,1,0
28000.0,0.8118751057995911,1.0,-0.014468701681598103,1.2657299704527087,0,-1.0541001695271874,-0.6773632585629926,0.12838915571849938,-0.6158023478212081,0,0,1,0
68000.0,-1.0824787904291409,0.0,-0.014522405095469749,-0.8648560755536564,0,0.9607904903464789,-0.32036319269464486,-1.1334252924124224,-0.677508791536798,0,0,1,0
100000.0,-0.9571218144274412,0.0,-0.014479442364372434,-0.4387388663523834,0,0.30796591654741096,1.4293979033596458,1.7487897039120293,0.2500654635192476,1,0,0,0
185000.0,-0.9685757513209975,1.0,-0.014468701681598103,-0.8648560755536564,0,1.4766024992741373,1.61783723340406,0.12838915571849938,1.1788691035843615,0,0,0,1
36800.0,2.46633265709106,0.0,-0.014479442364372434,1.6918471796539818,0,-0.8381038907887305,0.5199635555482692,1.7487897039120293,0.22122644167615824,1,0,0,0
245000.0,-1.1607473592017759,1.0,-0.014447220316049445,-1.504031889355566,0,1.7257162535857906,1.61783723340406,0.12838915571849938,0.8558122807230648,0,0,0,1
105000.0,-0.7496782906885877,1.0,-0.014479442364372434,-0.8648560755536564,0,0.39863599624172597,-0.32372425172264196,1.7487897039120293,0.42035311140335835,0,0,1,0
59000.0,0.2646314542185667,0.0,-0.014500923729921091,-0.4387388663523834,0,-0.07889309014833291,-0.32372425172264196,-1.1334252924124224,-0.557862186594303,0,0,1,0
59000.0,0.2646314542185667,0.0,-0.014500923729921091,-0.4387388663523834,0,-0.07889309014833291,-0.32372425172264196,-1.1334252924124224,-0.557862186594303,0,0,1,0
89000.0,-0.4289680576690107,1.0,-0.014479442364372434,-0.8648560755536564,0,0.10849174121991798,0.11004421352280759,1.7487897039120293,0.4414037687538932,0,0,1,0
70000.0,1.1936730022514686,0.0,-0.014490183047146762,-0.22568026175174685,0,-0.054714402229849,-0.6547472531184948,1.7487897039120293,-0.13781888230169737,1,0,0,0
87000.0,-1.1874732119534073,1.0,-0.014447220316049445,-1.077914680154293,0,-0.358047032479921,-0.8194871463930152,1.7487897039120293,0.19596236016514493,0,0,1,0
115000.0,1.1936730022514686,0.0,-0.014490183047146762,0.20043694744952617,0,0.8778921317688193,-0.7092948551838962,0.645607861430407,1.531087330032514,1,0,0,0
350000.0,-0.9698484109758371,1.0,-0.014361294853854813,-0.6517974709530199,0,1.1669456189146055,1.4293979033596458,1.7487897039120293,3.764476525950356,0,0,1,0
61000.0,-0.52441753178198,0.0,-0.014522405095469749,-0.6517974709530199,0,0.7069142672023969,-0.32372425172264196,-1.1334252924124224,-0.557862186594303,0,0,1,0
23000.0,0.6846091403156319,0.0,-0.01451166441269542,0.4134955520501627,0,-0.8381038907887305,-0.8102427462111627,0.12838915571849938,-1.0150918929746795,0,0,1,0
40000.0,0.11191229563781574,0.0,-0.01451166441269542,-0.8648560755536564,0,-0.344858657251657,-0.958293484507613,-1.1334252924124224,-0.8081862516258597,0,0,1,0
185000.0,-1.3058305598534894,1.0,-0.014490183047146762,-1.504031889355566,0,2.3286134068778592,-0.9345511308118133,1.7487897039120293,2.1201130520328237,0,0,0,1
48500.0,0.25190485767017085,0.0,-0.014457960998823774,2.3310229934558913,0,-0.8018358589110045,-0.6773632585629926,0.645607861430407,-0.33729735160478563,1,0,0,0
34000.0,-0.5753239179755637,0.0,-0.014522405095469749,0.20043694744952617,0,-0.27232259349620497,-1.100277399583882,-1.1334252924124224,-0.8241565621241418,0,0,1,0
54000.0,0.12463889218621166,0.0,-0.014490183047146762,-0.22568026175174685,0,-0.3863078365404866,-0.24807192448694768,1.7487897039120293,-0.318855491726885,0,0,1,0
147000.0,-0.8044026558466902,1.0,-0.014500923729921091,-0.8648560755536564,0,2.0488314466782587,1.61783723340406,1.7487897039120293,1.4574591147824754,0,1,0,0
93000.0,0.43007720934771365,1.0,-0.014490183047146762,-0.4387388663523834,0,0.4219511595916927,-0.14125162852066492,1.7487897039120293,0.4692490690211446,1,0,0,0
39000.0,1.5754708987033461,0.0,-0.014500923729921091,0.4134955520501627,0,-0.562466848518013,-0.6773632585629926,0.12838915571849938,-0.5599539830685861,0,0,1,0
49000.0,1.0664070367675094,0.0,-0.014500923729921091,0.20043694744952617,0,-0.32067996933317294,-0.6773632585629926,0.12838915571849938,-0.5599539830685861,0,0,1,0
112000.0,-0.3335185835560413,1.0,-0.014479442364372434,-0.4387388663523834,0,0.5255741078137669,1.61783723340406,0.12838915571849938,1.1788691035843615,1,0,0,0
48000.0,0.7100623334124238,0.0,-0.01451166441269542,-0.4387388663523834,0,-0.1127432532342106,0.11004421352280759,-1.1334252924124224,-0.4082097375437444,0,0,1,0
110000.0,-0.8171292523950862,1.0,-0.014425738950500788,0.20043694744952617,0,-0.2779022907081629,1.61783723340406,0.12838915571849938,1.1788691035843615,0,0,1,0
30000.0,-0.3971515662980209,0.0,-0.014522405095469749,-0.22568026175174685,0,-0.41739472100710895,-0.7107256994550611,-1.1334252924124224,-0.788213532922619,0,0,1,0
30000.0,1.5754708987033461,0.0,-0.014468701681598103,1.9049057842546184,0,-1.0218619189692089,-0.8102427462111627,0.12838915571849938,-1.0115403699354903,0,0,1,0
38000.0,2.211800726123142,1.0,-0.014468701681598103,1.6918471796539818,0,-0.8929089167372942,1.61783723340406,0.12838915571849938,0.8558122807230648,0,0,1,0
125000.0,1.3209389677354277,1.0,-0.014425738950500788,1.4787885750533454,0,-0.11051137434942748,1.4293979033596458,1.7487897039120293,1.8967741324410399,1,0,0,0
41000.0,0.17554527837979533,0.0,-0.014500923729921091,-0.4387388663523834,0,-0.514109472681045,-0.8194871463930152,1.7487897039120293,-0.7288080233753417,0,0,1,0
45000.0,2.135441146832766,1.0,-0.014447220316049445,1.0526713658520723,0,-0.9119587920670089,0.11004421352280759,1.7487897039120293,0.17671313981439438,1,0,0,0
48000.0,-0.7153164800079188,0.0,-0.014500923729921091,-0.012621657151110341,0,-0.344858657251657,-0.8102427462111627,-0.9346187243669639,-0.599331507536703,0,0,1,0
52000.0,0.17554527837979533,0.0,-0.01451166441269542,-0.8648560755536564,0,0.0033144487745125867,0.11004421352280759,-1.1334252924124224,-0.4082097375437444,0,0,1,0
350000.0,-1.0589345868146085,1.0,-0.0143935169021778,-0.8648560755536564,0,1.6680171119621359,1.4293979033596458,1.7487897039120293,1.8967741324410399,0,0,0,1
33000.0,-0.1553462318784985,0.0,-0.014522405095469749,0.4134955520501627,0,-0.30859062537393095,-0.8102427462111627,-1.1334252924124224,-0.9035523209021002,0,0,1,0
238000.0,-0.7153164800079188,1.0,-0.014436479633275117,-0.4387388663523834,0,1.3718281849607066,1.61783723340406,1.7487897039120293,2.9642897574202522,0,0,0,1
350000.0,-0.4607845490400005,1.0,-0.014339813488306156,-0.22568026175174685,0,0.912433114509511,2.6714025272308954,1.7487897039120293,2.739345221315201,1,0,0,0
47500.0,1.0664070367675094,0.0,-0.014490183047146762,-0.012621657151110341,0,-0.5210176692291832,0.1714235032256855,0.645607861430407,-0.5795881738019297,1,0,0,0
124000.0,-0.48623774213679233,1.0,-0.014457960998823774,0.20043694744952617,0,0.29345870379632055,1.61783723340406,0.12838915571849938,0.8267724449304006,0,0,1,0
188200.0,-1.3083758791631686,1.0,-0.014468701681598103,-1.504031889355566,0,1.5281837001669032,1.2004690324034661,1.7487897039120293,0.5325102385989583,0,0,1,0
42500.0,0.6846091403156319,0.0,-0.01451166441269542,0.4134955520501627,0,-0.27232259349620497,-0.8102427462111627,1.7487897039120293,-0.44241729846874356,0,0,1,0
145000.0,0.43007720934771365,1.0,-0.014457960998823774,-0.4387388663523834,0,0.5981101715692189,1.2004690324034661,0.12838915571849938,1.1296197984586185,0,0,0,1
105000.0,-0.52441753178198,1.0,-0.014479442364372434,-0.4387388663523834,0,0.39863599624172597,-0.32036319269464486,-0.9346187243669639,0.3028550113639118,0,0,0,1
52000.0,-0.8044026558466902,0.0,-0.014479442364372434,-0.6517974709530199,0,-0.562466848518013,-0.9071017708421057,1.7487897039120293,-0.43625858144852103,0,0,1,0
30000.0,0.11191229563781574,0.0,-0.01451166441269542,0.6265541566507993,0,-0.635002912273465,-0.14125162852066492,-1.1334252924124224,-0.6934664800553231,0,0,1,0
310000.0,-0.842582445491878,1.0,-0.01428611007443451,0.20043694744952617,0,0.22427045836804338,1.61783723340406,1.7487897039120293,3.313871848620119,0,0,1,0
83000.0,-0.078986652588123,0.0,-0.014500923729921091,-0.8648560755536564,0,0.501395419895283,-0.8102427462111627,0.645607861430407,0.14098662611178267,1,0,0,0
117000.0,0.29008464731535855,1.0,-0.014468701681598103,-0.22568026175174685,0,0.3805019803028629,0.7168979404301677,1.7487897039120293,0.3604595735481716,0,0,1,0
119000.0,-0.9698484109758371,1.0,-0.014479442364372434,-0.8648560755536564,0,0.652512219385808,0.7168979404301677,1.7487897039120293,0.5572314696586683,0,0,1,0
37000.0,0.9391410712835503,0.0,-0.014500923729921091,1.6918471796539818,0,-0.6108242243549808,-0.32036319269464486,-0.9346187243669639,-0.726667004122192,0,0,1,0
41000.0,1.130040019509489,0.0,-0.01451166441269542,0.6265541566507993,0,-0.3158442317494762,-0.32372425172264196,-0.9346187243669639,-0.31092699726734396,0,0,1,0
140000.0,-0.6007771110723555,1.0,-0.014468701681598103,-0.6517974709530199,0,0.7512418617196175,0.7168979404301677,1.7487897039120293,1.3936479948991085,0,0,1,0
83448.0,-0.9253053230564514,1.0,-0.014490183047146762,-1.077914680154293,0,0.22398987930824193,-0.7092948551838962,0.12838915571849938,-0.46720206604427067,0,0,1,0
43000.0,-0.29533879391085355,0.0,-0.014500923729921091,-0.4387388663523834,0,-0.4657520968440769,-0.24807192448694768,0.12838915571849938,-0.48217140404985104,0,0,1,0
155000.0,0.17554527837979533,1.0,-0.014457960998823774,-0.6517974709530199,0,0.7431822990801229,1.61783723340406,0.12838915571849938,0.8558122807230648,0,0,0,1
29000.0,-0.015353669846143416,0.0,-0.01451166441269542,-0.6517974709530199,0,-0.6640173377756458,-1.3420330208418312,1.7487897039120293,-0.91693926912938,0,0,1,0
48500.0,-0.2698856008140617,0.0,-0.014500923729921091,-0.6517974709530199,0,-0.332769313292415,-0.24807192448694768,0.12838915571849938,-0.48217140404985104,0,0,1,0
53000.0,-0.9062154282338575,0.0,-0.01451166441269542,-0.22568026175174685,0,0.032328874276693384,0.11004421352280759,-1.1334252924124224,-0.4082097375437444,0,0,1,0
55500.0,1.1936730022514686,0.0,-0.014500923729921091,0.6265541566507993,0,-0.163518497863027,0.7168979404301677,0.12838915571849938,-0.25464231716509217,0,0,1,0
38500.0,0.13736548873460758,0.0,-0.01451166441269542,-0.6517974709530199,0,-0.38838029550492814,-0.7107256994550611,-1.1334252924124224,-0.7430231774662824,0,0,1,0
26000.0,1.7663698469292846,0.0,-0.01451166441269542,1.6918471796539818,0,-0.7510606142821882,-0.7257150424069697,-1.1334252924124224,-0.9820890838354749,0,0,1,0
91000.0,-0.52441753178198,0.0,-0.014490183047146762,-0.6517974709530199,0,0.3805019803028629,-0.32036319269464486,-0.9346187243669639,0.3028550113639118,0,0,1,0
68000.0,0.2391782611217749,1.0,-0.014500923729921091,0.6265541566507993,0,0.13871510111802307,1.61783723340406,-0.9346187243669639,0.4451786460753563,0,0,1,0
85000.0,-0.7025898834595229,0.0,-0.014500923729921091,-1.077914680154293,0,0.5497527957322509,-0.32036319269464486,-0.9346187243669639,0.3028550113639118,0,0,1,0
87000.0,-0.842582445491878,1.0,-0.014500923729921091,-0.8648560755536564,0,0.5981101715692189,0.5199635555482692,1.7487897039120293,0.18002307870043238,0,0,1,0
35000.0,0.25190485767017085,0.0,-0.014522405095469749,-0.012621657151110341,0,-0.236054561618479,0.11004421352280759,-1.1334252924124224,-0.6599620002908548,0,0,1,0
120000.0,-0.7153164800079188,1.0,-0.014490183047146762,-0.22568026175174685,0,0.9815150799908935,1.61783723340406,-0.9346187243669639,0.4451786460753563,0,0,1,0
25000.0,0.8118751057995911,0.0,-0.01451166441269542,0.8396127612514358,0,-0.7800750397843689,-0.8102427462111627,0.12838915571849938,-1.0150918929746795,0,0,1,0
65000.0,0.6209761575736524,0.0,-0.014479442364372434,1.2657299704527087,0,-0.326724641312794,0.5199635555482692,1.7487897039120293,0.22122644167615824,1,0,0,0
33000.0,1.155493212606281,1.0,-0.014490183047146762,0.6265541566507993,0,-0.8215242190731986,-0.8102427462111627,0.12838915571849938,-0.6123936341522249,0,0,1,0
28000.0,1.1936730022514686,0.0,-0.014522405095469749,0.4134955520501627,0,-0.48993078476256097,-0.14125162852066492,-1.1334252924124224,-0.8544668440687411,0,0,1,0
90000.0,0.010099523250648416,1.0,-0.014479442364372434,-0.6517974709530199,0,0.12662575715878097,-0.32036319269464486,1.7487897039120293,0.27267559763416027,0,0,1,0
59000.0,0.43007720934771365,1.0,-0.014490183047146762,-0.012621657151110341,0,-0.2826848883184123,1.2004690324034661,-0.9346187243669639,-0.026885704658305653,0,0,1,0
48000.0,-0.5320534897110176,0.0,-0.01451166441269542,0.4134955520501627,0,-0.1127432532342106,-0.6547472531184948,-1.164846784639172,-0.569771078435258,1,0,0,0
52000.0,-0.3335185835560413,0.0,-0.014479442364372434,1.2657299704527087,0,-0.562466848518013,0.11004421352280759,1.7487897039120293,0.17671313981439438,0,0,1,0
54000.0,2.173620936477954,1.0,-0.014500923729921091,0.20043694744952617,0,-0.19978652974075298,-0.32036319269464486,-0.9346187243669639,-0.27162723695701885,0,0,1,0
30000.0,1.6645570745421174,0.0,-0.014468701681598103,1.0526713658520723,0,-1.0218619189692089,-0.7092948551838962,0.12838915571849938,-0.8760644538754191,0,0,1,0
70000.0,2.020901777897203,1.0,-0.014468701681598103,0.4134955520501627,0,-0.3770969078096357,1.61783723340406,0.12838915571849938,0.8558122807230648,0,0,1,0
70000.0,-0.52441753178198,1.0,-0.014479442364372434,-0.6517974709530199,0,-0.236054561618479,1.4293979033596458,1.7487897039120293,-0.018891784145444346,0,0,1,0
70000.0,-0.537144128330376,1.0,-0.014468701681598103,-0.22568026175174685,0,-0.3770969078096357,0.1714235032256855,1.7487897039120293,0.1958946560591678,0,0,1,0
34500.0,2.0845347606391824,0.0,-0.014490183047146762,2.117964388855255,0,-0.7904373346065764,-0.32036319269464486,0.12838915571849938,-0.7466237140621923,0,0,1,0
40000.0,1.1045868264126972,0.0,-0.014468701681598103,1.0526713658520723,0,-0.8606706661793155,-0.7092948551838962,0.12838915571849938,-0.8760644538754191,0,0,1,0
25000.0,1.295485774638636,0.0,-0.01451166441269542,1.9049057842546184,0,-0.7800750397843689,-0.7092948551838962,-1.1334252924124224,-0.8699883990356986,0,0,1,0
78000.0,0.02028080048936515,1.0,-0.014500923729921091,-0.6517974709530199,0,0.3805019803028629,-0.6808932935519518,1.7487897039120293,-0.2790448113622479,0,0,1,0
41000.0,0.6846091403156319,0.0,-0.014500923729921091,0.20043694744952617,0,-0.514109472681045,-0.7092948551838962,-0.9346187243669639,-0.7386518926384681,0,0,1,0
99000.0,-1.135294166104984,0.0,-0.014500923729921091,-1.504031889355566,0,0.8882544265910268,-0.8102427462111627,0.645607861430407,0.14098662611178267,1,0,0,0
24000.0,1.1936730022514686,0.0,-0.01451166441269542,1.2657299704527087,0,-0.8090894652865497,-0.9936213437697933,0.12838915571849938,-1.0352666532541752,0,0,1,0
85000.0,-1.1607473592017759,1.0,-0.014490183047146762,-1.2909732847549296,0,0.25615444243637386,-0.8102427462111627,-0.9346187243669639,-0.599331507536703,0,0,1,0
57000.0,0.7100623334124238,0.0,-0.014500923729921091,0.8396127612514358,0,-0.127250465985301,0.7168979404301677,-0.9346187243669639,0.4086660931097012,0,0,1,0
145000.0,-0.530780830056178,1.0,-0.014404257584952129,-0.6517974709530199,0,-0.10307177806681708,-0.6773632585629926,1.7487897039120293,0.6338048135187087,0,0,1,0
59000.0,-0.42260475939481273,0.0,-0.014490183047146762,-0.8648560755536564,0,-0.2826848883184123,-0.7092948551838962,1.7487897039120293,-0.33774114206297895,0,0,1,0
128000.0,-0.9189420247822534,1.0,-0.014457960998823774,-0.8648560755536564,0,0.35148755480068217,0.11004421352280759,1.7487897039120293,0.17671313981439438,0,0,1,0
169000.0,-1.2371069384921514,1.0,-0.014468701681598103,-1.077914680154293,0,1.218696494810308,1.61783723340406,0.12838915571849938,1.1788691035843615,0,0,1,0
190000.0,-0.8553090420402739,1.0,-0.014468701681598103,-0.8648560755536564,0,1.5571981256690839,1.61783723340406,0.12838915571849938,0.8267724449304006,0,0,1,0
175000.0,-0.9189420247822534,1.0,-0.014468701681598103,-1.077914680154293,0,1.3154112464842442,1.61783723340406,0.12838915571849938,1.1788691035843615,0,0,0,1
180000.0,-0.4607845490400005,1.0,-0.014436479633275117,-0.4387388663523834,0,0.6706462353246709,0.7168979404301677,1.7487897039120293,1.8157830956659973,0,1,0,0
155000.0,0.022826119799044333,1.0,-0.014350554171080485,1.0526713658520723,0,-0.38112668912938297,2.413559718457235,0.12838915571849938,1.8234186142845195,0,0,1,0
55000.0,2.1099879537359745,0.0,-0.01451166441269542,0.6265541566507993,0,0.09035772528105497,0.7168979404301677,0.12838915571849938,-0.25464231716509217,0,0,1,0
38500.0,-0.9316686213306493,0.0,-0.014522405095469749,-1.077914680154293,0,-0.109116450046438,-0.7107256994550611,-1.1334252924124224,-0.788213532922619,0,0,1,0
68000.0,0.30281124386375446,0.0,-0.014500923729921091,1.0526713658520723,0,0.13871510111802307,1.61783723340406,0.12838915571849938,0.8558122807230648,1,0,0,0
78000.0,-0.5498707248787719,1.0,-0.014500923729921091,-0.012621657151110341,0,0.3805019803028629,-0.6808932935519518,1.7487897039120293,-0.2790448113622479,0,0,1,0
50000.0,-0.06371473673004789,1.0,-0.01451166441269542,-0.012621657151110341,0,-0.054714402229849,-0.7107256994550611,-0.9346187243669639,-0.254421432519342,0,0,1,0
60000.0,0.5191633851864851,0.0,-0.014500923729921091,0.20043694744952617,0,-0.054714402229849,-0.32372425172264196,-0.9346187243669639,-0.31092699726734396,0,0,1,0
65000.0,0.30281124386375446,1.0,-0.014490183047146762,-0.6517974709530199,0,-0.1583373504519232,-0.7092948551838962,1.7487897039120293,-0.33774114206297895,0,0,1,0
83000.0,0.6846091403156319,0.0,-0.014500923729921091,-0.012621657151110341,0,0.501395419895283,-0.32372425172264196,1.7487897039120293,0.42035311140335835,1,0,0,0
35000.0,1.1045868264126972,1.0,-0.014457960998823774,1.4787885750533454,0,-0.9976832310507249,0.5199635555482692,1.7487897039120293,0.22122644167615824,0,0,1,0
83000.0,0.2391782611217749,0.0,-0.014500923729921091,-0.8648560755536564,0,0.501395419895283,-0.8102427462111627,0.645607861430407,0.14098662611178267,1,0,0,0
33900.0,0.5191633851864851,0.0,-0.014522405095469749,-0.012621657151110341,0,-0.27594939668397755,-0.6547472531184948,-1.1334252924124224,-0.8428143786987349,0,0,1,0
23000.0,1.8300028296712643,0.0,-0.014500923729921091,1.2657299704527087,0,-0.9493258552137568,-0.7092948551838962,0.12838915571849938,-0.46720206604427067,0,0,1,0
46500.0,1.6645570745421174,0.0,-0.014457960998823774,1.2657299704527087,0,-0.8308502844131853,-0.6808932935519518,0.645607861430407,0.05459618688507055,1,0,0,0
180000.0,0.6846091403156319,1.0,-0.014468701681598103,-0.22568026175174685,0,1.3960068728791908,1.61783723340406,0.12838915571849938,0.8267724449304006,0,0,0,1
89000.0,0.1500920852830035,1.0,-0.014468701681598103,-0.012621657151110341,0,-0.07083352750883837,-0.6773632585629926,1.7487897039120293,-0.3537977852528681,0,0,1,0
124000.0,0.44280380589610957,1.0,-0.014490183047146762,-0.6517974709530199,0,1.064413438568553,-0.32036319269464486,0.645607861430407,-0.005745456000475006,1,0,0,0
76000.0,-0.21897921462047806,1.0,-0.014479442364372434,0.20043694744952617,0,-0.127250465985301,-0.32036319269464486,0.12838915571849938,-0.7466237140621923,0,0,1,0
160000.0,-1.1671106574759738,1.0,-0.014457960998823774,-0.22568026175174685,0,0.8157183628355749,1.2004690324034661,0.12838915571849938,1.1296197984586185,0,0,0,1
70000.0,1.1809464057030727,1.0,-0.014479442364372434,0.6265541566507993,0,-0.236054561618479,1.61783723340406,0.12838915571849938,0.8558122807230648,0,0,1,0
118000.0,0.08645910254102392,1.0,-0.014457960998823774,-1.2909732847549296,0,0.20641542728977816,0.11004421352280759,1.7487897039120293,0.17671313981439438,0,0,1,0
129000.0,0.5573431748316728,1.0,-0.014350554171080485,1.0526713658520723,0,-0.5697204548935582,2.413559718457235,0.12838915571849938,1.8234186142845195,0,0,1,0
47000.0,0.2646314542185667,0.0,-0.01451166441269542,-1.077914680154293,0,-0.1417576787363914,-0.8102427462111627,-1.164846784639172,-0.6547550895783869,1,0,0,0
77000.0,-0.677136690362731,1.0,-0.01451166441269542,-1.2909732847549296,0,0.7286750863290326,0.3664142374090258,-1.1334252924124224,-0.0003795471682917068,0,0,0,1
40500.0,-0.7025898834595229,0.0,-0.014522405095469749,-0.8648560755536564,0,-0.036580386290986006,-0.14125162852066492,-1.1334252924124224,-0.6934664800553231,0,0,1,0
75000.0,0.1306967521432481,1.0,-0.014479442364372434,-0.6517974709530199,0,-0.145384481924164,0.11004421352280759,1.7487897039120293,0.4414037687538932,0,0,1,0
95000.0,0.531889981734881,0.0,-0.014275369391660181,1.6918471796539818,0,-0.9949967101708934,0.7168979404301677,1.374316969122095,0.4021213628652534,0,0,1,0
30000.0,0.9009612816383625,0.0,-0.014490183047146762,1.4787885750533454,0,-0.8836979880064433,0.7168979404301677,0.12838915571849938,-0.5254071569925362,0,0,1,0
30000.0,0.11191229563781574,0.0,-0.01451166441269542,-0.012621657151110341,0,-0.635002912273465,-0.6808932935519518,-1.1334252924124224,-0.9543394275990159,0,0,1,0
67000.0,-0.42260475939481273,1.0,-0.014490183047146762,-0.8648560755536564,0,-0.11688817116309368,-0.24807192448694768,1.7487897039120293,-0.318855491726885,0,0,1,0
67500.0,0.6082495610252565,1.0,-0.014500923729921091,1.0526713658520723,0,0.12662575715878097,1.61783723340406,-0.9346187243669639,0.4451786460753563,0,0,1,0
61000.0,0.3918974197025259,0.0,-0.014490183047146762,1.2657299704527087,0,-0.24123570902958277,1.61783723340406,-0.9346187243669639,0.4451786460753563,0,0,1,0
30500.0,0.9518676678319462,0.0,-0.014522405095469749,-0.012621657151110341,0,-0.39926070506824596,-0.32372425172264196,-1.1334252924124224,-0.557862186594303,0,0,1,0
78000.0,-0.3335185835560413,1.0,-0.014468701681598103,-0.6517974709530199,0,-0.24814390557772106,0.1714235032256855,1.7487897039120293,0.1958946560591678,0,0,1,0
39000.0,0.35371763005733814,0.0,-0.014500923729921091,-0.4387388663523834,0,-0.562466848518013,-0.8102427462111627,-0.9346187243669639,-0.599331507536703,0,0,1,0
47000.0,1.751110657667758,0.0,-0.014468701681598103,0.4134955520501627,0,-0.7478367892263902,-0.7092948551838962,0.12838915571849938,-0.40125409173609144,0,0,1,0
50000.0,0.7100623334124238,0.0,-0.014468701681598103,0.8396127612514358,0,-0.6994794133894222,-0.6773632585629926,0.645607861430407,-0.33729735160478563,1,0,0,0
19000.0,1.6645570745421174,0.0,-0.01451166441269542,1.0526713658520723,0,-0.9541615927974537,-0.8102427462111627,0.12838915571849938,-1.0150918929746795,0,0,1,0
68000.0,-0.384424969749625,0.0,-0.01451166441269542,-1.077914680154293,0,0.46754525680940534,-0.14125162852066492,-1.1334252924124224,-0.29557960484411366,0,0,1,0
49000.0,0.9009612816383625,0.0,-0.014479442364372434,-0.6517974709530199,0,-0.616868896334602,-0.9071017708421057,1.7487897039120293,-0.43625858144852103,0,0,1,0
26000.0,-0.43278603663352944,0.0,-0.01451166441269542,-0.4387388663523834,0,-0.7510606142821882,-1.3420330208418312,1.7487897039120293,-0.91693926912938,0,0,1,0
82000.0,0.04827931289583617,0.0,-0.014500923729921091,-0.6517974709530199,0,0.4772167319767988,-0.32036319269464486,-0.9346187243669639,0.3028550113639118,0,0,1,0
175000.0,-0.3462451801044372,1.0,-0.014350554171080485,0.20043694744952617,0,-0.236054561618479,1.4293979033596458,1.7487897039120293,3.764476525950356,0,0,1,0
99000.0,-0.4696931666238776,0.0,-0.014490183047146762,-0.22568026175174685,0,0.5462986974581818,1.61783723340406,-0.9346187243669639,0.4451786460753563,0,0,1,0
51000.0,2.0845347606391824,0.0,-0.014457960998823774,1.2657299704527087,0,-0.7655678270332785,1.61783723340406,0.12838915571849938,0.8267724449304006,1,0,0,0
88000.0,-0.39078826802382294,1.0,-0.014490183047146762,-0.4387388663523834,0,0.31832821136961825,-0.8102427462111627,1.7487897039120293,-0.1688273628391848,0,0,1,0
73000.0,0.7991485092511952,1.0,-0.014500923729921091,-0.012621657151110341,0,0.25960854071044287,-0.32036319269464486,-0.9346187243669639,-0.27162723695701885,1,0,0,0
46000.0,-0.16807282842689442,0.0,-0.014522405095469749,-0.8648560755536564,0,0.16289378903650698,-0.32036319269464486,-1.1334252924124224,-0.677508791536798,0,0,1,0
125000.0,0.5064367886380892,1.0,-0.014436479633275117,0.8396127612514358,0,0.005732317566360899,1.61783723340406,1.7487897039120293,0.32162118085854435,1,0,0,0
250000.0,-0.6516834972659392,1.0,-0.014361294853854813,-0.8648560755536564,0,0.4034081056993214,2.6714025272308954,1.7487897039120293,3.1663349296809935,0,0,0,1
36500.0,0.6337027541220484,1.0,-0.014490183047146762,-0.012621657151110341,0,-0.7489881553177465,-0.7092948551838962,-0.9346187243669639,-0.7386518926384681,0,0,1,0
30000.0,0.21372506802498306,1.0,-0.014490183047146762,0.20043694744952617,0,-0.8836979880064433,-0.8194871463930152,0.12838915571849938,-0.5619174021419204,0,0,1,0
78000.0,0.4555304024445055,1.0,-0.014479442364372434,0.20043694744952617,0,-0.090982434107575,0.7168979404301677,1.7487897039120293,0.3604595735481716,0,0,1,0
63000.0,1.1936730022514686,0.0,-0.014500923729921091,0.20043694744952617,0,0.017821661525602984,0.7168979404301677,-0.9346187243669639,0.4086660931097012,0,0,1,0
50000.0,0.41735061279931773,0.0,-0.01451166441269542,0.20043694744952617,0,-0.054714402229849,-0.32036319269464486,-0.9346187243669639,-0.27162723695701885,0,0,1,0
36000.0,0.977320860928738,0.0,-0.014500923729921091,0.6265541566507993,0,-0.635002912273465,-0.9345511308118133,1.7487897039120293,-0.6499440239297446,0,0,1,0
225000.0,-0.4607845490400005,1.0,-0.014468701681598103,-0.6517974709530199,0,2.1213675104337106,1.61783723340406,0.12838915571849938,0.8267724449304006,1,0,0,0
59800.0,0.2773580507669626,1.0,-0.014447220316049445,0.8396127612514358,0,-0.7167708386887017,-0.32036319269464486,1.7487897039120293,0.27267559763416027,0,0,1,0
270000.0,-0.5498707248787719,1.0,-0.014318332122757496,-0.22568026175174685,0,0.1975849499630274,0.7168979404301677,0.12838915571849938,2.512796866699697,0,0,0,1
41000.0,2.440879463994268,0.0,-0.014490183047146762,1.6918471796539818,0,-0.6557275019178799,-0.32036319269464486,-0.9346187243669639,-0.726667004122192,0,0,1,0
47000.0,-0.5880505145239596,0.0,-0.014500923729921091,-0.8648560755536564,0,-0.36903734517014103,-0.8194871463930152,1.7487897039120293,-0.4945066806241072,0,0,1,0
63000.0,-0.7407696731047106,0.0,-0.014490183047146762,-0.4387388663523834,0,-0.19978652974075298,-0.7092948551838962,1.7487897039120293,-0.33774114206297895,0,0,1,0
83000.0,-0.689863286911127,1.0,-0.014468701681598103,-1.2909732847549296,0,-0.16754827918277426,-0.24807192448694768,0.12838915571849938,-0.06255448449054674,0,0,1,0
37500.0,0.6464293506704443,0.0,-0.014500923729921091,-0.6517974709530199,0,-0.598734880395739,-0.8194871463930152,1.7487897039120293,-0.7288080233753417,0,0,1,0
45500.0,-0.9405772389145265,0.0,-0.01451166441269542,-0.6517974709530199,0,-0.1852793169896626,-0.9345511308118133,-1.1334252924124224,-0.7674136132819462,0,0,1,0
110000.0,-0.16807282842689442,1.0,-0.014479442364372434,-0.4387388663523834,0,0.4893060759360409,-0.32036319269464486,0.12838915571849938,-0.21518594876585154,0,0,0,1
50000.0,-0.7634993745401457,0.0,-0.01451166441269542,-0.6517974709530199,0,-0.054714402229849,-0.9345511308118133,-1.1334252924124224,-0.7674136132819462,0,0,1,0
44000.0,-0.4607845490400005,0.0,-0.014500923729921091,0.4134955520501627,0,-0.441573408925593,-0.6547472531184948,-0.9346187243669639,-0.829456299716328,0,0,1,0
162900.0,-0.18079942497529033,1.0,-0.014425738950500788,-0.012621657151110341,0,0.3124296743169772,1.61783723340406,1.7487897039120293,2.9642897574202522,0,0,1,0
103000.0,0.2391782611217749,1.0,-0.014500923729921091,0.6265541566507993,0,0.984969178264963,1.61783723340406,0.12838915571849938,0.8558122807230648,1,0,0,0
49000.0,0.8882346850899666,1.0,-0.014500923729921091,0.20043694744952617,0,-0.32067996933317294,-0.8102427462111627,0.12838915571849938,-0.6123936341522249,1,0,0,0
59000.0,1.3336655642838238,1.0,-0.014490183047146762,0.20043694744952617,0,-0.2826848883184123,1.2004690324034661,0.12838915571849938,-0.0771632573576179,0,0,1,0
73000.0,0.7927852109769973,1.0,-0.014479442364372434,0.20043694744952617,0,-0.18165251380189,0.7168979404301677,0.12838915571849938,-0.5254071569925362,0,0,1,0
70000.0,1.0027740540255299,1.0,-0.014500923729921091,0.8396127612514358,0,0.18707247695499088,1.61783723340406,0.12838915571849938,1.1788691035843615,0,0,1,0
73000.0,0.4555304024445055,1.0,-0.014468701681598103,-0.8648560755536564,0,-0.3287395319726676,-0.24807192448694768,1.7487897039120293,0.08879240241231086,0,0,1,0
56900.0,1.1809464057030727,1.0,-0.014447220316049445,1.6918471796539818,0,-0.7550171268506672,1.61783723340406,1.374316969122095,0.2496291481696175,0,0,1,0
136000.0,-1.3516463074277145,1.0,-0.014479442364372434,-0.8648560755536564,0,0.9607904903464789,-0.32036319269464486,0.12838915571849938,-0.21518594876585154,0,0,1,0
95000.0,-1.1873459459879234,1.0,-0.014479442364372434,-0.6517974709530199,0,0.21729583685309595,0.11004421352280759,1.7487897039120293,0.17671313981439438,0,0,1,0
39000.0,-0.015353669846143416,0.0,-0.014500923729921091,-0.4387388663523834,0,-0.562466848518013,-0.8194871463930152,1.7487897039120293,-0.7288080233753417,0,0,1,0
43500.0,-0.43533135594320865,0.0,-0.014500923729921091,-0.4387388663523834,0,-0.45366275288483493,-0.24807192448694768,0.12838915571849938,-0.48217140404985104,0,0,1,0
69000.0,0.5955229644768606,0.0,-0.014479442364372434,0.20043694744952617,0,-0.254188577557342,-0.32372425172264196,1.7487897039120293,0.42035311140335835,0,0,1,0
158000.0,-0.2698856008140617,1.0,-0.014457960998823774,-0.8648560755536564,0,0.786703937333394,-0.14125162852066492,1.7487897039120293,0.4692490690211446,0,0,1,0
47800.0,-0.842582445491878,0.0,-0.01451166441269542,-0.8648560755536564,0,-0.11854613833464676,-0.8102427462111627,-1.164846784639172,-0.6547550895783869,1,0,0,0
59000.0,1.3845719504774074,1.0,-0.014436479633275117,0.8396127612514358,0,-0.7921643837436109,-0.32036319269464486,1.7487897039120293,0.27267559763416027,0,0,1,0
67000.0,0.20099847147658714,0.0,-0.014490183047146762,-0.012621657151110341,0,-0.11688817116309368,-0.14125162852066492,1.7487897039120293,-0.05367235058736728,0,0,1,0
308000.0,-1.3388178981069314,1.0,-0.014436479633275117,-1.504031889355566,0,2.218082262107647,1.61783723340406,0.12838915571849938,0.8558122807230648,0,0,0,1
83000.0,0.025371439108723515,1.0,-0.014500923729921091,-0.6517974709530199,0,0.501395419895283,0.11004421352280759,1.7487897039120293,0.4414037687538932,0,0,1,0
190000.0,-1.0080282006210248,1.0,-0.0143935169021778,-0.8648560755536564,0,0.21729583685309595,1.5274482590375342,0.12838915571849938,0.7391749704543197,0,0,1,0
85000.0,0.2722674121476043,0.0,-0.014500923729921091,-0.012621657151110341,0,0.5497527957322509,-0.8102427462111627,1.7487897039120293,-0.1688273628391848,1,0,0,0
145000.0,-0.7080623199753331,1.0,-0.014479442364372434,0.6265541566507993,0,1.123996633796246,1.61783723340406,0.12838915571849938,0.8558122807230648,1,0,0,0
35000.0,0.3918974197025259,0.0,-0.01451166441269542,0.6265541566507993,0,-0.48993078476256097,-0.14125162852066492,0.12838915571849938,-0.7808386288187024,0,0,1,0
128000.0,0.30281124386375446,1.0,-0.014404257584952129,1.2657299704527087,0,-0.2674868559125081,2.413559718457235,1.7487897039120293,1.0656601476446517,1,0,0,0
45000.0,-1.1034776747339943,0.0,-0.014522405095469749,-1.2909732847549296,0,0.12662575715878097,-0.6547472531184948,-1.1334252924124224,-0.6286736506352889,0,0,1,0
66980.0,-1.3516463074277145,0.0,-0.014522405095469749,-1.504031889355566,1,0.9237970978311983,-0.07526237887860447,-1.1334252924124224,-0.03349588220519811,0,0,1,0
72980.0,-1.3516463074277145,0.0,-0.014522405095469749,-1.504031889355566,1,1.1414052890975543,-0.07526237887860447,-1.1334252924124224,-0.03349588220519811,0,0,1,0
85980.0,-1.3516463074277145,0.0,-0.014522405095469749,-1.504031889355566,1,1.6128897035079923,-0.07526237887860447,-1.1334252924124224,-0.03349588220519811,0,0,1,0
78980.0,-1.3516463074277145,0.0,-0.014500923729921091,-1.504031889355566,1,0.40419709446297736,-0.07526237887860447,1.7487897039120293,0.1759354856171344,0,0,1,0
85980.0,-1.3516463074277145,1.0,-0.014490183047146762,-1.504031889355566,1,0.2764645402879004,-0.07526237887860447,1.7487897039120293,0.1759354856171344,0,0,1,0
92980.0,-1.3516463074277145,1.0,-0.014490183047146762,-1.504031889355566,1,0.4215366677988044,-0.07526237887860447,1.7487897039120293,0.1759354856171344,0,0,1,0
86980.0,-1.3516463074277145,1.0,-0.014500923729921091,-1.504031889355566,1,0.5976265978108491,-0.07526237887860447,-0.9346187243669639,0.4377246953950498,0,0,1,0
100980.0,-1.3516463074277145,1.0,-0.014500923729921091,-1.504031889355566,1,0.9361282286696252,-0.07526237887860447,-0.9346187243669639,0.4377246953950498,0,0,1,0
109980.0,-1.3516463074277145,1.0,-0.014500923729921091,-1.504031889355566,1,1.1537364199359812,-0.07526237887860447,-0.9346187243669639,0.4377246953950498,0,0,1,0
89980.0,-1.3516463074277145,1.0,-0.014500923729921091,-1.504031889355566,1,0.6701626615663011,-0.07526237887860447,1.7487897039120293,0.4573588861283935,0,0,1,0
102980.0,-1.3516463074277145,1.0,-0.014500923729921091,-1.504031889355566,1,0.9844856045065931,-0.07526237887860447,1.7487897039120293,0.4573588861283935,0,0,1,0
107980.0,-1.3516463074277145,1.0,-0.014500923729921091,-1.504031889355566,1,1.1053790440990134,-0.07526237887860447,1.7487897039120293,0.4573588861283935,0,0,1,0
114980.0,-1.3516463074277145,1.0,-0.014479442364372434,-1.504031889355566,1,0.5796134753115787,-0.07526237887860447,0.12838915571849938,1.007116226662016,0,0,1,0
124980.0,-1.3516463074277145,1.0,-0.014479442364372434,-1.504031889355566,1,0.7609536347002086,-0.07526237887860447,0.12838915571849938,1.007116226662016,0,0,1,0
144980.0,-1.3516463074277145,1.0,-0.014479442364372434,-1.504031889355566,1,1.1236339534774686,-0.07526237887860447,0.12838915571849938,1.007116226662016,0,0,1,0
28935.0,-1.3516463074277145,0.0,-0.014522405095469749,-1.504031889355566,1,-0.4560201749568871,-0.7107256994550611,-1.1334252924124224,-0.9440969247664549,0,0,1,0
30095.0,-1.3516463074277145,0.0,-0.014522405095469749,-1.504031889355566,1,-0.413949257978725,-0.9345511308118133,1.7487897039120293,-0.9213212635157763,0,0,1,0
32190.0,-1.3516463074277145,0.0,-0.014522405095469749,-1.504031889355566,1,-0.33796773119488904,0.11004421352280759,-1.1334252924124224,-0.8801876339294212,0,0,1,0
32900.0,-1.3516463074277145,0.0,-0.01451166441269542,-1.504031889355566,1,-0.5508610783171406,-0.581782587822757,0.645607861430407,-0.8466131677754036,0,0,1,0
34900.0,-1.3516463074277145,0.0,-0.01451166441269542,-1.504031889355566,1,-0.49283222731277904,-0.581782587822757,0.645607861430407,-0.8466131677754036,0,0,1,0
34626.0,-1.3516463074277145,0.0,-0.014522405095469749,-1.504031889355566,1,-0.2496188055407485,-0.6547472531184948,-1.1334252924124224,-0.8323587453029961,0,0,1,0
34805.0,-1.3516463074277145,0.0,-0.014522405095469749,-1.504031889355566,1,-0.24312682783463554,-0.14125162852066492,-1.1334252924124224,-0.8288442251617276,0,0,1,0
35900.0,-1.3516463074277145,0.0,-0.014500923729921091,-1.504031889355566,1,-0.6374207810653134,-0.581782587822757,0.645607861430407,-0.7877105955753726,0,0,1,0
37900.0,-1.3516463074277145,0.0,-0.014500923729921091,-1.504031889355566,1,-0.5890634052283453,-0.581782587822757,0.645607861430407,-0.7877105955753726,0,0,1,0
40900.0,-1.3516463074277145,0.0,-0.01451166441269542,-1.504031889355566,1,-0.31874567429969425,-0.581782587822757,0.645607861430407,-0.6895396419086542,0,0,1,0
42900.0,-1.3516463074277145,0.0,-0.01451166441269542,-1.504031889355566,1,-0.26071682329533263,-0.581782587822757,0.645607861430407,-0.6895396419086542,0,0,1,0
44900.0,-1.3516463074277145,0.0,-0.014490183047146762,-1.504031889355566,1,-0.5749016023046618,-0.581782587822757,0.645607861430407,-0.6306370697086233,0,0,1,0
52900.0,-1.3516463074277145,0.0,-0.014490183047146762,-1.504031889355566,1,-0.40910488514934307,-0.581782587822757,0.645607861430407,-0.473563543841874,0,0,1,0
53480.0,-1.3516463074277145,0.0,-0.01451166441269542,-1.504031889355566,1,0.046255798517740164,0.11004421352280759,-1.1334252924124224,-0.3320991996081329,0,0,1,0
56980.0,-1.3516463074277145,1.0,-0.014522405095469749,-1.504031889355566,1,0.5611167790539384,0.11004421352280759,-1.1334252924124224,-0.3320991996081329,0,0,1,0
63480.0,-1.3516463074277145,1.0,-0.014522405095469749,-1.504031889355566,1,0.7968589862591574,0.11004421352280759,-1.1334252924124224,-0.3320991996081329,0,0,1,0
66480.0,-1.3516463074277145,1.0,-0.014522405095469749,-1.504031889355566,1,0.9056630818923354,0.11004421352280759,-1.1334252924124224,-0.3320991996081329,0,0,1,0
56400.0,-1.3516463074277145,0.0,-0.014522405095469749,-1.504031889355566,1,0.5400813205648574,-0.7107256994550611,-1.1334252924124224,-0.3189442918167926,0,0,1,0
60400.0,-1.3516463074277145,1.0,-0.014522405095469749,-1.504031889355566,1,0.6851534480757613,-0.7107256994550611,-1.1334252924124224,-0.3189442918167926,0,0,1,0
60400.0,-1.3516463074277145,0.0,-0.014522405095469749,-1.504031889355566,1,0.6851534480757613,-0.7107256994550611,-1.1334252924124224,-0.3189442918167926,0,0,1,0
65900.0,-1.3516463074277145,1.0,-0.014522405095469749,-1.504031889355566,1,0.8846276234032543,-0.7107256994550611,-1.1334252924124224,-0.3189442918167926,0,0,1,0
51950.0,-1.3516463074277145,0.0,-0.01451166441269542,-1.504031889355566,1,0.001863727499403547,-0.14125162852066492,-1.1334252924124224,-0.403862166738504,0,0,1,0
56450.0,-1.3516463074277145,0.0,-0.01451166441269542,-1.504031889355566,1,0.13242864225921713,-0.14125162852066492,-1.1334252924124224,-0.403862166738504,0,0,1,0
60950.0,-1.3516463074277145,1.0,-0.01451166441269542,-1.504031889355566,1,0.2629935570190307,-0.14125162852066492,-1.1334252924124224,-0.403862166738504,0,0,1,0
56950.0,-1.3516463074277145,0.0,-0.01451166441269542,-1.504031889355566,1,0.14693585501030754,-0.14125162852066492,0.12838915571849938,-0.39404507137183215,0,0,1,0
59950.0,-1.3516463074277145,0.0,-0.01451166441269542,-1.504031889355566,1,0.23397913151684993,-0.9345511308118133,-1.164846784639172,-0.33514249917180117,1,0,0,0
63950.0,-1.3516463074277145,0.0,-0.014500923729921091,-1.504031889355566,1,0.04079141504816287,-0.24807192448694768,0.12838915571849938,-0.48217140404985104,0,0,1,0
68950.0,-1.3516463074277145,0.0,-0.014500923729921091,-1.504031889355566,1,0.1616848546405827,-0.24807192448694768,0.12838915571849938,-0.48217140404985104,0,0,1,0
73950.0,-1.3516463074277145,1.0,-0.014500923729921091,-1.504031889355566,1,0.28257829423300274,-0.24807192448694768,0.12838915571849938,-0.48217140404985104,0,0,1,0
63990.0,-1.3516463074277145,0.0,-0.01451166441269542,-1.504031889355566,1,0.35119741054566034,-0.8102427462111627,-1.164846784639172,-0.24600327324242094,1,0,0,0
64990.0,-1.3516463074277145,0.0,-0.01451166441269542,-1.504031889355566,1,0.38021183604784115,-0.8102427462111627,-1.164846784639172,-0.24600327324242094,1,0,0,0
58950.0,-1.3516463074277145,0.0,-0.014500923729921091,-1.504031889355566,1,-0.0801020245442572,-0.24807192448694768,-1.1334252924124224,-0.5841160363427136,0,0,1,0
64950.0,-1.3516463074277145,0.0,-0.014500923729921091,-1.504031889355566,1,0.06497010296664678,-0.24807192448694768,-1.1334252924124224,-0.5841160363427136,0,0,1,0
70950.0,-1.3516463074277145,1.0,-0.014500923729921091,-1.504031889355566,1,0.21004223047755077,-0.24807192448694768,-1.1334252924124224,-0.5841160363427136,0,0,1,0
66950.0,-1.3516463074277145,0.0,-0.014500923729921091,-1.504031889355566,1,0.11332747880361486,-0.9345511308118133,-1.1334252924124224,0.005183473539488902,0,0,1,0
82400.0,-1.3516463074277145,1.0,-0.014500923729921091,-1.504031889355566,1,0.4868882071441926,-0.9345511308118133,-1.1334252924124224,0.005183473539488902,0,0,1,0
82500.0,-1.3516463074277145,1.0,-0.014500923729921091,-1.504031889355566,1,0.4893060759360409,-0.9345511308118133,-1.1334252924124224,0.005183473539488902,0,0,1,0
67490.0,-1.3516463074277145,0.0,-0.01451166441269542,-1.504031889355566,1,0.4527478998032931,-0.6547472531184948,-1.164846784639172,-0.18710070104238996,1,0,0,0
67499.0,-1.3516463074277145,0.0,-0.01451166441269542,-1.504031889355566,1,0.45300902963281264,-1.100277399583882,-1.164846784639172,-0.17228670413408215,1,0,0,0
68990.0,-1.3516463074277145,0.0,-0.01451166441269542,-1.504031889355566,1,0.4962695380565643,-1.100277399583882,-1.164846784639172,-0.17228670413408215,1,0,0,0
67800.0,-1.3516463074277145,0.0,-0.014500923729921091,-1.504031889355566,1,0.13387936353432617,0.9287531087832372,0.12838915571849938,-0.11229443434835058,0,0,1,0
74800.0,-1.3516463074277145,1.0,-0.014500923729921091,-1.504031889355566,1,0.3031301789637141,0.9287531087832372,0.12838915571849938,-0.11229443434835058,0,0,1,0
67980.0,-1.3516463074277145,0.0,-0.014500923729921091,-1.504031889355566,1,0.1382315273596533,-0.32036319269464486,0.12838915571849938,0.018861959750385085,0,0,1,0
77980.0,-1.3516463074277145,1.0,-0.014490183047146762,-1.504031889355566,1,0.11066782313258153,-0.32036319269464486,0.12838915571849938,0.018861959750385085,0,0,1,0
87980.0,-1.3516463074277145,1.0,-0.014490183047146762,-1.504031889355566,1,0.3179137195767302,-0.32036319269464486,0.12838915571849938,0.018861959750385085,0,0,1,0
62300.0,-1.3516463074277145,0.0,-0.01451166441269542,-1.504031889355566,1,0.3021630314469748,0.9287531087832372,1.7487897039120293,-0.22519103106507665,0,0,1,0
68800.0,-1.3516463074277145,1.0,-0.014500923729921091,-1.504031889355566,1,0.15805805145281007,0.9287531087832372,1.7487897039120293,-0.22519103106507665,0,0,1,0
66950.0,-1.3516463074277145,0.0,-0.014522405095469749,-1.504031889355566,1,0.9227090568748666,-0.14125162852066492,-1.1334252924124224,-0.29557960484411366,0,0,1,0
72950.0,-1.3516463074277145,0.0,-0.014522405095469749,-1.504031889355566,1,1.1403172481412225,-0.14125162852066492,-1.1334252924124224,-0.29557960484411366,0,0,1,0
83950.0,-1.3516463074277145,1.0,-0.01451166441269542,-1.504031889355566,1,0.9303253435691891,-0.14125162852066492,-1.1334252924124224,-0.29557960484411366,0,0,1,0
85950.0,-1.3516463074277145,1.0,-0.01451166441269542,-1.504031889355566,1,0.9883541945735507,-0.14125162852066492,-1.1334252924124224,-0.29557960484411366,0,0,0,1
73900.0,-1.3516463074277145,0.0,-0.01451166441269542,-1.504031889355566,1,0.6387303672722721,-0.8102427462111627,-1.1334252924124224,-0.8015849257249965,0,0,1,0
75980.0,-1.3516463074277145,1.0,-0.014500923729921091,-1.504031889355566,1,0.33166103070752534,-0.32372425172264196,-1.1334252924124224,0.07776453195041608,0,0,1,0
75980.0,-1.3516463074277145,0.0,-0.014500923729921091,-1.504031889355566,1,0.33166103070752534,-0.32372425172264196,-1.1334252924124224,0.07776453195041608,0,0,1,0
90980.0,-1.3516463074277145,1.0,-0.014500923729921091,-1.504031889355566,1,0.6943413494847853,-0.32372425172264196,-1.1334252924124224,0.07776453195041608,0,0,1,0
75980.0,-1.3516463074277145,0.0,-0.014500923729921091,-1.504031889355566,1,0.33166103070752534,-0.32036319269464486,1.7487897039120293,0.26101697879495683,0,0,1,0
90980.0,-1.3516463074277145,1.0,-0.014490183047146762,-1.504031889355566,1,0.3800874885099746,-0.32036319269464486,1.7487897039120293,0.26101697879495683,0,0,1,0
103980.0,-1.3516463074277145,1.0,-0.014490183047146762,-1.504031889355566,1,0.6495071538873677,-0.32036319269464486,1.7487897039120293,0.26101697879495683,0,0,1,0
66900.0,-1.3516463074277145,0.0,-0.014500923729921091,-1.504031889355566,1,0.11211854440769058,-0.7107256994550611,-0.9346187243669639,-0.10051391990834439,0,0,1,0
76900.0,-1.3516463074277145,1.0,-0.014500923729921091,-1.504031889355566,1,0.35390542359253047,-0.7107256994550611,-0.9346187243669639,-0.10051391990834439,0,0,1,0
76900.0,-1.3516463074277145,0.0,-0.014500923729921091,-1.504031889355566,1,0.35390542359253047,-0.7107256994550611,1.7487897039120293,0.1449134642584514,0,0,1,0
91900.0,-1.3516463074277145,1.0,-0.014500923729921091,-1.504031889355566,1,0.7165857423697904,-0.7107256994550611,1.7487897039120293,0.1449134642584514,0,0,1,0
77950.0,-1.3516463074277145,1.0,-0.01451166441269542,-1.504031889355566,1,0.7562387905561042,-0.24807192448694768,-1.1334252924124224,0.018272934028384775,0,0,0,1
78990.0,-1.3516463074277145,1.0,-0.014500923729921091,-1.504031889355566,1,0.4044388813421621,0.3664142374090258,0.12838915571849938,0.0730523261744136,0,0,1,0
82490.0,-1.3516463074277145,1.0,-0.014500923729921091,-1.504031889355566,1,0.48906428905685617,0.3664142374090258,0.12838915571849938,0.0730523261744136,0,0,1,0
75490.0,-1.3516463074277145,0.0,-0.014500923729921091,-1.504031889355566,1,0.31981347362746804,-0.8102427462111627,0.645607861430407,0.009241206291046689,1,0,0,0
79490.0,-1.3516463074277145,0.0,-0.014500923729921091,-1.504031889355566,1,0.4165282253014042,-0.8102427462111627,0.645607861430407,0.009241206291046689,1,0,0,0
69900.0,-1.3516463074277145,0.0,-0.014490183047146762,-1.504031889355566,1,-0.05678686119429042,-0.581782587822757,1.7487897039120293,-0.0416113477083134,0,0,1,0
79900.0,-1.3516463074277145,1.0,-0.014490183047146762,-1.504031889355566,1,0.150459035249858,-0.581782587822757,1.7487897039120293,-0.0416113477083134,0,0,1,0
79950.0,-1.3516463074277145,0.0,-0.014500923729921091,-1.504031889355566,1,0.4276504217439067,-0.24807192448694768,1.7487897039120293,0.1458951737951186,0,0,1,0
88950.0,-1.3516463074277145,1.0,-0.014500923729921091,-1.504031889355566,1,0.6452586130102627,-0.24807192448694768,1.7487897039120293,0.1458951737951186,0,0,1,0
78500.0,-1.3516463074277145,0.0,-0.01451166441269542,-1.504031889355566,1,0.7721967245823037,-1.100277399583882,0.12838915571849938,0.048705929665067454,0,0,1,0
80500.0,-1.3516463074277145,0.0,-0.01451166441269542,-1.504031889355566,1,0.8302255755866653,-1.100277399583882,0.12838915571849938,0.048705929665067454,0,0,1,0
80900.0,-1.3516463074277145,0.0,-0.014500923729921091,-1.504031889355566,1,0.45062017526646664,-0.7107256994550611,-0.13969362055378792,0.13018782120844366,0,0,1,0
86400.0,-1.3516463074277145,1.0,-0.014500923729921091,-1.504031889355566,1,0.5836029588181285,-0.7107256994550611,-0.13969362055378792,0.13018782120844366,0,0,1,0
81000.0,-1.3516463074277145,0.0,-0.014522405095469749,-1.504031889355566,1,1.4322749047569168,-1.100277399583882,-0.13969362055378792,0.07815721576508294,1,0,0,0
81900.0,-1.3516463074277145,0.0,-0.014457960998823774,-1.504031889355566,1,-0.3172949530245852,0.5199635555482692,-1.164846784639172,0.09582798742509224,1,0,0,0
84900.0,-1.3516463074277145,1.0,-0.014522405095469749,-1.504031889355566,1,1.5737202290800483,0.5199635555482692,-1.1334252924124224,0.15473055962512325,0,0,0,1
84900.0,-1.3516463074277145,0.0,-0.014479442364372434,-1.504031889355566,1,0.034142275870579684,-0.9345511308118133,-1.164846784639172,0.20774287460515112,1,0,0,0
87950.0,-1.3516463074277145,0.0,-0.014479442364372434,-1.504031889355566,1,0.08945102448411182,-0.9345511308118133,-1.164846784639172,0.20774287460515112,1,0,0,0
89950.0,-1.3516463074277145,0.0,-0.014479442364372434,-1.504031889355566,1,0.12571905636183783,-0.9345511308118133,-1.164846784639172,0.20774287460515112,1,0,0,0
84900.0,-1.3516463074277145,1.0,-0.014490183047146762,-1.504031889355566,1,0.25408198347193245,-0.6547472531184948,0.12838915571849938,0.25944624353628937,0,0,1,0
90900.0,-1.3516463074277145,1.0,-0.014490183047146762,-1.504031889355566,1,0.3784295213384215,-0.6547472531184948,0.12838915571849938,0.25944624353628937,0,0,1,0
94900.0,-1.3516463074277145,1.0,-0.014490183047146762,-1.504031889355566,1,0.4613278799160808,-0.6547472531184948,0.12838915571849938,0.25944624353628937,0,0,1,0
84950.0,-1.3516463074277145,1.0,-0.014522405095469749,-1.504031889355566,1,1.5755336306739345,-0.24807192448694768,1.7487897039120293,0.15571226916179043,0,1,0,0
84950.0,-1.3516463074277145,0.0,-0.014522405095469749,-1.504031889355566,1,1.5755336306739345,-0.14125162852066492,1.7487897039120293,0.2637003181951806,0,0,1,0
95950.0,-1.3516463074277145,1.0,-0.01451166441269542,-1.504031889355566,1,1.2784984495953586,-0.14125162852066492,1.7487897039120293,0.2637003181951806,0,0,1,0
85000.0,-1.3516463074277145,0.0,-0.014490183047146762,-1.504031889355566,1,0.25615444243637386,-1.100277399583882,-1.164846784639172,0.1566939786984576,1,0,0,0
85990.0,-1.3516463074277145,1.0,-0.01451166441269542,-1.504031889355566,1,0.9895147715936379,0.3664142374090258,-1.1334252924124224,0.17613182752446782,0,0,0,1
86000.0,-1.3516463074277145,0.0,-0.014479442364372434,-1.504031889355566,1,0.05408969340332898,-1.100277399583882,-1.164846784639172,0.17632816943180127,1,0,0,0
88900.0,-1.3516463074277145,0.0,-0.014479442364372434,-1.504031889355566,1,0.10667833962603167,-0.6547472531184948,-1.164846784639172,0.23326732255849789,1,0,0,0
88900.0,-1.3516463074277145,0.0,-0.01451166441269542,-1.504031889355566,1,1.073946749804984,-0.9345511308118133,-0.13969362055378792,0.23326732255849789,1,0,0,0
88900.0,-1.3516463074277145,0.0,-0.014468701681598103,-1.504031889355566,1,-0.07244544003673734,-0.8102427462111627,-1.164846784639172,0.23326732255849789,1,0,0,0
89480.0,-1.3516463074277145,0.0,-0.014500923729921091,-1.504031889355566,1,0.6580733176070593,0.11004421352280759,1.7487897039120293,0.3624602975838992,0,0,1,0
95480.0,-1.3516463074277145,1.0,-0.014500923729921091,-1.504031889355566,1,0.8031454451179633,0.11004421352280759,1.7487897039120293,0.3624602975838992,0,0,1,0
101480.0,-1.3516463074277145,1.0,-0.014500923729921091,-1.504031889355566,1,0.948217572628867,0.11004421352280759,1.7487897039120293,0.3624602975838992,0,0,1,0
89980.0,-1.3516463074277145,0.0,-0.01451166441269542,-1.504031889355566,1,1.1052823293473393,-0.32036319269464486,-1.1334252924124224,0.25447224855050904,0,0,1,0
90000.0,-1.3516463074277145,1.0,-0.014490183047146762,-1.504031889355566,1,0.35977739065844805,-0.14125162852066492,1.7487897039120293,0.25486493236517593,0,0,1,0
92990.0,-1.3516463074277145,0.0,-0.014500923729921091,-1.504031889355566,1,0.7429405122009382,-0.8102427462111627,0.645607861430407,0.4697611499416223,1,0,0,0
108900.0,-1.3516463074277145,0.0,-0.014479442364372434,-1.504031889355566,1,0.4693586584032916,-0.8102427462111627,0.645607861430407,0.4697611499416223,1,0,0,0
94950.0,-1.3516463074277145,0.0,-0.014479442364372434,-1.504031889355566,1,0.21638913605615281,-0.9345511308118133,-0.9346187243669639,0.3520541764952271,0,0,1,0
97900.0,-1.3516463074277145,0.0,-0.014490183047146762,-1.504031889355566,1,0.5235016488493255,-0.6547472531184948,-1.164846784639172,0.44924342062527817,1,0,0,0
101900.0,-1.3516463074277145,0.0,-0.014490183047146762,-1.504031889355566,1,0.6064000074269849,-0.6547472531184948,-1.164846784639172,0.44924342062527817,1,0,0,0
97950.0,-1.3516463074277145,1.0,-0.01451166441269542,-1.504031889355566,1,1.3365273005997202,-0.24807192448694768,1.7487897039120293,0.41095674869525806,0,0,0,1
90980.0,-1.3516463074277145,1.0,-0.014500923729921091,-1.504031889355566,1,0.6943413494847853,-0.32372425172264196,1.7487897039120293,0.37882212319501885,0,0,1,0
97980.0,-1.3516463074277145,1.0,-0.014500923729921091,-1.504031889355566,1,0.8635921649141732,-0.32372425172264196,1.7487897039120293,0.37882212319501885,0,0,1,0
99980.0,-1.3516463074277145,1.0,-0.014500923729921091,-1.504031889355566,1,0.911949540751141,-0.32372425172264196,1.7487897039120293,0.37882212319501885,0,0,1,0
72800.0,-1.3516463074277145,0.0,-0.014500923729921091,-1.504031889355566,1,0.2547728031267462,0.9287531087832372,1.7487897039120293,0.15276714055178886,0,0,1,0
82800.0,-1.3516463074277145,1.0,-0.014457960998823774,-1.504031889355566,1,-0.30423846154860384,0.9287531087832372,1.7487897039120293,0.15276714055178886,0,0,1,0
98800.0,-1.3516463074277145,1.0,-0.014457960998823774,-1.504031889355566,1,-0.07212305753115748,0.9287531087832372,1.7487897039120293,0.15276714055178886,0,0,1,0
99900.0,-1.3516463074277145,1.0,-0.014490183047146762,-1.504031889355566,1,0.564950828138155,-0.8102427462111627,-0.9346187243669639,-0.599331507536703,0,0,1,0
99900.0,-1.3516463074277145,1.0,-0.014479442364372434,-1.504031889355566,1,0.30615251495352463,-0.581782587822757,1.7487897039120293,0.44924342062527817,0,0,1,0
97900.0,-1.3516463074277145,0.0,-0.014490183047146762,-1.504031889355566,1,0.5235016488493255,-0.8102427462111627,-1.164846784639172,0.4296092298919345,1,0,0,0
99900.0,-1.3516463074277145,0.0,-0.014490183047146762,-1.504031889355566,1,0.564950828138155,-0.8102427462111627,-1.164846784639172,0.4296092298919345,1,0,0,0
101650.0,-1.3516463074277145,0.0,-0.014479442364372434,-1.504031889355566,1,0.33788704284653487,-0.9345511308118133,0.12838915571849938,0.5650851459520058,0,0,1,0
109950.0,-1.3516463074277145,1.0,-0.014479442364372434,-1.504031889355566,1,0.48839937513909776,-0.9345511308118133,0.12838915571849938,0.5650851459520058,0,0,1,0
101900.0,-1.3516463074277145,0.0,-0.01451166441269542,-1.504031889355566,1,1.4511342813333343,-0.6547472531184948,-0.13969362055378792,0.48851180209196554,1,0,0,0
93900.0,-1.3516463074277145,1.0,-0.014490183047146762,-1.504031889355566,1,0.44060329027166595,-0.8102427462111627,1.7487897039120293,-0.44241729846874356,0,0,1,0
104900.0,-1.3516463074277145,1.0,-0.014490183047146762,-1.504031889355566,1,0.6685737763602295,-0.8102427462111627,1.7487897039120293,-0.44241729846874356,0,0,1,0
104900.0,-1.3516463074277145,1.0,-0.014500923729921091,-1.504031889355566,1,1.0309086853100824,-0.7107256994550611,1.7487897039120293,0.5474143742919965,0,0,1,0
104900.0,-1.3516463074277145,0.0,-0.01451166441269542,-1.504031889355566,1,1.5381775578398766,-1.100277399583882,-0.13969362055378792,0.5474143742919965,1,0,0,0
104900.0,-1.3516463074277145,1.0,-0.014468701681598103,-1.504031889355566,1,0.1854605644270919,-0.581782587822757,1.7487897039120293,0.5474143742919965,0,0,1,0
94950.0,-1.3516463074277145,1.0,-0.014500923729921091,-1.504031889355566,1,0.7903307405211667,-0.14125162852066492,0.12838915571849938,0.4502251301619454,0,0,1,0
104950.0,-1.3516463074277145,1.0,-0.014490183047146762,-1.504031889355566,1,0.6696100058424502,-0.14125162852066492,0.12838915571849938,0.4502251301619454,0,0,1,0
104950.0,-1.3516463074277145,1.0,-0.014468701681598103,-1.504031889355566,1,0.18626652069104152,-0.24807192448694768,1.7487897039120293,0.5483960838286637,0,0,1,0
105900.0,-1.3516463074277145,0.0,-0.01451166441269542,-1.504031889355566,1,1.5671919833420576,-0.8102427462111627,-0.13969362055378792,0.5670485650253402,1,0,0,0
105900.0,-1.3516463074277145,0.0,-0.01451166441269542,-1.504031889355566,1,1.5671919833420576,-0.8102427462111627,-0.13969362055378792,0.5670485650253402,1,0,0,0
108900.0,-1.3516463074277145,1.0,-0.014490183047146762,-1.504031889355566,1,0.7514721349378888,0.5199635555482692,0.12838915571849938,0.6259511372253712,0,0,1,0
108980.0,-1.3516463074277145,1.0,-0.014479442364372434,-1.504031889355566,1,0.4708093796784007,-0.32372425172264196,-0.9346187243669639,0.8500427007952668,0,0,1,0
121980.0,-1.3516463074277145,1.0,-0.014479442364372434,-1.504031889355566,1,0.7065515868836196,-0.32372425172264196,-0.9346187243669639,0.8500427007952668,0,0,1,0
129980.0,-1.3516463074277145,1.0,-0.014479442364372434,-1.504031889355566,1,0.8516237143945237,-0.32372425172264196,-0.9346187243669639,0.8500427007952668,0,0,1,0
109000.0,-1.3516463074277145,1.0,-0.014522405095469749,-1.504031889355566,1,2.447779797333245,0.9287531087832372,1.7487897039120293,0.6279145562987055,0,1,0,0
109900.0,-1.3516463074277145,0.0,-0.014490183047146762,-1.504031889355566,1,0.7721967245823037,-0.8102427462111627,-1.164846784639172,0.6455853279587148,1,0,0,0
109950.0,-1.3516463074277145,1.0,-0.014468701681598103,-1.504031889355566,1,0.26686214708598804,-0.24807192448694768,0.12838915571849938,0.941079898495537,0,0,1,0
139950.0,-1.3516463074277145,1.0,-0.014425738950500788,-1.504031889355566,1,0.0563215722881121,-0.24807192448694768,0.12838915571849938,0.941079898495537,0,0,1,0
113800.0,-1.3516463074277145,1.0,-0.014468701681598103,-1.504031889355566,1,0.3289207794100972,0.9287531087832372,1.7487897039120293,0.7221586718187551,0,0,0,1
114950.0,-1.3516463074277145,1.0,-0.014490183047146762,-1.504031889355566,1,0.8768559022865988,-0.24807192448694768,1.7487897039120293,0.7447379911621004,0,0,0,1
117980.0,-1.3516463074277145,1.0,-0.014479442364372434,-1.504031889355566,1,0.6340155231281677,-0.32036319269464486,-0.9346187243669639,1.1380108315509738,0,0,1,0
131980.0,-1.3516463074277145,1.0,-0.014479442364372434,-1.504031889355566,1,0.8878917462722496,-0.32036319269464486,-0.9346187243669639,1.1380108315509738,0,0,1,0
154980.0,-1.3516463074277145,1.0,-0.014479442364372434,-1.504031889355566,1,1.3049741128660985,-0.32036319269464486,-0.9346187243669639,1.1380108315509738,0,0,1,0
118950.0,-1.3516463074277145,1.0,-0.014500923729921091,-1.504031889355566,1,1.3706192505647827,-0.14125162852066492,1.7487897039120293,0.823274754095475,0,0,1,0
119800.0,-1.3516463074277145,1.0,-0.01451166441269542,-1.504031889355566,1,1.9704924978223706,0.5199635555482692,1.7487897039120293,0.8399638162188171,0,0,0,1
119900.0,-1.3516463074277145,1.0,-0.014490183047146762,-1.504031889355566,1,0.9794426210264521,0.3664142374090258,1.7487897039120293,0.8419272352921514,0,0,1,0
120980.0,-1.3516463074277145,1.0,-0.014479442364372434,-1.504031889355566,1,0.6884175709447566,0.11004421352280759,1.7487897039120293,0.8631321612841626,0,0,1,0
123800.0,-1.3516463074277145,0.0,-0.014479442364372434,-1.504031889355566,1,0.7395554958923503,0.5199635555482692,0.645607861430407,0.9185005791521917,1,0,0,0
123900.0,-1.3516463074277145,1.0,-0.014533145778244078,-1.504031889355566,1,4.486043188861446,-0.14125162852066492,1.7487897039120293,0.9204639982255262,0,1,0,0
124800.0,-1.3516463074277145,1.0,-0.01451166441269542,-1.504031889355566,1,2.1155646253332745,0.5199635555482692,0.12838915571849938,0.9381347698855355,0,0,0,1
124900.0,-1.3516463074277145,1.0,-0.01451166441269542,-1.504031889355566,1,2.118466067883493,4.437544903329982,1.7487897039120293,1.3982293060702222,0,1,0,0
149900.0,-1.3516463074277145,1.0,-0.01451166441269542,-1.504031889355566,1,2.8438267054380124,4.437544903329982,1.7487897039120293,1.3982293060702222,0,1,0,0
169900.0,-1.3516463074277145,1.0,-0.014479442364372434,-1.504031889355566,1,1.5755336306739345,4.437544903329982,1.7487897039120293,1.3982293060702222,0,1,0,0
127980.0,-1.3516463074277145,1.0,-0.014479442364372434,-1.504031889355566,1,0.8153556825167976,-0.32372425172264196,1.7487897039120293,1.2100028642399006,0,0,1,0
142980.0,-1.3516463074277145,1.0,-0.014479442364372434,-1.504031889355566,1,1.0873659215997427,-0.32372425172264196,1.7487897039120293,1.2100028642399006,0,0,1,0
144980.0,-1.3516463074277145,1.0,-0.014479442364372434,-1.504031889355566,1,1.1236339534774686,-0.32372425172264196,1.7487897039120293,1.2100028642399006,0,0,1,0
129800.0,-1.3516463074277145,1.0,-0.014468701681598103,-1.504031889355566,1,0.5868267838739264,0.9287531087832372,1.7487897039120293,1.0363057235522537,0,0,1,0
129900.0,-1.3516463074277145,1.0,-0.014500923729921091,-1.504031889355566,1,1.6353758832721823,-0.7107256994550611,1.7487897039120293,1.0382691426255881,0,0,1,0
129900.0,-1.3516463074277145,1.0,-0.014522405095469749,-1.504031889355566,1,3.205781663577718,0.4662159903578188,-1.1334252924124224,1.0382691426255881,0,1,0,0
129980.0,-1.3516463074277145,1.0,-0.01451166441269542,-1.504031889355566,1,2.265859349434571,0.11004421352280759,1.7487897039120293,1.1380108315509738,0,0,0,1
139980.0,-1.3516463074277145,1.0,-0.01451166441269542,-1.504031889355566,1,2.556003604456379,0.11004421352280759,1.7487897039120293,1.1380108315509738,0,0,0,1
134900.0,-1.3516463074277145,1.0,-0.014479442364372434,-1.504031889355566,1,0.9408430728137296,-0.9345511308118133,1.7487897039120293,1.1364400962923065,0,0,1,0
137000.0,-1.3516463074277145,1.0,-0.014447220316049445,-1.504031889355566,1,0.3013717289332789,-0.14125162852066492,1.7487897039120293,1.305294136599062,0,0,1,0
150000.0,-1.3516463074277145,1.0,-0.014447220316049445,-1.504031889355566,1,0.47282060690071087,-0.14125162852066492,1.7487897039120293,1.305294136599062,0,0,1,0
139900.0,-1.3516463074277145,1.0,-0.014522405095469749,-1.504031889355566,1,3.568461982354978,0.4662159903578188,1.7487897039120293,1.2346110499590248,0,1,0,0
139990.0,-1.3516463074277145,1.0,-0.014479442364372434,-1.504031889355566,1,1.0331452139425423,0.7168979404301677,-0.9346187243669639,1.629061941791899,0,0,1,0
159990.0,-1.3516463074277145,1.0,-0.014479442364372434,-1.504031889355566,1,1.3958255327198021,0.7168979404301677,-0.9346187243669639,1.629061941791899,0,0,1,0
179990.0,-1.3516463074277145,1.0,-0.014479442364372434,-1.504031889355566,1,1.7585058514970622,0.7168979404301677,-0.9346187243669639,1.629061941791899,0,0,1,0
140900.0,-1.3516463074277145,1.0,-0.014425738950500788,-1.504031889355566,1,0.06692299699083211,-0.8102427462111627,0.12838915571849938,1.2640623360590402,0,0,1,0
141900.0,-1.3516463074277145,1.0,-0.014425738950500788,-1.504031889355566,1,0.0780823914147477,-0.8102427462111627,0.12838915571849938,1.2640623360590402,0,0,1,0
142000.0,-1.3516463074277145,0.0,-0.014457960998823774,-1.504031889355566,1,0.5545885333159477,0.5199635555482692,-1.164846784639172,1.2758428504990464,1,0,0,0
145000.0,-1.3516463074277145,1.0,-0.014447220316049445,-1.504031889355566,1,0.40687873075939096,0.3664142374090258,1.7487897039120293,1.3347454226990774,0,0,1,0
145990.0,-1.3516463074277145,1.0,-0.014457960998823774,-1.504031889355566,1,0.6124723121927984,0.3664142374090258,0.12838915571849938,1.3541832715250877,0,0,1,0
149800.0,-1.3516463074277145,0.0,-0.014447220316049445,-1.504031889355566,1,0.4701829318550581,0.5199635555482692,0.645607861430407,1.428989538219127,1,0,0,0
149990.0,-1.3516463074277145,1.0,-0.014479442364372434,-1.504031889355566,1,1.2144853733311722,0.7168979404301677,1.7487897039120293,1.4327200344584623,0,0,1,0
152900.0,-1.3516463074277145,0.0,-0.014479442364372434,-1.504031889355566,1,1.2672553597132636,-0.6547472531184948,-0.13969362055378792,1.4898555294924924,1,0,0,0
152900.0,-1.3516463074277145,0.0,-0.014479442364372434,-1.504031889355566,1,1.2672553597132636,-0.8102427462111627,-0.13969362055378792,1.4898555294924924,1,0,0,0
140980.0,-1.3516463074277145,1.0,-0.014457960998823774,-1.504031889355566,1,0.5397911763098355,0.11004421352280759,1.7487897039120293,1.373621120351098,0,0,1,0
152980.0,-1.3516463074277145,1.0,-0.014457960998823774,-1.504031889355566,1,0.7138777293229203,0.11004421352280759,1.7487897039120293,1.373621120351098,0,0,1,0
154980.0,-1.3516463074277145,1.0,-0.014479442364372434,-1.504031889355566,1,1.3049741128660985,-0.32036319269464486,1.7487897039120293,1.9626468423514078,0,0,1,0
178980.0,-1.3516463074277145,1.0,-0.014479442364372434,-1.504031889355566,1,1.7401904953988105,-0.32036319269464486,1.7487897039120293,1.9626468423514078,0,0,1,0
196980.0,-1.3516463074277145,1.0,-0.014479442364372434,-1.504031889355566,1,2.0666027822983444,-0.32036319269464486,1.7487897039120293,1.9626468423514078,0,0,1,0
155900.0,-1.3516463074277145,1.0,-0.014479442364372434,-1.504031889355566,1,1.3216574075298526,1.2004690324034661,-0.9346187243669639,2.0641556084427943,0,0,1,0
174900.0,-1.3516463074277145,1.0,-0.014479442364372434,-1.504031889355566,1,1.6662037103682494,1.2004690324034661,-0.9346187243669639,2.0641556084427943,0,0,1,0
187900.0,-1.3516463074277145,1.0,-0.014479442364372434,-1.504031889355566,1,1.9019459175734685,1.2004690324034661,-0.9346187243669639,2.0641556084427943,0,0,1,0
209900.0,-1.3516463074277145,1.0,-0.014479442364372434,-1.504031889355566,1,2.3008942682284546,1.2004690324034661,-0.9346187243669639,2.0641556084427943,0,0,1,0
159000.0,-1.3516463074277145,0.0,-0.014479442364372434,-1.504031889355566,1,1.3778728569403278,-1.100277399583882,-0.13969362055378792,1.6685266651659196,1,0,0,0
165000.0,-1.3516463074277145,0.0,-0.014479442364372434,-1.504031889355566,1,1.4866769525735057,-1.100277399583882,-0.13969362055378792,1.6685266651659196,1,0,0,0
159600.0,-1.3516463074277145,0.0,-0.014479442364372434,-1.504031889355566,1,1.3887532665036457,-0.14125162852066492,-0.13969362055378792,1.621404607405895,1,0,0,0
159800.0,-1.3516463074277145,0.0,-0.014479442364372434,-1.504031889355566,1,1.3923800696914181,0.5199635555482692,0.645607861430407,1.9502773021894013,1,0,0,0
192900.0,-1.3516463074277145,1.0,-0.014479442364372434,-1.504031889355566,1,1.9926159972677835,0.5199635555482692,0.645607861430407,1.9502773021894013,1,0,0,0
164950.0,-1.3516463074277145,1.0,-0.014447220316049445,-1.504031889355566,1,0.6699868165632578,-0.24807192448694768,1.7487897039120293,1.7264475278292835,0,0,1,0
165900.0,-1.3516463074277145,1.0,-0.014479442364372434,-1.504031889355566,1,1.5029975669184825,1.2004690324034661,0.12838915571849938,2.3105647021462574,0,0,1,0
181900.0,-1.3516463074277145,1.0,-0.014479442364372434,-1.504031889355566,1,1.7931418219402904,1.2004690324034661,0.12838915571849938,2.3105647021462574,0,0,1,0
197900.0,-1.3516463074277145,1.0,-0.014479442364372434,-1.504031889355566,1,2.083286076962098,1.2004690324034661,0.12838915571849938,2.3105647021462574,0,0,1,0
203900.0,-1.3516463074277145,1.0,-0.014479442364372434,-1.504031889355566,1,2.1920901725952766,1.2004690324034661,0.12838915571849938,2.3105647021462574,0,0,1,0
223900.0,-1.3516463074277145,1.0,-0.014479442364372434,-1.504031889355566,1,2.5547704913725364,1.2004690324034661,0.12838915571849938,2.3105647021462574,0,0,1,0
165990.0,-1.3516463074277145,1.0,-0.014479442364372434,-1.504031889355566,1,1.50462962835298,0.7168979404301677,0.12838915571849938,1.7468670861919608,0,0,1,0
168500.0,-1.3516463074277145,1.0,-0.014468701681598103,-1.504031889355566,1,1.2106369321708135,0.5199635555482692,1.7487897039120293,1.7961489049326536,0,0,0,1
168950.0,-1.3516463074277145,1.0,-0.014533145778244078,-1.504031889355566,1,6.6645429703168535,-0.14125162852066492,1.7487897039120293,2.214995278751707,0,1,0,0
210715.0,-1.3516463074277145,1.0,-0.014500923729921091,-1.504031889355566,1,3.5893765474044663,-0.14125162852066492,1.7487897039120293,2.214995278751707,0,1,0,0
169000.0,-1.3516463074277145,1.0,-0.014468701681598103,-1.504031889355566,1,1.218696494810308,1.61783723340406,-0.9346187243669639,2.0546657495883447,0,0,1,0
182000.0,-1.3516463074277145,1.0,-0.014468701681598103,-1.504031889355566,1,1.4282451234371696,1.61783723340406,-0.9346187243669639,2.0546657495883447,0,0,1,0
194000.0,-1.3516463074277145,1.0,-0.014468701681598103,-1.504031889355566,1,1.6216746267850413,1.61783723340406,-0.9346187243669639,2.0546657495883447,0,0,1,0
169900.0,-1.3516463074277145,1.0,-0.014479442364372434,-1.504031889355566,1,1.5755336306739345,0.4662159903578188,1.7487897039120293,2.1181496329594895,0,0,1,0
199900.0,-1.3516463074277145,1.0,-0.014479442364372434,-1.504031889355566,1,2.1195541088398246,0.4662159903578188,1.7487897039120293,2.1181496329594895,0,0,1,0
169900.0,-1.3516463074277145,0.0,-0.014479442364372434,-1.504031889355566,1,1.5755336306739345,-0.8102427462111627,-0.13969362055378792,1.8236367719593347,1,0,0,0
170000.0,-1.3516463074277145,1.0,-0.014468701681598103,-1.504031889355566,1,1.2348156200892977,1.61783723340406,0.12838915571849938,2.067755210077241,0,0,1,0
182000.0,-1.3516463074277145,1.0,-0.014468701681598103,-1.504031889355566,1,1.4282451234371696,1.61783723340406,0.12838915571849938,2.067755210077241,0,0,1,0
195000.0,-1.3516463074277145,1.0,-0.014468701681598103,-1.504031889355566,1,1.6377937520640309,1.61783723340406,0.12838915571849938,2.067755210077241,0,0,1,0
171990.0,-1.3516463074277145,1.0,-0.014490183047146762,-1.504031889355566,1,2.058986495604022,0.3664142374090258,0.12838915571849938,1.864672230592023,0,0,0,1
174980.0,-1.3516463074277145,1.0,-0.014457960998823774,-1.504031889355566,1,1.0330364098469091,0.11004421352280759,1.7487897039120293,2.070634891384798,0,0,0,1
189980.0,-1.3516463074277145,1.0,-0.014457960998823774,-1.504031889355566,1,1.250644601113265,0.11004421352280759,1.7487897039120293,2.070634891384798,0,0,0,1
180000.0,-1.3516463074277145,1.0,-0.014457960998823774,-1.504031889355566,1,1.105862617857383,-0.14125162852066492,1.7487897039120293,2.0219420983661056,0,0,1,0
169950.0,-1.3516463074277145,1.0,-0.014468701681598103,-1.504031889355566,1,1.234009663825348,-0.14125162852066492,1.7487897039120293,1.972365766764413,0,0,0,1
185000.0,-1.3516463074277145,1.0,-0.014468701681598103,-1.504031889355566,1,1.4766024992741373,-0.14125162852066492,1.7487897039120293,1.972365766764413,0,0,0,1
185900.0,-1.3516463074277145,1.0,-0.014479442364372434,-1.504031889355566,1,1.8656778856957426,0.4662159903578188,-1.1334252924124224,2.1377838236928333,0,0,1,0
189900.0,-1.3516463074277145,1.0,-0.014468701681598103,-1.504031889355566,1,1.5555862131411853,4.437544903329982,1.7487897039120293,2.576280750070842,0,0,0,1
209900.0,-1.3516463074277145,1.0,-0.014468701681598103,-1.504031889355566,1,1.877968718720972,4.437544903329982,1.7487897039120293,2.576280750070842,0,0,0,1
224900.0,-1.3516463074277145,1.0,-0.014468701681598103,-1.504031889355566,1,2.119755597905812,4.437544903329982,1.7487897039120293,2.576280750070842,0,0,0,1
189990.0,-1.3516463074277145,1.0,-0.014457960998823774,-1.504031889355566,1,1.250789673240776,0.3664142374090258,0.12838915571849938,2.218087663792209,0,0,1,0
190990.0,-1.3516463074277145,1.0,-0.014447220316049445,-1.504031889355566,1,1.0134121075072522,0.3664142374090258,1.7487897039120293,2.2377218545255526,0,0,1,0
196980.0,-1.3516463074277145,1.0,-0.01451166441269542,-1.504031889355566,1,4.209825858080684,-0.32036319269464486,0.645607861430407,2.7578315670518263,1,0,0,0
237980.0,-1.3516463074277145,1.0,-0.01451166441269542,-1.504031889355566,1,5.399417303670097,-0.32036319269464486,0.645607861430407,2.7578315670518263,1,0,0,0
199000.0,-1.3516463074277145,1.0,-0.014468701681598103,-1.504031889355566,1,1.7022702531799878,0.7168979404301677,1.7487897039120293,2.3949917222996353,0,0,1,0
199800.0,-1.3516463074277145,1.0,-0.014414998267726459,-1.504031889355566,1,0.564950828138155,0.9287531087832372,1.7487897039120293,2.41069907488631,0,0,1,0
169900.0,-1.3516463074277145,1.0,-0.014468701681598103,-1.504031889355566,1,1.2332037075613984,1.2004690324034661,1.7487897039120293,2.5353761860430426,0,0,1,0
199900.0,-1.3516463074277145,1.0,-0.014468701681598103,-1.504031889355566,1,1.7167774659310784,1.2004690324034661,1.7487897039120293,2.5353761860430426,0,0,1,0
224900.0,-1.3516463074277145,1.0,-0.014468701681598103,-1.504031889355566,1,2.119755597905812,1.2004690324034661,1.7487897039120293,2.5353761860430426,0,0,1,0
229900.0,-1.3516463074277145,1.0,-0.014468701681598103,-1.504031889355566,1,2.2003512243007584,1.2004690324034661,1.7487897039120293,2.5353761860430426,0,0,1,0
199950.0,-1.3516463074277145,0.0,-0.014447220316049445,-1.504031889355566,1,1.1315799495524979,-0.14125162852066492,-0.13969362055378792,3.003978871545511,1,0,0,0
210100.0,-1.3516463074277145,1.0,-0.014447220316049445,-1.504031889355566,1,1.2654419581193772,-0.14125162852066492,-0.13969362055378792,3.003978871545511,1,0,0,0
280000.0,-1.3516463074277145,1.0,-0.014447220316049445,-1.504031889355566,1,2.187309386575031,-0.14125162852066492,-0.13969362055378792,3.003978871545511,1,0,0,0
199950.0,-1.3516463074277145,1.0,-0.014522405095469749,-1.504031889355566,1,5.746357296612424,-0.14125162852066492,0.12838915571849938,2.51181515716303,0,1,0,0
209950.0,-1.3516463074277145,1.0,-0.014500923729921091,-1.504031889355566,1,3.570879851146826,-0.14125162852066492,0.12838915571849938,2.51181515716303,0,1,0,0
199980.0,-1.3516463074277145,1.0,-0.014533145778244078,-1.504031889355566,1,8.16507234253797,0.11004421352280759,1.7487897039120293,2.806917043885185,0,1,0,0
219980.0,-1.3516463074277145,1.0,-0.014522405095469749,-1.504031889355566,1,6.472805975123276,0.11004421352280759,1.7487897039120293,2.806917043885185,0,1,0,0
239980.0,-1.3516463074277145,1.0,-0.014500923729921091,-1.504031889355566,1,4.296965849338901,0.11004421352280759,1.7487897039120293,2.806917043885185,0,1,0,0
201900.0,-1.3516463074277145,1.0,-0.014468701681598103,-1.504031889355566,1,1.749015716489057,1.61783723340406,0.12838915571849938,2.628638592026425,0,0,1,0
219900.0,-1.3516463074277145,1.0,-0.014468701681598103,-1.504031889355566,1,2.039159971510865,1.61783723340406,0.12838915571849938,2.628638592026425,0,0,1,0
204900.0,-1.3516463074277145,1.0,-0.014468701681598103,-1.504031889355566,1,1.7973730923260254,1.61783723340406,1.7487897039120293,2.7071753549597997,0,0,1,0
224900.0,-1.3516463074277145,1.0,-0.014468701681598103,-1.504031889355566,1,2.119755597905812,1.61783723340406,1.7487897039120293,2.7071753549597997,0,0,1,0
204990.0,-1.3516463074277145,1.0,-0.014479442364372434,-1.504031889355566,1,2.211856249968637,0.3664142374090258,1.7487897039120293,2.5126005247923637,0,0,0,1
207900.0,-1.3516463074277145,1.0,-0.014468701681598103,-1.504031889355566,1,1.8457304681629931,1.2004690324034661,0.12838915571849938,3.1734873848767116,0,0,1,0
225900.0,-1.3516463074277145,1.0,-0.014468701681598103,-1.504031889355566,1,2.135874723184801,1.2004690324034661,0.12838915571849938,3.1734873848767116,0,0,1,0
251900.0,-1.3516463074277145,1.0,-0.014468701681598103,-1.504031889355566,1,2.554971980438524,1.2004690324034661,0.12838915571849938,3.1734873848767116,0,0,1,0
268900.0,-1.3516463074277145,1.0,-0.014468701681598103,-1.504031889355566,1,2.8289971101813425,1.2004690324034661,0.12838915571849938,3.1734873848767116,0,0,1,0
179900.0,-1.3516463074277145,1.0,-0.014479442364372434,-1.504031889355566,1,1.7568737900625644,1.2004690324034661,1.7487897039120293,2.8397061424098693,0,0,1,0
209900.0,-1.3516463074277145,1.0,-0.014479442364372434,-1.504031889355566,1,2.3008942682284546,1.2004690324034661,1.7487897039120293,2.8397061424098693,0,0,1,0
237900.0,-1.3516463074277145,1.0,-0.014479442364372434,-1.504031889355566,1,2.8086467145166183,1.2004690324034661,1.7487897039120293,2.8397061424098693,0,0,1,0
258900.0,-1.3516463074277145,1.0,-0.014479442364372434,-1.504031889355566,1,3.189461049232741,1.2004690324034661,1.7487897039120293,2.8397061424098693,0,0,1,0
219000.0,-1.3516463074277145,1.0,-0.014468701681598103,-1.504031889355566,1,2.0246527587597747,0.7168979404301677,1.7487897039120293,2.7876755369665087,0,0,1,0
189900.0,-1.3516463074277145,1.0,-0.014468701681598103,-1.504031889355566,1,1.5555862131411853,4.437544903329982,1.7487897039120293,2.510833447626363,0,1,0,0
219900.0,-1.3516463074277145,1.0,-0.014414998267726459,-1.504031889355566,1,0.7732329540645244,4.437544903329982,1.7487897039120293,2.510833447626363,0,1,0,0
223000.0,-1.3516463074277145,1.0,-0.014468701681598103,-1.504031889355566,1,2.089129259875732,1.61783723340406,0.12838915571849938,3.4895978556835443,0,0,0,1
257000.0,-1.3516463074277145,1.0,-0.014468701681598103,-1.504031889355566,1,2.637179519361369,1.61783723340406,0.12838915571849938,3.4895978556835443,0,0,0,1
261000.0,-1.3516463074277145,1.0,-0.014468701681598103,-1.504031889355566,1,2.701656020477327,1.61783723340406,0.12838915571849938,3.4895978556835443,0,0,0,1
278000.0,-1.3516463074277145,1.0,-0.014468701681598103,-1.504031889355566,1,2.9756811502201455,1.61783723340406,0.12838915571849938,3.4895978556835443,0,0,0,1
223900.0,-1.3516463074277145,1.0,-0.014479442364372434,-1.504031889355566,1,2.5547704913725364,1.2004690324034661,1.7487897039120293,2.9427856437599234,0,1,0,0
229900.0,-1.3516463074277145,1.0,-0.014479442364372434,-1.504031889355566,1,2.6635745870057144,1.2004690324034661,1.7487897039120293,2.9427856437599234,0,1,0,0
226900.0,-1.3516463074277145,1.0,-0.014468701681598103,-1.504031889355566,1,2.1519938484637904,1.61783723340406,1.7487897039120293,2.9427856437599234,0,0,1,0
235000.0,-1.3516463074277145,1.0,-0.014414998267726459,-1.504031889355566,1,0.9297036058798567,0.9287531087832372,1.7487897039120293,3.1018225887000073,0,0,1,0
243000.0,-1.3516463074277145,0.0,-0.014447220316049445,-1.504031889355566,1,1.6993395031292629,0.5199635555482692,-1.164846784639172,3.2588961145667565,1,0,0,0
244000.0,-1.3516463074277145,0.0,-0.014447220316049445,-1.504031889355566,1,1.7125278783575266,0.5199635555482692,1.7487897039120293,3.2785303053001003,1,0,0,0
232900.0,-1.3516463074277145,1.0,-0.014490183047146762,-1.504031889355566,1,3.321321250845331,1.2004690324034661,1.7487897039120293,3.198030123293391,0,1,0,0
246900.0,-1.3516463074277145,1.0,-0.014490183047146762,-1.504031889355566,1,3.6114655058671388,1.2004690324034661,1.7487897039120293,3.198030123293391,0,1,0,0
229900.0,-1.3516463074277145,1.0,-0.014479442364372434,-1.504031889355566,1,2.6635745870057144,1.2004690324034661,1.7487897039120293,3.2896563467156614,0,0,0,1
247900.0,-1.3516463074277145,1.0,-0.014479442364372434,-1.504031889355566,1,2.989986873905248,1.2004690324034661,1.7487897039120293,3.2896563467156614,0,0,0,1
255900.0,-1.3516463074277145,1.0,-0.014479442364372434,-1.504031889355566,1,3.135059001416152,1.2004690324034661,1.7487897039120293,3.2896563467156614,0,0,0,1
249950.0,-1.3516463074277145,1.0,-0.014468701681598103,-1.504031889355566,1,2.5235396861444945,-0.14125162852066492,0.12838915571849938,3.395353740163495,0,0,0,1
249950.0,-1.3516463074277145,1.0,-0.014436479633275117,-1.504031889355566,1,1.5162958452736488,-0.14125162852066492,1.7487897039120293,3.395353740163495,0,1,0,0
249980.0,-1.3516463074277145,1.0,-0.014457960998823774,-1.504031889355566,1,2.121077366178689,0.11004421352280759,1.7487897039120293,3.3959427658854953,0,0,0,1
259000.0,-1.3516463074277145,1.0,-0.014479442364372434,-1.504031889355566,1,3.1912744508266275,0.7168979404301677,0.12838915571849938,3.573043166300255,0,0,1,0
262980.0,-1.3516463074277145,1.0,-0.014447220316049445,-1.504031889355566,1,1.9628432401899776,0.11004421352280759,1.7487897039120293,3.6511872454189627,0,1,0,0
245900.0,-1.3516463074277145,1.0,-0.014490183047146762,-1.504031889355566,1,3.5907409162227237,1.2004690324034661,0.12838915571849938,3.187034976482719,0,1,0,0
266900.0,-1.3516463074277145,1.0,-0.014490183047146762,-1.504031889355566,1,4.0259572987554355,1.2004690324034661,0.12838915571849938,3.187034976482719,0,1,0,0
287900.0,-1.3516463074277145,1.0,-0.014490183047146762,-1.504031889355566,1,4.461173681288147,1.2004690324034661,0.12838915571849938,3.187034976482719,0,1,0,0
269000.0,-1.3516463074277145,1.0,-0.014468701681598103,-1.504031889355566,1,2.8306090227092415,0.7168979404301677,1.7487897039120293,3.769385073633692,0,1,0,0
269000.0,-1.3516463074277145,1.0,-0.014468701681598103,-1.504031889355566,1,2.8306090227092415,0.7168979404301677,0.12838915571849938,3.769385073633692,0,1,0,0
274400.0,-1.3516463074277145,0.0,-0.014339813488306156,-1.504031889355566,1,0.39017345547025645,0.3664142374090258,0.12838915571849938,3.8754097035937476,0,0,1,0
274800.0,-1.3516463074277145,1.0,-0.014479442364372434,-1.504031889355566,1,3.477791902660663,0.5199635555482692,1.7487897039120293,3.883263379887085,1,0,0,0
279900.0,-1.3516463074277145,1.0,-0.014457960998823774,-1.504031889355566,1,2.5551331716913137,1.2004690324034661,0.12838915571849938,4.47425252096073,0,0,1,0
329900.0,-1.3516463074277145,1.0,-0.014457960998823774,-1.504031889355566,1,3.2804938092458333,1.2004690324034661,0.12838915571849938,4.47425252096073,0,0,1,0
289000.0,-1.3516463074277145,1.0,-0.014468701681598103,-1.504031889355566,1,3.1529915282890277,0.7168979404301677,1.7487897039120293,4.162068888300565,0,1,0,0
295000.0,-1.3516463074277145,1.0,-0.014468701681598103,-1.504031889355566,1,3.2497062799629646,2.413559718457235,1.7487897039120293,4.505667226134079,0,1,0,0
318000.0,-1.3516463074277145,1.0,-0.014447220316049445,-1.504031889355566,1,2.6884676452490623,2.413559718457235,1.7487897039120293,4.505667226134079,0,1,0,0
299980.0,-1.3516463074277145,1.0,-0.014490183047146762,-1.504031889355566,1,4.71152672419268,0.11004421352280759,1.7487897039120293,4.426737779386038,0,1,0,0
304980.0,-1.3516463074277145,1.0,-0.014490183047146762,-1.504031889355566,1,4.815149672414753,0.11004421352280759,1.7487897039120293,4.426737779386038,0,1,0,0
281900.0,-1.3516463074277145,1.0,-0.014457960998823774,-1.504031889355566,1,2.5841475971934944,1.2004690324034661,0.12838915571849938,4.441528869738489,0,0,0,1
303900.0,-1.3516463074277145,1.0,-0.014457960998823774,-1.504031889355566,1,2.9033062777174834,1.2004690324034661,0.12838915571849938,4.441528869738489,0,0,0,1
323900.0,-1.3516463074277145,1.0,-0.014457960998823774,-1.504031889355566,1,3.1934505327392912,1.2004690324034661,0.12838915571849938,4.441528869738489,0,0,0,1
320000.0,-1.3516463074277145,1.0,-0.014436479633275117,-1.504031889355566,1,2.363154389618551,1.61783723340406,1.7487897039120293,5.163412615701091,0,0,0,1
360000.0,-1.3516463074277145,1.0,-0.014436479633275117,-1.504031889355566,1,2.8467281479882307,1.61783723340406,1.7487897039120293,5.163412615701091,0,0,0,1
327900.0,-1.3516463074277145,1.0,-0.014490183047146762,-1.504031889355566,1,5.2901572670647425,1.2004690324034661,0.12838915571849938,4.925838907827633,0,1,0,0
334900.0,-1.3516463074277145,1.0,-0.014457960998823774,-1.504031889355566,1,3.3530298730012857,1.2004690324034661,0.12838915571849938,5.308705627127835,0,0,0,1
359900.0,-1.3516463074277145,1.0,-0.014457960998823774,-1.504031889355566,1,3.7157101917785456,1.2004690324034661,0.12838915571849938,5.308705627127835,0,0,0,1
334900.0,-1.3516463074277145,1.0,-0.014436479633275117,-1.504031889355566,1,2.543285614611256,1.61783723340406,0.12838915571849938,5.1123637197943985,0,0,0,1
339900.0,-1.3516463074277145,1.0,-0.014436479633275117,-1.504031889355566,1,2.6037323344074665,1.61783723340406,0.12838915571849938,5.1123637197943985,0,0,0,1
340000.0,-1.3516463074277145,1.0,-0.014436479633275117,-1.504031889355566,1,2.6049412688033904,1.61783723340406,1.374316969122095,5.163412615701091,0,0,0,1
342000.0,-1.3516463074277145,1.0,-0.014447220316049445,-1.504031889355566,1,3.0049886507273986,0.5199635555482692,1.7487897039120293,5.2026809971677785,1,0,0,0
349000.0,-1.3516463074277145,1.0,-0.014479442364372434,-1.504031889355566,1,4.823335885324298,1.61783723340406,0.12838915571849938,5.3401203323011845,0,1,0,0
350000.0,-1.3516463074277145,1.0,-0.014436479633275117,-1.504031889355566,1,2.7258347083958108,-0.14125162852066492,1.7487897039120293,5.360736232571195,1,0,0,0
350100.0,-1.3516463074277145,1.0,-0.014361294853854813,-1.504031889355566,1,1.1677091564278208,-0.14125162852066492,1.7487897039120293,5.360736232571195,0,0,1,0
306000.0,-1.3516463074277145,1.0,-0.014436479633275117,-1.504031889355566,1,2.1939035741891626,1.61783723340406,0.12838915571849938,4.99652199446767,0,0,0,1
333000.0,-1.3516463074277145,1.0,-0.014436479633275117,-1.504031889355566,1,2.520315861088697,1.61783723340406,0.12838915571849938,4.99652199446767,0,0,0,1
335000.0,-1.3516463074277145,1.0,-0.014436479633275117,-1.504031889355566,1,2.544494549007181,1.61783723340406,0.12838915571849938,4.99652199446767,0,0,0,1
352000.0,-1.3516463074277145,1.0,-0.014436479633275117,-1.504031889355566,1,2.7500133963142943,1.61783723340406,0.12838915571849938,4.99652199446767,0,0,0,1
299900.0,-1.3516463074277145,1.0,-0.014404257584952129,-1.504031889355566,1,1.3950397253624514,4.437544903329982,1.7487897039120293,4.955290193927649,0,0,0,1
319900.0,-1.3516463074277145,1.0,-0.014404257584952129,-1.504031889355566,1,1.5884692287103237,4.437544903329982,1.7487897039120293,4.955290193927649,0,0,0,1
342900.0,-1.3516463074277145,1.0,-0.014404257584952129,-1.504031889355566,1,1.8109131575603763,4.437544903329982,1.7487897039120293,4.955290193927649,0,0,0,1
354900.0,-1.3516463074277145,1.0,-0.014350554171080485,-1.504031889355566,1,1.0688692253421024,4.437544903329982,1.7487897039120293,4.955290193927649,0,0,0,1
354900.0,-1.3516463074277145,1.0,-0.014468701681598103,-1.504031889355566,1,4.215241884174425,1.61783723340406,0.12838915571849938,5.505047534461271,0,0,0,1
359900.0,-1.3516463074277145,1.0,-0.014468701681598103,-1.504031889355566,1,4.295837510569371,1.61783723340406,0.12838915571849938,5.505047534461271,0,0,0,1
360000.0,-1.3516463074277145,1.0,-0.014457960998823774,-1.504031889355566,1,3.7171609130536547,0.7168979404301677,0.12838915571849938,5.5560964303679645,0,1,0,0
85000.0,0.5064367886380892,1.0,-0.014490183047146762,-0.012621657151110341,0,0.25615444243637386,1.61783723340406,0.12838915571849938,0.6780518647784939,0,0,1,0
52500.0,-1.3494827860144873,0.0,-0.014490183047146762,0.8396127612514358,0,-0.41739472100710895,1.2004690324034661,0.12838915571849938,-0.15928108389642115,0,0,1,0
175000.0,1.1427666160578849,1.0,-0.014103518467270915,0.4134955520501627,0,-0.9150258560735819,2.6714025272308954,0.43632286632090406,2.739345221315201,0,0,1,0
52000.0,0.16281868183139941,1.0,-0.014490183047146762,-0.6517974709530199,0,-0.4277570158293164,-0.7092948551838962,0.12838915571849938,-0.4912343155018833,0,0,1,0
22500.0,1.8300028296712643,0.0,-0.014500923729921091,0.8396127612514358,0,-0.9614151991729989,-1.1381312347207264,-0.9346187243669639,-0.905686472068768,1,0,0,0
104000.0,0.5064367886380892,1.0,-0.014479442364372434,0.6265541566507993,0,0.3805019803028629,2.6714025272308954,0.12838915571849938,0.9420616080322042,0,0,1,0
55000.0,0.7100623334124238,1.0,-0.014468701681598103,1.4787885750533454,0,-0.6188837869944755,1.61783723340406,0.12838915571849938,0.03888883429839562,0,0,1,0
73000.0,-0.7165891396627584,1.0,-0.014500923729921091,-0.6517974709530199,0,0.25960854071044287,0.5199635555482692,-0.9346187243669639,-0.12211152971502243,0,0,1,0
30500.0,1.3591187573806156,1.0,-0.014447220316049445,1.9049057842546184,0,-1.103190232876837,0.7168979404301677,0.12838915571849938,-0.16727016840171285,0,0,1,0
85000.0,-0.5956864724529972,0.0,-0.014500923729921091,-0.8648560755536564,0,0.5497527957322509,-0.14125162852066492,0.43632286632090406,0.3019869901252007,0,0,0,1
160000.0,-0.384424969749625,1.0,-0.014350554171080485,1.6918471796539818,0,-0.344858657251657,2.413559718457235,0.12838915571849938,1.8234186142845195,0,0,1,0
28000.0,1.1936730022514686,0.0,-0.014490183047146762,1.6918471796539818,0,-0.9251471672952729,-0.5122794054175007,0.12838915571849938,-0.7515247820538202,0,0,1,0
75000.0,1.702736864187305,1.0,-0.014447220316049445,0.8396127612514358,0,-0.516307535219089,2.6714025272308954,0.43632286632090406,0.9420616080322042,1,0,0,0
32000.0,1.6518304779937216,0.0,-0.014500923729921091,1.9049057842546184,0,-0.731717663947401,-0.8102427462111627,-0.9497616223813684,-0.6547550895783869,0,0,1,0
260000.0,-0.3335185835560413,1.0,-0.014404257584952129,-0.4387388663523834,0,1.0091478661834468,2.413559718457235,0.43632286632090406,3.592677357033599,0,0,1,0
48800.0,-1.3503354679832298,0.0,-0.01451166441269542,-0.8648560755536564,0,-0.08953171283246596,-0.14125162852066492,-0.9497616223813684,-0.5731003542552597,0,0,1,0
48800.0,-1.3503354679832298,0.0,-0.01451166441269542,-0.8648560755536564,0,-0.08953171283246596,-0.14125162852066492,-0.9497616223813684,-0.5731003542552597,0,0,1,0
29000.0,0.8882346850899666,0.0,-0.014522405095469749,1.4787885750533454,0,-0.45366275288483493,-1.100277399583882,-0.9346187243669639,-0.9428207023687876,0,0,1,0
29000.0,0.8882346850899666,0.0,-0.014522405095469749,1.4787885750533454,0,-0.45366275288483493,-1.100277399583882,-0.9346187243669639,-0.9428207023687876,0,0,1,0
48500.0,-0.6135037076207515,0.0,-0.01451166441269542,0.4134955520501627,0,-0.09823604048312021,-0.32036319269464486,0.12838915571849938,-0.677508791536798,0,0,1,0
43500.0,0.6846091403156319,1.0,-0.014500923729921091,1.2657299704527087,0,-0.45366275288483493,-0.6808932935519518,0.43632286632090406,-0.2790448113622479,0,0,1,0
31500.0,-0.677136690362731,0.0,-0.014522405095469749,-0.22568026175174685,0,-0.36299267319052,-0.7107256994550611,-0.9346187243669639,-0.788213532922619,0,0,1,0
65000.0,-1.3508318052486172,0.0,-0.014490183047146762,0.20043694744952617,0,-0.1583373504519232,-0.32036319269464486,0.12838915571849938,-0.21518594876585154,0,0,1,0
85000.0,1.0918602298643012,1.0,-0.014500923729921091,0.20043694744952617,0,0.5497527957322509,-0.8102427462111627,-0.13969362055378792,0.03674692258203081,1,0,0,0
53000.0,-1.0996596957694755,0.0,-0.014522405095469749,-0.6517974709530199,0,0.41677001218058896,-1.1381312347207264,-0.9346187243669639,-0.6895396419086542,1,0,0,0
57000.0,-1.3516463074277145,1.0,-0.014500923729921091,-0.4387388663523834,0,-0.127250465985301,-1.1207048028851228,-1.164846784639172,-0.27595943853272237,1,0,0,0
36000.0,0.3282644369605463,0.0,-0.014522405095469749,0.20043694744952617,0,-0.19978652974075298,-0.32372425172264196,-0.9497616223813684,-0.557862186594303,0,0,1,0
30500.0,-0.3335185835560413,1.0,-0.01451166441269542,-0.012621657151110341,0,-0.6204956995223745,-0.8102427462111627,0.12838915571849938,-0.8015849257249965,0,0,1,0
79500.0,1.0664070367675094,1.0,0.9145036921528964,0.20043694744952617,0,-1.5053023451523324,0.7168979404301677,0.43632286632090406,0.3604595735481716,0,0,1,0
68000.0,-0.05353345949133116,0.0,-0.014490183047146762,0.20043694744952617,0,-0.09616358151867879,-0.32036319269464486,0.12838915571849938,-0.6375982827868089,0,0,1,0
16500.0,1.1936730022514686,0.0,-0.014500923729921091,-0.012621657151110341,0,-1.1064873266839028,-0.8102427462111627,0.12838915571849938,-1.0150918929746795,0,0,1,0
48000.0,-0.4607845490400005,1.0,-0.014500923729921091,-0.6517974709530199,0,-0.344858657251657,-0.5342239031937968,-0.9346187243669639,-0.5435921574574664,0,0,1,0
51500.0,1.1936730022514686,1.0,-0.014500923729921091,-0.012621657151110341,0,-0.2602332495369629,-0.32036319269464486,-0.9346187243669639,-0.30619249850394636,0,0,1,0
46000.0,-1.3485919242560995,0.0,-0.01451166441269542,0.8396127612514358,0,-0.1707721042385722,-0.32036319269464486,0.12838915571849938,-0.30619249850394636,1,0,0,0
36000.0,0.6846091403156319,0.0,-0.01451166441269542,0.4134955520501627,0,-0.46091635926038016,-0.5122794054175007,0.12838915571849938,-0.6222774354233112,0,0,1,0
41000.0,-0.078986652588123,0.0,-0.014500923729921091,-0.8648560755536564,0,-0.514109472681045,-0.24807192448694768,0.12838915571849938,-0.48217140404985104,0,0,1,0
55500.0,-1.3265749122273747,1.0,-0.014522405095469749,-1.504031889355566,0,0.5074400918749039,-0.5122794054175007,-0.9497616223813684,-0.6599620002908548,0,0,1,0
132000.0,0.8118751057995911,0.0,-0.014479442364372434,-0.012621657151110341,0,0.8882544265910268,1.61783723340406,0.645607861430407,0.3137675045652069,1,0,0,0
57000.0,-1.3516463074277145,1.0,-0.014500923729921091,-0.4387388663523834,0,-0.127250465985301,-1.1207048028851228,-1.164846784639172,-0.27595943853272237,1,0,0,0
24900.0,0.22645166457337898,0.0,-0.01451166441269542,-0.012621657151110341,0,-0.7829764823345869,-1.1207048028851228,0.12838915571849938,-0.9665528291966192,0,0,1,0
30500.0,-1.3516463074277145,1.0,-0.01451166441269542,-0.012621657151110341,0,-0.6204956995223745,-0.8102427462111627,0.12838915571849938,-0.8015849257249965,0,0,1,0
55500.0,1.0664070367675094,1.0,-0.014425738950500788,1.6918471796539818,0,-0.886089286811568,0.7168979404301677,0.43632286632090406,0.5762839065925054,0,0,1,0
19000.0,-1.3491009881180354,0.0,-0.014522405095469749,1.4787885750533454,0,-0.816343071662095,-0.9936213437697933,0.12838915571849938,-1.0100678056304897,0,0,1,0
25800.0,1.130040019509489,1.0,-0.014490183047146762,2.117964388855255,0,-0.9707412645129855,-0.8102427462111627,-0.9346187243669639,-0.599331507536703,0,0,1,0
49000.0,-0.4607845490400005,0.0,-0.014500923729921091,1.4787885750533454,0,-0.32067996933317294,-0.14125162852066492,-1.164846784639172,-0.5133227800768949,1,0,0,0
49000.0,-0.4607845490400005,0.0,-0.014500923729921091,1.4787885750533454,0,-0.32067996933317294,-0.14125162852066492,-1.164846784639172,-0.5133227800768949,1,0,0,0
150000.0,0.12463889218621166,1.0,-0.014425738950500788,0.4134955520501627,0,0.1684734862484649,1.2004690324034661,0.43632286632090406,1.3936479948991085,1,0,0,0
43900.0,1.8300028296712643,0.0,-0.01451166441269542,1.2657299704527087,0,-0.23170239779315185,-0.32036319269464486,-0.9346187243669639,-0.726667004122192,0,0,1,0
31500.0,-0.078986652588123,0.0,-0.014522405095469749,-0.6517974709530199,0,-0.36299267319052,-0.7107256994550611,-0.9346187243669639,-0.788213532922619,0,0,1,0
45000.0,-1.335941687286994,1.0,-0.014479442364372434,2.117964388855255,0,-0.6894049600900539,1.61783723340406,0.12838915571849938,0.8267724449304006,1,0,0,0
30000.0,1.5154649959776594,1.0,-0.014490183047146762,2.544081598056528,0,-0.8836979880064433,-0.9345511308118133,-0.13969362055378792,-0.9362759721243398,0,0,1,0
43000.0,-0.3335185835560413,0.0,-0.01451166441269542,-0.8648560755536564,0,-0.25781538074511456,-1.1207048028851228,0.12838915571849938,-0.7741451547050625,0,0,1,0
31000.0,-0.6389569007175433,0.0,-0.014522405095469749,-0.6517974709530199,0,-0.38112668912938297,-0.7107256994550611,-0.9346187243669639,-0.9035523209021002,0,0,1,0
35000.0,0.3918974197025259,1.0,-0.014490183047146762,0.20043694744952617,0,-0.7800750397843689,-0.8194871463930152,-0.9497616223813684,-0.8250155579687256,0,0,1,0
20000.0,1.855456022768056,0.0,-0.014554627143792737,0.8396127612514358,0,1.3960068728791908,-1.1381312347207264,-0.9497616223813684,-0.905686472068768,1,0,0,0
18500.0,2.040857081285088,0.0,-0.01451166441269542,2.3310229934558913,0,-0.9686688055485441,-0.7092948551838962,0.12838915571849938,-0.8699883990356986,0,0,1,0
45000.0,1.1936730022514686,0.0,-0.01451166441269542,-0.012621657151110341,0,-0.19978652974075298,-1.1207048028851228,-0.9346187243669639,-0.7548560497482442,1,0,0,0
22500.0,0.7355155265092156,0.0,-0.01451166441269542,0.8396127612514358,0,-0.852611103539821,-1.1207048028851228,0.12838915571849938,-0.9665528291966192,0,0,1,0
76000.0,0.6337027541220484,1.0,-0.014479442364372434,-0.4387388663523834,0,-0.127250465985301,-0.32036319269464486,0.12838915571849938,0.27267559763416027,0,0,1,0
26500.0,-1.3497373179454553,0.0,-0.014522405095469749,1.4787885750533454,0,-0.54433283257915,-1.100277399583882,-0.9346187243669639,-1.0243493419853384,0,0,1,0
118000.0,0.43007720934771365,1.0,-0.014457960998823774,0.20043694744952617,0,0.20641542728977816,1.61783723340406,0.12838915571849938,0.8267724449304006,1,0,0,0
92000.0,-0.4607845490400005,1.0,-0.014500923729921091,-0.8648560755536564,0,0.719003611161639,0.7168979404301677,0.12838915571849938,-0.4247585554475627,0,0,1,0
33500.0,1.0409538436707175,0.0,-0.01451166441269542,1.0526713658520723,0,-0.5334524230158322,-0.5122794054175007,-0.9346187243669639,-0.6222774354233112,0,0,1,0
45500.0,-1.3479810476217766,1.0,-0.014425738950500788,2.117964388855255,0,-0.9976832310507249,1.61783723340406,0.43632286632090406,0.009437548198380125,1,0,0,0
38500.0,-0.0026270732977474996,0.0,-0.014500923729921091,-0.6517974709530199,0,-0.5745561924772549,-0.8194871463930152,0.43632286632090406,-0.40505772975802357,0,0,1,0
33800.0,-0.30806539045924947,0.0,-0.014522405095469749,-0.6517974709530199,0,-0.2795761998717502,-1.100277399583882,0.12838915571849938,-0.8241565621241418,0,0,1,0
58000.0,0.3409910335089422,0.0,-0.014479442364372434,1.4787885750533454,0,-0.45366275288483493,1.61783723340406,0.12838915571849938,0.8558122807230648,0,0,1,0
21000.0,2.160894339929558,0.0,-0.01451166441269542,0.8396127612514358,0,-0.8961327417930921,-1.1207048028851228,-0.9346187243669639,-1.059115524404746,1,0,0,0
42000.0,-0.4018349538278306,0.0,-0.01451166441269542,-0.8648560755536564,0,-0.28682980624729537,-0.14125162852066492,0.12838915571849938,-0.6934664800553231,0,0,1,0
58500.0,1.422751740122595,0.0,-0.014479442364372434,1.0526713658520723,0,-0.44459574491540343,-0.32036319269464486,0.43632286632090406,-0.005745456000475006,1,0,0,0
66000.0,-1.0589345868146085,0.0,-0.014500923729921091,-0.6517974709530199,0,0.09035772528105497,-0.6696563497873814,-0.9346187243669639,-0.42529043165010694,0,0,1,0
36500.0,1.1936730022514686,0.0,-0.01451166441269542,0.6265541566507993,0,-0.44640914650928976,-0.7092948551838962,-0.9346187243669639,-0.8699883990356986,0,0,1,0
277000.0,-0.04080686294293525,1.0,-0.014382776219403471,-0.22568026175174685,0,0.8583866356328995,2.6714025272308954,0.43632286632090406,2.739345221315201,0,0,0,1
57000.0,0.2773580507669626,1.0,-0.014468701681598103,0.20043694744952617,0,-0.586645536436497,-0.24807192448694768,0.43632286632090406,-0.318855491726885,0,0,1,0
130000.0,-0.4607845490400005,1.0,-0.014490183047146762,-0.6517974709530199,0,1.1887609764350424,-0.14125162852066492,0.12838915571849938,0.4692490690211446,0,0,0,1
42000.0,0.7100623334124238,0.0,-0.014500923729921091,0.4134955520501627,0,-0.48993078476256097,-0.32372425172264196,-0.9346187243669639,-0.31092699726734396,0,0,1,0
36500.0,0.022826119799044333,1.0,-0.014522405095469749,-0.8648560755536564,0,-0.18165251380189,-0.7107256994550611,-0.9346187243669639,-0.788213532922619,0,0,1,0
63000.0,0.6209761575736524,1.0,-0.014500923729921091,-0.012621657151110341,0,0.017821661525602984,-0.32036319269464486,-0.9346187243669639,-0.27162723695701885,0,0,1,0
86000.0,-0.6135037076207515,1.0,-0.014479442364372434,-0.6517974709530199,0,0.05408969340332898,-0.32372425172264196,-0.9346187243669639,-0.31092699726734396,0,0,1,0
64000.0,1.8045496365744724,1.0,-0.0143935169021778,2.3310229934558913,0,-0.9251471672952729,0.7168979404301677,0.43632286632090406,0.9292993840555308,1,0,0,0
49000.0,0.9136878781867585,0.0,-0.014490183047146762,0.8396127612514358,0,-0.48993078476256097,0.7168979404301677,0.12838915571849938,-0.5254071569925362,0,0,1,0
37500.0,-0.06626005603972708,0.0,-0.01451166441269542,-0.6517974709530199,0,-0.41739472100710895,-0.9345511308118133,-0.9346187243669639,-0.7674136132819462,0,0,1,0
62000.0,-0.6135037076207515,1.0,-0.014500923729921091,-0.8648560755536564,0,-0.006357026392880924,-0.24807192448694768,0.645607861430407,-0.318855491726885,0,0,1,0
129000.0,0.8882346850899666,1.0,-0.014468701681598103,-0.012621657151110341,0,0.573931483650735,1.61783723340406,0.12838915571849938,0.8267724449304006,0,0,1,0
39900.0,0.49371019208969324,0.0,-0.01451166441269542,-0.8648560755536564,0,-0.34776009980187506,-0.9345511308118133,0.12838915571849938,-0.7674136132819462,0,0,1,0
29000.0,1.0918602298643012,0.0,-0.014522405095469749,1.2657299704527087,0,-0.45366275288483493,-1.100277399583882,-0.9346187243669639,-0.7007311306266601,0,0,1,0
63000.0,-1.144202783688861,1.0,-0.014500923729921091,0.20043694744952617,0,0.017821661525602984,-0.6808932935519518,-0.9346187243669639,-0.2790448113622479,0,0,1,0
113000.0,1.7409166538324927,0.0,-0.014479442364372434,-0.22568026175174685,0,0.5437081237526299,0.5199635555482692,0.43632286632090406,0.8363390425449689,1,0,0,0
54000.0,0.30281124386375446,0.0,-0.01451166441269542,-0.8648560755536564,0,0.06134329977887418,-0.5122794054175007,-0.9346187243669639,-0.6222774354233112,0,0,1,0
77000.0,-0.2571590042656658,1.0,-0.014468701681598103,-0.22568026175174685,0,-0.26426303085671043,0.056054044997550484,-0.9497616223813684,0.06237714395346962,0,0,1,0
99500.0,-0.16807282842689442,0.0,-0.014500923729921091,-0.4387388663523834,0,0.9003437705502687,0.7168979404301677,0.12838915571849938,-0.4247585554475627,0,0,1,0
37500.0,-0.9189420247822534,0.0,-0.014522405095469749,-1.077914680154293,0,-0.145384481924164,-0.7107256994550611,-0.9346187243669639,-0.788213532922619,0,0,1,0
54500.0,-0.7153164800079188,1.0,-0.014522405095469749,-1.2909732847549296,0,0.4711720599971779,-0.5122794054175007,-0.9346187243669639,-0.6599620002908548,0,0,1,0
165000.0,-0.7280430765563147,1.0,-0.014447220316049445,-0.4387388663523834,0,0.6706462353246709,2.6714025272308954,0.12838915571849938,0.9420616080322042,0,0,0,1
43000.0,0.04827931289583617,0.0,-0.01451166441269542,-1.077914680154293,0,-0.25781538074511456,-0.14125162852066492,-0.9346187243669639,-0.6934664800553231,0,0,1,0
27500.0,-0.078986652588123,0.0,-0.01451166441269542,-0.6517974709530199,0,-0.7075389760289169,-1.3420330208418312,-0.9346187243669639,-0.9226367542949103,0,0,1,0
109000.0,-1.2243803419437553,1.0,-0.01451166441269542,-1.504031889355566,0,1.657136702398818,0.5199635555482692,0.12838915571849938,-0.6362252624558057,0,0,0,1
56000.0,0.9645942643803421,0.0,-0.01451166441269542,1.0526713658520723,0,0.11937215078323578,-0.32036319269464486,-0.9346187243669639,0.3028550113639118,0,0,1,0
128000.0,0.8627814919931748,1.0,-0.014457960998823774,0.4134955520501627,0,0.35148755480068217,1.61783723340406,0.12838915571849938,0.8267724449304006,0,0,1,0
58000.0,-0.9316686213306493,1.0,-0.014500923729921091,-0.6517974709530199,0,-0.10307177806681708,-0.8194871463930152,0.12838915571849938,-0.40505772975802357,0,0,1,0
75000.0,-0.078986652588123,1.0,-0.014500923729921091,-1.077914680154293,0,0.30796591654741096,-0.32372425172264196,0.12838915571849938,-0.10945838457575663,0,0,1,0
62000.0,0.1500920852830035,1.0,-0.014500923729921091,-0.012621657151110341,0,-0.006357026392880924,-0.32036319269464486,0.12838915571849938,-0.27162723695701885,0,0,1,0
47500.0,0.8755080885415707,0.0,-0.014490183047146762,0.6265541566507993,0,-0.5210176692291832,-0.6808932935519518,0.12838915571849938,-0.2790448113622479,1,0,0,0
43000.0,0.9391410712835503,1.0,-0.014490183047146762,1.2657299704527087,0,-0.61427832262905,0.7168979404301677,0.12838915571849938,-0.5254071569925362,0,0,1,0
72000.0,2.211800726123142,1.0,-0.014479442364372434,-0.22568026175174685,0,-0.19978652974075298,-0.32036319269464486,0.12838915571849938,-0.21518594876585154,0,0,1,0
82000.0,0.9391410712835503,1.0,-0.014479442364372434,0.8396127612514358,0,-0.01844637035212301,1.61783723340406,0.12838915571849938,0.8558122807230648,0,0,1,0
36500.0,0.9391410712835503,0.0,-0.014490183047146762,1.6918471796539818,0,-0.7489881553177465,1.2004690324034661,-0.9346187243669639,-0.5194584646810648,0,0,1,0
75000.0,-0.04080686294293525,0.0,-0.014490183047146762,0.20043694744952617,0,0.04890854599222519,1.4293979033596458,0.43632286632090406,1.8967741324410399,1,0,0,0
77000.0,0.12463889218621166,1.0,-0.014468701681598103,-0.6517974709530199,0,-0.26426303085671043,-0.8194871463930152,0.12838915571849938,-0.40505772975802357,0,0,1,0
74000.0,-0.37169837320122906,1.0,-0.014457960998823774,0.6265541566507993,0,-0.43190193375819935,1.2004690324034661,0.12838915571849938,-0.15928108389642115,0,0,1,0
95000.0,-0.4607845490400005,1.0,-0.014447220316049445,-0.6517974709530199,0,-0.25254003065380903,-0.5122794054175007,0.43632286632090406,0.17671313981439438,0,0,1,0
220000.0,-0.7789494627498984,1.0,-0.014468701681598103,-0.8648560755536564,0,2.0407718840387643,1.61783723340406,0.12838915571849938,0.8558122807230648,0,0,1,0
75000.0,-0.20625261807208214,1.0,-0.014500923729921091,-1.077914680154293,0,0.30796591654741096,-0.32372425172264196,-0.9346187243669639,-0.557862186594303,0,0,1,0
98000.0,-0.06626005603972708,1.0,-0.014490183047146762,-0.22568026175174685,0,0.5255741078137669,1.2004690324034661,0.12838915571849938,0.19034698161540864,0,0,1,0
38800.0,0.6846091403156319,0.0,-0.01451166441269542,-0.4387388663523834,0,-0.37967596785427393,-0.9345511308118133,-0.9346187243669639,-0.7674136132819462,0,0,1,0
30500.0,-1.3516463074277145,1.0,-0.01451166441269542,-0.012621657151110341,0,-0.6204956995223745,-0.8102427462111627,0.12838915571849938,-0.8015849257249965,0,0,1,0
29800.0,-1.350119115841907,0.0,-0.01451166441269542,-0.4387388663523834,0,-0.6408057973739011,-0.7107256994550611,-0.9346187243669639,-0.788213532922619,0,0,1,0
84800.0,-1.350055482859165,1.0,-0.014490183047146762,-0.012621657151110341,0,0.25200952450749076,-0.5122794054175007,-0.9346187243669639,0.17671313981439438,1,0,0,0
74000.0,-1.350119115841907,1.0,-0.014490183047146762,-0.6517974709530199,0,0.0281839563478103,-0.8102427462111627,0.43632286632090406,-0.1688273628391848,0,0,1,0
107000.0,-0.6007771110723555,1.0,-0.014479442364372434,-0.8648560755536564,0,0.43490402811945195,1.2004690324034661,0.12838915571849938,0.4904634406508598,0,0,1,0
160000.0,-0.43533135594320865,1.0,-0.014436479633275117,-0.4387388663523834,0,0.428859356139831,0.7168979404301677,0.43632286632090406,0.3604595735481716,0,1,0,0
51500.0,-0.2444324077172699,1.0,-0.014500923729921091,-0.4387388663523834,0,-0.2602332495369629,-0.5122794054175007,0.12838915571849938,-0.6222774354233112,0,0,1,0
32000.0,0.8755080885415707,0.0,-0.01451166441269542,0.20043694744952617,0,-0.5769740612691033,-0.14125162852066492,-0.9497616223813684,-0.6934664800553231,0,0,1,0
94000.0,0.35371763005733814,1.0,-0.014479442364372434,-0.22568026175174685,0,0.19916182091423296,-0.5122794054175007,0.12838915571849938,0.17671313981439438,1,0,0,0
65000.0,0.6337027541220484,0.0,-0.014500923729921091,-0.6517974709530199,0,0.06617903736257107,0.5199635555482692,0.43632286632090406,0.8363390425449689,1,0,0,0
47000.0,1.702736864187305,0.0,-0.014490183047146762,1.0526713658520723,0,-0.5313799640513907,-0.32036319269464486,0.43632286632090406,-0.005745456000475006,1,0,0,0
48500.0,0.20099847147658714,0.0,-0.014500923729921091,0.4134955520501627,0,-0.332769313292415,-0.6773632585629926,0.12838915571849938,-0.5841160363427136,0,0,1,0
39000.0,1.3209389677354277,0.0,-0.014500923729921091,0.4134955520501627,0,-0.562466848518013,0.5199635555482692,0.12838915571849938,-0.6362252624558057,0,0,1,0
123000.0,0.5573431748316728,1.0,-0.014457960998823774,0.20043694744952617,0,0.27895149104523015,1.61783723340406,0.12838915571849938,0.8267724449304006,0,0,1,0
24500.0,-1.348439205097519,0.0,-0.01451166441269542,1.2657299704527087,0,-0.7945822525354593,-1.100277399583882,-0.9346187243669639,-1.031174560668834,0,0,1,0
59500.0,-0.11716644223331074,0.0,-0.014500923729921091,-0.22568026175174685,0,-0.06680374618909109,0.7168979404301677,0.12838915571849938,-0.4247585554475627,0,0,1,0
47000.0,-0.356426457343154,0.0,-0.01451166441269542,-0.22568026175174685,0,-0.1417576787363914,-0.9345511308118133,-0.9346187243669639,-0.6861294929918105,0,0,1,0
65000.0,-1.0971143764597964,0.0,-0.013319448624744894,-1.2909732847549296,0,-1.424145261061227,-0.32036319269464486,-0.9497616223813684,-0.7466237140621923,0,0,1,0
77000.0,-0.3462451801044372,0.0,-0.01451166441269542,-0.6517974709530199,0,0.7286750863290326,-0.32036319269464486,0.12838915571849938,0.3028550113639118,0,0,1,0
84000.0,-0.21897921462047806,1.0,-0.014500923729921091,-0.8648560755536564,0,0.5255741078137669,-0.32036319269464486,0.43632286632090406,0.3028550113639118,0,0,1,0
81000.0,-0.4735111455883964,0.0,-0.01451166441269542,-0.6517974709530199,0,0.8447327883377557,-0.32036319269464486,0.12838915571849938,0.3028550113639118,0,0,1,0
83000.0,-0.44805795249160457,0.0,-0.014500923729921091,-0.8648560755536564,0,0.501395419895283,-0.32036319269464486,0.43632286632090406,0.4133108881641858,0,0,1,0
89900.0,0.2646314542185667,0.0,-0.014500923729921091,0.20043694744952617,0,0.6682283665328226,1.2004690324034661,0.12838915571849938,0.5325102385989583,1,0,0,0
77000.0,-0.1553462318784985,0.0,-0.014500923729921091,-0.4387388663523834,0,0.35632329238437904,-0.14125162852066492,0.12838915571849938,0.012709913320604165,1,0,0,0
89000.0,0.9009612816383625,1.0,-0.014490183047146762,-0.8648560755536564,0,0.3390528010140332,-0.5122794054175007,-0.9346187243669639,0.17671313981439438,1,0,0,0
123456.0,0.21952839605105162,0.0,-0.01451166441269542,1.6918471796539818,0,2.0765692374583438,-0.9345511308118133,0.12838915571849938,-0.780935708983995,0,0,1,0
52000.0,1.4609315297677827,0.0,-0.014457960998823774,1.0526713658520723,0,-0.7510606142821882,-0.1174694926053072,0.43632286632090406,-0.6455029569781549,1,0,0,0
34000.0,1.1936730022514686,0.0,-0.014490183047146762,0.8396127612514358,0,-0.8007996294287838,0.7168979404301677,0.12838915571849938,-0.5254071569925362,0,0,1,0
22000.0,1.448204933219387,0.0,-0.014500923729921091,1.6918471796539818,0,-0.973504543132241,-0.8102427462111627,0.12838915571849938,-1.0115403699354903,1,0,0,0
57000.0,-0.20625261807208214,0.0,-0.014500923729921091,-0.6517974709530199,0,-0.127250465985301,-0.6696563497873814,0.43632286632090406,-0.42529043165010694,0,0,1,0
40500.0,-0.10443984568491482,0.0,-0.014522405095469749,-0.6517974709530199,0,-0.036580386290986006,-0.9345511308118133,-0.9497616223813684,-0.7674136132819462,0,0,1,0
22000.0,1.0819589377496492,0.0,-0.014522405095469749,2.544081598056528,0,-0.7075389760289169,-1.1207048028851228,0.12838915571849938,-0.8428143786987349,0,0,1,0
45000.0,-0.6135037076207515,0.0,-0.01451166441269542,-0.6517974709530199,0,-0.19978652974075298,-1.1207048028851228,-1.164846784639172,-0.6199086206554122,1,0,0,0
35000.0,-1.3476756093046152,0.0,-0.014490183047146762,1.4787885750533454,0,-0.7800750397843689,0.7168979404301677,0.12838915571849938,-0.5254071569925362,0,0,1,0
28500.0,-1.0972416424252802,0.0,-0.01451166441269542,1.6918471796539818,0,-0.6785245505267361,-1.1207048028851228,-0.9346187243669639,-0.8428143786987349,0,0,1,0
35000.0,0.5573431748316728,0.0,-0.014490183047146762,1.6918471796539818,0,-0.7800750397843689,1.2004690324034661,-0.9346187243669639,-0.5194584646810648,0,0,1,0
35000.0,0.44280380589610957,0.0,-0.01451166441269542,0.4134955520501627,0,-0.48993078476256097,-0.9345511308118133,0.12838915571849938,-0.780935708983995,0,0,1,0
24000.0,0.990047457477134,0.0,-0.014522405095469749,1.9049057842546184,0,-0.635002912273465,-0.32036319269464486,-0.9346187243669639,-0.677508791536798,0,0,1,0
26500.0,1.3591187573806156,1.0,-0.01451166441269542,1.6918471796539818,0,-0.7365534015310977,-0.9345511308118133,0.12838915571849938,-0.7674136132819462,0,0,1,0
52500.0,2.4026996743490803,0.0,-0.014500923729921091,1.0526713658520723,0,-0.236054561618479,1.2004690324034661,0.12838915571849938,-0.05600975424609866,1,0,0,0
35500.0,1.295485774638636,0.0,-0.014490183047146762,1.0526713658520723,0,-0.7697127449621615,-0.7092948551838962,-0.9346187243669639,-0.7386518926384681,0,0,1,0
31000.0,-0.48623774213679233,0.0,-0.014522405095469749,0.20043694744952617,0,-0.38112668912938297,-1.1207048028851228,-0.9346187243669639,-1.003686693642153,0,0,1,0
169000.0,-0.078986652588123,1.0,-0.014425738950500788,-0.6517974709530199,0,0.3805019803028629,0.7168979404301677,0.43632286632090406,0.5762839065925054,0,0,1,0
49500.0,-0.3207919870076454,0.0,-0.014500923729921091,0.6265541566507993,0,-0.30859062537393095,0.4662159903578188,-0.9346187243669639,-0.4037312721336151,0,0,1,0
104000.0,-0.8934888316854617,1.0,-0.014479442364372434,-0.8648560755536564,0,0.3805019803028629,-0.14125162852066492,-0.9346187243669639,0.4692490690211446,0,0,0,1
78500.0,1.448204933219387,1.0,-0.014457960998823774,0.6265541566507993,0,-0.36661947637829256,1.2004690324034661,0.12838915571849938,0.6237072297129891,1,0,0,0
69800.0,-1.1989271488469635,1.0,-0.014500923729921091,-0.4387388663523834,0,0.18223673937129425,-0.9345511308118133,0.12838915571849938,-0.5317936450092879,0,0,0,1
79000.0,-0.7153164800079188,1.0,-0.014500923729921091,-0.8648560755536564,0,0.40468066822134685,0.056054044997550484,-0.13969362055378792,-0.047010750159982906,0,0,1,0
65000.0,0.5446165782832769,1.0,-0.014500923729921091,0.20043694744952617,0,0.06617903736257107,-0.5122794054175007,0.12838915571849938,0.17671313981439438,0,0,1,0
29800.0,0.6464293506704443,0.0,-0.01451166441269542,0.6265541566507993,0,-0.6408057973739011,-0.7092948551838962,0.12838915571849938,-0.8699883990356986,0,0,1,0
114000.0,-0.7280430765563147,1.0,-0.014457960998823774,-1.077914680154293,0,0.14838657628541657,-0.14125162852066492,0.43632286632090406,0.4692490690211446,0,0,1,0
58000.0,-0.3971515662980209,0.0,-0.01451166441269542,-0.22568026175174685,0,0.17740100178759738,-0.32372425172264196,-0.9346187243669639,-0.31092699726734396,0,0,1,0
16500.0,-1.3491009881180354,0.0,-0.014500923729921091,0.8396127612514358,0,-1.1064873266839028,-1.1207048028851228,-0.9497616223813684,-1.059115524404746,1,0,0,0
28000.0,1.702736864187305,0.0,-0.01451166441269542,0.6265541566507993,0,-0.6930317632778266,-0.32036319269464486,-1.164846784639172,-0.6762865631636473,1,0,0,0
25000.0,-0.015353669846143416,0.0,-0.01451166441269542,-0.012621657151110341,0,-0.7800750397843689,-1.1207048028851228,0.12838915571849938,-0.9665528291966192,0,0,1,0
30000.0,2.339066691607101,0.0,-0.014500923729921091,1.4787885750533454,0,-0.7800750397843689,-1.1207048028851228,0.12838915571849938,-0.8445406698646618,1,0,0,0
39500.0,-0.7299520660385741,0.0,-0.014522405095469749,-1.077914680154293,0,-0.072848418168712,-0.8102427462111627,-0.9346187243669639,-0.8015849257249965,0,0,1,0
63000.0,-0.05353345949133116,0.0,-0.01451166441269542,-0.6517974709530199,0,0.32247312929850136,-0.9345511308118133,0.12838915571849938,-0.7674136132819462,0,0,1,0
33900.0,0.49371019208969324,1.0,-0.014490183047146762,1.2657299704527087,0,-0.8028720883932252,-0.5122794054175007,-0.9497616223813684,-0.7515247820538202,0,0,1,0
35000.0,-1.3498900371040359,0.0,-0.014522405095469749,-0.4387388663523834,0,-0.236054561618479,-0.5122794054175007,-0.9346187243669639,-0.6599620002908548,0,0,1,0
37000.0,-0.49641901937550903,0.0,-0.01451166441269542,-0.8648560755536564,0,-0.43190193375819935,-0.8102427462111627,0.12838915571849938,-0.8015849257249965,0,0,1,0
53000.0,-1.3491900742938743,0.0,-0.014490183047146762,-0.6517974709530199,0,-0.40703242618490154,-0.8102427462111627,-0.9497616223813684,-0.5265758588219019,1,0,0,0
44000.0,-0.1553462318784985,1.0,-0.014468701681598103,-0.012621657151110341,0,-0.7961941650633583,-0.7257150424069697,-0.9346187243669639,-0.6749542430781704,0,0,1,0
130000.0,-0.20625261807208214,1.0,-0.014490183047146762,-0.6517974709530199,0,1.1887609764350424,1.61783723340406,-0.9497616223813684,0.6780518647784939,0,0,1,0
36000.0,-0.05353345949133116,0.0,-0.01451166441269542,-0.6517974709530199,0,-0.46091635926038016,-1.100277399583882,-1.164846784639172,-0.9157255191567732,1,0,0,0
31500.0,-0.6389569007175433,0.0,-0.014522405095469749,-0.6517974709530199,0,-0.36299267319052,-0.7107256994550611,-0.9346187243669639,-0.788213532922619,0,0,1,0
62500.0,0.30281124386375446,1.0,-0.014500923729921091,-0.22568026175174685,0,0.005732317566360899,-0.32036319269464486,0.12838915571849938,-0.27162723695701885,0,0,1,0
21500.0,-1.3516335808311661,0.0,-0.014490183047146762,1.9049057842546184,0,-1.0598569999839695,0.4662159903578188,-0.9346187243669639,-0.8544668440687411,0,0,1,0
36500.0,0.6846091403156319,0.0,-0.01451166441269542,-0.8648560755536564,0,-0.44640914650928976,-0.14125162852066492,0.12838915571849938,-0.7832110935323148,0,0,1,0
27000.0,-0.10443984568491482,0.0,-0.014522405095469749,-0.22568026175174685,0,-0.526198816640287,-0.8102427462111627,-0.9346187243669639,-0.8015849257249965,0,0,1,0
47500.0,-1.3489737221525515,0.0,-0.01451166441269542,1.2657299704527087,0,-0.127250465985301,-0.32036319269464486,-0.9346187243669639,-0.726667004122192,0,0,1,0
18000.0,1.8936358124132437,0.0,-0.01451166441269542,0.8396127612514358,0,-0.9831760182996345,-1.100277399583882,-1.164846784639172,-0.9157255191567732,1,0,0,0
65000.0,-0.45314859111096295,0.0,-0.01451166441269542,-0.8648560755536564,0,0.3805019803028629,-0.9345511308118133,-1.164846784639172,-0.6703963059436442,1,0,0,0
115000.0,0.5064367886380892,1.0,-0.014436479633275117,1.6918471796539818,0,-0.11516112202605891,-0.1174694926053072,0.43632286632090406,1.7765147141993098,1,0,0,0
26000.0,-0.5880505145239596,1.0,-0.011976863277953761,-1.2909732847549296,0,-1.4897847424207,-0.7107256994550611,-0.9346187243669639,-0.7430231774662824,0,0,1,0
23000.0,1.1936730022514686,0.0,-0.014500923729921091,1.6918471796539818,0,-0.9493258552137568,-0.5122794054175007,0.12838915571849938,-0.6222774354233112,0,0,1,0
40000.0,-1.3499918498764232,0.0,-0.01451166441269542,-0.8648560755536564,0,-0.344858657251657,-0.9345511308118133,-0.9346187243669639,-0.7674136132819462,0,0,1,0
35000.0,-0.11716644223331074,0.0,-0.014500923729921091,-0.6517974709530199,0,-0.6591816001919489,-0.9071017708421057,-0.9346187243669639,-0.749286484310219,0,0,1,0
25500.0,-1.349826404121294,0.0,-0.01451166441269542,0.20043694744952617,0,-0.7655678270332785,-0.8102427462111627,-0.9346187243669639,-1.0150918929746795,0,0,1,0
43000.0,1.9063624089616398,0.0,-0.014436479633275117,1.2657299704527087,0,-0.9855938870914828,0.8002264370753965,0.645607861430407,0.556204516117268,1,0,0,0
84000.0,-0.8680356385886698,1.0,-0.014500923729921091,-1.077914680154293,0,0.5255741078137669,-0.32372425172264196,-0.9497616223813684,-0.10945838457575663,0,0,1,0
65000.0,1.6518304779937216,0.0,-0.014500923729921091,0.4134955520501627,0,0.06617903736257107,-0.5122794054175007,-0.9497616223813684,0.17671313981439438,1,0,0,0
22500.0,-1.3460466049464204,0.0,-0.014500923729921091,1.6918471796539818,0,-0.9614151991729989,-0.5122794054175007,0.12838915571849938,-0.6222774354233112,0,0,1,0
41000.0,-0.20625261807208214,0.0,-0.01451166441269542,-0.4387388663523834,0,-0.3158442317494762,-0.5122794054175007,-0.9497616223813684,-0.6599620002908548,0,0,1,0
60000.0,-0.09807654741071686,0.0,-0.014500923729921091,0.20043694744952617,0,-0.054714402229849,-0.32372425172264196,-0.9346187243669639,-0.31092699726734396,0,0,1,0
42000.0,-0.43533135594320865,1.0,-0.014522405095469749,-0.8648560755536564,0,0.017821661525602984,0.5199635555482692,-0.9346187243669639,-0.6362252624558057,0,0,1,0
44000.0,-0.9762117092500351,0.0,-0.014522405095469749,-0.8648560755536564,0,0.09035772528105497,-0.8102427462111627,-0.9346187243669639,-0.8015849257249965,0,0,1,0
41000.0,-0.04080686294293525,0.0,-0.01451166441269542,-0.8648560755536564,0,-0.3158442317494762,-0.9345511308118133,-0.9346187243669639,-0.7674136132819462,0,0,1,0
12345.0,-0.2698856008140617,0.0,-0.014522405095469749,-0.4387388663523834,0,-1.0577068238083613,-0.7107256994550611,0.12838915571849938,-0.788213532922619,0,0,1,0
38900.0,0.8564181937189769,0.0,-0.014500923729921091,0.20043694744952617,0,-0.5648847173098613,-0.6808932935519518,-0.9497616223813684,-0.602167493145275,0,0,1,0
34500.0,0.11191229563781574,0.0,-0.014522405095469749,-0.4387388663523834,0,-0.254188577557342,-1.100277399583882,-0.9346187243669639,-0.8241565621241418,0,0,1,0
60000.0,-0.02808026639453933,0.0,0.6298755986331764,-0.6517974709530199,0,-1.505290605211378,-0.49635058616431343,-0.9497616223813684,-0.34419604267662074,0,0,1,0
45000.0,0.977320860928738,0.0,-0.014490183047146762,0.4134955520501627,0,-0.5728291433402204,-0.14125162852066492,0.12838915571849938,-0.5462100495552455,0,0,1,0
39500.0,-0.19352602152368623,0.0,-0.014522405095469749,-0.22568026175174685,0,-0.072848418168712,-0.32372425172264196,-0.9346187243669639,-0.557862186594303,0,0,1,0
15000.0,-1.3516463074277145,0.0,-0.014500923729921091,2.117964388855255,0,-1.1427553585616288,-0.8102427462111627,-0.9497616223813684,-1.131006868936066,0,0,1,0
41500.0,-1.3488464561870674,0.0,-0.01451166441269542,1.6918471796539818,0,-0.3013370189983858,-0.32036319269464486,0.12838915571849938,-0.30619249850394636,0,0,1,0
58500.0,0.35371763005733814,1.0,-0.014490183047146762,0.4134955520501627,0,-0.2930471831406199,1.2004690324034661,-0.9497616223813684,-0.05600975424609866,0,0,1,0
22500.0,-1.3460466049464204,0.0,-0.014500923729921091,1.6918471796539818,0,-0.9614151991729989,-0.5122794054175007,0.12838915571849938,-0.6222774354233112,0,0,1,0
89500.0,-1.3499918498764232,1.0,-0.014500923729921091,-0.22568026175174685,0,0.6585568913654288,1.61783723340406,-0.9497616223813684,0.4451786460753563,1,0,0,0
46000.0,0.5573431748316728,0.0,-0.014479442364372434,-0.4387388663523834,0,-0.6712709441511909,-0.7092948551838962,-0.9497616223813684,-0.8699883990356986,0,0,1,0
18000.0,1.702736864187305,0.0,-0.01451166441269542,2.544081598056528,0,-0.9831760182996345,-1.100277399583882,-0.9346187243669639,-1.1587968004355678,0,0,1,0
145000.0,-1.3109211984728477,1.0,-0.014490183047146762,-0.6517974709530199,0,1.499629821101265,1.61783723340406,0.12838915571849938,0.6780518647784939,0,0,1,0
79000.0,-1.3477646954804539,0.0,-0.014479442364372434,-0.6517974709530199,0,-0.072848418168712,-1.1207048028851228,-0.13969362055378792,-0.27595943853272237,1,0,0,0
24500.0,-0.12989303878170666,0.0,-0.01451166441269542,0.20043694744952617,0,-0.7945822525354593,-1.1207048028851228,0.12838915571849938,-0.9665528291966192,0,0,1,0
31800.0,-1.3483373923251316,0.0,-0.014500923729921091,1.0526713658520723,0,-0.7365534015310977,-0.8102427462111627,-0.13969362055378792,-0.6496167874175222,1,0,0,0
28000.0,0.30281124386375446,0.0,-0.01451166441269542,-0.8648560755536564,0,-0.6930317632778266,-0.14125162852066492,-0.9497616223813684,-0.7832110935323148,0,0,1,0
41000.0,0.3282644369605463,0.0,-0.01451166441269542,0.6265541566507993,0,-0.3158442317494762,-0.32036319269464486,0.12838915571849938,-0.677508791536798,0,0,1,0
18900.0,0.43007720934771365,0.0,-0.01451166441269542,0.8396127612514358,0,-0.9570630353476718,-0.7092948551838962,-0.9497616223813684,-0.17598529481347577,0,0,1,0
25900.0,0.43007720934771365,0.0,-0.01451166441269542,-0.8648560755536564,0,-0.7539620568324062,0.5199635555482692,-0.9497616223813684,-0.8675563045576368,0,0,1,0
28900.0,0.43007720934771365,0.0,-0.01451166441269542,-0.6517974709530199,0,-0.6669187803258638,-0.14125162852066492,-0.9497616223813684,-0.7832110935323148,0,0,1,0
145000.0,0.5573431748316728,1.0,-0.014425738950500788,0.6265541566507993,0,0.11267651412888642,1.4293979033596458,0.43632286632090406,1.8967741324410399,1,0,0,0
44000.0,-0.49896433868518825,0.0,-0.01451166441269542,-0.8648560755536564,0,-0.22880095524293378,-0.8102427462111627,-0.9346187243669639,-0.8015849257249965,0,0,1,0
69000.0,0.3282644369605463,1.0,-0.014500923729921091,-0.4387388663523834,0,0.16289378903650698,-0.32036319269464486,-0.9346187243669639,-0.30619249850394636,0,0,1,0
55000.0,-0.23170581116887398,1.0,-0.014490183047146762,-0.22568026175174685,0,-0.36558324689607186,-0.7092948551838962,0.43632286632090406,-0.4323317433018523,0,0,1,0
36500.0,0.06241856166110403,0.0,-0.01451166441269542,1.0526713658520723,0,-0.44640914650928976,-0.9345511308118133,-0.9346187243669639,-0.7674136132819462,0,0,1,0
37000.0,0.2646314542185667,0.0,-0.01451166441269542,-0.22568026175174685,0,-0.43190193375819935,-1.1207048028851228,0.12838915571849938,-0.8428143786987349,0,0,1,0
79000.0,-0.12989303878170666,1.0,-0.014479442364372434,-0.6517974709530199,0,-0.072848418168712,0.056054044997550484,0.43632286632090406,0.06237714395346962,0,0,1,0
47500.0,-0.20625261807208214,0.0,-0.014522405095469749,-0.8648560755536564,0,0.21729583685309595,-0.32036319269464486,-0.9346187243669639,-0.677508791536798,0,0,1,0
43500.0,-0.14261963533010258,1.0,-0.014522405095469749,-0.8648560755536564,0,0.07222370934219198,-0.7107256994550611,-0.9346187243669639,-0.7430231774662824,0,0,1,0
26500.0,1.448204933219387,0.0,-0.01451166441269542,1.6918471796539818,0,-0.7365534015310977,0.4662159903578188,-0.9497616223813684,-0.8544668440687411,0,0,1,0
95900.0,0.5573431748316728,1.0,-0.014468701681598103,-0.6517974709530199,0,0.04038843691618793,1.61783723340406,-0.9346187243669639,0.4451786460753563,0,0,1,0
43800.0,-0.5498707248787719,0.0,-0.01451166441269542,-1.2909732847549296,0,-0.23460384034336995,-0.7107256994550611,-0.9346187243669639,-0.7430231774662824,0,0,1,0
18500.0,1.1936730022514686,0.0,-0.01451166441269542,1.6918471796539818,0,-0.9686688055485441,-0.9345511308118133,-0.9346187243669639,-0.6861294929918105,1,0,0,0
32900.0,-0.3335185835560413,0.0,-0.01451166441269542,-1.077914680154293,0,-0.5508610783171406,-0.8102427462111627,-0.9346187243669639,-0.8015849257249965,0,0,1,0
87000.0,1.0027740540255299,1.0,-0.014457960998823774,0.8396127612514358,0,-0.2433081679940242,1.2004690324034661,0.43632286632090406,1.128586419998969,1,0,0,0
44000.0,-1.349864583910939,0.0,-0.01451166441269542,0.4134955520501627,0,-0.22880095524293378,-1.100277399583882,-0.9346187243669639,-0.7007311306266601,0,0,1,0
33900.0,-1.349342793452455,0.0,-0.014500923729921091,0.6265541566507993,0,-0.6857781569022813,-0.14125162852066492,-0.9346187243669639,-0.5310636738466661,0,0,1,0
65000.0,-0.6160490269304306,1.0,-0.014490183047146762,-0.22568026175174685,0,-0.1583373504519232,-0.49635058616431343,0.43632286632090406,-0.34419604267662074,0,0,1,0
62000.0,1.1936730022514686,1.0,-0.014457960998823774,-0.012621657151110341,0,-0.6059884867712841,0.3664142374090258,0.12838915571849938,-0.18363199401283248,0,0,1,0
95000.0,-0.11716644223331074,0.0,-0.014479442364372434,-0.22568026175174685,0,0.21729583685309595,-0.5122794054175007,0.43632286632090406,0.17671313981439438,0,0,1,0
95000.0,-0.11716644223331074,0.0,-0.014479442364372434,-0.22568026175174685,0,0.21729583685309595,-0.5122794054175007,0.43632286632090406,0.17671313981439438,0,0,1,0
29000.0,0.7736953161544033,0.0,-0.01451166441269542,0.20043694744952617,0,-0.6640173377756458,-0.7107256994550611,0.12838915571849938,-0.7430231774662824,0,0,1,0
26000.0,-1.3502718350004879,0.0,-0.014500923729921091,1.6918471796539818,0,-0.8767897914583049,-0.5122794054175007,-0.9346187243669639,-0.6222774354233112,0,0,1,0
56000.0,-0.42260475939481273,0.0,-0.014490183047146762,-0.22568026175174685,0,-0.344858657251657,-0.7092948551838962,0.12838915571849938,-0.30667095918937953,0,0,1,0
37000.0,2.211800726123142,0.0,-0.01451166441269542,1.4787885750533454,0,-0.43190193375819935,-0.32036319269464486,-0.9497616223813684,-0.726667004122192,1,0,0,0
37000.0,2.211800726123142,0.0,-0.01451166441269542,1.4787885750533454,0,-0.43190193375819935,-0.32036319269464486,-0.9497616223813684,-0.30619249850394636,1,0,0,0
16500.0,-1.3491009881180354,0.0,-0.014500923729921091,0.8396127612514358,0,-1.1064873266839028,-1.1207048028851228,-0.9497616223813684,-1.059115524404746,0,0,1,0
22000.0,-1.3481337667803572,0.0,-0.01451166441269542,1.6918471796539818,0,-0.8671183162909113,-0.7092948551838962,0.12838915571849938,-0.8699883990356986,0,0,1,0
41000.0,0.20099847147658714,1.0,-0.014500923729921091,-0.8648560755536564,0,-0.514109472681045,-0.6696563497873814,-1.164846784639172,-0.7072104135686635,0,0,1,0
69000.0,-0.842582445491878,0.0,-0.014490183047146762,-1.2909732847549296,0,-0.0754389918742639,-0.24807192448694768,0.43632286632090406,-0.318855491726885,0,0,1,0
36000.0,-1.3499918498764232,0.0,-0.014522405095469749,-0.4387388663523834,0,-0.19978652974075298,-0.5122794054175007,-0.9497616223813684,-0.6599620002908548,0,0,1,0
20000.0,-1.3489482689594547,0.0,-0.014500923729921091,1.6918471796539818,0,-1.0218619189692089,-0.5122794054175007,-0.9346187243669639,-0.6222774354233112,0,0,1,0
44000.0,0.37917082315413,0.0,-0.01451166441269542,-0.8648560755536564,0,-0.22880095524293378,-0.32036319269464486,0.12838915571849938,-0.677508791536798,0,0,1,0
30000.0,0.17554527837979533,0.0,-0.01451166441269542,0.4134955520501627,0,-0.635002912273465,-1.1207048028851228,0.12838915571849938,-0.932723118563068,0,0,1,0
75000.0,0.5064367886380892,1.0,-0.014468701681598103,0.6265541566507993,0,-0.2965012814146889,0.5199635555482692,0.43632286632090406,0.22122644167615824,1,0,0,0
19500.0,-1.3491009881180354,0.0,-0.01451166441269542,1.9049057842546184,0,-0.9396543800463633,-0.8102427462111627,-1.164846784639172,-1.0115403699354903,1,0,0,0
27000.0,1.3845719504774074,0.0,-0.014500923729921091,0.4134955520501627,0,-0.852611103539821,-1.1381312347207264,-1.164846784639172,-0.905686472068768,1,0,0,0
111111.0,0.12463889218621166,0.0,-0.014490183047146762,0.20043694744952617,0,0.79729420264169,-0.958293484507613,0.43632286632090406,0.669362332936794,0,0,1,0
45000.0,-1.194536473037767,1.0,-0.014479442364372434,2.117964388855255,0,-0.6894049600900539,1.61783723340406,0.12838915571849938,0.8267724449304006,1,0,0,0
48500.0,0.04827931289583617,0.0,-0.01451166441269542,-0.8648560755536564,0,-0.09823604048312021,-0.32036319269464486,0.12838915571849938,-0.677508791536798,0,0,1,0
45000.0,-1.335941687286994,1.0,-0.014479442364372434,2.117964388855255,0,-0.6894049600900539,1.61783723340406,0.12838915571849938,0.8267724449304006,1,0,0,0
31000.0,0.5700697713800688,0.0,-0.01451166441269542,0.8396127612514358,0,-0.6059884867712841,-0.7092948551838962,-0.9497616223813684,-0.8699883990356986,0,0,1,0
49000.0,-1.3503354679832298,0.0,-0.01451166441269542,-0.8648560755536564,0,-0.0837288277320298,-0.14125162852066492,-0.9497616223813684,-0.5731003542552597,0,0,1,0
40000.0,1.5754708987033461,0.0,-0.01451166441269542,1.0526713658520723,0,-0.344858657251657,-0.32036319269464486,0.12838915571849938,-0.30619249850394636,0,0,1,0
49000.0,-1.3503354679832298,0.0,-0.01451166441269542,-0.8648560755536564,0,-0.0837288277320298,-0.14125162852066492,-0.9497616223813684,-0.5731003542552597,0,0,1,0
39000.0,1.0664070367675094,1.0,-0.014468701681598103,2.544081598056528,0,-0.8767897914583049,1.2004690324034661,0.12838915571849938,-0.15928108389642115,0,0,1,0
24500.0,1.8300028296712643,0.0,-0.014490183047146762,1.6918471796539818,0,-0.9976832310507249,-0.5122794054175007,-0.9497616223813684,-0.7515247820538202,0,0,1,0
43000.0,0.2773580507669626,0.0,-0.014490183047146762,2.117964388855255,0,-0.61427832262905,-0.32036319269464486,0.12838915571849938,-0.21518594876585154,0,0,1,0
52500.0,0.8627814919931748,0.0,-0.014490183047146762,0.8396127612514358,0,-0.41739472100710895,1.2004690324034661,0.12838915571849938,-0.15928108389642115,0,0,1,0
32000.0,-0.49132838075615065,0.0,-0.01451166441269542,1.2657299704527087,0,-0.5769740612691033,-0.7092948551838962,-0.9346187243669639,-0.8699883990356986,0,0,1,0
97000.0,1.8936358124132437,1.0,-0.014479442364372434,0.20043694744952617,0,0.253563868730822,1.61783723340406,-0.9497616223813684,0.8558122807230648,0,0,1,0
40999.0,-0.6644100938143351,0.0,-0.014522405095469749,-1.077914680154293,0,-0.018482638384000737,-0.8102427462111627,0.12838915571849938,-0.8015849257249965,0,0,1,0
42000.0,-0.43533135594320865,0.0,-0.014457960998823774,1.4787885750533454,0,-0.8961327417930921,-0.9345511308118133,-1.164846784639172,-0.9362759721243398,1,0,0,0
110000.0,-1.2231076822889158,1.0,-0.014490183047146762,-0.22568026175174685,0,0.7742691835467451,1.61783723340406,0.12838915571849938,0.6780518647784939,0,0,1,0
22500.0,0.8118751057995911,0.0,-0.014522405095469749,1.4787885750533454,0,-0.6894049600900539,-0.8102427462111627,-0.9346187243669639,-1.131006868936066,0,0,1,0
71500.0,-0.2571590042656658,0.0,-0.014500923729921091,-0.4387388663523834,0,0.22334050883271686,-1.1381312347207264,0.43632286632090406,-0.5443922507298501,1,0,0,0
153000.0,-0.20625261807208214,1.0,-0.014479442364372434,-0.8648560755536564,0,1.2690687613071499,1.61783723340406,0.12838915571849938,0.6780518647784939,0,0,0,1
18500.0,0.9136878781867585,0.0,-0.014500923729921091,1.6918471796539818,0,-1.0581299508469348,-0.9936213437697933,0.12838915571849938,-1.0352666532541752,0,0,1,0
29000.0,2.313613498510309,0.0,-0.014500923729921091,1.6918471796539818,0,-0.804253727702853,-1.1207048028851228,0.12838915571849938,-0.8445406698646618,1,0,0,0
61000.0,0.3918974197025259,0.0,-0.014490183047146762,1.0526713658520723,0,-0.24123570902958277,1.61783723340406,-0.9346187243669639,0.4451786460753563,0,0,1,0
42000.0,1.7409166538324927,1.0,-0.014457960998823774,0.6265541566507993,0,-0.8961327417930921,-0.5122794054175007,0.12838915571849938,-0.6548525716130805,0,0,1,0
36800.0,-0.05353345949133116,0.0,-0.01451166441269542,-0.8648560755536564,0,-0.43770481885863555,-0.14125162852066492,-0.9346187243669639,-0.7832110935323148,0,0,1,0
35500.0,1.1936730022514686,0.0,-0.014522405095469749,0.4134955520501627,0,-0.217920545679616,-0.32036319269464486,-0.9497616223813684,-0.677508791536798,0,0,1,0
39900.0,0.22645166457337898,0.0,-0.01451166441269542,-0.8648560755536564,0,-0.34776009980187506,-0.9345511308118133,-0.9346187243669639,-0.7674136132819462,0,0,1,0
35800.0,-1.3495082392075841,0.0,-0.014500923729921091,0.8396127612514358,0,-0.6398386498571617,-0.9345511308118133,-0.9497616223813684,-0.5317936450092879,0,0,1,0
36000.0,1.0027740540255299,0.0,-0.014500923729921091,0.4134955520501627,0,-0.635002912273465,-1.1207048028851228,0.12838915571849938,-0.829456299716328,0,0,1,0
47500.0,0.5573431748316728,0.0,-0.01451166441269542,-0.6517974709530199,0,-0.127250465985301,-0.8102427462111627,-0.9346187243669639,-0.6547550895783869,1,0,0,0
116000.0,-0.9953016040726289,1.0,-0.014457960998823774,-1.077914680154293,0,0.17740100178759738,-0.14125162852066492,0.43632286632090406,0.4692490690211446,0,0,1,0
29000.0,1.3972985470258033,1.0,-0.014468701681598103,1.6918471796539818,0,-1.0379810442481983,-0.1174694926053072,0.12838915571849938,-0.9428207023687876,0,0,1,0
114000.0,-1.3516463074277145,0.0,-0.014479442364372434,-1.504031889355566,0,0.5618421396914929,0.8002264370753965,0.645607861430407,0.556204516117268,1,0,0,0
48500.0,-1.349762771138552,0.0,-0.01451166441269542,-0.22568026175174685,0,-0.09823604048312021,-0.9345511308118133,-0.9497616223813684,-0.6861294929918105,1,0,0,0
35500.0,-1.347930141235583,0.0,-0.01451166441269542,1.6918471796539818,0,-0.47542357201147056,-1.1207048028851228,-0.9346187243669639,-0.6199086206554122,1,0,0,0
141000.0,-0.6007771110723555,1.0,-0.014479442364372434,-0.6517974709530199,0,1.051460570040794,1.61783723340406,0.43632286632090406,0.8133485798913955,0,0,0,1
22900.0,1.28275917809024,1.0,-0.014468701681598103,1.6918471796539818,0,-1.1363077084500333,-1.1207048028851228,-0.9497616223813684,-0.8445406698646618,0,0,1,0
11111.0,-0.5116909352335841,1.0,-0.014500923729921091,-0.8648560755536564,0,-1.236786275876613,0.5199635555482692,-0.9497616223813684,0.18002307870043238,0,0,1,0
115000.0,0.8755080885415707,1.0,-0.014457960998823774,-0.012621657151110341,0,0.16289378903650698,2.6714025272308954,0.12838915571849938,0.9420616080322042,1,0,0,0
11111.0,-1.1734739557501717,0.0,-0.014500923729921091,-1.504031889355566,0,-1.236786275876613,-0.9345511308118133,-0.9346187243669639,-0.7674136132819462,0,0,1,0
45000.0,0.6591559472188401,0.0,-0.01451166441269542,-0.4387388663523834,0,-0.19978652974075298,-1.1381312347207264,-0.9346187243669639,-0.6895396419086542,0,0,1,0
78998.0,-1.3503227413866814,1.0,-0.014479442364372434,0.20043694744952617,0,-0.07288468620058973,0.7168979404301677,-0.9497616223813684,0.3604595735481716,0,0,1,0
105000.0,0.20099847147658714,1.0,-0.014404257584952129,0.6265541566507993,0,-0.48993078476256097,0.7168979404301677,0.43632286632090406,0.5762839065925054,1,0,0,0
72000.0,0.35371763005733814,1.0,-0.014479442364372434,-0.012621657151110341,0,-0.19978652974075298,-0.5122794054175007,0.43632286632090406,0.17671313981439438,0,0,1,0
48000.0,-1.3482101263596478,0.0,-0.014500923729921091,0.4134955520501627,0,-0.344858657251657,-0.8102427462111627,0.12838915571849938,-0.6123936341522249,1,0,0,0
24000.0,-1.3478283284631958,0.0,-0.01451166441269542,2.544081598056528,0,-0.8090894652865497,-0.9345511308118133,0.12838915571849938,-0.7674136132819462,0,0,1,0
97000.0,0.7991485092511952,1.0,-0.014468701681598103,0.20043694744952617,0,0.058119474723076256,1.61783723340406,0.12838915571849938,0.8558122807230648,0,0,1,0
58000.0,-0.7153164800079188,0.0,-0.014500923729921091,-0.4387388663523834,0,-0.10307177806681708,-1.1381312347207264,-0.13969362055378792,-0.37342917110182133,1,0,0,0
77000.0,-0.6389569007175433,1.0,-0.014468701681598103,-0.8648560755536564,0,-0.26426303085671043,-0.8194871463930152,0.43632286632090406,-0.40505772975802357,0,0,1,0
31500.0,1.1936730022514686,0.0,-0.01451166441269542,0.4134955520501627,0,-0.5914812740201938,0.5199635555482692,-0.9346187243669639,-0.6362252624558057,0,0,1,0
37500.0,-0.8807622351370658,0.0,-0.01451166441269542,-0.8648560755536564,0,-0.41739472100710895,-1.100277399583882,-1.164846784639172,-0.8655644301354135,1,0,0,0
11111.0,-1.3491900742938743,0.0,-0.014457960998823774,1.6918471796539818,0,-1.3442460364615234,-0.6773632585629926,0.43632286632090406,-0.33729735160478563,1,0,0,0
70000.0,-0.18079942497529033,1.0,-0.013383892721390869,-0.8648560755536564,0,-1.4131170507410409,-1.1207048028851228,0.12838915571849938,-0.829456299716328,1,0,0,0
35000.0,0.6846091403156319,1.0,-0.014500923729921091,0.4134955520501627,0,-0.6591816001919489,-0.8102427462111627,0.12838915571849938,-0.8642839394354129,0,0,1,0
50000.0,-0.21897921462047806,0.0,-0.014522405095469749,-0.6517974709530199,0,0.30796591654741096,-1.100277399583882,-0.9346187243669639,-0.7007311306266601,0,0,0,1
72000.0,0.7518437498808076,1.0,-0.014479442364372434,1.0526713658520723,0,-0.19978652974075298,1.61783723340406,0.12838915571849938,0.6780518647784939,0,0,1,0
42000.0,1.7536432503808888,0.0,-0.014500923729921091,-0.012621657151110341,0,-0.48993078476256097,0.5199635555482692,0.12838915571849938,-0.8348326533353974,0,0,1,0
46500.0,-0.4607845490400005,0.0,-0.01451166441269542,-0.8648560755536564,0,-0.1562648914874818,-0.8102427462111627,-0.9346187243669639,-0.8015849257249965,0,0,1,0
95000.0,0.49371019208969324,1.0,-0.014479442364372434,-0.4387388663523834,0,0.21729583685309595,-0.32372425172264196,-0.13969362055378792,-0.23598983596841566,0,0,1,0
22000.0,-1.3491009881180354,0.0,-0.01451166441269542,1.2657299704527087,0,-0.8671183162909113,-0.8102427462111627,-1.164846784639172,-0.7170275089353354,1,0,0,0
70000.0,0.073732505992628,0.0,-0.014500923729921091,-0.6517974709530199,0,0.18707247695499088,-0.6808932935519518,-0.9346187243669639,-0.602167493145275,0,0,1,0
23000.0,-1.3498391307178423,0.0,-0.014500923729921091,2.117964388855255,0,-0.9493258552137568,-0.958293484507613,0.12838915571849938,-1.0606258467688496,1,0,0,0
87000.0,-1.3507299924762302,0.0,-0.014500923729921091,-0.8648560755536564,0,0.5981101715692189,-0.32036319269464486,0.12838915571849938,0.3028550113639118,0,0,1,0
46000.0,0.5955229644768606,0.0,-0.013330189307519223,0.6265541566507993,0,-1.4474068263345272,-0.32036319269464486,-0.9346187243669639,-0.27162723695701885,0,0,1,0
63000.0,-0.13625633705590462,1.0,-0.014490183047146762,-0.8648560755536564,0,-0.19978652974075298,-0.24807192448694768,-0.9497616223813684,-0.318855491726885,0,0,1,0
33500.0,0.6846091403156319,0.0,-0.01451166441269542,0.8396127612514358,0,-0.5334524230158322,-0.14125162852066492,-0.9346187243669639,-0.6934664800553231,0,0,1,0
72000.0,0.7227889299608197,0.0,-0.014500923729921091,0.4134955520501627,0,0.23542985279195897,-0.32036319269464486,-0.9346187243669639,-0.30619249850394636,0,0,1,0
31000.0,-1.3516463074277145,0.0,-0.01451166441269542,1.2657299704527087,0,-0.6059884867712841,-0.32036319269464486,-0.9346187243669639,-0.6762865631636473,1,0,0,0
123456.0,-0.5625973214271678,1.0,-0.014522405095469749,-0.6517974709530199,0,2.9720704661576516,-0.7107256994550611,-0.9346187243669639,-0.788213532922619,0,0,1,0
123456.0,-0.6389569007175433,0.0,-0.01451166441269542,-0.6517974709530199,0,2.0765692374583438,-0.5342239031937968,0.12838915571849938,-0.20675452596646696,0,0,1,0
48000.0,-1.3503991009659717,0.0,-0.01451166441269542,-0.8648560755536564,0,-0.1127432532342106,-0.14125162852066492,0.12838915571849938,-0.5731003542552597,0,0,1,0
23000.0,-1.3491009881180354,0.0,-0.014500923729921091,2.117964388855255,0,-0.9493258552137568,-1.1207048028851228,-0.9346187243669639,-0.7548560497482442,0,0,1,0
44000.0,0.04827931289583617,1.0,-0.01451166441269542,-0.4387388663523834,0,-0.22880095524293378,-0.5122794054175007,-0.9497616223813684,-0.6222774354233112,0,0,1,0
23500.0,1.1936730022514686,0.0,-0.014522405095469749,1.4787885750533454,0,-0.6531369282123279,-1.100277399583882,-0.9346187243669639,-1.0257751582171646,0,0,1,0
60000.0,-1.288013324685735,1.0,-0.01451166441269542,-1.2909732847549296,0,0.23542985279195897,-0.8194871463930152,-0.9497616223813684,-0.40505772975802357,0,0,1,0
51000.0,2.2499805157683292,0.0,-0.014490183047146762,1.0526713658520723,0,-0.4484816054737313,-0.5122794054175007,-0.9346187243669639,0.17671313981439438,1,0,0,0
120000.0,-0.8298558489434821,1.0,-0.014479442364372434,-1.2909732847549296,0,0.6706462353246709,-0.32372425172264196,-0.9497616223813684,-0.19536669534112763,0,0,1,0
59800.0,-0.20625261807208214,0.0,-0.014490183047146762,-0.22568026175174685,0,-0.2661052166028805,-0.32036319269464486,0.12838915571849938,-0.6762865631636473,1,0,0,0
45500.0,0.17554527837979533,0.0,-0.014500923729921091,-0.22568026175174685,0,-0.405305377047867,-0.8102427462111627,0.12838915571849938,-0.44241729846874356,0,0,1,0
119900.0,-0.842582445491878,1.0,-0.014522405095469749,-0.8648560755536564,0,2.843101344800458,-0.14125162852066492,0.12838915571849938,0.38150546259524254,0,1,0,0
28000.0,-1.3493555200490033,0.0,-0.014479442364372434,2.117964388855255,0,-0.9976832310507249,-1.100277399583882,-1.164846784639172,-0.5010514108685551,1,0,0,0
29500.0,1.566562281119469,0.0,-0.014468701681598103,1.0526713658520723,0,-1.0299214816087037,-1.1207048028851228,0.12838915571849938,-0.8445406698646618,0,0,1,0
43000.0,0.49371019208969324,1.0,-0.014490183047146762,1.0526713658520723,0,-0.61427832262905,-1.1207048028851228,-0.13969362055378792,-0.7602227285486914,1,0,0,0
16800.0,1.3209389677354277,0.0,-0.014490183047146762,2.3310229934558913,0,-1.1572625713127194,-0.8102427462111627,-0.9346187243669639,-1.1313089334088868,0,0,1,0
39500.0,0.7482421230576115,0.0,-0.01451166441269542,0.20043694744952617,0,-0.3593658700027474,-0.5122794054175007,-0.9497616223813684,-0.6222774354233112,0,0,1,0
37000.0,-0.078986652588123,0.0,-0.01451166441269542,-0.6517974709530199,0,-0.43190193375819935,-0.14125162852066492,-0.9346187243669639,-0.7832110935323148,0,0,1,0
55000.0,0.4809835955412973,1.0,-0.014490183047146762,0.20043694744952617,0,-0.36558324689607186,-0.5122794054175007,-0.9497616223813684,-0.7515247820538202,0,0,1,0
33000.0,0.04827931289583617,0.0,-0.01451166441269542,0.6265541566507993,0,-0.5479596357669225,-1.1207048028851228,-0.9346187243669639,-0.932723118563068,1,0,0,0
23500.0,1.295485774638636,1.0,-0.01451166441269542,2.117964388855255,0,-0.8235966780376401,-0.8102427462111627,0.12838915571849938,-1.131006868936066,0,0,1,0
110000.0,0.18827187492819125,0.0,-0.014479442364372434,0.20043694744952617,0,0.4893060759360409,0.5199635555482692,0.43632286632090406,0.8363390425449689,1,0,0,0
65000.0,0.2964479455895565,0.0,-0.014490183047146762,-0.4387388663523834,0,-0.1583373504519232,-0.8102427462111627,-1.164846784639172,-0.5265758588219019,1,0,0,0
85000.0,0.03555271634744025,1.0,-0.014490183047146762,-0.4387388663523834,0,0.25615444243637386,-0.958293484507613,-0.13969362055378792,-0.06255448449054674,1,0,0,0
38000.0,0.5827963679284647,0.0,-0.014479442364372434,1.2657299704527087,0,-0.816343071662095,-0.14125162852066492,-0.9346187243669639,-0.746478795035351,0,0,1,0
30800.0,0.2391782611217749,0.0,-0.014522405095469749,-0.6517974709530199,0,-0.38838029550492814,0.5199635555482692,-1.164846784639172,-0.8675563045576368,0,0,1,0
33000.0,1.702736864187305,0.0,-0.014500923729921091,1.0526713658520723,0,-0.7075389760289169,-0.8102427462111627,-0.9497616223813684,-0.6547550895783869,1,0,0,0
84550.0,-0.7725861644757004,0.0,-0.01451166441269542,-1.077914680154293,0,0.9477339988704975,-0.958293484507613,0.43632286632090406,-0.3110906155234552,0,0,1,0
42000.0,-0.3207919870076454,0.0,-0.014500923729921091,-0.6517974709530199,0,-0.48993078476256097,-0.24807192448694768,0.12838915571849938,-0.5841160363427136,0,0,1,0
29500.0,0.20099847147658714,0.0,-0.014522405095469749,-0.012621657151110341,0,-0.43552873694597194,-1.1207048028851228,-0.9346187243669639,-0.8428143786987349,0,0,1,0
93000.0,0.2646314542185667,1.0,-0.014500923729921091,-0.22568026175174685,0,0.7431822990801229,-0.32036319269464486,-0.9346187243669639,-0.30619249850394636,0,0,1,0
75900.0,0.5446165782832769,1.0,-0.014479442364372434,-0.22568026175174685,0,-0.1290638675791873,-0.8102427462111627,0.12838915571849938,-0.6123936341522249,0,0,1,0
21000.0,-1.3489100891698094,0.0,-0.01451166441269542,1.2657299704527087,0,-0.8961327417930921,-1.1207048028851228,-0.9497616223813684,-0.7741451547050625,0,0,1,0
75000.0,-0.2698856008140617,1.0,-0.014468701681598103,-0.8648560755536564,0,-0.2965012814146889,-0.8194871463930152,0.43632286632090406,-0.40505772975802357,0,0,1,0
87000.0,-0.5829598759046013,0.0,-0.014447220316049445,-0.6517974709530199,0,-0.358047032479921,0.056054044997550484,0.645607861430407,0.06237714395346962,1,0,0,0
130000.0,-1.1607473592017759,1.0,-0.014479442364372434,0.20043694744952617,0,0.8519863947133008,0.5199635555482692,0.43632286632090406,0.8363390425449689,1,0,0,0
65000.0,0.8118751057995911,1.0,-0.014479442364372434,-0.012621657151110341,0,-0.326724641312794,-0.5122794054175007,-0.9497616223813684,0.17671313981439438,0,0,1,0
65000.0,1.0664070367675094,1.0,-0.014468701681598103,0.6265541566507993,0,-0.4576925342045822,-0.32036319269464486,-0.9497616223813684,0.27267559763416027,0,0,1,0
42000.0,-0.29533879391085355,1.0,-0.014490183047146762,1.6918471796539818,0,-0.635002912273465,-0.958293484507613,-1.164846784639172,-0.6875762228353199,1,0,0,0
26000.0,2.211800726123142,0.0,-0.014490183047146762,1.2657299704527087,0,-0.9665963465841027,-0.9345511308118133,0.12838915571849938,-0.9182779639521079,0,0,1,0
26500.0,1.4609315297677827,0.0,-0.014522405095469749,0.6265541566507993,0,-0.54433283257915,-0.7092948551838962,-0.9497616223813684,-1.010698904618347,0,0,1,0
53000.0,0.9136878781867585,1.0,-0.014447220316049445,1.6918471796539818,0,-0.806451790240897,1.61783723340406,-0.9497616223813684,0.8267724449304006,0,0,1,0
85000.0,0.30281124386375446,0.0,-0.014479442364372434,-0.22568026175174685,0,0.035955677464465985,-0.5122794054175007,0.43632286632090406,0.17671313981439438,1,0,0,0
22500.0,-1.3387924449138346,1.0,-0.014500923729921091,1.9049057842546184,0,-0.9614151991729989,-0.8102427462111627,0.12838915571849938,-1.131006868936066,0,0,1,0
49000.0,1.868182619316452,1.0,-0.014425738950500788,1.6918471796539818,0,-0.9586253505670199,-0.32036319269464486,0.43632286632090406,1.6030793627214406,1,0,0,0
177000.0,-1.1862005522985677,1.0,-0.014468701681598103,-1.2909732847549296,0,1.347649497042223,1.61783723340406,0.12838915571849938,0.6780518647784939,0,0,1,0
39000.0,0.6846091403156319,0.0,-0.01451166441269542,0.20043694744952617,0,-0.3738730827538378,-0.5122794054175007,-0.9497616223813684,-0.6222774354233112,0,0,1,0
43500.0,2.1863475330263498,0.0,-0.014479442364372434,2.117964388855255,0,-0.7166059839983484,1.61783723340406,-0.9497616223813684,0.8558122807230648,1,0,0,0
25500.0,-0.5562340231529699,0.0,-0.01451166441269542,1.0526713658520723,0,-0.7655678270332785,-0.8102427462111627,0.12838915571849938,-1.0150918929746795,0,0,1,0
72000.0,0.12463889218621166,0.0,-0.014500923729921091,0.20043694744952617,0,0.23542985279195897,-0.32036319269464486,0.12838915571849938,-0.30619249850394636,0,0,1,0
122000.0,0.9391410712835503,1.0,-0.014500923729921091,-0.012621657151110341,0,1.4443642487161585,1.61783723340406,0.12838915571849938,0.8558122807230648,1,0,0,0
26500.0,-0.14261963533010258,1.0,-0.01451166441269542,-0.4387388663523834,0,-0.7365534015310977,-1.3420330208418312,-0.9497616223813684,-0.9226367542949103,0,0,1,0
68000.0,0.6846091403156319,1.0,-0.014479442364372434,0.20043694744952617,0,-0.27232259349620497,-0.5122794054175007,0.12838915571849938,0.17671313981439438,0,0,1,0
22500.0,2.0845347606391824,0.0,-0.014543886461018406,2.3310229934558913,0,0.12662575715878097,-0.9345511308118133,0.12838915571849938,-0.7674136132819462,0,0,1,0
22500.0,2.0845347606391824,0.0,-0.014543886461018406,2.3310229934558913,0,0.12662575715878097,-0.9345511308118133,0.12838915571849938,-0.7674136132819462,0,0,1,0
31000.0,-1.3492282540835194,0.0,-0.01451166441269542,-0.8648560755536564,0,-0.6059884867712841,-1.100277399583882,-1.164846784639172,-0.8655644301354135,1,0,0,0
38500.0,0.6591559472188401,0.0,-0.01451166441269542,0.6265541566507993,0,-0.38838029550492814,-0.5122794054175007,0.12838915571849938,-0.6222774354233112,0,0,1,0
75000.0,1.4991113194129706,0.0,-0.014404257584952129,2.544081598056528,0,-0.7800750397843689,-0.6808932935519518,0.43632286632090406,-0.039647928634979034,1,0,0,0
85000.0,-0.5956864724529972,0.0,-0.014500923729921091,-0.8648560755536564,0,0.5497527957322509,-0.14125162852066492,0.43632286632090406,0.3019869901252007,0,0,0,1
36500.0,0.6846091403156319,0.0,-0.01451166441269542,0.8396127612514358,0,-0.44640914650928976,-0.32036319269464486,-0.9346187243669639,-0.677508791536798,0,0,1,0
34000.0,-1.3478283284631958,0.0,-0.01451166441269542,1.6918471796539818,0,-0.5189452102647417,-0.32036319269464486,0.12838915571849938,-0.21518594876585154,1,0,0,0
44000.0,1.5245645125097624,0.0,-0.01451166441269542,-0.22568026175174685,0,-0.22880095524293378,-0.32036319269464486,0.12838915571849938,-0.677508791536798,0,0,1,0
123456.0,2.008175181348807,0.0,-0.01324426384532459,0.8396127612514358,0,-1.3598257214528224,-0.9345511308118133,-0.16392578415542897,-0.780935708983995,0,0,1,0
180000.0,-0.4735111455883964,1.0,-0.014436479633275117,-0.4387388663523834,0,0.6706462353246709,0.7168979404301677,0.43632286632090406,2.0219420983661056,0,1,0,0
15000.0,0.8755080885415707,1.0,-0.014479442364372434,2.117964388855255,0,-1.233425438255944,1.61783723340406,-0.9497616223813684,0.21854167950849016,0,0,1,0
37000.0,0.5446165782832769,0.0,-0.01451166441269542,-0.8648560755536564,0,-0.43190193375819935,-0.14125162852066492,0.12838915571849938,-0.7832110935323148,0,0,1,0
50000.0,1.8300028296712643,1.0,-0.014468701681598103,1.6918471796539818,0,-0.6994794133894222,1.61783723340406,0.12838915571849938,0.8267724449304006,1,0,0,0
52000.0,0.6209761575736524,1.0,-0.014490183047146762,-1.077914680154293,0,-0.4277570158293164,-0.8102427462111627,0.12838915571849938,-0.6547550895783869,1,0,0,0
41000.0,-1.3488719093801642,0.0,-0.01451166441269542,1.6918471796539818,0,-0.3158442317494762,-0.32036319269464486,-0.9346187243669639,-0.30619249850394636,1,0,0,0
62000.0,0.5191633851864851,0.0,-0.014490183047146762,-0.6517974709530199,0,-0.22051111938516788,-1.1207048028851228,-1.164846784639172,-0.27595943853272237,1,0,0,0
56500.0,1.422751740122595,1.0,-0.014500923729921091,0.20043694744952617,0,-0.1393398099445431,-0.7107256994550611,0.43632286632090406,-0.3501135696059757,0,0,1,0
97000.0,0.671882543767236,1.0,-0.014479442364372434,-0.22568026175174685,0,0.253563868730822,-0.32036319269464486,0.43632286632090406,0.27267559763416027,1,0,0,0
41800.0,0.1500920852830035,0.0,-0.01451166441269542,-0.8648560755536564,0,-0.2926326913477315,-0.9345511308118133,0.12838915571849938,-0.7674136132819462,0,0,1,0
33500.0,0.9391410712835503,0.0,-0.014500923729921091,0.4134955520501627,0,-0.695449632069675,-0.7092948551838962,0.12838915571849938,-0.7386518926384681,0,0,1,0
39500.0,-0.11716644223331074,0.0,-0.01451166441269542,-1.077914680154293,0,-0.3593658700027474,-1.1381312347207264,0.12838915571849938,-1.0704429421355213,0,0,1,0
20000.0,1.8300028296712643,0.0,-0.014479442364372434,0.4134955520501627,0,-1.1427553585616288,-1.3420330208418312,0.645607861430407,-0.9226367542949103,1,0,0,0
65000.0,0.3409910335089422,1.0,-0.014490183047146762,0.20043694744952617,0,-0.1583373504519232,1.2004690324034661,0.12838915571849938,-0.15928108389642115,0,0,1,0
55000.0,0.6464293506704443,1.0,-0.014490183047146762,-0.22568026175174685,0,-0.36558324689607186,-0.24807192448694768,-0.9497616223813684,-0.318855491726885,0,0,1,0
34999.0,0.8755080885415707,1.0,0.007055626598157329,1.0526713658520723,0,-1.5029133825595773,-0.6773632585629926,0.43632286632090406,-0.825035192159459,0,0,1,0
63000.0,1.4100251435741993,1.0,-0.014490183047146762,0.4134955520501627,0,-0.19978652974075298,1.2004690324034661,0.12838915571849938,-0.15928108389642115,0,0,1,0
85000.0,-0.5956864724529972,0.0,-0.014500923729921091,-0.8648560755536564,0,0.5497527957322509,-0.14125162852066492,0.43632286632090406,0.3019869901252007,0,0,0,1
38500.0,-1.350208202017746,0.0,-0.014522405095469749,0.20043694744952617,0,-0.109116450046438,-0.9345511308118133,-0.9346187243669639,-0.7674136132819462,0,0,1,0
41500.0,-1.0589345868146085,0.0,-0.014522405095469749,-1.077914680154293,0,-0.00031235441326001273,-0.8102427462111627,-0.9346187243669639,-0.8015849257249965,0,0,1,0
26000.0,0.29008464731535855,0.0,-0.014522405095469749,0.8396127612514358,0,-0.562466848518013,-0.7092948551838962,-0.9346187243669639,-1.010698904618347,0,0,1,0
42500.0,-1.0207547971694209,0.0,-0.014522405095469749,-1.077914680154293,0,0.035955677464465985,-0.8102427462111627,0.12838915571849938,-0.8015849257249965,0,0,1,0
74500.0,-0.982575007524233,1.0,-0.014468701681598103,-0.8648560755536564,0,-0.3045608440541837,0.056054044997550484,0.12838915571849938,-0.047010750159982906,0,0,1,0
18500.0,1.9572687951552235,0.0,-0.01451166441269542,2.117964388855255,0,-0.9686688055485441,-0.9345511308118133,-0.9346187243669639,-0.6861294929918105,1,0,0,0
51000.0,0.7227889299608197,0.0,-0.014490183047146762,-0.012621657151110341,0,-0.4484816054737313,-0.6696563497873814,0.12838915571849938,-0.42529043165010694,0,0,1,0
54000.0,0.6337027541220484,0.0,-0.01451166441269542,0.6265541566507993,0,0.06134329977887418,0.7168979404301677,0.12838915571849938,-0.4247585554475627,0,0,1,0
24000.0,-1.3493300668559065,0.0,-0.01451166441269542,0.4134955520501627,0,-0.8090894652865497,-1.1207048028851228,-1.164846784639172,-1.059115524404746,1,0,0,0
47500.0,0.49371019208969324,0.0,-0.014490183047146762,0.20043694744952617,0,-0.5210176692291832,-0.9345511308118133,0.12838915571849938,-0.6861294929918105,0,0,1,0
91000.0,-0.16807282842689442,0.0,0.007141552060351961,-0.6517974709530199,0,-1.4989034835716983,-0.5122794054175007,0.43632286632090406,0.17671313981439438,0,0,0,1
45000.0,-0.015353669846143416,0.0,-0.01451166441269542,-0.4387388663523834,0,-0.19978652974075298,-0.8194871463930152,0.12838915571849938,0.08035473480485336,0,0,1,0
75000.0,0.073732505992628,1.0,-0.014468701681598103,-0.22568026175174685,0,-0.2965012814146889,0.056054044997550484,0.43632286632090406,0.06237714395346962,0,0,1,0
112000.0,-0.3462451801044372,0.0,-0.014479442364372434,-0.4387388663523834,0,0.5255741078137669,1.61783723340406,-0.9346187243669639,0.6780518647784939,0,0,1,0
80000.0,0.29008464731535855,1.0,-0.014468701681598103,-0.8648560755536564,0,-0.21590565501974235,-0.24807192448694768,0.43632286632090406,-0.318855491726885,0,0,1,0
38000.0,1.1682198091546767,1.0,-0.014490183047146762,1.0526713658520723,0,-0.7179012708511243,0.4662159903578188,0.12838915571849938,-0.7268446043020073,0,0,1,0
33000.0,0.7355155265092156,0.0,-0.01451166441269542,0.6265541566507993,0,-0.5479596357669225,-1.1207048028851228,0.12838915571849938,-0.7548560497482442,0,0,1,0
80000.0,1.1682198091546767,0.0,-0.014447220316049445,0.8396127612514358,0,-0.45036565907776893,2.6714025272308954,0.43632286632090406,0.9420616080322042,1,0,0,0
37000.0,0.7227889299608197,1.0,-0.014490183047146762,0.20043694744952617,0,-0.7386258604955392,-0.14125162852066492,0.12838915571849938,-0.5462100495552455,0,0,1,0
24500.0,0.5191633851864851,0.0,-0.014500923729921091,1.4787885750533454,0,-0.9130578233360308,-0.8102427462111627,0.12838915571849938,-0.599331507536703,0,0,1,0
36000.0,0.8755080885415707,0.0,-0.01451166441269542,1.0526713658520723,0,-0.46091635926038016,-0.32036319269464486,0.12838915571849938,-0.8053813672353819,0,0,1,0
26500.0,1.2573059849934483,0.0,-0.01451166441269542,1.6918471796539818,0,-0.7365534015310977,0.4662159903578188,-0.9346187243669639,-0.4037312721336151,0,0,1,0
36000.0,-0.2876901093852676,0.0,-0.014522405095469749,-0.012621657151110341,0,-0.19978652974075298,-1.1207048028851228,-0.9346187243669639,-0.8428143786987349,0,0,1,0
45000.0,0.5573431748316728,1.0,-0.014468701681598103,1.6918471796539818,0,-0.7800750397843689,1.61783723340406,0.12838915571849938,0.8558122807230648,0,0,1,0
38000.0,1.1682198091546767,0.0,-0.014447220316049445,1.4787885750533454,0,-1.0042774186648569,-0.32036319269464486,0.12838915571849938,0.27267559763416027,0,0,1,0
29500.0,-1.3492282540835194,0.0,-0.014522405095469749,0.20043694744952617,0,-0.43552873694597194,-1.100277399583882,-0.9346187243669639,-0.8241565621241418,0,0,1,0
15000.0,-1.3502336552108427,0.0,-0.014500923729921091,-0.22568026175174685,0,-1.1427553585616288,-0.6696563497873814,-0.9346187243669639,-0.6774786390296003,0,0,1,0
28500.0,-1.3494827860144873,0.0,-0.01451166441269542,1.4787885750533454,0,-0.6785245505267361,-0.32036319269464486,-0.9497616223813684,-0.677508791536798,0,0,1,0
43000.0,-0.078986652588123,0.0,-0.014500923729921091,0.6265541566507993,0,-0.4657520968440769,-0.32036319269464486,-0.9346187243669639,0.3028550113639118,0,0,1,0
38800.0,-1.3504627339487139,0.0,-0.014522405095469749,-0.4387388663523834,0,-0.09823604048312021,-1.100277399583882,0.12838915571849938,-0.8241565621241418,0,0,1,0
115000.0,-0.689863286911127,1.0,-0.014479442364372434,-0.6517974709530199,0,0.5799761556303559,1.61783723340406,0.12838915571849938,0.6780518647784939,0,0,1,0
26800.0,-1.3499918498764232,0.0,-0.01451166441269542,1.4787885750533454,0,-0.7278490738804435,-0.9345511308118133,0.12838915571849938,-0.780935708983995,0,0,1,0
65000.0,0.8118751057995911,0.0,-0.012266861712860646,0.8396127612514358,0,-1.4613717133752964,1.61783723340406,0.12838915571849938,0.4451786460753563,0,0,1,0
49500.0,0.04827931289583617,0.0,-0.014468701681598103,-0.6517974709530199,0,-0.7075389760289169,-1.1207048028851228,0.12838915571849938,-0.27595943853272237,1,0,0,0
140000.0,-0.7789494627498984,1.0,-0.014468701681598103,-0.8648560755536564,0,0.7512418617196175,0.7168979404301677,0.43632286632090406,0.3604595735481716,0,0,1,0
31000.0,-1.3487191902215836,1.0,-0.01451166441269542,1.2657299704527087,0,-0.6059884867712841,-0.8102427462111627,-0.9346187243669639,-0.9936241708913143,1,0,0,0
68000.0,0.44280380589610957,1.0,-0.014436479633275117,1.0526713658520723,0,-0.6833602881104329,1.61783723340406,0.12838915571849938,0.8558122807230648,0,0,1,0
53000.0,-0.7534962696531066,0.0,-0.01451166441269542,-0.4387388663523834,0,0.032328874276693384,-0.5122794054175007,-0.9497616223813684,-0.6222774354233112,0,0,1,0
40500.0,-0.6007771110723555,0.0,-0.014522405095469749,-1.077914680154293,0,-0.036580386290986006,-0.5122794054175007,-0.9497616223813684,-0.6599620002908548,0,0,1,0
44500.0,2.211800726123142,0.0,-0.014457960998823774,1.6918471796539818,0,-0.8598647099153661,-0.5122794054175007,0.43632286632090406,0.17671313981439438,1,0,0,0
19500.0,1.702736864187305,0.0,-0.014522405095469749,2.544081598056528,0,-0.7982090557232319,-0.8102427462111627,-0.9346187243669639,-1.1293455143355524,0,0,1,0
58000.0,-1.3487191902215836,0.0,-0.01451166441269542,0.20043694744952617,0,0.17740100178759738,-0.32036319269464486,-0.9497616223813684,-0.27162723695701885,1,0,0,0
30000.0,-1.3488464561870674,0.0,-0.014490183047146762,2.117964388855255,0,-0.8836979880064433,1.2004690324034661,-0.9346187243669639,-0.5194584646810648,0,0,1,0
36000.0,0.990047457477134,1.0,-0.014522405095469749,0.8396127612514358,0,-0.19978652974075298,-0.9345511308118133,0.12838915571849938,-0.5317936450092879,0,0,1,0
52000.0,-0.22025187427531767,0.0,-0.01451166441269542,-0.6517974709530199,0,0.0033144487745125867,-0.5122794054175007,-0.9346187243669639,-0.6222774354233112,0,0,1,0
56000.0,-1.3496100519799712,0.0,-0.01451166441269542,-0.4387388663523834,0,0.11937215078323578,-1.1381312347207264,0.43632286632090406,-0.5443922507298501,1,0,0,0
120000.0,0.25190485767017085,1.0,-0.014468701681598103,-0.012621657151110341,0,0.428859356139831,1.61783723340406,0.12838915571849938,0.03888883429839562,0,0,1,0
34500.0,-1.3493300668559065,0.0,-0.014500923729921091,-0.6517974709530199,0,-0.6712709441511909,-1.1381312347207264,-1.164846784639172,-0.905686472068768,1,0,0,0
54500.0,0.2773580507669626,0.0,-0.014500923729921091,-0.4387388663523834,0,-0.1876971857815109,-0.9345511308118133,0.12838915571849938,-0.6861294929918105,1,0,0,0
55000.0,0.09918569908941983,0.0,-0.014490183047146762,0.6265541566507993,0,-0.36558324689607186,0.7168979404301677,0.12838915571849938,-0.5254071569925362,0,0,1,0
37500.0,-1.1225675695565882,0.0,-0.014522405095469749,-1.077914680154293,0,-0.145384481924164,0.5199635555482692,-0.9346187243669639,-0.8675563045576368,0,0,1,0
40000.0,-0.29533879391085355,0.0,-0.014522405095469749,-0.6517974709530199,0,-0.054714402229849,-0.14125162852066492,0.12838915571849938,-0.7832110935323148,0,0,1,0
55000.0,-0.4607845490400005,0.0,-0.01451166441269542,-0.6517974709530199,0,0.09035772528105497,-0.8102427462111627,-1.164846784639172,-0.6547550895783869,1,0,0,0
35000.0,-0.3055200711495703,0.0,-0.01451166441269542,-0.012621657151110341,0,-0.48993078476256097,-1.100277399583882,-0.9497616223813684,-0.8250155579687256,1,0,0,0
34000.0,2.46633265709106,1.0,-0.014490183047146762,0.4134955520501627,0,-0.8007996294287838,-0.07526237887860447,0.12838915571849938,-0.19803040055061802,0,0,1,0
39800.0,-1.349864583910939,1.0,-0.014522405095469749,-0.012621657151110341,0,-0.061968008605394205,-0.07526237887860447,-0.9346187243669639,-0.5744530777639784,0,0,1,0
28000.0,-0.015353669846143416,1.0,-0.014522405095469749,1.2657299704527087,0,-0.48993078476256097,-1.100277399583882,-0.9346187243669639,-0.7007311306266601,0,0,1,0
59000.0,0.20099847147658714,1.0,-0.014490183047146762,-0.22568026175174685,0,-0.2826848883184123,-0.8102427462111627,0.12838915571849938,-0.1688273628391848,0,0,1,0
66000.0,0.5064367886380892,0.0,-0.01451166441269542,0.20043694744952617,0,0.4095164058050437,1.61783723340406,-0.9346187243669639,0.4451786460753563,1,0,0,0
58000.0,-0.3246099659721642,0.0,-0.014522405095469749,-0.8648560755536564,0,0.5981101715692189,-0.32036319269464486,0.12838915571849938,-0.677508791536798,0,0,1,0
33000.0,2.211800726123142,0.0,-0.014500923729921091,0.8396127612514358,0,-0.7075389760289169,-0.9345511308118133,-0.9497616223813684,-0.5317936450092879,0,0,1,0
58000.0,-0.677136690362731,0.0,-0.01451166441269542,-0.8648560755536564,0,0.17740100178759738,-0.32036319269464486,0.12838915571849938,-0.677508791536798,0,0,1,0
35000.0,-1.349864583910939,1.0,-0.014490183047146762,1.4787885750533454,0,-0.7800750397843689,-0.8102427462111627,0.12838915571849938,-0.1688273628391848,0,0,1,0
36500.0,1.9572687951552235,0.0,-0.01451166441269542,-0.012621657151110341,0,-0.44640914650928976,-0.07526237887860447,-0.9346187243669639,-0.5744530777639784,0,0,1,0
47800.0,0.3282644369605463,0.0,-0.014490183047146762,-0.6517974709530199,0,-0.5148002923358588,-0.9345511308118133,0.12838915571849938,-0.6861294929918105,0,0,1,0
36000.0,0.8500548954447789,1.0,-0.014490183047146762,0.6265541566507993,0,-0.7593504501399541,-0.8102427462111627,0.12838915571849938,-0.6123936341522249,0,0,1,0
83000.0,-1.1225675695565882,1.0,-0.014468701681598103,-1.077914680154293,0,-0.16754827918277426,-0.24807192448694768,0.12838915571849938,-0.06255448449054674,0,0,1,0
72000.0,-0.3462451801044372,1.0,-0.014468701681598103,-0.8648560755536564,0,-0.344858657251657,-0.24807192448694768,-0.9346187243669639,-0.09855050083501002,0,0,1,0
25000.0,2.4281528674458723,0.0,-0.013297967259196236,0.8396127612514358,0,-1.4747000571035278,-1.1207048028851228,-0.9346187243669639,-1.003686693642153,0,0,1,0
39000.0,-0.5498707248787719,0.0,-0.014522405095469749,-0.6517974709530199,0,-0.090982434107575,-0.14125162852066492,-0.9346187243669639,-0.7832110935323148,0,0,1,0
49000.0,0.30281124386375446,0.0,-0.014500923729921091,-0.22568026175174685,0,-0.32067996933317294,-0.8102427462111627,-0.9346187243669639,-0.599331507536703,1,0,0,0
155000.0,-0.8934888316854617,0.0,-0.014479442364372434,0.4134955520501627,0,1.3053367931848758,0.5199635555482692,0.645607861430407,0.8363390425449689,1,0,0,0
20800.0,-1.3492409806800678,0.0,-0.014522405095469749,2.3310229934558913,0,-0.7510606142821882,-1.1207048028851228,-0.9346187243669639,-0.8428143786987349,0,0,1,0
26000.0,1.5754708987033461,0.0,-0.014500923729921091,1.9049057842546184,0,-0.8767897914583049,-1.1207048028851228,-1.164846784639172,-0.6199086206554122,1,0,0,0
52000.0,0.6464293506704443,1.0,-0.014500923729921091,0.4134955520501627,0,-0.24814390557772106,-0.6808932935519518,-0.9346187243669639,-0.602167493145275,0,0,1,0
23000.0,2.4281528674458723,0.0,-0.01451166441269542,0.4134955520501627,0,-0.8381038907887305,-0.9345511308118133,0.12838915571849938,-0.780935708983995,0,0,1,0
18900.0,0.43007720934771365,0.0,-0.01451166441269542,0.8396127612514358,0,-0.9570630353476718,-0.7092948551838962,-0.9497616223813684,-0.17598529481347577,0,0,1,0
55000.0,-0.2444324077172699,0.0,-0.01451166441269542,-0.6517974709530199,0,0.09035772528105497,-0.5122794054175007,-0.9497616223813684,-0.6222774354233112,0,0,1,0
36500.0,2.339066691607101,0.0,-0.014500923729921091,1.2657299704527087,0,-0.622913568314223,-0.6808932935519518,0.43632286632090406,-0.602167493145275,1,0,0,0
44000.0,0.6464293506704443,0.0,-0.014522405095469749,-0.012621657151110341,0,0.09035772528105497,-0.32036319269464486,-0.9346187243669639,-0.677508791536798,0,0,1,0
33500.0,-0.9443952178790452,1.0,-0.014522405095469749,-1.077914680154293,0,-0.29045660943506796,0.5199635555482692,0.12838915571849938,-0.8675563045576368,0,0,1,0
53000.0,1.4736581263161788,1.0,-0.014436479633275117,1.0526713658520723,0,-0.8647004474990628,-0.5122794054175007,0.43632286632090406,-0.4040257849946152,1,0,0,0
33500.0,-0.9443952178790452,1.0,-0.014522405095469749,-1.077914680154293,0,-0.29045660943506796,0.5199635555482692,0.12838915571849938,-0.8675563045576368,0,0,1,0
58500.0,1.117313422961093,0.0,-0.01451166441269542,0.4134955520501627,0,0.19190821453868775,-0.6808932935519518,0.43632286632090406,-0.2790448113622479,1,0,0,0
73000.0,-1.3516208542346178,1.0,-0.014500923729921091,-0.22568026175174685,0,0.25960854071044287,-0.32372425172264196,0.12838915571849938,-0.557862186594303,1,0,0,0
26000.0,-1.3482101263596478,1.0,-0.014522405095469749,0.6265541566507993,0,-0.562466848518013,-0.14125162852066492,-0.9346187243669639,-0.5731003542552597,0,0,1,0
185000.0,-0.5498707248787719,1.0,-0.014457960998823774,-0.8648560755536564,0,1.178398681612835,1.2004690324034661,0.12838915571849938,-0.15928108389642115,0,0,0,1
50000.0,0.43007720934771365,1.0,-0.014468701681598103,1.0526713658520723,0,-0.6994794133894222,-0.32036319269464486,0.12838915571849938,-0.6375982827868089,0,0,1,0
27000.0,0.6973357368640278,1.0,-0.01451166441269542,1.2657299704527087,0,-0.7220461887800074,-1.1207048028851228,-0.9346187243669639,-0.8428143786987349,0,0,1,0
31999.0,0.43007720934771365,0.0,-0.014522405095469749,0.20043694744952617,0,-0.3448949252835347,-0.5122794054175007,0.12838915571849938,-0.6599620002908548,0,0,1,0
87000.0,-0.23170581116887398,1.0,-0.012180936250666014,-0.22568026175174685,0,-1.4485830868278589,0.7168979404301677,-0.9346187243669639,0.19596236016514493,0,0,1,0
43000.0,-0.1553462318784985,0.0,-0.014329072805531825,-0.6517974709530199,0,-1.221885609931213,-0.8102427462111627,0.12838915571849938,-0.6547550895783869,1,0,0,0
55000.0,-0.16807282842689442,0.0,-0.01451166441269542,-0.4387388663523834,0,0.09035772528105497,-0.5122794054175007,-0.9346187243669639,-0.6222774354233112,0,0,1,0
44500.0,0.03555271634744025,0.0,0.0808978206716696,-0.22568026175174685,0,-1.5047093373665401,-1.1207048028851228,0.12838915571849938,-0.6199086206554122,1,0,0,0
45500.0,0.44280380589610957,0.0,-0.01451166441269542,-0.8648560755536564,0,-0.1852793169896626,-0.5122794054175007,0.12838915571849938,-0.6222774354233112,0,0,1,0
33000.0,-0.48114710351743395,0.0,-0.014522405095469749,-0.6517974709530199,0,-0.30859062537393095,0.5199635555482692,-0.9346187243669639,-0.8675563045576368,0,0,1,0
40500.0,-0.7153164800079188,0.0,-0.014522405095469749,-1.077914680154293,0,-0.036580386290986006,-0.5122794054175007,-0.9497616223813684,-0.6599620002908548,0,0,1,0
26500.0,-1.3496100519799712,0.0,-0.014554627143792737,0.4134955520501627,0,2.3389757017000665,-0.8102427462111627,-0.9497616223813684,-0.8015849257249965,0,0,1,0
33000.0,-0.48114710351743395,0.0,-0.014522405095469749,-0.6517974709530199,0,-0.30859062537393095,0.5199635555482692,-0.9346187243669639,-0.8675563045576368,0,0,1,0
62000.0,-0.04080686294293525,1.0,-0.014468701681598103,-0.22568026175174685,0,-0.5060499100415503,0.056054044997550484,0.43632286632090406,0.06237714395346962,0,0,1,0
57000.0,0.8373282988963829,0.0,-0.014490183047146762,-0.4387388663523834,0,-0.32413406760724206,-0.9345511308118133,-1.164846784639172,-0.3014371384128946,1,0,0,0
65000.0,0.5446165782832769,1.0,-0.014500923729921091,-0.22568026175174685,0,0.06617903736257107,-0.8102427462111627,-0.9346187243669639,-0.1688273628391848,0,0,1,0
63000.0,0.977320860928738,1.0,-0.014468701681598103,1.0526713658520723,0,-0.48993078476256097,1.61783723340406,0.12838915571849938,0.8558122807230648,0,0,1,0
69500.0,0.3918974197025259,0.0,-0.014500923729921091,-0.6517974709530199,0,0.17498313299574905,-0.32036319269464486,-0.9346187243669639,0.3028550113639118,0,0,1,0
75000.0,0.30281124386375446,1.0,-0.014414998267726459,1.4787885750533454,0,-0.7282635656733318,1.61783723340406,0.12838915571849938,0.8267724449304006,1,0,0,0
32000.0,0.36644422660573406,0.0,-0.014500923729921091,0.20043694744952617,0,-0.731717663947401,-1.1207048028851228,-0.9346187243669639,-0.829456299716328,0,0,1,0
59000.0,2.421789569171674,0.0,-0.014457960998823774,2.3310229934558913,0,-0.6495101250245553,0.5199635555482692,0.645607861430407,0.8363390425449689,1,0,0,0
95000.0,-0.7153164800079188,0.0,-0.014500923729921091,-1.077914680154293,0,0.791539674917091,-0.32036319269464486,-0.9346187243669639,0.3028550113639118,0,0,1,0
95000.0,-0.7153164800079188,0.0,-0.014500923729921091,-1.077914680154293,0,0.791539674917091,-0.32036319269464486,-0.9346187243669639,0.3028550113639118,0,0,1,0
29000.0,1.5754708987033461,0.0,-0.014500923729921091,1.4787885750533454,0,-0.804253727702853,-0.8102427462111627,0.12838915571849938,-0.599331507536703,1,0,0,0
22000.0,2.3772464812522887,0.0,-0.01451166441269542,0.6265541566507993,0,-0.8671183162909113,-0.9345511308118133,-0.9346187243669639,-0.780935708983995,0,0,1,0
37500.0,1.0409538436707175,0.0,-0.01451166441269542,-0.6517974709530199,0,-0.41739472100710895,-0.7107256994550611,-0.9346187243669639,-0.7430231774662824,0,0,1,0
48000.0,-0.7534962696531066,0.0,-0.01451166441269542,-0.4387388663523834,0,-0.1127432532342106,-1.1207048028851228,-0.9497616223813684,-0.8428143786987349,1,0,0,0
28500.0,1.1682198091546767,0.0,-0.014522405095469749,1.6918471796539818,0,-0.471796768823698,-1.100277399583882,-0.9346187243669639,-0.7007311306266601,0,0,1,0
72000.0,0.3282644369605463,1.0,-0.014457960998823774,1.2657299704527087,0,-0.46091635926038016,0.7168979404301677,0.12838915571849938,-0.16727016840171285,0,0,1,0
78500.0,1.448204933219387,1.0,-0.014457960998823774,0.6265541566507993,0,-0.36661947637829256,1.2004690324034661,0.12838915571849938,0.6237072297129891,1,0,0,0
43500.0,0.5573431748316728,0.0,-0.014522405095469749,-0.6517974709530199,0,0.07222370934219198,-0.8102427462111627,-0.9497616223813684,-0.6547550895783869,1,0,0,0
36500.0,0.6846091403156319,0.0,-0.01451166441269542,0.8396127612514358,0,-0.44640914650928976,-0.32036319269464486,-0.9346187243669639,-0.677508791536798,0,0,1,0
52500.0,-1.3478283284631958,0.0,-0.014500923729921091,1.0526713658520723,0,-0.236054561618479,1.2004690324034661,0.12838915571849938,-0.15928108389642115,1,0,0,0
31000.0,2.46633265709106,0.0,-0.01451166441269542,0.8396127612514358,0,-0.6059884867712841,-0.7092948551838962,-0.9346187243669639,-0.8413773835798454,1,0,0,0
25000.0,1.5754708987033461,0.0,0.007098589329254645,0.20043694744952617,0,-1.5036375597445544,-0.8194871463930152,-0.9497616223813684,-0.4247585554475627,0,0,1,0
29200.0,-1.3459575187705817,0.0,-0.014479442364372434,1.6918471796539818,0,-0.9759224119240892,-1.1207048028851228,0.12838915571849938,-0.8445406698646618,1,0,0,0
39000.0,0.9293415919412854,0.0,-0.014490183047146762,0.20043694744952617,0,-0.6971766812067095,-1.1207048028851228,-1.164846784639172,-0.746478795035351,1,0,0,0
35000.0,1.0664070367675094,0.0,-0.01451166441269542,-0.6517974709530199,0,-0.48993078476256097,-0.7107256994550611,-0.9346187243669639,-0.7430231774662824,0,0,1,0
75000.0,0.671882543767236,1.0,-0.014457960998823774,1.6918471796539818,0,-0.41739472100710895,1.61783723340406,0.12838915571849938,0.8267724449304006,1,0,0,0
52000.0,-0.14261963533010258,0.0,-0.014522405095469749,-0.4387388663523834,0,0.3805019803028629,-0.9345511308118133,0.12838915571849938,-0.7674136132819462,1,0,0,0
84000.0,-0.677136690362731,1.0,-0.014500923729921091,-0.4387388663523834,0,0.5255741078137669,0.7168979404301677,0.12838915571849938,-0.4247585554475627,0,0,1,0
28000.0,1.56274430215495,1.0,-0.014490183047146762,1.2657299704527087,0,-0.9251471672952729,-0.8102427462111627,0.12838915571849938,-0.6123936341522249,0,0,1,0
29000.0,1.3845719504774074,1.0,-0.014468701681598103,1.6918471796539818,0,-1.0379810442481983,-0.1174694926053072,0.12838915571849938,-0.9428207023687876,0,0,1,0
80000.0,-0.9062154282338575,1.0,-0.014468701681598103,-0.8648560755536564,0,-0.21590565501974235,-0.24807192448694768,-0.9346187243669639,-0.318855491726885,0,0,1,0
155000.0,0.977320860928738,1.0,-0.014447220316049445,-0.012621657151110341,0,0.5387624830420308,-0.7092948551838962,0.645607861430407,0.36808876559412446,1,0,0,0
44000.0,1.130040019509489,1.0,-0.014457960998823774,2.544081598056528,0,-0.8671183162909113,1.61783723340406,0.12838915571849938,0.8267724449304006,0,0,1,0
52000.0,0.30281124386375446,0.0,-0.01451166441269542,-0.4387388663523834,0,0.0033144487745125867,-0.5122794054175007,-0.9346187243669639,-0.6222774354233112,0,0,1,0
65000.0,-0.8044026558466902,1.0,-0.014479442364372434,-0.012621657151110341,0,-0.326724641312794,-0.6696563497873814,0.43632286632090406,-0.6774786390296003,1,0,0,0
144000.0,0.7991485092511952,1.0,-0.014447220316049445,-0.012621657151110341,0,0.3936903555311268,-0.7092948551838962,0.645607861430407,0.36808876559412446,1,0,0,0
98000.0,0.671882543767236,1.0,-0.014490183047146762,-0.8648560755536564,0,0.5255741078137669,-0.8102427462111627,0.43632286632090406,-0.1688273628391848,1,0,0,0
27500.0,1.5372911090581582,0.0,-0.014490183047146762,1.6918471796539818,0,-0.9355094621174803,-0.9345511308118133,-0.9346187243669639,-0.6861294929918105,0,0,1,0
27000.0,-1.3486810104319384,0.0,-0.01451166441269542,0.6265541566507993,0,-0.7220461887800074,-0.14125162852066492,-0.9497616223813684,-0.7832110935323148,0,0,1,0
61000.0,-0.6516834972659392,1.0,-0.014490183047146762,-0.6517974709530199,0,-0.24123570902958277,0.3664142374090258,0.12838915571849938,-0.3903636606093302,0,0,1,0
89000.0,-0.3971515662980209,1.0,-0.014500923729921091,-1.077914680154293,0,0.646467547406187,-0.5122794054175007,-0.9346187243669639,0.17671313981439438,0,0,1,0
106998.0,0.3282644369605463,1.0,-0.014490183047146762,-0.4387388663523834,0,0.7120539654342116,1.2004690324034661,0.12838915571849938,0.19034698161540864,0,0,1,0
117000.0,-0.9443952178790452,0.0,-0.014479442364372434,0.8396127612514358,0,0.616244187508082,0.7168979404301677,-0.9497616223813684,0.5762839065925054,1,0,0,0
28900.0,-1.135294166104984,0.0,-0.01451166441269542,-0.4387388663523834,0,-0.6669187803258638,-0.14125162852066492,-0.9346187243669639,-0.7832110935323148,0,0,1,0
26500.0,-1.3495464189972293,1.0,-0.013394633404165197,2.3310229934558913,0,-1.470165848173394,1.61783723340406,-0.9497616223813684,0.4451786460753563,1,0,0,0
40500.0,0.16281868183139941,0.0,-0.01451166441269542,-0.6517974709530199,0,-0.3303514445005666,-0.7107256994550611,-0.9346187243669639,-0.7430231774662824,0,0,1,0
48000.0,2.4154262708974765,1.0,-0.014479442364372434,0.4134955520501627,0,-0.635002912273465,1.4293979033596458,0.43632286632090406,0.2500654635192476,0,0,1,0
220000.0,-1.3401923705341583,1.0,0.007001923184285684,-1.504031889355566,0,-1.4895413207390886,-1.1207048028851228,-0.9497616223813684,-0.27595943853272237,0,0,0,1
38500.0,0.8755080885415707,0.0,-0.01451166441269542,-0.4387388663523834,0,-0.38838029550492814,-0.5122794054175007,-0.9497616223813684,-0.6222774354233112,0,0,1,0
33000.0,-0.43533135594320865,0.0,-0.014522405095469749,-0.4387388663523834,0,-0.30859062537393095,-1.1207048028851228,0.12838915571849938,-0.8428143786987349,0,0,1,0
60000.0,-1.3491009881180354,0.0,-0.014500923729921091,-0.6517974709530199,0,-0.054714402229849,-0.8102427462111627,-0.9497616223813684,-0.44241729846874356,0,0,1,0
44000.0,0.8755080885415707,1.0,-0.014479442364372434,0.20043694744952617,0,-0.7075389760289169,-0.6696563497873814,-0.9346187243669639,-0.42529043165010694,0,0,1,0
26000.0,2.0845347606391824,0.0,-0.014490183047146762,-0.22568026175174685,0,-0.9665963465841027,-0.8194871463930152,-0.9497616223813684,0.08035473480485336,0,0,1,0
39000.0,1.690010267638909,0.0,-0.014468701681598103,-0.012621657151110341,0,-0.8767897914583049,-1.3420330208418312,0.43632286632090406,-0.9226367542949103,1,0,0,0
80000.0,0.44280380589610957,1.0,-0.014436479633275117,0.6265541566507993,0,-0.5382881605995289,-0.14125162852066492,0.43632286632090406,-0.039647928634979034,1,0,0,0
70000.0,0.4809835955412973,1.0,-0.014490183047146762,0.20043694744952617,0,-0.054714402229849,1.2004690324034661,-0.9346187243669639,-0.5194584646810648,0,0,1,0
31998.0,0.8500548954447789,1.0,-0.014479442364372434,0.6265541566507993,0,-0.9251834353271506,-0.958293484507613,0.12838915571849938,-0.7343992367672523,0,0,1,0
42000.0,-0.9571218144274412,0.0,-0.014522405095469749,-1.077914680154293,0,0.017821661525602984,-0.14125162852066492,-0.9346187243669639,-0.7832110935323148,0,0,1,0
54000.0,0.17554527837979533,0.0,-0.01451166441269542,-0.6517974709530199,0,0.06134329977887418,-0.5122794054175007,-0.9346187243669639,-0.6222774354233112,0,0,1,0
56000.0,0.5573431748316728,1.0,-0.014490183047146762,0.20043694744952617,0,-0.344858657251657,1.2004690324034661,-0.9346187243669639,-0.5194584646810648,0,0,1,0
52000.0,-0.16807282842689442,0.0,-0.01451166441269542,-0.8648560755536564,0,0.0033144487745125867,-0.5122794054175007,-0.9346187243669639,-0.6222774354233112,0,0,1,0
38500.0,-1.3503863743694233,0.0,-0.01451166441269542,-1.077914680154293,0,-0.38838029550492814,-0.5122794054175007,-0.9346187243669639,-0.6599620002908548,0,0,1,0
39500.0,-1.0843877799114003,0.0,-0.014522405095469749,-1.077914680154293,0,-0.072848418168712,-0.7107256994550611,-0.9497616223813684,-0.788213532922619,0,0,1,0
79500.0,-0.7280430765563147,0.0,-0.014468701681598103,0.20043694744952617,0,-0.2239652176592369,-0.32372425172264196,-0.9497616223813684,0.048705929665067454,0,0,1,0
89000.0,-0.4607845490400005,1.0,-0.014479442364372434,-0.8648560755536564,0,0.10849174121991798,0.056054044997550484,0.43632286632090406,0.06237714395346962,0,0,1,0
47999.0,1.0155006505739257,0.0,-0.014468701681598103,1.2657299704527087,0,-0.7317337830726799,-0.6773632585629926,0.43632286632090406,-0.3537977852528681,0,0,1,0
49500.0,-1.3497754977351004,0.0,-0.01451166441269542,-0.8648560755536564,0,-0.0692216149809394,-0.14125162852066492,-0.9346187243669639,-0.5731003542552597,0,0,1,0
61000.0,-0.5880505145239596,0.0,-0.014500923729921091,-0.6517974709530199,0,-0.030535714311365095,-0.6696563497873814,-0.9497616223813684,-0.42529043165010694,0,0,1,0
120000.0,0.17554527837979533,1.0,-0.014372035536629142,0.4134955520501627,0,-0.5382881605995289,1.61783723340406,0.12838915571849938,0.8558122807230648,0,0,1,0
32500.0,-1.3492282540835194,0.0,-0.014490183047146762,1.6918471796539818,0,-0.831886513895406,-0.32036319269464486,0.12838915571849938,-0.21518594876585154,0,0,1,0
43500.0,-1.35001730306952,0.0,-0.014522405095469749,-0.012621657151110341,0,0.07222370934219198,-0.32372425172264196,-0.9346187243669639,-0.557862186594303,0,0,1,0
41500.0,-0.3335185835560413,1.0,-0.01451166441269542,1.4787885750533454,0,-0.3013370189983858,-0.9345511308118133,-0.13969362055378792,-0.6703963059436442,1,0,0,0
55000.0,0.49371019208969324,1.0,-0.014490183047146762,-0.012621657151110341,0,-0.36558324689607186,-1.100277399583882,-0.9497616223813684,-0.4848532035135466,0,0,1,0
65000.0,1.702736864187305,1.0,-0.014468701681598103,1.4787885750533454,0,-0.4576925342045822,1.61783723340406,0.12838915571849938,0.8558122807230648,1,0,0,0
67000.0,0.8118751057995911,1.0,-0.014500923729921091,0.20043694744952617,0,0.11453641319953889,0.7168979404301677,-0.9346187243669639,0.3604595735481716,0,0,1,0
74000.0,-1.3513663223036498,1.0,-0.014457960998823774,1.0526713658520723,0,-0.43190193375819935,1.2004690324034661,0.12838915571849938,0.6237072297129891,0,0,1,0
42800.0,-0.20625261807208214,0.0,-0.014500923729921091,-0.6517974709530199,0,-0.4705878344277738,-1.100277399583882,0.12838915571849938,-0.6656981245895941,0,0,1,0
64960.0,0.49371019208969324,0.0,-0.01451166441269542,-0.6517974709530199,0,0.3793414032827757,-1.1207048028851228,-1.164846784639172,-0.6199086206554122,1,0,0,0
40000.0,0.35753560902185694,0.0,-0.01451166441269542,-0.4387388663523834,0,-0.344858657251657,-0.9345511308118133,-0.9346187243669639,-0.7674136132819462,0,0,1,0
50000.0,-1.3498391307178423,1.0,-0.014500923729921091,0.20043694744952617,0,-0.2965012814146889,-0.7107256994550611,0.43632286632090406,-0.3501135696059757,0,0,1,0
129000.0,1.6518304779937216,1.0,-0.014339813488306156,1.0526713658520723,0,-0.61427832262905,2.413559718457235,0.43632286632090406,1.0205983709655788,0,0,1,0
81000.0,-0.29533879391085355,1.0,-0.014479442364372434,-0.6517974709530199,0,-0.036580386290986006,-0.32372425172264196,-0.9346187243669639,-0.38651863159071703,0,0,1,0
20000.0,-1.3516463074277145,0.0,-0.014457960998823774,1.6918471796539818,0,-1.2152914223170808,-0.1174694926053072,-1.164846784639172,-0.6455029569781549,1,0,0,0
15000.0,0.21952839605105162,0.0,-0.014457960998823774,1.9049057842546184,0,-1.287827486072533,-0.1174694926053072,0.645607861430407,-0.6455029569781549,1,0,0,0
57000.0,-1.3494955126110357,1.0,-0.014414998267726459,2.117964388855255,0,-0.9147848724730655,1.61783723340406,0.12838915571849938,-0.37342917110182133,1,0,0,0
70000.0,-0.5625973214271678,1.0,-0.014500923729921091,-0.4387388663523834,0,0.18707247695499088,-0.32372425172264196,-0.9346187243669639,-0.10945838457575663,0,0,1,0
24500.0,0.760955993009459,0.0,-0.014522405095469749,0.8396127612514358,0,-0.616868896334602,-1.1207048028851228,-0.9497616223813684,-0.8428143786987349,0,0,1,0
37000.0,1.1936730022514686,0.0,-0.014468701681598103,-0.22568026175174685,0,-0.9090280420162835,-0.8194871463930152,0.43632286632090406,-0.40505772975802357,0,0,1,0
30000.0,-1.3499154902971326,0.0,-0.01451166441269542,-0.6517974709530199,0,-0.635002912273465,-1.100277399583882,-0.9497616223813684,-0.8655644301354135,1,0,0,0
57000.0,-0.6135037076207515,0.0,-0.01451166441269542,-0.8648560755536564,0,0.14838657628541657,-0.5122794054175007,-0.9497616223813684,-0.6222774354233112,0,0,1,0
37000.0,0.29008464731535855,0.0,-0.014500923729921091,-0.4387388663523834,0,-0.6108242243549808,-1.100277399583882,0.12838915571849938,-0.6656981245895941,0,0,1,0
45000.0,-0.28261219736245763,0.0,-0.01451166441269542,0.20043694744952617,0,-0.19978652974075298,-0.8102427462111627,-0.9497616223813684,-0.44241729846874356,0,0,1,0
66000.0,-1.3505263669314558,1.0,-0.014500923729921091,-0.4387388663523834,0,0.09035772528105497,0.5199635555482692,0.12838915571849938,0.05571814064126158,0,0,1,0
82000.0,-0.078986652588123,0.0,-0.014490183047146762,-0.22568026175174685,0,0.19398067350312917,-0.32036319269464486,0.12838915571849938,-0.21518594876585154,0,0,1,0
70000.0,-0.7153164800079188,1.0,-0.014490183047146762,-0.6517974709530199,0,-0.054714402229849,-0.8102427462111627,0.43632286632090406,-0.1688273628391848,0,0,1,0
25000.0,0.6973357368640278,0.0,-0.014522405095469749,1.2657299704527087,0,-0.598734880395739,-0.8102427462111627,-0.9346187243669639,-1.0665161039888527,0,0,1,0
102000.0,0.7991485092511952,1.0,-0.014479442364372434,0.20043694744952617,0,0.34423394842513694,-0.32036319269464486,0.43632286632090406,0.27267559763416027,1,0,0,0
24000.0,0.8118751057995911,0.0,-0.014522405095469749,1.0526713658520723,0,-0.635002912273465,-1.1207048028851228,-0.9346187243669639,-1.003686693642153,0,0,1,0
24000.0,0.6846091403156319,0.0,-0.014522405095469749,-0.012621657151110341,0,-0.635002912273465,-0.7092948551838962,-0.9497616223813684,-1.010698904618347,0,0,1,0
88000.0,0.49371019208969324,1.0,-0.014479442364372434,-0.22568026175174685,0,0.09035772528105497,-0.5122794054175007,0.12838915571849938,0.17671313981439438,0,0,1,0
77999.0,-1.0971143764597964,0.0,-0.014500923729921091,-1.077914680154293,0,0.38047780161494454,-0.32372425172264196,0.12838915571849938,-0.557862186594303,0,0,1,0
87000.0,0.37917082315413,1.0,-0.013276485893647579,-0.6517974709530199,0,-1.4002583848934835,-0.14125162852066492,0.12838915571849938,0.4692490690211446,1,0,0,0
37500.0,1.448204933219387,1.0,-0.014425738950500788,1.9049057842546184,0,-1.0869583864420505,-0.32036319269464486,0.12838915571849938,0.27267559763416027,0,0,1,0
123654.0,-1.3480192274114218,0.0,-0.014479442364372434,1.4787885750533454,0,0.7369079295652763,-0.32036319269464486,-0.9346187243669639,-0.005745456000475006,1,0,0,0
120000.0,0.6464293506704443,1.0,-0.014447220316049445,-0.012621657151110341,0,0.0771693500527911,1.61783723340406,0.12838915571849938,0.8267724449304006,0,0,1,0
46000.0,1.0155006505739257,0.0,-0.014500923729921091,-0.22568026175174685,0,-0.3932160330886249,0.5199635555482692,0.12838915571849938,-0.6362252624558057,0,0,1,0
39000.0,1.3718453539290114,0.0,-0.014522405095469749,-0.22568026175174685,0,-0.090982434107575,-0.32036319269464486,-0.9346187243669639,-0.677508791536798,0,0,1,0
78000.0,0.36644422660573406,1.0,-0.014490183047146762,-0.012621657151110341,0,0.11108231492546987,1.2004690324034661,0.12838915571849938,-0.15928108389642115,0,0,1,0
72000.0,0.49371019208969324,1.0,-0.014457960998823774,-0.4387388663523834,0,-0.46091635926038016,-1.1207048028851228,0.12838915571849938,-0.09855050083501002,0,0,1,0
20000.0,0.43007720934771365,0.0,-0.01451166441269542,2.117964388855255,0,-0.9251471672952729,-1.1207048028851228,-0.9497616223813684,-0.8428143786987349,0,0,1,0
46000.0,-0.10443984568491482,0.0,-0.014490183047146762,-0.4387388663523834,0,-0.5521045536958055,-0.9345511308118133,0.12838915571849938,-0.6861294929918105,0,0,1,0
50000.0,-0.44805795249160457,0.0,-0.014522405095469749,-0.6517974709530199,0,0.30796591654741096,-0.9345511308118133,0.12838915571849938,-0.7674136132819462,0,0,1,0
119900.0,-1.1607473592017759,1.0,-0.01451166441269542,-1.2909732847549296,0,1.9733939403725886,-0.24807192448694768,0.43632286632090406,0.8419272352921514,0,1,0,0
55000.0,0.8803441952299611,1.0,-0.014447220316049445,1.0526713658520723,0,-0.7800750397843689,-0.14125162852066492,0.43632286632090406,-0.5133227800768949,1,0,0,0
19500.0,2.2754337088651213,1.0,-0.01451166441269542,1.6918471796539818,0,-0.9396543800463633,-0.958293484507613,-0.9346187243669639,-0.7343992367672523,0,0,1,0
55000.0,0.8803441952299611,1.0,-0.014447220316049445,1.0526713658520723,0,-0.7800750397843689,-0.14125162852066492,0.43632286632090406,-0.5133227800768949,1,0,0,0
39000.0,-0.35897177665283314,0.0,-0.01451166441269542,-0.4387388663523834,0,-0.3738730827538378,-0.5122794054175007,0.12838915571849938,-0.6599620002908548,0,0,1,0
39800.0,-0.6007771110723555,1.0,-0.01451166441269542,-1.077914680154293,0,-0.3506615423520931,0.5199635555482692,-0.9346187243669639,-0.8675563045576368,0,0,1,0
55200.0,-1.350373647772875,1.0,-0.014490183047146762,-0.012621657151110341,0,-0.3614383289671889,-0.9345511308118133,-0.9497616223813684,-0.06772482138366047,0,0,1,0
37800.0,1.1936730022514686,0.0,-0.01451166441269542,-0.6517974709530199,0,-0.40869039335645474,-1.1207048028851228,-1.164846784639172,-0.6199086206554122,1,0,0,0
112000.0,-1.3452830091535166,0.0,-0.013104634969258313,-1.504031889355566,0,-1.3859645135063796,0.8002264370753965,-0.9497616223813684,0.556204516117268,1,0,0,0
42000.0,-0.10443984568491482,0.0,-0.01451166441269542,-0.22568026175174685,0,-0.28682980624729537,-1.1207048028851228,-0.9346187243669639,-0.829456299716328,0,0,1,0
28000.0,0.33462773523474426,0.0,-0.01451166441269542,0.6265541566507993,0,-0.6930317632778266,-1.1207048028851228,-0.9497616223813684,-0.8428143786987349,0,0,1,0
33500.0,0.16281868183139941,0.0,-0.014522405095469749,-0.012621657151110341,0,-0.29045660943506796,-1.100277399583882,0.645607861430407,-0.8241565621241418,0,0,1,0
19500.0,2.46633265709106,0.0,-0.01451166441269542,2.3310229934558913,0,-0.9396543800463633,-0.7092948551838962,-0.9346187243669639,-0.8699883990356986,0,0,1,0
39500.0,-0.6135037076207515,0.0,-0.01451166441269542,-0.8648560755536564,0,-0.3593658700027474,-0.14125162852066492,-0.9497616223813684,-0.6934664800553231,0,0,1,0
25900.0,0.022826119799044333,0.0,-0.01451166441269542,1.0526713658520723,0,-0.7539620568324062,-0.8102427462111627,0.12838915571849938,-0.8015849257249965,0,0,1,0
34000.0,1.609832709384015,0.0,-0.01451166441269542,1.0526713658520723,0,-0.5189452102647417,-0.32036319269464486,0.12838915571849938,-0.677508791536798,0,0,1,0
142000.0,-0.9698484109758371,1.0,-0.014479442364372434,-0.22568026175174685,0,1.069594585979657,1.61783723340406,0.12838915571849938,0.8558122807230648,0,0,1,0
32000.0,0.5446165782832769,0.0,-0.014522405095469749,0.4134955520501627,0,-0.344858657251657,-0.5122794054175007,-0.9346187243669639,-0.6599620002908548,0,0,1,0
77500.0,-0.4607845490400005,1.0,-0.014468701681598103,-0.8648560755536564,0,-0.2562034682172156,0.056054044997550484,0.43632286632090406,-0.047010750159982906,0,0,1,0
45000.0,0.11191229563781574,0.0,-0.01451166441269542,-0.22568026175174685,0,-0.19978652974075298,-0.14125162852066492,-0.9346187243669639,-0.5731003542552597,0,0,1,0
48500.0,-0.02808026639453933,0.0,-0.01451166441269542,-0.4387388663523834,0,-0.09823604048312021,-0.14125162852066492,0.12838915571849938,-0.5731003542552597,0,0,1,0
280000.0,-0.7153164800079188,1.0,-0.0143935169021778,-0.4387388663523834,0,1.033326554101931,2.6714025272308954,0.43632286632090406,2.739345221315201,1,0,0,0
43799.0,0.17554527837979533,0.0,-0.014522405095469749,-0.8648560755536564,0,0.08306785087363205,-0.9345511308118133,-0.9497616223813684,-0.7674136132819462,0,0,1,0
35500.0,1.1427666160578849,0.0,-0.01451166441269542,0.4134955520501627,0,-0.47542357201147056,-0.5122794054175007,0.12838915571849938,-0.6222774354233112,0,0,1,0
56000.0,-0.42260475939481273,0.0,-0.014500923729921091,0.20043694744952617,0,-0.15142915390378492,-0.6773632585629926,-0.9497616223813684,-0.2654411220684312,0,0,1,0
65000.0,-0.06626005603972708,0.0,-0.014500923729921091,0.20043694744952617,0,0.06617903736257107,1.4293979033596458,0.645607861430407,0.2500654635192476,0,0,1,0
90000.0,-0.3207919870076454,0.0,-0.014500923729921091,-0.4387388663523834,0,0.6706462353246709,-0.14125162852066492,0.43632286632090406,0.4692490690211446,1,0,0,0
32700.0,0.13736548873460758,0.0,-0.014522405095469749,0.6265541566507993,0,-0.31947103493724877,-1.100277399583882,-0.9346187243669639,-0.7007311306266601,0,0,1,0
165000.0,-1.3500045764729716,1.0,-0.014457960998823774,-0.22568026175174685,0,0.8882544265910268,0.8002264370753965,0.43632286632090406,0.556204516117268,1,0,0,0
37000.0,-1.3497373179454553,0.0,-0.01451166441269542,-0.22568026175174685,0,-0.43190193375819935,-0.14125162852066492,-0.9346187243669639,-0.5731003542552597,0,0,1,0
41500.0,-0.043784886535259894,1.0,-0.01451166441269542,-0.012621657151110341,0,-0.3013370189983858,-0.5122794054175007,-0.9346187243669639,-0.6599620002908548,0,0,1,0
43000.0,0.6273394558478503,0.0,-0.014457960998823774,0.6265541566507993,0,-0.8816255290420018,-0.6696563497873814,0.43632286632090406,-0.5231398754435668,1,0,0,0
45000.0,-1.3511372435657787,0.0,-0.01451166441269542,-0.6517974709530199,0,-0.19978652974075298,-0.9936213437697933,0.12838915571849938,-1.0352666532541752,0,0,1,0
36500.0,0.6846091403156319,0.0,-0.01451166441269542,0.8396127612514358,0,-0.44640914650928976,-0.32036319269464486,-0.9346187243669639,-0.677508791536798,0,0,1,0
195000.0,-0.8680356385886698,1.0,-0.014457960998823774,-0.8648560755536564,0,1.3234708091237388,1.61783723340406,0.12838915571849938,0.8558122807230648,0,0,0,1
22500.0,1.448204933219387,0.0,-0.014522405095469749,1.0526713658520723,0,-0.6894049600900539,-1.100277399583882,-0.9346187243669639,-1.0243493419853384,0,0,1,0
93000.0,-1.3504627339487139,0.0,-0.014522405095469749,-0.4387388663523834,0,1.8674912872896288,-1.100277399583882,-0.9497616223813684,-0.8241565621241418,0,0,1,0
38800.0,-1.3497373179454553,0.0,-0.014522405095469749,-0.4387388663523834,0,-0.09823604048312021,-1.100277399583882,-0.9497616223813684,-0.8241565621241418,0,0,1,0
43000.0,1.5754708987033461,1.0,-0.014490183047146762,-0.012621657151110341,0,-0.61427832262905,-0.7092948551838962,-0.9497616223813684,-0.30667095918937953,1,0,0,0
26000.0,1.308212371187032,0.0,-0.01451166441269542,0.20043694744952617,0,-0.7510606142821882,-1.1207048028851228,-1.164846784639172,-1.059115524404746,1,0,0,0
80000.0,-1.3514299552863918,1.0,-0.014457960998823774,-1.2909732847549296,0,-0.344858657251657,-0.5342239031937968,-0.9497616223813684,-0.28834767792399874,0,0,1,0
24000.0,0.671882543767236,0.0,-0.014522405095469749,0.6265541566507993,0,-0.635002912273465,-0.7092948551838962,-1.164846784639172,-1.010698904618347,0,0,1,0
46000.0,-0.7407696731047106,0.0,-0.014522405095469749,-0.6517974709530199,0,0.16289378903650698,-0.32036319269464486,-0.9346187243669639,-0.677508791536798,0,0,1,0
43500.0,-1.3516463074277145,1.0,-0.014500923729921091,0.4134955520501627,0,-0.45366275288483493,-0.7092948551838962,0.12838915571849938,-0.7386518926384681,0,0,1,0
45500.0,-1.3485919242560995,0.0,-0.01451166441269542,0.20043694744952617,0,-0.1852793169896626,-1.1207048028851228,-0.9346187243669639,-0.7548560497482442,1,0,0,0
32000.0,1.8300028296712643,0.0,-0.014522405095469749,0.20043694744952617,0,-0.344858657251657,-1.1381312347207264,-0.9346187243669639,-0.6895396419086542,0,0,1,0
46000.0,0.6464293506704443,1.0,-0.014490183047146762,-0.012621657151110341,0,-0.5521045536958055,-0.7092948551838962,-0.9346187243669639,-0.7386518926384681,0,0,1,0
25000.0,1.702736864187305,0.0,-0.01451166441269542,1.4787885750533454,0,-0.7800750397843689,-0.7092948551838962,-0.9346187243669639,-0.8699883990356986,0,0,1,0
33000.0,-0.3207919870076454,0.0,-0.014522405095469749,-0.22568026175174685,0,-0.30859062537393095,-1.1207048028851228,-0.9346187243669639,-0.7741451547050625,0,0,1,0
26500.0,0.7227889299608197,0.0,-0.014500923729921091,1.6918471796539818,0,-0.8647004474990628,-0.8102427462111627,-0.9346187243669639,-0.9936241708913143,0,0,1,0
65000.0,-1.3493555200490033,0.0,-0.014490183047146762,0.20043694744952617,0,-0.1583373504519232,-0.6808932935519518,0.12838915571849938,-0.41924228281295656,1,0,0,0
42000.0,0.6846091403156319,0.0,-0.01451166441269542,-0.6517974709530199,0,-0.28682980624729537,-0.5122794054175007,0.12838915571849938,-0.6222774354233112,0,0,1,0
50000.0,-0.2915208149463348,1.0,-0.01451166441269542,-0.22568026175174685,0,-0.054714402229849,-0.7107256994550611,-0.9346187243669639,-0.254421432519342,0,0,1,0
38000.0,1.6136506883485338,1.0,-0.014468701681598103,1.9049057842546184,0,-0.8929089167372942,-0.32036319269464486,0.12838915571849938,-0.6375982827868089,0,0,1,0
28900.0,0.43007720934771365,0.0,-0.01451166441269542,-0.6517974709530199,0,-0.6669187803258638,-0.14125162852066492,-0.9497616223813684,-0.7832110935323148,0,0,1,0
100000.0,-0.8298558489434821,1.0,-0.014447220316049445,-0.012621657151110341,0,-0.18659815451248912,-0.14125162852066492,-1.164846784639172,0.4692490690211446,0,0,1,0
23000.0,2.0565362482327116,0.0,-0.01451166441269542,2.3310229934558913,0,-0.8381038907887305,-0.9345511308118133,-0.9346187243669639,-0.7674136132819462,0,0,1,0
123456.0,-1.0462079902662127,1.0,-0.014500923729921091,-1.2909732847549296,0,1.4795684183254716,-0.5342239031937968,-0.9346187243669639,-0.20675452596646696,0,0,1,0
220000.0,-0.14261963533010258,1.0,-0.014436479633275117,-0.4387388663523834,0,1.1542199936943507,1.61783723340406,0.43632286632090406,2.447349564255218,1,0,0,0
34500.0,-0.52441753178198,0.0,-0.01451166441269542,-0.6517974709530199,0,-0.5044379975136514,-1.100277399583882,-1.164846784639172,-0.8655644301354135,1,0,0,0
24000.0,-1.3483373923251316,0.0,-0.01451166441269542,1.2657299704527087,0,-0.8090894652865497,-0.7092948551838962,0.12838915571849938,-0.8699883990356986,0,0,1,0
28900.0,2.020901777897203,0.0,-0.014500923729921091,1.9049057842546184,0,-0.8066715964947013,-1.1207048028851228,0.12838915571849938,-0.829456299716328,1,0,0,0
69000.0,-0.5625973214271678,0.0,-0.014500923729921091,-0.4387388663523834,0,0.16289378903650698,-0.32036319269464486,-0.9346187243669639,-0.27162723695701885,0,0,1,0
50000.0,2.364519884703893,1.0,-0.014447220316049445,2.3310229934558913,0,-0.846016915925689,1.2004690324034661,0.43632286632090406,1.128586419998969,1,0,0,0
125000.0,-0.29533879391085355,1.0,-0.014468701681598103,-0.8648560755536564,0,0.5094549825347776,0.5199635555482692,0.12838915571849938,0.22122644167615824,0,0,0,1
33500.0,-1.135294166104984,0.0,-0.014522405095469749,-0.22568026175174685,0,-0.29045660943506796,-0.7107256994550611,-0.9497616223813684,-0.7430231774662824,0,0,1,0
45000.0,-1.3506281797038429,1.0,-0.014522405095469749,-0.4387388663523834,0,0.12662575715878097,-0.9345511308118133,-0.9346187243669639,-0.7674136132819462,0,0,1,0
105000.0,1.0664070367675094,1.0,-0.014479442364372434,-0.012621657151110341,0,0.39863599624172597,1.61783723340406,-0.9346187243669639,0.8133485798913955,0,0,1,0
113000.0,-0.18079942497529033,1.0,-0.014490183047146762,-0.8648560755536564,0,0.8364429524799898,-0.14125162852066492,0.12838915571849938,0.4692490690211446,1,0,0,0
105000.0,0.010099523250648416,1.0,-0.014490183047146762,-0.6517974709530199,0,0.6706462353246709,-0.32036319269464486,-0.9497616223813684,0.27267559763416027,0,0,1,0
112000.0,1.1936730022514686,1.0,-0.014243147343337193,1.2657299704527087,0,-0.9638330679648472,2.413559718457235,0.12838915571849938,1.0656601476446517,0,0,1,0
40000.0,-1.3503991009659717,0.0,-0.014522405095469749,-0.8648560755536564,0,-0.054714402229849,-0.5122794054175007,-0.9497616223813684,-0.6599620002908548,0,0,1,0
41000.0,-0.6007771110723555,0.0,-0.013963889591204637,-0.8648560755536564,0,-1.3992221554112627,-0.5122794054175007,-0.9346187243669639,-0.6599620002908548,0,0,1,0
24800.0,1.702736864187305,0.0,-0.01451166441269542,2.3310229934558913,0,-0.7858779248848051,-0.32036319269464486,0.12838915571849938,-0.677508791536798,0,0,1,0
26000.0,2.46633265709106,0.0,-0.014500923729921091,1.4787885750533454,0,-0.8767897914583049,-0.9345511308118133,0.12838915571849938,-0.9182779639521079,1,0,0,0
23500.0,-1.3487700966077771,0.0,-0.01451166441269542,1.4787885750533454,0,-0.8235966780376401,-1.1207048028851228,-0.9346187243669639,-0.8428143786987349,0,0,1,0
42000.0,-0.23170581116887398,1.0,-0.014500923729921091,0.4134955520501627,0,-0.48993078476256097,-0.6773632585629926,0.12838915571849938,-0.5841160363427136,0,0,1,0
49000.0,-0.07262335431392504,0.0,-0.01451166441269542,-0.6517974709530199,0,-0.0837288277320298,-0.14125162852066492,0.12838915571849938,-0.5731003542552597,0,0,1,0
24500.0,1.0791336333159054,0.0,-0.01451166441269542,-0.012621657151110341,0,-0.7945822525354593,-1.1207048028851228,-1.164846784639172,-1.059115524404746,1,0,0,0
18000.0,-1.3516463074277145,0.0,-0.014490183047146762,2.117964388855255,0,-1.1323930637394215,-0.9936213437697933,-0.9497616223813684,-1.1219826928105485,0,0,1,0
26000.0,0.9645942643803421,0.0,-0.014522405095469749,0.6265541566507993,0,-0.562466848518013,-0.7092948551838962,-0.9346187243669639,-1.010698904618347,0,0,1,0
52000.0,1.1936730022514686,1.0,-0.014490183047146762,0.8396127612514358,0,-0.4277570158293164,1.2004690324034661,0.12838915571849938,-0.15928108389642115,0,0,1,0
32000.0,-0.5753239179755637,0.0,-0.01451166441269542,0.20043694744952617,0,-0.5769740612691033,-0.5122794054175007,-0.9346187243669639,-0.6599620002908548,0,0,1,0
40000.0,-0.4098781628464168,0.0,-0.01451166441269542,0.20043694744952617,0,-0.344858657251657,-0.5122794054175007,0.12838915571849938,-0.6222774354233112,0,0,1,0
36000.0,-0.1553462318784985,0.0,-0.01451166441269542,-0.012621657151110341,0,-0.46091635926038016,-1.1207048028851228,0.12838915571849938,-0.8428143786987349,0,0,1,0
161000.0,-0.3462451801044372,1.0,-0.014479442364372434,-0.6517974709530199,0,1.4141408888180538,1.61783723340406,0.12838915571849938,0.8133485798913955,0,0,0,1
28500.0,0.16281868183139941,0.0,-0.01451166441269542,0.6265541566507993,0,-0.6785245505267361,-0.6773632585629926,0.12838915571849938,-0.7310519308877238,0,0,1,0
165000.0,0.5700697713800688,1.0,-0.014447220316049445,-0.012621657151110341,0,0.6706462353246709,1.61783723340406,0.43632286632090406,2.447349564255218,1,0,0,0
54000.0,-0.677136690362731,1.0,-0.014500923729921091,-0.6517974709530199,0,-0.19978652974075298,-0.5342239031937968,-0.9346187243669639,-0.20675452596646696,0,0,1,0
31500.0,-1.0818424606017212,0.0,-0.01451166441269542,2.544081598056528,0,-0.5914812740201938,-0.32036319269464486,0.12838915571849938,-0.8765553086437526,0,0,1,0
35000.0,2.3517932881554966,1.0,-0.014490183047146762,1.0526713658520723,0,-0.7800750397843689,-0.7092948551838962,0.12838915571849938,-0.7386518926384681,0,0,1,0
24500.0,1.7663698469292846,0.0,-0.01451166441269542,1.6918471796539818,0,-0.7945822525354593,-1.100277399583882,0.12838915571849938,-1.0257751582171646,0,0,1,0
28000.0,0.6759168748730775,0.0,-0.01451166441269542,0.6265541566507993,0,-0.6930317632778266,-1.1207048028851228,0.12838915571849938,-0.7741451547050625,0,0,1,0
45000.0,-0.078986652588123,0.0,-0.01451166441269542,-0.8648560755536564,0,-0.19978652974075298,-0.5122794054175007,-0.9346187243669639,-0.6222774354233112,0,0,1,0
78000.0,-0.078986652588123,1.0,-0.014479442364372434,-0.8648560755536564,0,-0.090982434107575,-0.5122794054175007,0.43632286632090406,0.17671313981439438,0,0,1,0
38500.0,1.1936730022514686,0.0,-0.01451166441269542,-1.2909732847549296,0,-0.38838029550492814,-0.8102427462111627,0.12838915571849938,-1.0150918929746795,1,0,0,0
21000.0,-1.3261931143309227,0.0,-0.014436479633275117,0.8396127612514358,0,-1.251559454194807,-0.7092948551838962,0.43632286632090406,0.26468202773184774,0,0,1,0
18500.0,-1.3478283284631958,0.0,-0.014500923729921091,2.544081598056528,0,-1.0581299508469348,-0.9345511308118133,0.12838915571849938,-0.6861294929918105,0,0,1,0
102000.0,-1.3325564126051208,0.0,-0.014490183047146762,-1.504031889355566,0,0.6084724663914263,0.8002264370753965,0.645607861430407,0.556204516117268,1,0,0,0
26900.0,-1.349024628538745,0.0,-0.01451166441269542,0.6265541566507993,0,-0.7249476313302254,-0.9345511308118133,0.12838915571849938,-0.780935708983995,0,0,1,0
26500.0,-1.3487191902215836,0.0,-0.014522405095469749,1.6918471796539818,0,-0.54433283257915,-0.9345511308118133,-0.9497616223813684,-0.7674136132819462,0,0,1,0
33800.0,0.5128000869122871,0.0,-0.014522405095469749,0.6265541566507993,0,-0.2795761998717502,-0.32036319269464486,-0.9346187243669639,-0.677508791536798,0,0,1,0
35000.0,1.880909215864848,1.0,-0.014490183047146762,1.4787885750533454,0,-0.7800750397843689,-0.8102427462111627,0.12838915571849938,-0.6123936341522249,0,0,1,0
60000.0,-0.14261963533010258,0.0,-0.014522405095469749,-0.4387388663523834,0,0.6706462353246709,-0.32036319269464486,-0.9346187243669639,-0.677508791536798,0,0,1,0
138000.0,-1.0589345868146085,1.0,-0.014479442364372434,-1.077914680154293,0,0.9970585222242049,-0.32036319269464486,0.12838915571849938,-0.30619249850394636,0,0,0,1
40000.0,-1.3496609583661647,0.0,-0.01451166441269542,0.4134955520501627,0,-0.344858657251657,-0.8102427462111627,-1.164846784639172,-0.6547550895783869,1,0,0,0
18000.0,-0.384424969749625,0.0,-0.014522405095469749,-0.012621657151110341,0,-0.852611103539821,-0.8194871463930152,-0.9346187243669639,-1.057680718158848,0,0,1,0
29000.0,1.3209389677354277,0.0,-0.014500923729921091,-0.4387388663523834,0,-0.804253727702853,-0.8194871463930152,-0.9497616223813684,-0.40505772975802357,0,0,1,0
89900.0,0.843691597170581,1.0,-0.014468701681598103,-0.4387388663523834,0,-0.05632631475774797,-0.32372425172264196,-0.13969362055378792,0.32260289039521156,0,0,1,0
33000.0,-0.08916792982683973,0.0,-0.014522405095469749,0.8396127612514358,0,-0.30859062537393095,-0.5122794054175007,-0.9346187243669639,-0.6599620002908548,0,0,1,0
26000.0,1.702736864187305,0.0,-0.014500923729921091,1.0526713658520723,0,-0.8767897914583049,0.5199635555482692,-0.13969362055378792,-1.0017232745688185,0,0,1,0
68000.0,-0.677136690362731,0.0,-0.01451166441269542,-0.6517974709530199,0,0.46754525680940534,-0.32372425172264196,-0.9346187243669639,-0.10945838457575663,0,0,1,0
26600.0,-1.3482101263596478,1.0,-0.014522405095469749,0.6265541566507993,0,-0.5407060293913774,-0.14125162852066492,-0.9346187243669639,-0.5731003542552597,0,0,1,0
90000.0,-1.3487191902215836,1.0,-0.014457960998823774,0.6265541566507993,0,-0.19978652974075298,1.2004690324034661,0.12838915571849938,0.19034698161540864,0,0,1,0
32500.0,-1.3489100891698094,0.0,-0.014522405095469749,1.2657299704527087,0,-0.326724641312794,-0.7092948551838962,0.12838915571849938,-0.7386518926384681,0,0,1,0
37500.0,-1.0843877799114003,0.0,-0.014522405095469749,-0.4387388663523834,0,-0.145384481924164,-0.8102427462111627,-0.9346187243669639,-0.8015849257249965,0,0,1,0
80000.0,1.3845719504774074,1.0,-0.014468701681598103,1.2657299704527087,0,-0.21590565501974235,2.6714025272308954,0.43632286632090406,0.9420616080322042,1,0,0,0
45000.0,1.5754708987033461,0.0,-0.014479442364372434,1.9049057842546184,0,-0.6894049600900539,-0.6808932935519518,0.645607861430407,-0.9428207023687876,1,0,0,0
130000.0,-0.20625261807208214,0.0,-0.014479442364372434,-0.22568026175174685,0,0.8519863947133008,0.5199635555482692,0.645607861430407,0.8363390425449689,1,0,0,0
12500.0,-1.3484646582906157,0.0,-0.014522405095469749,1.4787885750533454,0,-1.0520852788673138,-1.1381312347207264,-0.9497616223813684,-1.0704429421355213,1,0,0,0
35800.0,1.0918602298643012,0.0,-0.014522405095469749,0.4134955520501627,0,-0.20704013611629818,-0.8102427462111627,-0.9346187243669639,-0.8015849257249965,1,0,0,0
42000.0,0.073732505992628,0.0,-0.014500923729921091,0.4134955520501627,0,-0.48993078476256097,-0.6773632585629926,0.12838915571849938,-0.5841160363427136,0,0,1,0
38000.0,0.04827931289583617,0.0,-0.01451166441269542,-0.8648560755536564,0,-0.40288750825601854,-0.24807192448694768,0.12838915571849938,-0.48217140404985104,0,0,1,0
38000.0,1.5118379159613664,0.0,-0.014479442364372434,1.6918471796539818,0,-0.816343071662095,0.5199635555482692,-0.9346187243669639,0.22122644167615824,1,0,0,0
43000.0,0.49371019208969324,1.0,-0.014490183047146762,1.0526713658520723,0,-0.61427832262905,-1.1207048028851228,-0.13969362055378792,-0.623765102951953,1,0,0,0
32000.0,1.1936730022514686,0.0,-0.01451166441269542,0.8396127612514358,0,-0.5769740612691033,-0.9345511308118133,0.12838915571849938,-0.7674136132819462,0,0,1,0
26500.0,1.1936730022514686,0.0,-0.014500923729921091,1.2657299704527087,0,-0.8647004474990628,-1.1207048028851228,-0.9346187243669639,-0.7548560497482442,0,0,1,0
20600.0,1.0155006505739257,0.0,-0.014522405095469749,2.544081598056528,0,-0.7583142206577334,-1.1207048028851228,-0.9346187243669639,-0.8428143786987349,0,0,1,0
123456.0,0.8118751057995911,1.0,-0.014457960998823774,-0.012621657151110341,0,0.2855667800597274,0.7168979404301677,0.12838915571849938,0.08035473480485336,0,0,1,0
70000.0,-0.48623774213679233,0.0,-0.014500923729921091,-0.4387388663523834,0,0.18707247695499088,-1.1381312347207264,0.43632286632090406,-0.5443922507298501,1,0,0,0
45000.0,0.6209761575736524,0.0,-0.014490183047146762,1.2657299704527087,0,-0.5728291433402204,1.2004690324034661,-0.9346187243669639,-0.5194584646810648,0,0,1,0
76000.0,-0.7153164800079188,0.0,-0.014490183047146762,-1.077914680154293,0,0.06963313563664009,-0.24807192448694768,-0.9497616223813684,-0.06255448449054674,0,0,1,0
169000.0,-1.3510099776002948,1.0,-0.01451166441269542,-1.077914680154293,0,3.3980022325296657,1.2004690324034661,0.43632286632090406,1.128586419998969,0,1,0,0
239000.0,-1.351239056338166,1.0,-0.014490183047146762,-1.077914680154293,0,3.447741247676262,1.2004690324034661,0.43632286632090406,1.1068160293138378,0,1,0,0
85000.0,-0.842582445491878,1.0,-0.014500923729921091,-0.8648560755536564,0,0.5497527957322509,0.5199635555482692,0.12838915571849938,-0.12211152971502243,0,0,1,0
44000.0,0.25190485767017085,0.0,-0.014522405095469749,-0.6517974709530199,0,0.09035772528105497,-0.07526237887860447,-0.9346187243669639,-0.5744530777639784,0,0,1,0
77000.0,0.2391782611217749,1.0,-0.014490183047146762,0.20043694744952617,0,0.09035772528105497,1.2004690324034661,0.43632286632090406,0.5325102385989583,0,0,1,0
34000.0,2.1863475330263498,0.0,-0.01451166441269542,1.6918471796539818,0,-0.5189452102647417,-0.32036319269464486,-0.9346187243669639,-0.30619249850394636,1,0,0,0
95000.0,-0.9189420247822534,0.0,-0.014490183047146762,-0.8648560755536564,0,0.46340033888052223,-0.8102427462111627,0.12838915571849938,-0.1688273628391848,0,0,1,0
35000.0,0.30281124386375446,0.0,-0.014490183047146762,-0.012621657151110341,0,-0.7800750397843689,-0.49635058616431343,0.645607861430407,-0.34419604267662074,1,0,0,0
135000.0,-0.5880505145239596,1.0,-0.014447220316049445,-1.077914680154293,0,0.27499497847675086,-0.49635058616431343,0.43632286632090406,-0.34419604267662074,0,0,1,0
81000.0,-0.982575007524233,1.0,-0.014468701681598103,-0.8648560755536564,0,-0.19978652974075298,0.056054044997550484,-0.9497616223813684,-0.047010750159982906,0,0,1,0
39500.0,-1.3478283284631958,0.0,-0.01451166441269542,1.2657299704527087,0,-0.3593658700027474,-0.32036319269464486,0.12838915571849938,-0.7466237140621923,1,0,0,0
28000.0,-1.349762771138552,1.0,-0.01451166441269542,1.6918471796539818,0,-0.6930317632778266,-0.7092948551838962,-0.9346187243669639,-0.8699883990356986,0,0,1,0
52000.0,0.4809835955412973,0.0,-0.01451166441269542,-0.6517974709530199,0,0.0033144487745125867,-0.5122794054175007,-0.9346187243669639,-0.6222774354233112,0,0,1,0
49500.0,0.43007720934771365,1.0,-0.014490183047146762,0.4134955520501627,0,-0.4795684899403535,-0.6696563497873814,0.12838915571849938,-0.42529043165010694,0,0,1,0
32500.0,-1.35041182756252,0.0,-0.01451166441269542,0.6265541566507993,0,-0.562466848518013,-1.1381312347207264,-0.9346187243669639,-0.6895396419086542,0,0,1,0
23000.0,1.0155006505739257,0.0,-0.014522405095469749,1.9049057842546184,0,-0.6712709441511909,-1.100277399583882,-0.9346187243669639,-0.8241565621241418,0,0,1,0
22000.0,0.671882543767236,0.0,-0.01451166441269542,2.117964388855255,0,-0.8671183162909113,-0.9936213437697933,-0.9346187243669639,-1.0352666532541752,0,0,1,0
24000.0,1.7918230400260764,0.0,-0.01451166441269542,1.0526713658520723,0,-0.8090894652865497,-0.9345511308118133,0.12838915571849938,-0.780935708983995,0,0,1,0
26500.0,-1.3474083507770986,0.0,-0.014500923729921091,1.4787885750533454,0,-0.8647004474990628,-0.9345511308118133,0.12838915571849938,-0.9182779639521079,1,0,0,0
96500.0,-1.288013324685735,0.0,-0.014500923729921091,-0.6517974709530199,0,0.827807706794817,-0.32036319269464486,0.43632286632090406,0.4133108881641858,0,0,1,0
27000.0,1.9572687951552235,0.0,-0.014522405095469749,1.2657299704527087,0,-0.526198816640287,-0.9345511308118133,-0.9346187243669639,-0.7674136132819462,1,0,0,0
18000.0,2.46633265709106,0.0,-0.014457960998823774,1.9049057842546184,0,-1.2443058478192617,0.5199635555482692,-0.9497616223813684,-0.942828556045081,1,0,0,0
43000.0,0.25190485767017085,0.0,-0.01451166441269542,-0.6517974709530199,0,-0.25781538074511456,-1.1207048028851228,0.12838915571849938,-0.7741451547050625,1,0,0,0
65000.0,0.14058531766135174,0.0,-0.014490183047146762,0.20043694744952617,0,-0.1583373504519232,-0.6808932935519518,0.12838915571849938,-0.41924228281295656,1,0,0,0
39500.0,0.8373282988963829,1.0,-0.014490183047146762,0.6265541566507993,0,-0.686814386384502,-0.8102427462111627,0.12838915571849938,-0.6123936341522249,0,0,1,0
34998.0,1.1936730022514686,0.0,-0.01451166441269542,0.20043694744952617,0,-0.4899888136135653,-1.1207048028851228,-0.9497616223813684,-0.829456299716328,0,0,1,0
35000.0,0.30281124386375446,0.0,-0.01451166441269542,-0.4387388663523834,0,-0.48993078476256097,-0.7107256994550611,0.12838915571849938,-0.7430231774662824,0,0,1,0
165000.0,0.022826119799044333,1.0,-0.014490183047146762,-0.6517974709530199,0,1.9141216139895623,-0.7092948551838962,0.645607861430407,0.36808876559412446,1,0,0,0
23000.0,0.44280380589610957,0.0,-0.01451166441269542,1.0526713658520723,0,-0.8381038907887305,-0.9936213437697933,0.12838915571849938,-1.0352666532541752,0,0,1,0
75000.0,-1.154384060927578,0.0,-0.014500923729921091,-0.6517974709530199,0,0.30796591654741096,-0.32036319269464486,-0.9346187243669639,0.3028550113639118,0,0,1,0
95000.0,0.3027985172672061,1.0,-0.014457960998823774,0.6265541566507993,0,-0.127250465985301,1.2004690324034661,0.12838915571849938,0.19034698161540864,0,0,1,0
42000.0,0.17554527837979533,0.0,-0.014522405095469749,-0.8648560755536564,0,0.017821661525602984,-0.8102427462111627,0.12838915571849938,-0.8015849257249965,0,0,1,0
28500.0,-1.3492537072766162,0.0,-0.01451166441269542,1.2657299704527087,0,-0.6785245505267361,-0.7092948551838962,-0.9346187243669639,-0.8699883990356986,0,0,1,0
77000.0,-0.21897921462047806,0.0,-0.014500923729921091,-0.012621657151110341,0,0.35632329238437904,-0.6808932935519518,-0.9497616223813684,-0.2790448113622479,0,0,1,0
36500.0,1.9572687951552235,0.0,-0.01451166441269542,-0.012621657151110341,0,-0.44640914650928976,-0.07526237887860447,-0.9346187243669639,-0.5744530777639784,0,0,1,0
64999.0,1.8499835862522458,1.0,-0.014479442364372434,0.8396127612514358,0,-0.32674277532873286,1.61783723340406,0.12838915571849938,0.8558122807230648,0,0,1,0
97000.0,-0.05353345949133116,1.0,-0.014479442364372434,-0.6517974709530199,0,0.253563868730822,-0.32372425172264196,0.43632286632090406,-0.19536669534112763,0,0,1,0
119000.0,-0.2571590042656658,1.0,-0.014457960998823774,-0.8648560755536564,0,0.22092264004086856,-0.5122794054175007,-0.9497616223813684,0.17671313981439438,0,0,1,0
178000.0,-0.677136690362731,1.0,-0.014447220316049445,-0.6517974709530199,0,0.842095113292103,2.6714025272308954,0.43632286632090406,0.9420616080322042,0,0,0,1
57000.0,-0.6516834972659392,1.0,-0.013276485893647579,-0.4387388663523834,0,-1.4365264167712095,0.3664142374090258,0.12838915571849938,-0.3903636606093302,0,0,1,0
70000.0,0.05913509975161788,0.0,-0.014479442364372434,1.0526713658520723,0,-0.236054561618479,0.7168979404301677,0.43632286632090406,0.5762839065925054,1,0,0,0
60000.0,0.28524854062696814,0.0,-0.01451166441269542,-0.4387388663523834,0,0.23542985279195897,-0.8102427462111627,-0.9497616223813684,-0.6547550895783869,1,0,0,0
158000.0,-0.30806539045924947,1.0,-0.014468701681598103,-0.4387388663523834,0,1.0413861167414253,1.61783723340406,0.12838915571849938,0.8558122807230648,0,0,1,0
144000.0,-0.2698856008140617,1.0,-0.014490183047146762,-0.4387388663523834,0,1.4789052314568505,1.2004690324034661,0.12838915571849938,-0.05600975424609866,1,0,0,0
38900.0,-0.982575007524233,0.0,-0.014522405095469749,-1.077914680154293,0,-0.0946092372953476,-0.7107256994550611,-0.9346187243669639,-0.788213532922619,0,0,1,0
47000.0,-1.3489737221525515,0.0,-0.014500923729921091,0.6265541566507993,0,-0.36903734517014103,1.61783723340406,-1.164846784639172,0.4451786460753563,0,0,1,0
38000.0,-0.42260475939481273,0.0,-0.01451166441269542,-0.6517974709530199,0,-0.40288750825601854,-0.5122794054175007,-0.9497616223813684,-0.6599620002908548,0,0,1,0
61000.0,1.3435923095915725,1.0,-0.014468701681598103,-0.22568026175174685,0,-0.5221690353205397,0.056054044997550484,0.43632286632090406,0.06237714395346962,0,0,1,0
148000.0,-0.44805795249160457,1.0,-0.014468701681598103,-0.22568026175174685,0,0.8801948639515323,1.61783723340406,0.12838915571849938,0.8558122807230648,1,0,0,0
27000.0,1.1936730022514686,0.0,-0.01451166441269542,0.8396127612514358,0,-0.7220461887800074,-0.958293484507613,-0.9346187243669639,-0.8081862516258597,0,0,1,0
32000.0,1.1936730022514686,0.0,-0.01451166441269542,1.0526713658520723,0,-0.5769740612691033,-0.32036319269464486,-0.9346187243669639,-0.677508791536798,0,0,1,0
96000.0,0.21372506802498306,0.0,-0.014500923729921091,-0.8648560755536564,0,0.8157183628355749,0.7168979404301677,-0.9497616223813684,0.3604595735481716,0,0,1,0
28500.0,0.4682569989929014,0.0,-0.01451166441269542,0.20043694744952617,0,-0.6785245505267361,-0.6808932935519518,-0.9346187243669639,-0.9543394275990159,0,0,1,0
38000.0,0.43007720934771365,0.0,-0.01451166441269542,0.4134955520501627,0,-0.40288750825601854,-1.1207048028851228,-0.9346187243669639,-0.7548560497482442,0,0,1,0
195000.0,-0.6644100938143351,1.0,-0.014457960998823774,-0.6517974709530199,0,1.3234708091237388,1.2004690324034661,0.12838915571849938,0.6237072297129891,0,0,0,1
49500.0,-0.4607845490400005,1.0,-0.014500923729921091,0.20043694744952617,0,-0.30859062537393095,-0.5122794054175007,0.12838915571849938,-0.6222774354233112,0,0,1,0
21500.0,1.868182619316452,0.0,-0.01451166441269542,0.8396127612514358,0,-0.8816255290420018,-0.8102427462111627,-0.9497616223813684,-1.0150918929746795,0,0,1,0
47000.0,1.4736581263161788,1.0,-0.01451166441269542,0.20043694744952617,0,-0.1417576787363914,-1.1381312347207264,0.12838915571849938,-0.7156250667400966,0,0,1,0
34000.0,-1.3494573328213906,0.0,-0.014500923729921091,0.20043694744952617,0,-0.6833602881104329,-0.7092948551838962,-0.9497616223813684,-0.7386518926384681,0,0,1,0
21500.0,1.868182619316452,0.0,-0.01451166441269542,0.8396127612514358,0,-0.8816255290420018,-0.8102427462111627,-0.9497616223813684,-1.0150918929746795,0,0,1,0
65000.0,-0.6135037076207515,0.0,-0.01451166441269542,-0.4387388663523834,0,0.3805019803028629,-0.8102427462111627,0.12838915571849938,-0.7170275089353354,1,0,0,0
37000.0,1.5245645125097624,0.0,-0.014500923729921091,1.4787885750533454,0,-0.6108242243549808,-0.6808932935519518,0.43632286632090406,-0.2790448113622479,1,0,0,0
27000.0,1.1936730022514686,1.0,-0.01451166441269542,0.8396127612514358,0,-0.7220461887800074,-0.958293484507613,-0.9346187243669639,-0.8081862516258597,0,0,1,0
31000.0,-0.29533879391085355,0.0,-0.01451166441269542,0.20043694744952617,0,-0.6059884867712841,0.3664142374090258,0.12838915571849938,-0.8839181301687565,0,0,1,0
33000.0,0.6591559472188401,1.0,-0.014479442364372434,0.6265541566507993,0,-0.9070131513564099,-0.958293484507613,-0.9346187243669639,-0.7343992367672523,0,0,1,0
45000.0,1.3209389677354277,0.0,-0.01451166441269542,-0.4387388663523834,0,-0.19978652974075298,-1.1207048028851228,-1.164846784639172,-0.6199086206554122,1,0,0,0
19500.0,1.6772836710905132,0.0,-0.01451166441269542,0.8396127612514358,0,-0.9396543800463633,-1.100277399583882,-0.9497616223813684,-0.9157255191567732,1,0,0,0
27000.0,1.1936730022514686,1.0,-0.01451166441269542,0.8396127612514358,0,-0.7220461887800074,-0.958293484507613,-0.9346187243669639,-0.8081862516258597,0,0,1,0
45000.0,1.3209389677354277,0.0,-0.01451166441269542,-0.4387388663523834,0,-0.19978652974075298,-1.1207048028851228,-1.164846784639172,-0.6199086206554122,1,0,0,0
75000.0,-0.5880505145239596,1.0,-0.014468701681598103,-0.8648560755536564,0,-0.2965012814146889,-0.24807192448694768,0.43632286632090406,-0.318855491726885,0,0,1,0
21000.0,-1.3487191902215836,0.0,-0.01451166441269542,0.20043694744952617,0,-0.8961327417930921,-1.100277399583882,-0.9497616223813684,-0.9157255191567732,1,0,0,0
45000.0,0.43007720934771365,1.0,-0.014479442364372434,-0.8648560755536564,0,-0.6894049600900539,0.056054044997550484,-0.9497616223813684,0.06237714395346962,0,0,1,0
34500.0,-1.3495464189972293,1.0,-0.014522405095469749,0.20043694744952617,0,-0.254188577557342,-0.14125162852066492,-0.9346187243669639,-0.7832110935323148,0,0,1,0
19000.0,-1.3483882987113252,0.0,-0.014543886461018406,0.6265541566507993,0,-0.127250465985301,-1.3420330208418312,-0.9497616223813684,-1.0056501127154873,1,0,0,0
76000.0,-0.43533135594320865,1.0,-0.014490183047146762,-0.4387388663523834,0,0.06963313563664009,-0.8102427462111627,-0.13969362055378792,-0.1688273628391848,1,0,0,0
115000.0,-0.2571590042656658,1.0,-0.01451166441269542,-0.22568026175174685,0,1.8312232554119028,1.61783723340406,-0.9346187243669639,0.4451786460753563,1,0,0,0
22000.0,-1.3485919242560995,0.0,-0.01451166441269542,2.544081598056528,0,-0.8671183162909113,-0.8102427462111627,-0.9346187243669639,-1.1313089334088868,0,0,1,0
64000.0,0.9391410712835503,0.0,-0.014468701681598103,1.4787885750533454,0,-0.47381165948357157,1.61783723340406,0.12838915571849938,0.8558122807230648,0,0,1,0
54500.0,0.977320860928738,0.0,-0.014500923729921091,0.4134955520501627,0,-0.1876971857815109,-0.8102427462111627,-0.9497616223813684,-0.1688273628391848,1,0,0,0
55000.0,1.0664070367675094,0.0,-0.014479442364372434,1.4787885750533454,0,-0.5080648007014239,1.61783723340406,-0.9497616223813684,0.8267724449304006,1,0,0,0
43000.0,0.49371019208969324,1.0,-0.014490183047146762,1.0526713658520723,0,-0.61427832262905,-1.1207048028851228,-0.13969362055378792,-0.623765102951953,1,0,0,0
79000.0,-0.5880505145239596,0.0,-0.014500923729921091,-0.22568026175174685,0,0.40468066822134685,-0.32036319269464486,0.12838915571849938,-0.30619249850394636,1,0,0,0
60000.0,-1.1607473592017759,0.0,-0.01451166441269542,-0.4387388663523834,0,0.23542985279195897,-0.9345511308118133,0.12838915571849938,-0.5317936450092879,0,0,1,0
68000.0,-0.52441753178198,1.0,-0.014490183047146762,-0.6517974709530199,0,-0.09616358151867879,-0.7092948551838962,0.43632286632090406,-0.30667095918937953,0,0,1,0
51000.0,1.1936730022514686,0.0,-0.014522405095469749,-0.4387388663523834,0,0.34423394842513694,-0.32036319269464486,-0.9346187243669639,-0.677508791536798,0,0,1,0
28000.0,2.0845347606391824,0.0,-0.014490183047146762,-0.22568026175174685,0,-0.9251471672952729,-0.8194871463930152,0.12838915571849938,0.08035473480485336,0,0,1,0
47000.0,-0.43533135594320865,1.0,-0.014500923729921091,-0.8648560755536564,0,-0.36903734517014103,-0.5342239031937968,-0.9346187243669639,-0.20675452596646696,0,0,1,0
34000.0,0.5573431748316728,0.0,-0.01451166441269542,-0.22568026175174685,0,-0.5189452102647417,0.3664142374090258,-0.9497616223813684,-0.8839181301687565,0,0,1,0
80000.0,-0.2571590042656658,0.0,-0.014500923729921091,-0.8648560755536564,0,0.428859356139831,-0.7092948551838962,-0.9497616223813684,0.01925464356505196,0,0,0,1
89500.0,-0.3462451801044372,0.0,-0.014479442364372434,-0.4387388663523834,0,0.11755874918934947,-0.32036319269464486,0.12838915571849938,-0.30619249850394636,0,0,1,0
30000.0,2.364519884703893,0.0,-0.014490183047146762,1.6918471796539818,0,-0.8836979880064433,-0.32036319269464486,-0.9346187243669639,-0.21518594876585154,0,0,1,0
30000.0,-0.7789494627498984,0.0,-0.008249846355261579,-0.6517974709530199,0,-1.4980340381801691,-1.3420330208418312,-1.164846784639172,-0.9226367542949103,0,0,1,0
130000.0,0.8500548954447789,0.0,-0.012954265410417706,0.20043694744952617,0,-1.3797065001627722,0.5199635555482692,0.43632286632090406,0.8363390425449689,1,0,0,0
41500.0,0.03555271634744025,1.0,-0.01451166441269542,-0.6517974709530199,0,-0.3013370189983858,-0.5122794054175007,-0.9346187243669639,-0.6599620002908548,0,0,1,0
46000.0,0.6464293506704443,1.0,-0.014490183047146762,-0.012621657151110341,0,-0.5521045536958055,-0.7092948551838962,-0.9346187243669639,-0.7386518926384681,0,0,1,0
20000.0,1.8300028296712643,0.0,-0.014490183047146762,1.9049057842546184,0,-1.0909438844505919,-0.32036319269464486,-0.9346187243669639,-0.968999623346579,1,0,0,0
59900.0,0.9136878781867585,1.0,-0.014447220316049445,1.6918471796539818,0,-0.7154520011658754,1.61783723340406,0.12838915571849938,0.8558122807230648,0,0,1,0
48500.0,-0.1553462318784985,0.0,-0.01451166441269542,-0.8648560755536564,0,-0.09823604048312021,-0.5122794054175007,-1.164846784639172,-0.6222774354233112,0,0,1,0
42000.0,1.8300028296712643,0.0,-0.014500923729921091,1.0526713658520723,0,-0.48993078476256097,-0.8102427462111627,-0.9346187243669639,-0.599331507536703,1,0,0,0
40000.0,-0.18079942497529033,0.0,-0.01451166441269542,-0.6517974709530199,0,-0.344858657251657,-0.14125162852066492,0.12838915571849938,-0.5731003542552597,0,0,1,0
85000.0,-0.7280430765563147,0.0,-0.014500923729921091,-0.4387388663523834,0,0.5497527957322509,0.5199635555482692,-0.9497616223813684,0.18002307870043238,0,0,1,0
37000.0,0.9645942643803421,0.0,-0.01451166441269542,1.4787885750533454,0,-0.43190193375819935,-0.32036319269464486,-0.9346187243669639,-0.30619249850394636,1,0,0,0
28000.0,0.7227889299608197,1.0,-0.014500923729921091,0.4134955520501627,0,-0.8284324156213368,-0.6808932935519518,-0.9346187243669639,-0.9231865116354439,0,0,1,0
63000.0,1.130040019509489,1.0,-0.013104634969258313,0.4134955520501627,0,-1.4382331476831025,1.2004690324034661,0.12838915571849938,-0.15928108389642115,0,0,1,0
28500.0,0.04827931289583617,0.0,-0.014490183047146762,1.9049057842546184,0,-0.9147848724730655,-0.7257150424069697,0.12838915571849938,-0.9526377977354594,0,0,1,0
37000.0,-1.1989271488469635,0.0,-0.01451166441269542,-0.4387388663523834,0,-0.43190193375819935,-0.14125162852066492,0.12838915571849938,-0.6934664800553231,0,0,1,0
52000.0,0.7482421230576115,1.0,-0.014500923729921091,0.6265541566507993,0,-0.24814390557772106,-0.6808932935519518,0.43632286632090406,-0.2790448113622479,0,0,1,0
72000.0,-0.43533135594320865,0.0,-0.014500923729921091,-0.8648560755536564,0,0.23542985279195897,-0.24807192448694768,0.43632286632090406,-0.318855491726885,0,0,1,0
145000.0,-0.7789494627498984,0.0,-0.014457960998823774,-0.4387388663523834,0,0.5981101715692189,0.8002264370753965,0.43632286632090406,0.556204516117268,1,0,0,0
51000.0,0.5191633851864851,0.0,-0.014490183047146762,1.0526713658520723,0,-0.4484816054737313,-0.32036319269464486,-0.9346187243669639,-0.30619249850394636,0,0,1,0
130000.0,-0.9062154282338575,1.0,-0.014468701681598103,-0.4387388663523834,0,0.5900506089297244,1.61783723340406,0.12838915571849938,0.8558122807230648,0,0,1,0
26500.0,-1.3484646582906157,0.0,-0.014490183047146762,0.8396127612514358,0,-0.9562340517618951,-0.9936213437697933,0.12838915571849938,-0.8525034249954067,0,0,1,0
51000.0,1.1936730022514686,0.0,-0.014522405095469749,-0.4387388663523834,0,0.34423394842513694,-0.32036319269464486,-0.9346187243669639,-0.677508791536798,0,0,1,0
20000.0,1.3209389677354277,0.0,-0.01451166441269542,2.3310229934558913,0,-0.9251471672952729,-1.1207048028851228,-0.9346187243669639,-1.1195284189688806,0,0,1,0
75000.0,0.6846091403156319,1.0,-0.014479442364372434,-0.22568026175174685,0,-0.145384481924164,-0.5122794054175007,0.43632286632090406,0.17671313981439438,0,0,1,0
31000.0,-1.3516463074277145,0.0,-0.014500923729921091,1.6918471796539818,0,-0.7558963518658849,-0.9345511308118133,0.12838915571849938,-0.6861294929918105,1,0,0,0
43000.0,-0.9953016040726289,0.0,-0.014522405095469749,-1.077914680154293,0,0.05408969340332898,-0.8102427462111627,-0.9346187243669639,-0.8015849257249965,0,0,1,0
45000.0,0.7100623334124238,1.0,-0.014372035536629142,0.8396127612514358,0,-1.1427553585616288,-0.5122794054175007,0.43632286632090406,-0.4040257849946152,0,0,1,0
49000.0,-1.3503354679832298,0.0,-0.01451166441269542,-0.8648560755536564,0,-0.0837288277320298,-0.14125162852066492,-0.9497616223813684,-0.5731003542552597,0,0,1,0
48000.0,-1.3487191902215836,1.0,-0.01451166441269542,-0.22568026175174685,0,-0.1127432532342106,-0.9345511308118133,-0.9346187243669639,-0.6861294929918105,1,0,0,0
28000.0,-1.3483373923251316,0.0,0.012887817344618007,2.544081598056528,0,-1.5038464678043406,-0.7092948551838962,-0.9346187243669639,-1.040991656035506,1,0,0,0
92000.0,-1.3478283284631958,0.0,-0.014457960998823774,1.6918471796539818,0,-0.1707721042385722,0.5199635555482692,0.43632286632090406,0.8363390425449689,1,0,0,0
32800.0,1.7790964434776806,0.0,-0.01451166441269542,0.8396127612514358,0,-0.5537625208673587,-0.5122794054175007,0.12838915571849938,-0.6222774354233112,0,0,1,0
155000.0,-0.6389569007175433,1.0,-0.014490183047146762,-1.077914680154293,0,1.7068757175454135,-0.32036319269464486,0.645607861430407,-0.005745456000475006,1,0,0,0
95000.0,-0.2966114535656932,1.0,-0.014490183047146762,-0.22568026175174685,0,0.46340033888052223,-0.5122794054175007,0.43632286632090406,0.17671313981439438,1,0,0,0
44000.0,1.9827219882520153,0.0,-0.014490183047146762,2.117964388855255,0,-0.5935537329846353,0.7168979404301677,-0.9346187243669639,-0.5254071569925362,1,0,0,0
59000.0,-0.30806539045924947,0.0,-0.014490183047146762,-1.077914680154293,0,-0.2826848883184123,-0.32036319269464486,-1.164846784639172,-0.6762865631636473,1,0,0,0
20000.0,1.3209389677354277,1.0,-0.01451166441269542,0.20043694744952617,0,-0.9251471672952729,-1.100277399583882,-0.9346187243669639,-0.9157255191567732,1,0,0,0
51000.0,-0.3207919870076454,0.0,-0.01451166441269542,-0.8648560755536564,0,-0.02569997672766821,-0.32036319269464486,0.12838915571849938,-0.677508791536798,0,0,1,0
74500.0,-0.08534995086232096,0.0,-0.014479442364372434,-0.6517974709530199,0,-0.1544514898935955,-0.32036319269464486,0.12838915571849938,-0.21518594876585154,0,0,1,0
27900.0,0.2773580507669626,0.0,-0.01451166441269542,-0.012621657151110341,0,-0.6959332058280446,-0.8102427462111627,-0.9346187243669639,-1.0150918929746795,0,0,1,0
15999.0,-1.347191998635776,0.0,-0.014522405095469749,2.117964388855255,0,-0.9251834353271506,-0.9345511308118133,-0.9346187243669639,-0.7674136132819462,1,0,0,0
52000.0,-1.3491009881180354,1.0,-0.014490183047146762,1.0526713658520723,0,-0.4277570158293164,1.2004690324034661,-0.9346187243669639,-0.5194584646810648,0,0,1,0
59000.0,0.5573431748316728,0.0,-0.014479442364372434,0.20043694744952617,0,-0.43552873694597194,0.7168979404301677,0.12838915571849938,-0.5254071569925362,0,0,1,0
42500.0,0.03555271634744025,1.0,-0.014500923729921091,0.8396127612514358,0,-0.477841440803319,-0.9345511308118133,-0.9346187243669639,-0.5317936450092879,0,0,1,0
19000.0,-1.347064732670292,0.0,-0.01451166441269542,2.544081598056528,0,-0.9541615927974537,-0.9345511308118133,0.12838915571849938,-0.7674136132819462,1,0,0,0
128000.0,-1.350373647772875,1.0,-0.014500923729921091,-0.8648560755536564,0,1.5894363762270627,1.2004690324034661,0.43632286632090406,0.5325102385989583,0,0,0,1
35000.0,1.1427666160578849,0.0,-0.01451166441269542,0.4134955520501627,0,-0.48993078476256097,-0.5122794054175007,0.12838915571849938,-0.6222774354233112,0,0,1,0
50000.0,0.6337027541220484,0.0,-0.014468701681598103,-0.012621657151110341,0,-0.6994794133894222,-0.6773632585629926,0.43632286632090406,-0.33729735160478563,1,0,0,0
70000.0,0.09918569908941983,0.0,-0.014500923729921091,1.4787885750533454,0,0.18707247695499088,1.61783723340406,0.12838915571849938,0.8558122807230648,1,0,0,0
34000.0,0.7227889299608197,0.0,-0.01451166441269542,-0.8648560755536564,0,-0.5189452102647417,-1.1381312347207264,-1.164846784639172,-0.905686472068768,1,0,0,0
23500.0,-1.3491009881180354,1.0,-0.014522405095469749,2.3310229934558913,0,-0.6531369282123279,-0.32036319269464486,-0.9346187243669639,-0.677508791536798,0,0,1,0
26600.0,-1.3482101263596478,1.0,-0.014522405095469749,0.6265541566507993,0,-0.5407060293913774,-0.14125162852066492,-0.9346187243669639,-0.5731003542552597,0,0,1,0
30000.0,-0.4607845490400005,0.0,-0.01451166441269542,-0.8648560755536564,0,-0.635002912273465,-1.3420330208418312,-0.9346187243669639,-0.9226367542949103,0,0,1,0
21000.0,-1.3484901114837125,0.0,-0.014500923729921091,2.544081598056528,0,-0.9976832310507249,-0.9345511308118133,0.12838915571849938,-0.6861294929918105,0,0,1,0
29000.0,0.6846091403156319,0.0,-0.014500923729921091,1.6918471796539818,0,-0.804253727702853,0.4662159903578188,-0.9346187243669639,-0.8544668440687411,0,0,1,0
53500.0,-0.6007771110723555,0.0,-0.014500923729921091,-0.6517974709530199,0,-0.21187587369999508,-0.6696563497873814,-0.9346187243669639,-0.42529043165010694,0,0,1,0
62000.0,1.1974909812159873,0.0,-0.01451166441269542,0.8396127612514358,0,0.29345870379632055,1.61783723340406,0.12838915571849938,0.6780518647784939,1,0,0,0
23500.0,0.671882543767236,0.0,-0.01451166441269542,2.117964388855255,0,-0.8235966780376401,-0.9936213437697933,-0.9346187243669639,-1.0352666532541752,0,0,1,0
26500.0,1.5372911090581582,0.0,-0.01451166441269542,1.6918471796539818,0,-0.7365534015310977,-1.1207048028851228,-0.9346187243669639,-0.7741451547050625,0,0,1,0
95000.0,2.339066691607101,0.0,-0.014447220316049445,2.117964388855255,0,-0.25254003065380903,-0.1174694926053072,0.43632286632090406,0.6344592865431533,1,0,0,0
54000.0,0.5955229644768606,0.0,-0.014500923729921091,-0.4387388663523834,0,-0.19978652974075298,-0.32372425172264196,-0.9346187243669639,-0.31092699726734396,0,0,1,0
39500.0,-0.7853127610240963,0.0,-0.014500923729921091,-0.6517974709530199,0,-0.550377504558771,-1.1381312347207264,-1.164846784639172,-0.905686472068768,1,0,0,0
26500.0,-1.0971143764597964,1.0,-0.014500923729921091,1.0526713658520723,0,-0.8647004474990628,-0.9345511308118133,0.12838915571849938,-0.9182779639521079,0,0,1,0
56000.0,1.0664070367675094,1.0,-0.014447220316049445,1.4787885750533454,0,-0.7668866645561049,-0.5122794054175007,0.43632286632090406,0.17671313981439438,0,0,1,0
21800.0,1.8300028296712643,0.0,-0.01451166441269542,2.117964388855255,0,-0.8729212013913474,-0.7092948551838962,-0.9346187243669639,-0.8699883990356986,0,0,1,0
26000.0,-1.3503609211763266,0.0,-0.01451166441269542,-0.6517974709530199,0,-0.7510606142821882,-1.3420330208418312,0.43632286632090406,-0.9226367542949103,0,0,1,0
110000.0,-0.015353669846143416,1.0,-0.014468701681598103,0.20043694744952617,0,0.2676681033499377,1.61783723340406,0.12838915571849938,0.8558122807230648,0,0,1,0
22000.0,0.3626262476412153,0.0,-0.01451166441269542,0.6265541566507993,0,-0.8671183162909113,-0.958293484507613,-0.9346187243669639,-0.8081862516258597,0,0,1,0
95000.0,-0.09807654741071686,1.0,-0.014457960998823774,0.8396127612514358,0,-0.127250465985301,1.61783723340406,0.12838915571849938,0.8267724449304006,0,0,1,0
29500.0,0.36644422660573406,0.0,-0.014522405095469749,-0.012621657151110341,0,-0.43552873694597194,-0.8102427462111627,-0.9346187243669639,-0.8015849257249965,0,0,1,0
32000.0,-0.078986652588123,0.0,-0.01451166441269542,0.4134955520501627,0,-0.5769740612691033,-0.958293484507613,-0.9346187243669639,-0.8081862516258597,0,0,1,0
36000.0,0.3155378404121504,0.0,-0.014522405095469749,-0.6517974709530199,0,-0.19978652974075298,-0.5122794054175007,-0.9346187243669639,-0.6599620002908548,0,0,1,0
79000.0,-0.12989303878170666,1.0,-0.014479442364372434,-0.6517974709530199,0,-0.072848418168712,0.056054044997550484,0.43632286632090406,0.06237714395346962,0,0,1,0
35000.0,0.9136878781867585,0.0,-0.01451166441269542,-0.4387388663523834,0,-0.48993078476256097,-1.1207048028851228,-0.9346187243669639,-0.8428143786987349,0,0,1,0
71000.0,0.3409910335089422,1.0,-0.014500923729921091,-0.012621657151110341,0,0.21125116487347506,-0.8102427462111627,-0.9497616223813684,-0.1688273628391848,1,0,0,0
70000.0,-0.9698484109758371,1.0,-0.014479442364372434,-1.2909732847549296,0,-0.236054561618479,-0.32372425172264196,-1.164846784639172,-0.19536669534112763,0,0,1,0
32400.0,-1.3492664338731646,0.0,-0.014533145778244078,1.0526713658520723,0,0.06134329977887418,-0.9345511308118133,-0.9497616223813684,-0.7674136132819462,0,0,1,0
27000.0,-1.3484646582906157,1.0,-0.014468701681598103,1.4787885750533454,0,-1.0702192948061768,-1.1207048028851228,-0.9497616223813684,-0.8445406698646618,0,0,1,0
120000.0,-0.3207919870076454,1.0,0.009064134276956863,0.6265541566507993,0,-1.4975226522019305,2.6714025272308954,0.43632286632090406,2.739345221315201,1,0,0,0
87000.0,0.11191229563781574,0.0,-0.014500923729921091,-0.4387388663523834,0,0.5981101715692189,-0.14125162852066492,-0.9497616223813684,0.4692490690211446,0,0,0,1
31000.0,-1.3478283284631958,0.0,-0.014500923729921091,2.117964388855255,0,-0.7558963518658849,-0.32036319269464486,-0.9346187243669639,-0.30619249850394636,1,0,0,0
39500.0,0.17554527837979533,0.0,-0.01451166441269542,-0.8648560755536564,0,-0.3593658700027474,-0.14125162852066492,-0.9346187243669639,-0.7832110935323148,0,0,1,0
20000.0,1.3209389677354277,0.0,-0.01451166441269542,2.3310229934558913,0,-0.9251471672952729,-1.1207048028851228,-0.9346187243669639,-1.1195284189688806,0,0,1,0
36500.0,-1.3485919242560995,0.0,-0.01451166441269542,-0.012621657151110341,0,-0.44640914650928976,-0.14125162852066492,-0.9346187243669639,-0.5731003542552597,0,0,1,0
66000.0,-0.52441753178198,0.0,-0.014500923729921091,-0.6517974709530199,0,0.09035772528105497,0.5199635555482692,-0.9346187243669639,-0.12211152971502243,0,0,1,0
27000.0,1.448204933219387,0.0,-0.014500923729921091,1.6918471796539818,0,-0.852611103539821,-0.7092948551838962,-0.9497616223813684,-0.7386518926384681,0,0,1,0
31990.0,-0.5498707248787719,0.0,-0.014522405095469749,-0.4387388663523834,0,-0.3452213375704342,-0.8102427462111627,-0.9346187243669639,-0.8015849257249965,0,0,1,0
98000.0,0.5573431748316728,1.0,-0.014490183047146762,-0.4387388663523834,0,0.5255741078137669,1.61783723340406,-0.9346187243669639,0.8133485798913955,0,0,1,0
34500.0,0.5191633851864851,0.0,-0.014500923729921091,-0.6517974709530199,0,-0.6712709441511909,-1.1381312347207264,-1.164846784639172,-0.905686472068768,1,0,0,0
40000.0,1.3972985470258033,0.0,-0.014500923729921091,1.2657299704527087,0,-0.5382881605995289,-0.32036319269464486,0.12838915571849938,-0.7466237140621923,0,0,1,0
264996.0,-0.42260475939481273,1.0,-0.0143935169021778,-0.4387388663523834,0,0.8972851665285807,2.413559718457235,-0.9497616223813684,1.0656601476446517,0,0,1,0
28000.0,1.448204933219387,1.0,-0.01451166441269542,0.8396127612514358,0,-0.6930317632778266,-0.7092948551838962,-0.9346187243669639,-0.8699883990356986,0,0,1,0
54000.0,0.9276744077934456,0.0,-0.014490183047146762,-0.22568026175174685,0,-0.3863078365404866,-0.7107256994550611,0.43632286632090406,-0.3501135696059757,0,0,1,0
62000.0,-0.04080686294293525,1.0,-0.014468701681598103,-0.22568026175174685,0,-0.5060499100415503,0.056054044997550484,0.43632286632090406,0.06237714395346962,0,0,1,0
44000.0,0.4809835955412973,0.0,-0.01451166441269542,-0.22568026175174685,0,-0.22880095524293378,-0.32036319269464486,-0.9346187243669639,-0.677508791536798,0,0,1,0
145000.0,-1.310068516504105,0.0,-0.014522405095469749,-0.8648560755536564,0,3.7534289449313807,-0.7107256994550611,0.12838915571849938,-0.254421432519342,0,0,1,0
93000.0,-0.3335185835560413,1.0,-0.01451166441269542,-0.8648560755536564,0,1.1929058943639252,-0.5122794054175007,0.43632286632090406,0.16978343918735347,0,1,0,0
30000.0,0.4555304024445055,0.0,-0.014500923729921091,0.4134955520501627,0,-0.7800750397843689,-1.1207048028851228,-0.9346187243669639,-1.059115524404746,1,0,0,0
35000.0,-0.05353345949133116,1.0,-0.01451166441269542,0.20043694744952617,0,-0.48993078476256097,-0.7092948551838962,-0.9346187243669639,-0.8699883990356986,0,0,1,0
51900.0,-1.349826404121294,0.0,-0.01451166441269542,-0.8648560755536564,0,0.00041300622429450717,-0.14125162852066492,-0.9346187243669639,-0.5731003542552597,0,0,1,0
55000.0,1.1936730022514686,0.0,-0.014490183047146762,1.4787885750533454,0,-0.36558324689607186,0.7168979404301677,0.12838915571849938,-0.5254071569925362,1,0,0,0
23800.0,0.7482421230576115,0.0,-0.014522405095469749,1.6918471796539818,0,-0.6422565186490101,-0.8102427462111627,-0.9346187243669639,-1.0665161039888527,0,0,1,0
65000.0,0.5573431748316728,1.0,-0.014500923729921091,-0.22568026175174685,0,0.06617903736257107,-0.32036319269464486,0.12838915571849938,-0.27162723695701885,0,0,1,0
85000.0,-0.7153164800079188,0.0,-0.014479442364372434,-1.077914680154293,0,0.035955677464465985,0.8002264370753965,0.645607861430407,0.556204516117268,1,0,0,0
33000.0,1.4100251435741993,0.0,-0.014500923729921091,1.0526713658520723,0,-0.7075389760289169,-1.1207048028851228,-0.9497616223813684,-0.8445406698646618,1,0,0,0
39000.0,0.3918974197025259,0.0,-0.014500923729921091,-0.22568026175174685,0,-0.562466848518013,-0.49635058616431343,-0.9497616223813684,-0.34419604267662074,0,0,1,0
37500.0,-1.3485919242560995,0.0,-0.014490183047146762,1.0526713658520723,0,-0.7282635656733318,0.7168979404301677,0.12838915571849938,-0.5254071569925362,0,0,1,0
73000.0,1.308212371187032,0.0,-0.014490183047146762,-0.6517974709530199,0,0.007459366703395671,-0.8102427462111627,0.12838915571849938,0.03674692258203081,0,0,1,0
83000.0,-0.2571590042656658,1.0,-0.014500923729921091,-0.6517974709530199,0,0.501395419895283,-0.07526237887860447,0.12838915571849938,-0.19803040055061802,0,0,1,0
48000.0,-0.49896433868518825,0.0,-0.013673891156297753,-0.8648560755536564,0,-1.4215385433566794,-1.1207048028851228,0.12838915571849938,-0.7741451547050625,0,0,1,0
74000.0,0.43007720934771365,1.0,-0.014479442364372434,0.20043694744952617,0,-0.163518497863027,0.7168979404301677,0.12838915571849938,-0.4247585554475627,1,0,0,0
70000.0,2.46633265709106,1.0,-0.014468701681598103,1.2657299704527087,0,-0.3770969078096357,1.61783723340406,0.12838915571849938,0.03888883429839562,0,0,1,0
67000.0,0.7609687196060074,1.0,-0.014490183047146762,-0.012621657151110341,0,-0.11688817116309368,-0.14125162852066492,-0.9346187243669639,-0.05367235058736728,0,0,1,0
35500.0,1.3209389677354277,0.0,-0.01451166441269542,-0.4387388663523834,0,-0.47542357201147056,-0.14125162852066492,0.12838915571849938,-0.5731003542552597,0,0,1,0
46000.0,-1.3502972881935846,0.0,-0.01451166441269542,1.0526713658520723,0,-0.1707721042385722,-0.32372425172264196,-0.9346187243669639,-0.6090394599019453,0,0,1,0
50000.0,0.6151091965648419,0.0,-0.01451166441269542,-1.077914680154293,0,-0.054714402229849,-1.1207048028851228,-1.164846784639172,-0.6199086206554122,1,0,0,0
28000.0,2.313613498510309,0.0,-0.014500923729921091,2.544081598056528,0,-0.8284324156213368,-0.32036319269464486,0.12838915571849938,-0.8765553086437526,1,0,0,0
20000.0,1.1936730022514686,0.0,-0.01451166441269542,2.3310229934558913,0,-0.9251471672952729,-1.1207048028851228,-0.9346187243669639,-1.1195284189688806,0,0,1,0
61800.0,-1.2625601315889432,0.0,-0.01451166441269542,-1.504031889355566,0,0.2876558186958844,-1.100277399583882,-1.164846784639172,-0.9157255191567732,1,0,0,0
45000.0,0.4555304024445055,1.0,-0.014500923729921091,0.4134955520501627,0,-0.41739472100710895,-0.6773632585629926,-0.9346187243669639,-0.7023018658853277,0,0,1,0
37000.0,1.0664070367675094,0.0,-0.01451166441269542,-0.8648560755536564,0,-0.43190193375819935,-0.8102427462111627,0.12838915571849938,-0.8015849257249965,0,0,1,0
35555.0,2.0336283744455987,0.0,-0.014500923729921091,-0.012621657151110341,0,-0.6457624283971903,-0.7092948551838962,-0.9346187243669639,-0.7386518926384681,1,0,0,0
28000.0,-0.537144128330376,0.0,-0.01451166441269542,0.20043694744952617,0,-0.6930317632778266,-1.1207048028851228,0.12838915571849938,-0.9665528291966192,0,0,1,0
29000.0,-1.2434702367663493,0.0,-0.01451166441269542,-0.4387388663523834,0,-0.6640173377756458,-1.3420330208418312,-0.9346187243669639,-0.9226367542949103,0,0,1,0
95000.0,1.5118379159613664,0.0,-0.014500923729921091,-0.6517974709530199,0,0.791539674917091,-0.32036319269464486,-0.13969362055378792,0.20577945553181676,1,0,0,0
42000.0,-0.35897177665283314,0.0,-0.014554627143792737,-0.4387388663523834,0,4.587593678119078,-0.7092948551838962,-0.9346187243669639,-0.8699883990356986,0,0,1,0
31000.0,2.0972613571875787,0.0,-0.01451166441269542,1.4787885750533454,0,-0.6059884867712841,-0.9345511308118133,-0.9346187243669639,-0.6861294929918105,1,0,0,0
40000.0,-0.42260475939481273,0.0,-0.014500923729921091,-0.4387388663523834,0,-0.5382881605995289,-0.8194871463930152,0.12838915571849938,-0.40505772975802357,0,0,1,0
21800.0,1.8300028296712643,0.0,-0.01451166441269542,2.117964388855255,0,-0.8729212013913474,-0.7092948551838962,-0.9346187243669639,-0.8699883990356986,0,0,1,0
60000.0,2.46633265709106,1.0,-0.014414998267726459,1.6918471796539818,0,-0.8836979880064433,1.61783723340406,-0.16392578415542897,0.8267724449304006,1,0,0,0
28000.0,-0.6135037076207515,0.0,-0.01451166441269542,-0.4387388663523834,0,-0.6930317632778266,-1.3420330208418312,-0.9497616223813684,-0.9226367542949103,0,0,1,0
65000.0,-0.18079942497529033,0.0,-0.014490183047146762,-0.012621657151110341,0,-0.1583373504519232,-0.14125162852066492,-0.9346187243669639,-0.05367235058736728,0,0,1,0
55000.0,1.1936730022514686,1.0,-0.014500923729921091,-0.012621657151110341,0,-0.17560784182226907,-0.32036319269464486,0.12838915571849938,-0.30619249850394636,0,0,1,0
81000.0,-0.6389569007175433,1.0,-0.014479442364372434,-0.8648560755536564,0,-0.036580386290986006,-0.6696563497873814,-0.9346187243669639,-0.42529043165010694,0,0,1,0
49500.0,-0.29533879391085355,0.0,-0.01451166441269542,-0.8648560755536564,0,-0.0692216149809394,-0.5122794054175007,-0.9346187243669639,-0.6222774354233112,0,0,1,0
280000.0,-1.3121938581276873,1.0,-0.014307591439983168,-1.504031889355566,0,0.18707247695499088,-0.32036319269464486,0.43632286632090406,1.6030793627214406,0,0,1,0
60000.0,1.702736864187305,1.0,-0.014490183047146762,0.8396127612514358,0,-0.26196029867399767,1.61783723340406,0.12838915571849938,0.6780518647784939,0,0,1,0
147000.0,0.8118751057995911,1.0,-0.014490183047146762,-0.6517974709530199,0,1.5410790003900947,1.61783723340406,0.43632286632090406,0.8133485798913955,0,0,1,0
30000.0,-1.349864583910939,0.0,-0.01451166441269542,-0.6517974709530199,0,-0.635002912273465,-1.100277399583882,0.12838915571849938,-0.8655644301354135,1,0,0,0
39000.0,0.17554527837979533,0.0,-0.014500923729921091,2.117964388855255,0,-0.562466848518013,0.7168979404301677,-0.9346187243669639,-0.4247585554475627,1,0,0,0
55000.0,-0.20625261807208214,0.0,-0.014500923729921091,-0.8648560755536564,0,-0.17560784182226907,-0.8102427462111627,0.645607861430407,-0.4323317433018523,1,0,0,0
65000.0,-0.3971515662980209,0.0,-0.01451166441269542,-0.012621657151110341,0,0.3805019803028629,-0.7092948551838962,-0.9497616223813684,-0.30667095918937953,1,0,0,0
48900.0,0.30281124386375446,0.0,-0.01451166441269542,-0.22568026175174685,0,-0.08663027028224789,-0.5122794054175007,-0.9346187243669639,-0.6222774354233112,0,0,1,0
57000.0,0.2773580507669626,1.0,-0.014468701681598103,0.20043694744952617,0,-0.586645536436497,-0.24807192448694768,0.43632286632090406,0.08879240241231086,0,0,1,0
87900.0,-0.078986652588123,0.0,-0.014490183047146762,-0.6517974709530199,0,0.31625575240517684,-0.32036319269464486,-0.9497616223813684,0.3028550113639118,0,0,1,0
47800.0,-0.11716644223331074,0.0,-0.01451166441269542,-0.6517974709530199,0,-0.11854613833464676,-0.9345511308118133,-0.9497616223813684,-0.7674136132819462,0,0,1,0
64000.0,-0.677136690362731,0.0,-0.014490183047146762,0.6265541566507993,0,-0.1790619400963381,-0.6808932935519518,0.43632286632090406,-0.2790448113622479,1,0,0,0
43500.0,-1.3478283284631958,1.0,-0.014457960998823774,0.8396127612514358,0,-0.8743719226664565,-0.5122794054175007,0.12838915571849938,-0.6548525716130805,0,0,1,0
79900.0,1.0409538436707175,0.0,-0.014500923729921091,0.4134955520501627,0,0.42644148734798243,1.2004690324034661,0.43632286632090406,0.5325102385989583,1,0,0,0
53000.0,-0.49896433868518825,0.0,-0.014522405095469749,-0.8648560755536564,0,0.41677001218058896,-1.1207048028851228,0.12838915571849938,-0.8428143786987349,0,0,1,0
155000.0,0.30281124386375446,1.0,-0.014479442364372434,-0.6517974709530199,0,1.3053367931848758,1.61783723340406,0.12838915571849938,0.8267724449304006,1,0,0,0
70000.0,-0.8807622351370658,0.0,-0.014500923729921091,-0.012621657151110341,0,0.18707247695499088,-0.32036319269464486,-0.9346187243669639,-0.30619249850394636,0,0,1,0
120000.0,-0.52441753178198,1.0,-0.014457960998823774,-1.077914680154293,0,0.23542985279195897,-0.5122794054175007,0.43632286632090406,0.17671313981439438,0,0,1,0
30000.0,2.339066691607101,0.0,-0.014500923729921091,1.4787885750533454,0,-0.7800750397843689,-1.1207048028851228,0.12838915571849938,-0.8445406698646618,1,0,0,0
35000.0,-0.9443952178790452,0.0,-0.013835001397912688,-1.077914680154293,0,-1.4307661999435708,-0.7107256994550611,-0.9497616223813684,-0.788213532922619,0,0,1,0
25000.0,-1.3491009881180354,0.0,-0.014500923729921091,1.2657299704527087,0,-0.9009684793767888,-0.32036319269464486,-0.9346187243669639,-0.7466237140621923,1,0,0,0
48000.0,-0.7407696731047106,0.0,-0.01451166441269542,-0.4387388663523834,0,-0.1127432532342106,-0.9345511308118133,0.12838915571849938,-0.7674136132819462,0,0,1,0
44000.0,-1.349635505173068,0.0,-0.01451166441269542,-0.012621657151110341,0,-0.22880095524293378,-0.07526237887860447,-0.9346187243669639,-0.5744530777639784,0,0,1,0
21000.0,0.9391410712835503,0.0,-0.01451166441269542,2.544081598056528,0,-0.8961327417930921,-0.7092948551838962,0.12838915571849938,-0.8699883990356986,0,0,1,0
62000.0,-0.39010103181020955,0.0,-0.014500923729921091,-0.8648560755536564,0,-0.006357026392880924,-0.6696563497873814,-0.9497616223813684,-0.42529043165010694,0,0,1,0
81000.0,1.4100251435741993,1.0,-0.014490183047146762,0.6265541566507993,0,0.17325608385871427,1.61783723340406,0.12838915571849938,0.8558122807230648,1,0,0,0
79500.0,-1.3497373179454553,0.0,-0.014490183047146762,-0.8648560755536564,0,0.14216919939209208,-0.8102427462111627,-0.13969362055378792,-0.1688273628391848,0,0,1,0
28000.0,-0.18079942497529033,0.0,-0.01451166441269542,1.4787885750533454,0,-0.6930317632778266,-1.1207048028851228,-0.13969362055378792,-0.8428143786987349,0,0,1,0
33000.0,0.3282644369605463,0.0,-0.01451166441269542,0.4134955520501627,0,-0.5479596357669225,-1.1207048028851228,-0.9497616223813684,-0.7548560497482442,0,0,1,0
68000.0,-0.7916760592982943,1.0,-0.014500923729921091,-0.8648560755536564,0,0.13871510111802307,-0.14125162852066492,0.12838915571849938,-0.5310636738466661,0,0,1,0
53500.0,-0.3335185835560413,0.0,-0.014490183047146762,-0.4387388663523834,0,-0.3966701313626941,-0.24807192448694768,0.12838915571849938,-0.318855491726885,0,0,1,0
32000.0,-1.3479555944286798,0.0,-0.014500923729921091,1.4787885750533454,0,-0.731717663947401,-0.8102427462111627,-0.9497616223813684,-0.6123936341522249,1,0,0,0
37000.0,-0.842582445491878,0.0,-0.014522405095469749,-0.22568026175174685,0,-0.163518497863027,-1.1207048028851228,0.12838915571849938,-0.8428143786987349,0,0,1,0
46000.0,0.7482421230576115,0.0,-0.01451166441269542,-0.6517974709530199,0,-0.1707721042385722,-1.1207048028851228,-1.164846784639172,-0.6199086206554122,1,0,0,0
68000.0,0.2837213490411606,0.0,-0.014479442364372434,0.8396127612514358,0,-0.27232259349620497,1.61783723340406,-0.9346187243669639,0.4451786460753563,0,0,1,0
150000.0,-1.2116537453953595,1.0,0.006915997722091051,-1.2909732847549296,0,-1.4945552677755711,-0.5122794054175007,-1.164846784639172,0.17671313981439438,0,0,1,0
37500.0,1.3845719504774074,0.0,-0.013867223446235677,0.4134955520501627,0,-1.4217402191595212,-0.32036319269464486,-0.9497616223813684,-0.677508791536798,0,0,1,0
73000.0,1.448204933219387,1.0,-0.014490183047146762,-0.6517974709530199,0,0.007459366703395671,-0.8102427462111627,-0.9497616223813684,-0.1688273628391848,0,0,1,0
39500.0,-0.8107659541208881,0.0,-0.014522405095469749,-0.8648560755536564,0,-0.072848418168712,-0.8102427462111627,-0.9346187243669639,-0.8015849257249965,0,0,1,0
48000.0,-1.3494076990948518,0.0,-0.014500923729921091,0.20043694744952617,0,-0.344858657251657,-1.1207048028851228,-0.9497616223813684,-0.27595943853272237,1,0,0,0
61500.0,-0.29533879391085355,0.0,-0.014522405095469749,-0.6517974709530199,0,0.7250482831412599,-0.32036319269464486,-0.9346187243669639,-0.677508791536798,0,0,1,0
65000.0,1.5754708987033461,0.0,-0.014500923729921091,0.6265541566507993,0,0.06617903736257107,-0.8102427462111627,0.12838915571849938,-0.6547550895783869,1,0,0,0
69800.0,0.04827931289583617,1.0,-0.014468701681598103,-0.4387388663523834,0,-0.3803207328654335,0.056054044997550484,-0.13969362055378792,0.06237714395346962,0,0,1,0
84000.0,0.22645166457337898,1.0,-0.014479442364372434,-0.4387388663523834,0,0.017821661525602984,1.2004690324034661,-0.9346187243669639,-0.5194584646810648,0,0,1,0
42000.0,0.4682569989929014,0.0,-0.014500923729921091,0.8396127612514358,0,-0.48993078476256097,0.4662159903578188,0.43632286632090406,-0.7268446043020073,0,0,1,0
235000.0,-0.7280430765563147,1.0,-0.014457960998823774,-0.8648560755536564,0,1.9037593191673547,1.61783723340406,0.12838915571849938,0.8267724449304006,0,0,0,1
73000.0,-0.4098781628464168,1.0,-0.014500923729921091,0.20043694744952617,0,0.25960854071044287,-0.32036319269464486,0.12838915571849938,-0.30619249850394636,0,0,1,0
24500.0,-0.16807282842689442,0.0,-0.01451166441269542,-0.012621657151110341,0,-0.7945822525354593,-1.3420330208418312,-0.9346187243669639,-0.9226367542949103,0,0,1,0
40800.0,0.13736548873460758,0.0,-0.01451166441269542,-0.8648560755536564,0,-0.3216471168499123,-0.9345511308118133,-0.9346187243669639,-0.7674136132819462,0,0,1,0
48500.0,1.3845719504774074,0.0,-0.014490183047146762,0.6265541566507993,0,-0.5002930795847684,-0.958293484507613,-0.9497616223813684,-0.3110906155234552,1,0,0,0
105000.0,-0.23170581116887398,1.0,-0.014479442364372434,-0.6517974709530199,0,0.39863599624172597,-0.32036319269464486,0.12838915571849938,-0.21518594876585154,0,0,0,1
75000.0,2.211800726123142,1.0,-0.014479442364372434,1.0526713658520723,0,-0.145384481924164,1.61783723340406,-1.164846784639172,0.6780518647784939,0,0,1,0
55000.0,1.0918602298643012,1.0,-0.014457960998823774,0.6265541566507993,0,-0.7075389760289169,-0.5122794054175007,-0.9497616223813684,0.17671313981439438,0,0,1,0
84500.0,-0.14261963533010258,0.0,-0.014500923729921091,-1.077914680154293,0,0.537663451773009,-0.32036319269464486,0.43632286632090406,0.4133108881641858,0,0,1,0
49000.0,-0.3335185835560413,1.0,-0.014490183047146762,-0.6517974709530199,0,-0.48993078476256097,0.3664142374090258,0.12838915571849938,-0.3903636606093302,0,0,1,0
75000.0,-1.2447428964211888,1.0,-0.014500923729921091,-0.22568026175174685,0,0.30796591654741096,0.5199635555482692,-0.9346187243669639,0.05571814064126158,0,0,1,0
34500.0,0.43007720934771365,0.0,-0.01451166441269542,1.2657299704527087,0,-0.5044379975136514,-0.32372425172264196,-0.9346187243669639,-0.557862186594303,0,0,1,0
60000.0,2.020901777897203,0.0,-0.014479442364372434,0.8396127612514358,0,-0.41739472100710895,-0.32036319269464486,-0.9346187243669639,0.27267559763416027,1,0,0,0
62000.0,0.5827963679284647,1.0,-0.014490183047146762,0.4134955520501627,0,-0.22051111938516788,1.2004690324034661,0.12838915571849938,-0.15928108389642115,0,0,1,0
29500.0,-1.347866508252841,0.0,-0.014490183047146762,2.3310229934558913,0,-0.8940602828286506,-0.32036319269464486,-0.9497616223813684,-0.21518594876585154,0,0,1,0
26000.0,0.4809835955412973,0.0,-0.01451166441269542,0.4134955520501627,0,-0.7510606142821882,-1.1207048028851228,-0.9497616223813684,-0.9665528291966192,0,0,1,0
52000.0,0.6464293506704443,1.0,-0.014500923729921091,0.4134955520501627,0,-0.24814390557772106,-0.6808932935519518,-0.9346187243669639,-0.602167493145275,0,0,1,0
49500.0,0.9645942643803421,1.0,-0.014490183047146762,-0.22568026175174685,0,-0.4795684899403535,-0.24807192448694768,-0.9497616223813684,-0.318855491726885,0,0,1,0
105000.0,-0.33988188183023926,1.0,-0.014479442364372434,-0.22568026175174685,0,0.39863599624172597,1.2004690324034661,-0.9497616223813684,0.5325102385989583,0,0,1,0
33500.0,2.059081567542391,0.0,-0.01451166441269542,1.4787885750533454,0,-0.5334524230158322,-0.32036319269464486,-0.9346187243669639,-0.677508791536798,0,0,1,0
20800.0,-1.347064732670292,1.0,-0.01451166441269542,-0.012621657151110341,0,-0.9019356268935282,-1.100277399583882,-0.9346187243669639,-0.9157255191567732,1,0,0,0
43900.0,0.7736953161544033,0.0,-0.014490183047146762,1.9049057842546184,0,-0.5956261919490767,1.2004690324034661,0.12838915571849938,-0.15928108389642115,0,0,1,0
43900.0,0.2773580507669626,0.0,-0.014490183047146762,1.6918471796539818,0,-0.5956261919490767,1.2004690324034661,0.12838915571849938,-0.15928108389642115,0,0,1,0
60000.0,-1.3516463074277145,0.0,-0.014500923729921091,-1.504031889355566,0,-0.054714402229849,-0.24807192448694768,0.12838915571849938,-0.48217140404985104,0,0,1,0
12345.0,0.7864219127027993,1.0,-0.014479442364372434,0.20043694744952617,0,-1.2815712505736252,-0.32036319269464486,0.12838915571849938,-0.7466237140621923,1,0,0,0
56000.0,-0.5753239179755637,1.0,-0.014490183047146762,-0.4387388663523834,0,-0.344858657251657,-1.1207048028851228,0.12838915571849938,-0.8428143786987349,0,0,1,0
38500.0,0.5573431748316728,0.0,-0.01451166441269542,-0.012621657151110341,0,-0.38838029550492814,-0.14125162852066492,0.12838915571849938,-0.5731003542552597,0,0,1,0
32500.0,0.9645942643803421,0.0,-0.014522405095469749,0.6265541566507993,0,-0.326724641312794,-1.100277399583882,-0.9346187243669639,-0.7007311306266601,0,0,1,0
44000.0,0.04827931289583617,0.0,-0.014500923729921091,0.4134955520501627,0,-0.441573408925593,-0.6773632585629926,0.12838915571849938,-0.5841160363427136,0,0,1,0
22000.0,1.0664070367675094,0.0,-0.014522405095469749,2.3310229934558913,0,-0.7075389760289169,-0.32036319269464486,0.12838915571849938,-0.677508791536798,0,0,1,0
95000.0,-0.28261219736245763,1.0,-0.014468701681598103,-0.8648560755536564,0,0.025881224165097534,-0.5122794054175007,-0.9497616223813684,0.16978343918735347,0,0,1,0
38500.0,2.288160305413517,1.0,-0.014490183047146762,1.0526713658520723,0,-0.7075389760289169,-0.5122794054175007,0.12838915571849938,-0.7515247820538202,0,0,1,0
36000.0,1.855456022768056,0.0,-0.01451166441269542,1.4787885750533454,0,-0.46091635926038016,-0.32036319269464486,-0.9346187243669639,-0.726667004122192,0,0,1,0
35000.0,-1.3512645095312628,0.0,-0.014533145778244078,-0.6517974709530199,0,0.18707247695499088,-0.7107256994550611,-0.9346187243669639,-0.788213532922619,0,0,1,0
30000.0,0.6387933927414067,0.0,-0.014490183047146762,1.6918471796539818,0,-0.8836979880064433,-0.8102427462111627,-0.9497616223813684,-0.1688273628391848,0,0,1,0
54000.0,0.06100590944423208,0.0,-0.014500923729921091,-0.4387388663523834,0,-0.19978652974075298,-0.6696563497873814,0.12838915571849938,-0.42529043165010694,0,0,1,0
28500.0,0.8118751057995911,0.0,-0.01451166441269542,-0.012621657151110341,0,-0.6785245505267361,-0.8102427462111627,0.12838915571849938,-1.0150918929746795,0,0,1,0
165000.0,0.29008464731535855,1.0,-0.014457960998823774,-0.22568026175174685,0,0.8882544265910268,0.8002264370753965,0.43632286632090406,0.556204516117268,1,0,0,0
80000.0,-0.842582445491878,1.0,-0.014468701681598103,-0.8648560755536564,0,-0.21590565501974235,-0.8194871463930152,0.43632286632090406,-0.40505772975802357,0,0,1,0
68000.0,-0.35897177665283314,0.0,-0.01451166441269542,-0.8648560755536564,0,0.46754525680940534,-0.8102427462111627,0.12838915571849938,-0.6547550895783869,1,0,0,0
79000.0,1.0664070367675094,1.0,-0.014490183047146762,0.6265541566507993,0,0.13180690456988475,1.61783723340406,0.12838915571849938,0.6780518647784939,0,0,1,0
32500.0,0.977320860928738,1.0,-0.01451166441269542,0.6265541566507993,0,-0.562466848518013,-0.32372425172264196,-0.9346187243669639,-0.557862186594303,0,0,1,0
63000.0,0.6464293506704443,0.0,-0.014500923729921091,0.4134955520501627,0,0.017821661525602984,-0.32036319269464486,0.12838915571849938,-0.30619249850394636,0,0,1,0
55000.0,1.1936730022514686,0.0,-0.014490183047146762,0.8396127612514358,0,-0.36558324689607186,-0.7092948551838962,0.645607861430407,0.36808876559412446,1,0,0,0
52000.0,-0.4607845490400005,0.0,-0.014500923729921091,-0.8648560755536564,0,-0.24814390557772106,-0.958293484507613,0.12838915571849938,-0.7343992367672523,0,0,1,0
34000.0,-0.015353669846143416,0.0,-0.014522405095469749,-0.4387388663523834,0,-0.27232259349620497,-1.1207048028851228,-0.9346187243669639,-0.8428143786987349,0,0,1,0
53000.0,-0.20625261807208214,0.0,-0.014500923729921091,-0.8648560755536564,0,-0.2239652176592369,-0.958293484507613,0.12838915571849938,-0.7343992367672523,0,0,1,0
49000.0,-0.19352602152368623,0.0,-0.014522405095469749,-0.6517974709530199,0,0.271697884669685,-0.32036319269464486,-0.9346187243669639,-0.677508791536798,0,0,1,0
32500.0,0.5573431748316728,0.0,-0.014500923729921091,-0.012621657151110341,0,-0.7196283199881589,-0.8194871463930152,0.12838915571849938,-0.4247585554475627,0,0,1,0
21000.0,2.46633265709106,0.0,-0.014500923729921091,2.3310229934558913,0,-0.9976832310507249,-0.8102427462111627,0.12838915571849938,-1.0115403699354903,1,0,0,0
85000.0,1.5118379159613664,0.0,-0.014500923729921091,-0.22568026175174685,0,0.5497527957322509,1.61783723340406,0.12838915571849938,0.8558122807230648,1,0,0,0
50500.0,0.2391782611217749,0.0,-0.01451166441269542,-0.8648560755536564,0,-0.040207189478758606,-0.5122794054175007,-0.9346187243669639,-0.6222774354233112,0,0,1,0
43300.0,-1.2243803419437553,0.0,-0.014522405095469749,-0.22568026175174685,0,0.06497010296664678,-0.9345511308118133,0.12838915571849938,-0.7674136132819462,1,0,0,0
36000.0,0.3926355623023329,0.0,-0.01451166441269542,0.8396127612514358,0,-0.46091635926038016,-0.8102427462111627,-1.164846784639172,-0.6547550895783869,1,0,0,0
38000.0,-1.3485919242560995,0.0,-0.014490183047146762,1.0526713658520723,0,-0.7179012708511243,0.7168979404301677,-0.9346187243669639,-0.5254071569925362,0,0,1,0
57000.0,1.1936730022514686,1.0,-0.014457960998823774,0.20043694744952617,0,-0.6785245505267361,0.3664142374090258,0.12838915571849938,-0.18363199401283248,0,0,1,0
67000.0,0.43007720934771365,1.0,-0.014490183047146762,0.6265541566507993,0,-0.11688817116309368,1.2004690324034661,0.12838915571849938,-0.15928108389642115,0,0,1,0
70000.0,1.226443988363588,0.0,-0.012524638099444544,0.4134955520501627,0,-1.451988051413819,1.2004690324034661,0.12838915571849938,0.6237072297129891,1,0,0,0
32800.0,1.0664070367675094,1.0,-0.014479442364372434,1.0526713658520723,0,-0.9106399545441825,-0.6696563497873814,0.43632286632090406,-0.6774786390296003,1,0,0,0
66000.0,0.04827931289583617,0.0,-0.014500923729921091,-0.4387388663523834,0,0.09035772528105497,-0.32036319269464486,0.12838915571849938,-0.27162723695701885,0,0,1,0
72000.0,-1.3516463074277145,0.0,-0.014500923729921091,-0.6517974709530199,0,0.23542985279195897,-0.5122794054175007,0.43632286632090406,0.16978343918735347,0,0,1,0
30000.0,0.6209761575736524,0.0,-0.014522405095469749,0.4134955520501627,0,-0.41739472100710895,-1.100277399583882,0.12838915571849938,-0.8241565621241418,0,0,1,0
65000.0,-0.078986652588123,0.0,-0.01451166441269542,-0.6517974709530199,0,0.3805019803028629,-0.5122794054175007,-0.9346187243669639,0.16978343918735347,0,0,1,0
74000.0,-0.9571218144274412,1.0,-0.014490183047146762,-0.4387388663523834,0,0.0281839563478103,-0.9345511308118133,-0.9497616223813684,-0.5317936450092879,0,0,1,0
60000.0,-0.5753239179755637,1.0,-0.014479442364372434,-1.077914680154293,0,-0.41739472100710895,0.7168979404301677,0.12838915571849938,0.3604595735481716,0,0,1,0
63000.0,-0.04080686294293525,1.0,-0.014490183047146762,-0.4387388663523834,0,-0.19978652974075298,-0.07526237887860447,0.12838915571849938,-0.19803040055061802,0,0,1,0
41000.0,-0.842582445491878,0.0,-0.01451166441269542,-1.2909732847549296,0,-0.3158442317494762,-1.100277399583882,-0.9497616223813684,-0.8655644301354135,1,0,0,0
120000.0,-0.7153164800079188,1.0,-0.014361294853854813,-0.8648560755536564,0,-0.5891906614805479,-0.32036319269464486,0.43632286632090406,0.4133108881641858,0,0,1,0
12345.0,1.6263772848969298,1.0,-0.014414998267726459,1.2657299704527087,0,-1.3775131477587381,1.61783723340406,0.43632286632090406,0.3760569746667397,1,0,0,0
26000.0,0.9518676678319462,0.0,-0.01451166441269542,0.8396127612514358,0,-0.7510606142821882,-1.1207048028851228,-0.9346187243669639,-0.932723118563068,0,0,1,0
36000.0,0.6846091403156319,0.0,-0.014490183047146762,1.6918471796539818,0,-0.7593504501399541,1.2004690324034661,0.12838915571849938,-0.5194584646810648,0,0,1,0
62000.0,-1.1734739557501717,1.0,-0.014457960998823774,0.6265541566507993,0,-0.6059884867712841,0.7168979404301677,0.12838915571849938,0.08035473480485336,0,0,1,0
26000.0,0.671882543767236,1.0,-0.014522405095469749,1.4787885750533454,0,-0.562466848518013,-1.100277399583882,-0.9346187243669639,-1.0243493419853384,0,0,1,0
125000.0,-0.7153164800079188,1.0,-0.014425738950500788,-0.22568026175174685,0,-0.11051137434942748,1.2004690324034661,-0.9497616223813684,0.5325102385989583,0,0,1,0
27600.0,0.9518676678319462,0.0,-0.01451166441269542,0.8396127612514358,0,-0.7046375334786988,-1.1207048028851228,-0.9346187243669639,-0.932723118563068,0,0,1,0
85000.0,0.007248765623807731,0.0,-0.014500923729921091,-0.012621657151110341,0,0.5497527957322509,-0.5122794054175007,0.43632286632090406,0.17671313981439438,1,0,0,0
54000.0,1.8936358124132437,1.0,-0.014468701681598103,1.6918471796539818,0,-0.635002912273465,1.61783723340406,0.12838915571849938,0.8558122807230648,0,0,1,0
32000.0,1.672842088895123,0.0,-0.014500923729921091,1.9049057842546184,0,-0.731717663947401,-0.32036319269464486,0.12838915571849938,-0.21518594876585154,1,0,0,0
22500.0,2.2754337088651213,0.0,-0.014479442364372434,1.6918471796539818,0,-1.0974203187144713,-0.32036319269464486,-1.164846784639172,-0.6762865631636473,1,0,0,0
175000.0,-1.135294166104984,1.0,-0.014468701681598103,-0.6517974709530199,0,1.3154112464842442,1.61783723340406,0.12838915571849938,0.21854167950849016,0,0,1,0
65000.0,0.3918974197025259,0.0,-0.014500923729921091,-0.22568026175174685,0,0.06617903736257107,-0.32036319269464486,-0.9497616223813684,-0.27162723695701885,0,0,1,0
22000.0,1.7663698469292846,0.0,-0.01451166441269542,2.117964388855255,0,-0.8671183162909113,-0.958293484507613,-0.9346187243669639,-0.7343992367672523,0,0,1,0
18000.0,-0.842582445491878,0.0,-0.01451166441269542,0.8396127612514358,0,-0.9831760182996345,-1.1381312347207264,-0.9497616223813684,-0.905686472068768,1,0,0,0
63997.0,1.448204933219387,0.0,-0.014500923729921091,0.20043694744952617,0,0.04192781338033144,1.2004690324034661,-0.13969362055378792,0.4904634406508598,1,0,0,0
21500.0,-1.3489737221525515,0.0,-0.01451166441269542,0.8396127612514358,0,-0.8816255290420018,-1.1207048028851228,0.12838915571849938,-1.059115524404746,1,0,0,0
32000.0,0.5700697713800688,0.0,-0.01451166441269542,1.4787885750533454,0,-0.5769740612691033,-0.9345511308118133,-0.13969362055378792,-0.6861294929918105,1,0,0,0
36000.0,-1.1862005522985677,0.0,-0.014522405095469749,-0.4387388663523834,0,-0.19978652974075298,-1.1207048028851228,0.12838915571849938,-0.8428143786987349,0,0,1,0
67000.0,1.0027740540255299,1.0,-0.014479442364372434,0.4134955520501627,0,-0.29045660943506796,-0.32036319269464486,0.43632286632090406,0.27267559763416027,0,0,1,0
25000.0,1.155493212606281,0.0,-0.01451166441269542,0.6265541566507993,0,-0.7800750397843689,-1.1207048028851228,0.12838915571849938,-0.9665528291966192,0,0,1,0
39000.0,0.04827931289583617,0.0,-0.014490183047146762,0.6265541566507993,0,-0.6971766812067095,-0.9345511308118133,0.12838915571849938,-0.9182779639521079,0,0,1,0
55000.0,1.3209389677354277,0.0,-0.01451166441269542,0.6265541566507993,0,0.09035772528105497,0.7168979404301677,0.12838915571849938,-0.4247585554475627,0,0,1,0
83500.0,-1.3497373179454553,1.0,-0.014500923729921091,-0.8648560755536564,0,0.5134847638545248,-0.32036319269464486,-0.9346187243669639,0.3028550113639118,0,0,1,0
35999.0,0.3926355623023329,0.0,-0.01451166441269542,0.8396127612514358,0,-0.4609453736858823,-0.8102427462111627,-1.164846784639172,-0.6547550895783869,1,0,0,0
41000.0,0.9200511764609564,0.0,-0.014500923729921091,0.4134955520501627,0,-0.514109472681045,-0.32372425172264196,-0.9346187243669639,-0.38651863159071703,0,0,1,0
29500.0,0.49371019208969324,0.0,-0.014500923729921091,-0.22568026175174685,0,-0.7921643837436109,-1.1381312347207264,-0.9497616223813684,-0.905686472068768,1,0,0,0
19500.0,-1.3487446434146804,0.0,-0.014490183047146762,1.4787885750533454,0,-1.1013061792727992,-1.1207048028851228,-1.164846784639172,-0.6199086206554122,1,0,0,0
83000.0,-1.347446530566744,1.0,-0.014457960998823774,1.0526713658520723,0,-0.3013370189983858,0.7168979404301677,0.43632286632090406,0.5762839065925054,1,0,0,0
75000.0,-0.9443952178790452,1.0,-0.014468701681598103,-0.8648560755536564,0,-0.2965012814146889,-0.8194871463930152,0.43632286632090406,-0.40505772975802357,0,0,1,0
123456.0,0.7355155265092156,0.0,-0.01451166441269542,-0.22568026175174685,0,2.0765692374583438,-1.1207048028851228,-0.9497616223813684,-0.9665528291966192,0,0,1,0
45000.0,-0.9380319196048473,0.0,-0.01451166441269542,0.20043694744952617,0,-0.19978652974075298,-0.8102427462111627,-0.9346187243669639,-0.44241729846874356,0,0,1,0
94000.0,1.0027740540255299,1.0,-0.014468701681598103,0.8396127612514358,0,0.009762098886108437,1.2004690324034661,0.12838915571849938,0.6237072297129891,0,0,1,0
125000.0,1.5754708987033461,1.0,-0.014404257584952129,1.6918471796539818,0,-0.2965012814146889,2.413559718457235,0.43632286632090406,1.0656601476446517,1,0,0,0
37000.0,-0.37169837320122906,0.0,-0.01451166441269542,-0.4387388663523834,0,-0.43190193375819935,-1.1207048028851228,0.12838915571849938,-0.8428143786987349,0,0,1,0
55000.0,0.5827963679284647,0.0,-0.013383892721390869,-0.8648560755536564,0,-1.4328996135834369,-0.8102427462111627,-0.9497616223813684,-0.6547550895783869,1,0,0,0
38000.0,0.21881570664434144,0.0,-0.01451166441269542,0.8396127612514358,0,-0.40288750825601854,-0.8102427462111627,0.12838915571849938,-0.599331507536703,0,0,1,0
35000.0,0.37917082315413,0.0,-0.014500923729921091,-0.6517974709530199,0,-0.6591816001919489,-1.1381312347207264,-1.164846784639172,-0.905686472068768,1,0,0,0
48000.0,-1.3495209658041325,1.0,-0.014490183047146762,1.4787885750533454,0,-0.5106553744069758,-0.32036319269464486,0.12838915571849938,-0.21518594876585154,0,0,1,0
95000.0,-0.52441753178198,1.0,-0.014468701681598103,-0.8648560755536564,0,0.025881224165097534,0.056054044997550484,0.43632286632090406,0.06237714395346962,0,0,1,0
18500.0,-1.3478283284631958,1.0,-0.014522405095469749,2.117964388855255,0,-0.834477087600958,-0.8102427462111627,-0.9346187243669639,-1.131006868936066,0,0,1,0
44000.0,2.339066691607101,0.0,-0.01451166441269542,0.6265541566507993,0,-0.22880095524293378,-0.32372425172264196,0.12838915571849938,-0.31092699726734396,0,0,1,0
54500.0,-1.0334813937178167,0.0,-0.01451166441269542,-1.2909732847549296,0,0.07585051252996458,-0.7107256994550611,-0.9497616223813684,-0.7430231774662824,0,0,1,0
61500.0,-1.3501572956315522,1.0,-0.014500923729921091,-0.012621657151110341,0,-0.01844637035212301,-0.32036319269464486,0.12838915571849938,-0.30619249850394636,0,0,1,0
19200.0,-1.3475737965322279,0.0,-0.014522405095469749,2.544081598056528,0,-0.8090894652865497,-0.32036319269464486,0.12838915571849938,-0.677508791536798,0,0,1,0
65000.0,-0.23170581116887398,0.0,-0.014500923729921091,-0.4387388663523834,0,0.06617903736257107,-0.8102427462111627,-0.9497616223813684,-0.44241729846874356,0,0,1,0
70000.0,1.0791336333159054,1.0,-0.014490183047146762,-0.6517974709530199,0,-0.054714402229849,-1.1207048028851228,-0.13969362055378792,-0.623765102951953,1,0,0,0
34500.0,0.5573431748316728,1.0,-0.01451166441269542,0.6265541566507993,0,-0.5044379975136514,-0.5122794054175007,-0.9346187243669639,-0.6599620002908548,0,0,1,0
135000.0,-1.0207547971694209,1.0,-0.014447220316049445,-1.2909732847549296,0,0.27499497847675086,-0.49635058616431343,-0.9497616223813684,-0.34419604267662074,0,0,1,0
44000.0,-0.23170581116887398,1.0,-0.014479442364372434,1.0526713658520723,0,-0.7075389760289169,-0.5122794054175007,-0.9497616223813684,-0.6483078413686326,0,0,1,0
64000.0,-1.135294166104984,0.0,-0.01451166441269542,-1.504031889355566,0,0.35148755480068217,-1.100277399583882,-1.164846784639172,-0.9157255191567732,1,0,0,0
125000.0,0.671882543767236,0.0,-0.014468701681598103,-0.012621657151110341,0,0.5094549825347776,1.5274482590375342,-0.9497616223813684,2.2837313081440214,1,0,0,0
55000.0,0.6973357368640278,0.0,-0.01451166441269542,-0.012621657151110341,0,0.09035772528105497,-0.8102427462111627,-0.9346187243669639,-0.44241729846874356,1,0,0,0
46000.0,0.43007720934771365,0.0,-0.014500923729921091,0.8396127612514358,0,-0.3932160330886249,-0.9345511308118133,-0.9497616223813684,-0.5317936450092879,0,0,1,0
69499.0,-0.7025898834595229,1.0,-0.014490183047146762,-0.8648560755536564,0,-0.06509742164170096,-0.24807192448694768,-0.9497616223813684,-0.318855491726885,0,0,1,0
64500.0,-0.16807282842689442,1.0,-0.014500923729921091,0.20043694744952617,0,0.05408969340332898,-0.7107256994550611,0.43632286632090406,-0.3501135696059757,0,0,1,0
68500.0,0.44280380589610957,1.0,-0.014490183047146762,0.6265541566507993,0,-0.08580128669647122,1.2004690324034661,0.12838915571849938,-0.15928108389642115,0,0,1,0
54000.0,0.9055301297992366,1.0,-0.014468701681598103,0.20043694744952617,0,-0.635002912273465,-0.24807192448694768,0.43632286632090406,-0.318855491726885,0,0,1,0
107000.0,-0.6007771110723555,1.0,-0.014500923729921091,-0.6517974709530199,0,1.0816839299388987,-0.32036319269464486,0.12838915571849938,-0.30619249850394636,0,0,0,1
65000.0,0.39768802113204604,0.0,-0.014500923729921091,-0.22568026175174685,0,0.06617903736257107,-0.32036319269464486,-0.9497616223813684,-0.27162723695701885,0,0,1,0
51800.0,-0.16807282842689442,0.0,-0.014522405095469749,-0.6517974709530199,0,0.37324837392731774,-1.100277399583882,-0.9346187243669639,-0.4848532035135466,0,0,1,0
48500.0,0.5064367886380892,0.0,-0.01451166441269542,-0.6517974709530199,0,-0.09823604048312021,-1.1207048028851228,0.12838915571849938,-0.8428143786987349,1,0,0,0
46000.0,-0.37169837320122906,0.0,-0.014522405095469749,-0.22568026175174685,0,0.16289378903650698,-0.32036319269464486,-0.9497616223813684,-0.677508791536798,0,0,1,0
29500.0,-0.35897177665283314,0.0,-0.014522405095469749,-0.4387388663523834,0,-0.43552873694597194,-0.8102427462111627,-0.9346187243669639,-0.8015849257249965,0,0,1,0
24000.0,-0.7662228662015025,0.0,-0.014500923729921091,-1.504031889355566,0,-0.9251471672952729,-1.100277399583882,-0.9497616223813684,-0.9157255191567732,1,0,0,0
35000.0,1.5754708987033461,0.0,-0.014468701681598103,1.6918471796539818,0,-0.9412662925742623,-0.14125162852066492,0.43632286632090406,0.4692490690211446,1,0,0,0
54000.0,0.21372506802498306,0.0,-0.01451166441269542,-0.22568026175174685,0,0.06134329977887418,-0.5122794054175007,-0.9346187243669639,-0.6222774354233112,0,0,1,0
54000.0,-0.6262303041691474,0.0,-0.01451166441269542,-0.8648560755536564,0,0.06134329977887418,1.61783723340406,-1.164846784639172,0.3137675045652069,1,0,0,0
132000.0,0.17554527837979533,0.0,-0.014479442364372434,-0.012621657151110341,0,0.8882544265910268,0.5199635555482692,0.43632286632090406,0.8363390425449689,1,0,0,0
22000.0,-1.344392147395129,0.0,-0.01451166441269542,1.6918471796539818,0,-0.8671183162909113,-1.1207048028851228,0.12838915571849938,-0.8445406698646618,1,0,0,0
50000.0,-1.3493555200490033,0.0,-0.01451166441269542,0.4134955520501627,0,-0.054714402229849,-0.8102427462111627,0.43632286632090406,-0.44241729846874356,1,0,0,0
41500.0,0.8500548954447789,0.0,-0.014457960998823774,1.4787885750533454,0,-0.9033863481686373,-0.5122794054175007,0.12838915571849938,-0.6548525716130805,0,0,1,0
19400.0,-1.3516208542346178,1.0,-0.014522405095469749,1.6918471796539818,0,-0.8018358589110045,-1.100277399583882,-0.9346187243669639,-1.1313089334088868,0,0,1,0
63000.0,-1.3501700222281006,1.0,-0.014490183047146762,-0.22568026175174685,0,-0.19978652974075298,-0.9345511308118133,0.43632286632090406,-0.06772482138366047,0,0,1,0
220000.0,-0.5498707248787719,1.0,-0.014372035536629142,-0.22568026175174685,0,0.2676681033499377,-0.32036319269464486,0.43632286632090406,1.6030793627214406,1,0,0,0
51000.0,0.9645942643803421,0.0,-0.014490183047146762,1.0526713658520723,0,-0.4484816054737313,-0.5122794054175007,0.12838915571849938,0.17671313981439438,1,0,0,0
125000.0,-0.20625261807208214,1.0,-0.014479442364372434,-0.6517974709530199,0,0.7613163150189859,1.61783723340406,0.12838915571849938,0.4451786460753563,0,0,0,1
41000.0,-1.3485919242560995,0.0,-0.01451166441269542,-0.4387388663523834,0,-0.3158442317494762,-0.32036319269464486,-1.164846784639172,-0.6762865631636473,1,0,0,0
98000.0,0.36644422660573406,1.0,-0.014479442364372434,0.6265541566507993,0,0.271697884669685,1.61783723340406,0.12838915571849938,0.8558122807230648,0,0,1,0
77000.0,-0.9698484109758371,1.0,-0.014468701681598103,-0.4387388663523834,0,-0.26426303085671043,-0.5122794054175007,0.43632286632090406,0.17671313981439438,0,0,1,0
29000.0,1.448204933219387,0.0,-0.014490183047146762,1.4787885750533454,0,-0.904422577650858,-0.8102427462111627,-0.9497616223813684,-0.1688273628391848,0,0,1,0
28000.0,-1.3498009509281972,1.0,-0.01451166441269542,1.4787885750533454,0,-0.6930317632778266,-0.8102427462111627,0.12838915571849938,-0.9936241708913143,1,0,0,0
130000.0,-1.3516463074277145,0.0,-0.014457960998823774,-1.504031889355566,0,0.3805019803028629,0.8002264370753965,0.645607861430407,0.556204516117268,1,0,0,0
59900.0,-0.35897177665283314,0.0,-0.01451166441269542,-0.6517974709530199,0,0.23252841024174087,-0.5122794054175007,-0.9346187243669639,-0.6222774354233112,0,0,1,0
58000.0,0.1182755939120137,0.0,-0.014468701681598103,1.2657299704527087,0,-0.5705264111575076,1.61783723340406,0.12838915571849938,0.8558122807230648,0,0,1,0
26000.0,-1.3485919242560995,0.0,-0.01451166441269542,1.4787885750533454,0,-0.7510606142821882,-0.7092948551838962,-0.9346187243669639,-0.8699883990356986,0,0,1,0
88000.0,-0.3971515662980209,1.0,-0.014479442364372434,-0.6517974709530199,0,0.09035772528105497,1.4293979033596458,0.43632286632090406,0.2155965508984886,0,0,1,0
89000.0,-0.5116909352335841,1.0,-0.014500923729921091,-0.012621657151110341,0,0.646467547406187,1.61783723340406,0.12838915571849938,0.6780518647784939,0,0,1,0
61000.0,0.03555271634744025,0.0,-0.014490183047146762,-0.6517974709530199,0,-0.24123570902958277,-0.7092948551838962,0.43632286632090406,-0.30667095918937953,0,0,1,0
24000.0,2.3517932881554966,0.0,-0.01451166441269542,1.9049057842546184,0,-0.8090894652865497,-1.100277399583882,0.12838915571849938,-1.0243493419853384,0,0,1,0
24000.0,2.3517932881554966,0.0,-0.01451166441269542,1.6918471796539818,0,-0.8090894652865497,-1.100277399583882,0.12838915571849938,-1.0243493419853384,0,0,1,0
26000.0,-0.8925979699270739,0.0,-0.014522405095469749,-0.22568026175174685,0,-0.562466848518013,-0.8194871463930152,0.12838915571849938,-1.057680718158848,0,0,1,0
122000.0,-0.078986652588123,0.0,-0.014479442364372434,-0.4387388663523834,0,0.7069142672023969,-0.32036319269464486,0.12838915571849938,-0.21518594876585154,0,0,1,0
23000.0,0.9391410712835503,0.0,-0.01451166441269542,0.8396127612514358,0,-0.8381038907887305,-0.6808932935519518,-0.9346187243669639,-0.9543394275990159,0,0,1,0
47000.0,0.6082495610252565,0.0,-0.01451166441269542,0.4134955520501627,0,-0.1417576787363914,-0.8102427462111627,0.12838915571849938,-0.599331507536703,1,0,0,0
52000.0,0.12463889218621166,0.0,-0.01451166441269542,-0.6517974709530199,0,0.0033144487745125867,-1.1207048028851228,0.12838915571849938,-0.7741451547050625,1,0,0,0
37000.0,2.0845347606391824,1.0,-0.014500923729921091,1.4787885750533454,0,-0.6108242243549808,-0.8102427462111627,-0.13969362055378792,-0.1688273628391848,1,0,0,0
24800.0,-1.3516463074277145,0.0,-0.01451166441269542,0.4134955520501627,0,-0.7858779248848051,-1.1207048028851228,-0.9346187243669639,-0.9665528291966192,0,0,1,0
69500.0,0.5891596662026626,0.0,-0.014500923729921091,-0.012621657151110341,0,0.17498313299574905,-0.32036319269464486,0.12838915571849938,-0.30619249850394636,0,0,1,0
22000.0,-0.2571590042656658,0.0,-0.014522405095469749,-0.012621657151110341,0,-0.7075389760289169,-0.8194871463930152,0.12838915571849938,-1.057680718158848,0,0,1,0
48000.0,-0.4289680576690107,0.0,-0.01451166441269542,-0.8648560755536564,0,-0.1127432532342106,-0.5122794054175007,0.12838915571849938,-0.6222774354233112,0,0,1,0
48000.0,0.6464293506704443,1.0,-0.014468701681598103,0.8396127612514358,0,-0.731717663947401,-0.6773632585629926,0.43632286632090406,-0.3537977852528681,0,0,1,0
54000.0,0.9264144747351544,0.0,-0.014500923729921091,-0.22568026175174685,0,-0.19978652974075298,-0.7107256994550611,0.43632286632090406,-0.3501135696059757,0,0,1,0
99000.0,-0.22534251289467602,1.0,-0.014479442364372434,0.20043694744952617,0,0.28983190060854797,-0.32036319269464486,-0.9497616223813684,0.27267559763416027,0,0,1,0
39000.0,0.531889981734881,1.0,-0.014490183047146762,0.20043694744952617,0,-0.6971766812067095,0.3664142374090258,-0.9497616223813684,-0.3903636606093302,0,0,1,0
94000.0,0.7100623334124238,1.0,-0.014490183047146762,-0.4387388663523834,0,0.44267574923610764,1.61783723340406,0.12838915571849938,0.4451786460753563,0,0,1,0
46000.0,0.22645166457337898,0.0,-0.014500923729921091,-0.4387388663523834,0,-0.3932160330886249,-1.1207048028851228,-1.164846784639172,-0.6199086206554122,1,0,0,0
69000.0,0.5573431748316728,1.0,-0.014468701681598103,-0.22568026175174685,0,-0.3932160330886249,-0.8102427462111627,-0.13969362055378792,-0.1688273628391848,0,0,1,0
27500.0,-1.3516463074277145,0.0,-0.014500923729921091,2.117964388855255,0,-0.840521759580579,-0.9345511308118133,0.12838915571849938,-0.972271988468803,1,0,0,0
54000.0,0.6846091403156319,1.0,-0.014479442364372434,0.20043694744952617,0,-0.526198816640287,1.4293979033596458,-0.13969362055378792,-0.8730113372163841,0,0,1,0
88000.0,-0.8680356385886698,1.0,-0.014490183047146762,-0.8648560755536564,0,0.31832821136961825,-0.8102427462111627,-0.9497616223813684,0.03674692258203081,0,0,1,0
85000.0,0.1500920852830035,1.0,-0.014490183047146762,-0.6517974709530199,0,0.25615444243637386,-0.8102427462111627,0.43632286632090406,-0.44241729846874356,1,0,0,0
122000.0,-0.078986652588123,1.0,-0.014457960998823774,0.6265541566507993,0,0.26444427829413975,0.8002264370753965,0.43632286632090406,0.556204516117268,1,0,0,0
37000.0,2.0845347606391824,1.0,-0.014500923729921091,1.4787885750533454,0,-0.6108242243549808,-0.8102427462111627,-0.13969362055378792,-0.1688273628391848,1,0,0,0
34000.0,0.12463889218621166,0.0,-0.014522405095469749,0.20043694744952617,0,-0.27232259349620497,-1.1207048028851228,-0.9346187243669639,-0.21668942647753886,0,0,1,0
87000.0,-0.012082934533205665,1.0,-0.014490183047146762,-0.22568026175174685,0,0.29760362172520366,1.2004690324034661,0.12838915571849938,-0.15928108389642115,0,0,1,0
220000.0,-1.2243803419437553,1.0,-0.014404257584952129,-0.8648560755536564,0,0.6222888594877029,-0.1174694926053072,0.43632286632090406,1.7765147141993098,0,0,1,0
37500.0,1.1936730022514686,0.0,-0.013920926860107322,0.4134955520501627,0,-1.4147655976445739,-0.32036319269464486,-0.9497616223813684,-0.677508791536798,0,0,1,0
53000.0,1.2573059849934483,0.0,-0.014500923729921091,-0.012621657151110341,0,-0.2239652176592369,-0.6808932935519518,-0.9497616223813684,-0.2790448113622479,1,0,0,0
47500.0,-1.347510163549486,1.0,-0.014447220316049445,2.3310229934558913,0,-0.8789878539963489,1.61783723340406,-0.9497616223813684,0.8558122807230648,0,0,1,0
71000.0,-0.05353345949133116,1.0,-0.014479442364372434,0.20043694744952617,0,-0.217920545679616,-0.5122794054175007,-0.9346187243669639,0.17671313981439438,0,0,1,0
70000.0,-0.20625261807208214,1.0,-0.014436479633275117,0.8396127612514358,0,-0.6591816001919489,-0.5122794054175007,0.43632286632090406,0.17671313981439438,0,0,1,0
27000.0,0.8118751057995911,0.0,-0.01451166441269542,0.4134955520501627,0,-0.7220461887800074,-0.6808932935519518,-0.9346187243669639,-0.9543394275990159,0,0,1,0
65000.0,0.2773580507669626,0.0,-0.014500923729921091,-0.6517974709530199,0,0.06617903736257107,-1.1207048028851228,-0.9497616223813684,-0.27595943853272237,1,0,0,0
79000.0,0.11191229563781574,1.0,-0.014468701681598103,0.20043694744952617,0,-0.23202478029873172,-0.5122794054175007,0.43632286632090406,0.17671313981439438,0,0,1,0
34000.0,-0.42260475939481273,0.0,-0.01451166441269542,-0.8648560755536564,0,-0.5189452102647417,-1.1381312347207264,-1.164846784639172,-0.905686472068768,1,0,0,0
39000.0,-0.3462451801044372,0.0,-0.014522405095469749,-0.6517974709530199,0,-0.090982434107575,-0.9345511308118133,0.12838915571849938,-0.7674136132819462,0,0,1,0
25000.0,-1.347191998635776,0.0,-0.014500923729921091,2.544081598056528,0,-0.9009684793767888,-0.9936213437697933,0.12838915571849938,-1.1219826928105485,0,0,1,0
28500.0,-1.3487191902215836,0.0,-0.014500923729921091,1.4787885750533454,0,-0.816343071662095,-1.1207048028851228,-0.9497616223813684,-0.8445406698646618,1,0,0,0
130900.0,0.22645166457337898,1.0,-0.014490183047146762,-0.8648560755536564,0,1.2074131071150156,1.4293979033596458,0.43632286632090406,0.2500654635192476,0,0,1,0
50000.0,-1.3491009881180354,0.0,-0.014500923729921091,-0.012621657151110341,0,-0.2965012814146889,-0.32372425172264196,-0.9346187243669639,-0.31092699726734396,0,0,1,0
29700.0,0.29008464731535855,0.0,-0.014522405095469749,-0.012621657151110341,0,-0.42827513057042677,-0.7107256994550611,-0.9346187243669639,-0.788213532922619,0,0,1,0
94000.0,-0.5116909352335841,1.0,-0.014436479633275117,-0.012621657151110341,0,-0.36903734517014103,1.61783723340406,-0.9346187243669639,0.8133485798913955,0,0,1,0
25000.0,1.0664070367675094,0.0,-0.01451166441269542,0.6265541566507993,0,-0.7800750397843689,-0.9936213437697933,0.12838915571849938,-1.0352666532541752,0,0,1,0
39000.0,0.6846091403156319,0.0,-0.01451166441269542,0.8396127612514358,0,-0.3738730827538378,-1.100277399583882,-0.9346187243669639,-0.7007311306266601,0,0,1,0
51000.0,-1.3498009509281972,0.0,-0.01451166441269542,-0.6517974709530199,0,-0.02569997672766821,-0.8102427462111627,-0.9346187243669639,-0.599331507536703,1,0,0,0
72000.0,0.7100623334124238,1.0,-0.014479442364372434,1.0526713658520723,0,-0.19978652974075298,1.61783723340406,0.12838915571849938,0.6780518647784939,0,0,1,0
20000.0,0.9391410712835503,0.0,-0.01451166441269542,2.544081598056528,0,-0.9251471672952729,-0.7092948551838962,-0.9346187243669639,-0.8699883990356986,0,0,1,0
46000.0,0.9391410712835503,1.0,-0.014490183047146762,-0.012621657151110341,0,-0.5521045536958055,-0.32036319269464486,0.12838915571849938,-0.21518594876585154,0,0,1,0
11000.0,-1.3375070586624467,0.0,-0.014457960998823774,1.0526713658520723,0,-1.3458563370768946,-0.1174694926053072,-0.9346187243669639,-0.6455029569781549,1,0,0,0
70000.0,1.448204933219387,0.0,-0.014457960998823774,2.117964388855255,0,-0.48993078476256097,0.5199635555482692,0.43632286632090406,0.8363390425449689,1,0,0,0
52000.0,0.5573431748316728,0.0,-0.014468701681598103,-0.8648560755536564,0,-0.6672411628314436,-0.8102427462111627,-0.9346187243669639,-0.7170275089353354,1,0,0,0
24000.0,0.9391410712835503,0.0,-0.014500923729921091,2.117964388855255,0,-0.9251471672952729,-0.9345511308118133,-0.9346187243669639,-0.6861294929918105,0,0,1,0
75000.0,1.868182619316452,1.0,-0.014479442364372434,0.4134955520501627,0,-0.145384481924164,1.61783723340406,0.12838915571849938,0.8558122807230648,0,0,1,0
42000.0,-0.5753239179755637,1.0,-0.01451166441269542,-0.6517974709530199,0,-0.28682980624729537,-0.7107256994550611,0.12838915571849938,-0.7430231774662824,0,0,1,0
48000.0,0.30281124386375446,0.0,-0.01451166441269542,0.6265541566507993,0,-0.1127432532342106,-0.32036319269464486,0.12838915571849938,-0.30619249850394636,0,0,1,0
25800.0,-1.3497373179454553,0.0,-0.014522405095469749,0.4134955520501627,0,-0.5697204548935582,-0.9936213437697933,-0.9346187243669639,-1.0100678056304897,0,0,1,0
40000.0,-1.3389197108793187,0.0,-0.014350554171080485,1.4787885750533454,0,-1.2152914223170808,0.8002264370753965,0.645607861430407,0.556204516117268,1,0,0,0
39000.0,-0.7789494627498984,1.0,-0.014522405095469749,1.0526713658520723,0,-0.090982434107575,-0.8102427462111627,-0.9346187243669639,-0.8015849257249965,0,0,1,0
89500.0,2.046354970993995,1.0,-0.014447220316049445,1.4787885750533454,0,-0.325076094409261,1.61783723340406,0.43632286632090406,0.009437548198380125,1,0,0,0
22000.0,2.46633265709106,0.0,-0.01451166441269542,1.6918471796539818,0,-0.8671183162909113,-0.9345511308118133,0.12838915571849938,-0.780935708983995,0,0,1,0
32500.0,2.173620936477954,0.0,-0.014500923729921091,1.6918471796539818,0,-0.7196283199881589,-0.8102427462111627,-0.9497616223813684,-0.1688273628391848,1,0,0,0
58000.0,-1.3497373179454553,1.0,-0.014468701681598103,1.4787885750533454,0,-0.5705264111575076,1.61783723340406,0.12838915571849938,0.03888883429839562,0,0,1,0
31000.0,0.12463889218621166,0.0,-0.014522405095469749,-0.22568026175174685,0,-0.38112668912938297,-0.8102427462111627,-0.9346187243669639,-0.8015849257249965,0,0,1,0
77000.0,0.33462773523474426,0.0,-0.01451166441269542,-0.012621657151110341,0,0.7286750863290326,1.61783723340406,-0.13969362055378792,0.21854167950849016,1,0,0,0
110000.0,-0.09171324913651892,1.0,-0.014457960998823774,-0.6517974709530199,0,0.09035772528105497,-0.14125162852066492,0.43632286632090406,0.4692490690211446,0,0,0,1
94000.0,-0.717861799317598,1.0,-0.014479442364372434,-0.8648560755536564,0,0.19916182091423296,0.056054044997550484,0.43632286632090406,0.06237714395346962,0,0,1,0
45000.0,-0.078986652588123,1.0,-0.01451166441269542,-0.8648560755536564,0,-0.19978652974075298,0.5199635555482692,-0.9346187243669639,-0.6362252624558057,0,0,1,0
22500.0,0.37917082315413,0.0,-0.014500923729921091,2.117964388855255,0,-0.9614151991729989,-0.8102427462111627,0.12838915571849938,-1.131006868936066,0,0,1,0
40300.0,-1.350246381807391,0.0,-0.014522405095469749,-0.012621657151110341,0,-0.04383399266653121,-0.32372425172264196,-0.9346187243669639,-0.557862186594303,0,0,1,0
86000.0,-0.18079942497529033,1.0,-0.014479442364372434,0.4134955520501627,0,0.05408969340332898,1.2004690324034661,0.12838915571849938,0.5325102385989583,1,0,0,0
11000.0,1.8300028296712643,0.0,-0.01451166441269542,2.117964388855255,0,-1.1862769968149,-1.1381312347207264,-0.9497616223813684,-1.0704429421355213,1,0,0,0
50000.0,0.22645166457337898,0.0,-0.014490183047146762,0.20043694744952617,0,-0.46920619511814604,-0.6696563497873814,-0.9497616223813684,-0.42529043165010694,0,0,1,0
37500.0,2.46633265709106,0.0,-0.014500923729921091,1.6918471796539818,0,-0.598734880395739,0.7168979404301677,-0.9497616223813684,-0.4247585554475627,1,0,0,0
52000.0,1.2063995987998646,0.0,-0.014500923729921091,0.6265541566507993,0,-0.24814390557772106,1.61783723340406,-0.9346187243669639,0.4451786460753563,0,0,1,0
37000.0,0.2391782611217749,0.0,-0.014500923729921091,-0.22568026175174685,0,-0.6108242243549808,-0.8102427462111627,0.12838915571849938,-0.599331507536703,0,0,1,0
49000.0,0.9391410712835503,1.0,-0.014490183047146762,0.20043694744952617,0,-0.48993078476256097,-0.32036319269464486,0.12838915571849938,-0.7466237140621923,0,0,1,0
100000.0,-0.2698856008140617,1.0,-0.014479442364372434,-0.6517974709530199,0,0.30796591654741096,-0.5122794054175007,-0.9346187243669639,0.17671313981439438,0,0,1,0
140000.0,-0.41751412077545436,1.0,-0.014468701681598103,-0.6517974709530199,0,0.7512418617196175,1.2004690324034661,0.12838915571849938,-0.15928108389642115,0,0,1,0
59000.0,0.3282644369605463,0.0,-0.014500923729921091,-0.4387388663523834,0,-0.07889309014833291,-0.32372425172264196,-0.9346187243669639,-0.38651863159071703,0,0,1,0
40000.0,0.17554527837979533,0.0,-0.014522405095469749,0.6265541566507993,0,-0.054714402229849,-1.1207048028851228,0.12838915571849938,-0.6199086206554122,1,0,0,0
56000.0,-0.078986652588123,1.0,-0.014490183047146762,-0.4387388663523834,0,-0.344858657251657,-0.9345511308118133,-0.9346187243669639,-0.6728505797853122,0,0,1,0
41000.0,0.04827931289583617,1.0,-0.014414998267726459,1.2657299704527087,0,-1.0805815896283844,0.5199635555482692,-0.13969362055378792,-0.7072104135686635,0,0,1,0
51000.0,0.9391410712835503,0.0,-0.014479442364372434,1.6918471796539818,0,-0.580600864456876,-0.6808932935519518,0.645607861430407,0.05459618688507055,1,0,0,0
87000.0,-0.689863286911127,0.0,-0.014500923729921091,-0.6517974709530199,0,0.5981101715692189,-0.6808932935519518,0.12838915571849938,-0.2790448113622479,1,0,0,0
59000.0,0.30281124386375446,1.0,-0.01451166441269542,-0.4387388663523834,0,0.20641542728977816,-0.9345511308118133,-0.9346187243669639,-0.7674136132819462,0,0,0,1
58000.0,2.0845347606391824,1.0,-0.014457960998823774,1.9049057842546184,0,-0.6640173377756458,1.61783723340406,-0.9346187243669639,0.8267724449304006,1,0,0,0
53000.0,0.6846091403156319,1.0,-0.014500923729921091,0.8396127612514358,0,-0.2239652176592369,1.2004690324034661,0.12838915571849938,-0.05600975424609866,1,0,0,0
34999.0,1.0664070367675094,0.0,-0.014468701681598103,1.9049057842546184,0,-0.9412824116995413,-0.32036319269464486,-0.9346187243669639,-0.726667004122192,0,0,1,0
11111.0,0.21372506802498306,0.0,-0.014500923729921091,0.4134955520501627,0,-1.236786275876613,-0.9345511308118133,-0.9497616223813684,-0.5317936450092879,0,0,1,0
53000.0,-0.8171292523950862,0.0,-0.014490183047146762,-0.22568026175174685,0,-0.40703242618490154,-0.9345511308118133,0.12838915571849938,-0.6861294929918105,0,0,1,0
24000.0,-1.3483373923251316,0.0,-0.01451166441269542,0.20043694744952617,0,-0.8090894652865497,-1.1207048028851228,-1.164846784639172,-1.059115524404746,1,0,0,0
19500.0,1.5754708987033461,0.0,-0.01451166441269542,1.6918471796539818,0,-0.9396543800463633,-1.1207048028851228,-0.9346187243669639,-0.8428143786987349,0,0,1,0
64500.0,1.308212371187032,0.0,-0.014500923729921091,-0.22568026175174685,0,0.05408969340332898,0.7168979404301677,-0.9346187243669639,-0.4247585554475627,1,0,0,0
55000.0,1.0434991629803967,0.0,-0.014500923729921091,0.20043694744952617,0,-0.17560784182226907,-0.32036319269464486,-0.9346187243669639,-0.27162723695701885,0,0,1,0
19500.0,1.702736864187305,1.0,0.09284145991672353,2.544081598056528,0,-1.5051527866902426,-0.8102427462111627,-0.9346187243669639,-1.131006868936066,0,0,1,0
23000.0,2.1990741295747456,0.0,-0.01451166441269542,2.544081598056528,0,-0.8381038907887305,-0.9345511308118133,0.12838915571849938,-0.7674136132819462,0,0,1,0
84500.0,-0.14261963533010258,0.0,-0.014500923729921091,-1.077914680154293,0,0.537663451773009,-0.32036319269464486,0.43632286632090406,0.4133108881641858,0,0,1,0
64000.0,-0.5880505145239596,0.0,-0.014500923729921091,-0.8648560755536564,0,0.04200034944408689,-0.6696563497873814,-0.9497616223813684,-0.42529043165010694,0,0,1,0
97000.0,0.7355155265092156,1.0,-0.014479442364372434,-0.4387388663523834,0,0.253563868730822,0.7168979404301677,0.12838915571849938,0.08035473480485336,0,0,1,0
34800.0,-1.3501827488246492,0.0,-0.014490183047146762,1.0526713658520723,0,-0.7842199577132519,-0.6808932935519518,0.43632286632090406,-0.602167493145275,0,0,1,0
41000.0,0.6846091403156319,0.0,-0.013383892721390869,-0.012621657151110341,0,-1.4513633389030065,-1.1207048028851228,-1.164846784639172,-0.6199086206554122,1,0,0,0
28000.0,0.5446165782832769,0.0,-0.01451166441269542,1.4787885750533454,0,-0.6930317632778266,-0.32036319269464486,0.12838915571849938,-0.677508791536798,0,0,1,0
39800.0,-1.3504881871418106,0.0,-0.01451166441269542,-0.6517974709530199,0,-0.3506615423520931,-0.7107256994550611,-0.9346187243669639,-0.7430231774662824,0,0,1,0
64000.0,-0.6135037076207515,0.0,-0.014500923729921091,-0.8648560755536564,0,0.04200034944408689,-0.6696563497873814,-0.9497616223813684,-0.42529043165010694,0,0,1,0
48000.0,0.6464293506704443,1.0,-0.014468701681598103,0.8396127612514358,0,-0.731717663947401,-0.6773632585629926,0.43632286632090406,-0.3537977852528681,0,0,1,0
77000.0,-0.2444324077172699,1.0,-0.014490183047146762,-0.4387388663523834,0,0.09035772528105497,-0.14125162852066492,-0.9346187243669639,-0.05367235058736728,0,0,1,0
42000.0,-1.3501445690350038,0.0,-0.014522405095469749,-0.8648560755536564,0,0.017821661525602984,-0.07526237887860447,-0.9346187243669639,-0.5744530777639784,0,0,1,0
65000.0,-1.3502718350004879,0.0,-0.014565367826567066,-0.012621657151110341,0,-0.19978652974075298,-0.32036319269464486,-0.9346187243669639,0.3028550113639118,0,0,1,0
29500.0,1.5118379159613664,0.0,-0.014490183047146762,1.4787885750533454,0,-0.8940602828286506,1.2004690324034661,0.12838915571849938,-0.5194584646810648,0,0,1,0
12345.0,-0.52441753178198,1.0,-0.014372035536629142,-0.4387388663523834,0,-1.405940376554327,1.61783723340406,-0.9497616223813684,-1.2698281490326262,1,0,0,0
55000.0,0.6846091403156319,0.0,-0.01451166441269542,0.4134955520501627,0,0.09035772528105497,-0.6808932935519518,-0.9497616223813684,-0.2790448113622479,0,0,1,0
28000.0,-1.3491391679076805,0.0,-0.014500923729921091,1.4787885750533454,0,-0.8284324156213368,-0.5122794054175007,-0.9497616223813684,-0.6222774354233112,0,0,1,0
67997.0,1.295485774638636,0.0,-0.014479442364372434,0.8396127612514358,0,-0.27237699554402156,1.61783723340406,0.12838915571849938,1.6095946416797886,0,0,1,0
87000.0,1.600924091800138,0.0,-0.014479442364372434,0.20043694744952617,0,0.07222370934219198,-0.32036319269464486,0.43632286632090406,0.27267559763416027,1,0,0,0
38500.0,-0.7440785882072936,0.0,-0.014522405095469749,-0.4387388663523834,0,-0.109116450046438,-1.1207048028851228,-0.9346187243669639,-0.7741451547050625,0,0,1,0
24000.0,-1.3491009881180354,0.0,-0.01451166441269542,1.9049057842546184,0,-0.8090894652865497,-0.9345511308118133,-0.9497616223813684,-0.6861294929918105,1,0,0,0
119000.0,-0.09171324913651892,1.0,-0.014468701681598103,0.20043694744952617,0,0.41274023086084166,-0.5122794054175007,0.43632286632090406,0.17671313981439438,0,0,1,0
95000.0,-0.2444324077172699,1.0,-0.014490183047146762,-0.4387388663523834,0,0.46340033888052223,-0.5122794054175007,0.12838915571849938,0.17671313981439438,1,0,0,0
46500.0,-0.0026270732977474996,0.0,-0.01451166441269542,-0.012621657151110341,0,-0.1562648914874818,-0.5122794054175007,-0.9346187243669639,-0.6222774354233112,0,0,1,0
62000.0,1.308212371187032,0.0,-0.01451166441269542,0.20043694744952617,0,0.29345870379632055,-0.32036319269464486,-0.9346187243669639,-0.27162723695701885,0,0,1,0
100000.0,0.3918974197025259,1.0,-0.014479442364372434,0.4134955520501627,0,0.30796591654741096,0.8002264370753965,0.43632286632090406,0.556204516117268,1,0,0,0
37499.0,-1.3480828603941637,0.0,-0.01451166441269542,1.2657299704527087,0,-0.41742373543261113,-0.32036319269464486,-0.9346187243669639,-0.30619249850394636,0,0,1,0
82000.0,-1.1098409730081922,0.0,-0.014490183047146762,-1.2909732847549296,0,0.19398067350312917,-0.8102427462111627,0.43632286632090406,0.04543356454284341,1,0,0,0
28500.0,0.7609687196060074,0.0,-0.014522405095469749,-0.22568026175174685,0,-0.471796768823698,-0.8102427462111627,-0.9497616223813684,-0.8015849257249965,0,0,1,0
58900.0,-0.6007771110723555,1.0,-0.014468701681598103,-0.6517974709530199,0,-0.5560191984064172,-0.8194871463930152,-0.9497616223813684,-0.40505772975802357,0,0,1,0
40000.0,-1.3389197108793187,0.0,-0.014554627143792737,-1.504031889355566,0,4.29744942309727,-0.49635058616431343,-0.9497616223813684,-0.34419604267662074,0,0,1,0
59000.0,-0.44805795249160457,0.0,-0.013663150473523424,-0.8648560755536564,0,-1.4035397782538492,-0.14125162852066492,0.12838915571849938,-0.5731003542552597,0,0,1,0
34000.0,0.7864219127027993,0.0,-0.014490183047146762,-0.012621657151110341,0,-0.8007996294287838,-0.8194871463930152,0.12838915571849938,0.08035473480485336,0,0,1,0
37000.0,-0.14261963533010258,0.0,-0.01451166441269542,-0.8648560755536564,0,-0.43190193375819935,-0.7107256994550611,-0.9346187243669639,-0.788213532922619,0,0,1,0
49500.0,-0.3971515662980209,0.0,-0.01451166441269542,-0.4387388663523834,0,-0.0692216149809394,-0.32036319269464486,-1.164846784639172,-0.6762865631636473,1,0,0,0
44500.0,0.33226058827674265,0.0,-0.013104634969258313,-0.22568026175174685,0,-1.4579672238518653,-0.958293484507613,0.12838915571849938,-0.7343992367672523,1,0,0,0
80000.0,-1.232016299872793,0.0,-0.014500923729921091,-1.077914680154293,0,0.428859356139831,-0.9345511308118133,0.43632286632090406,-0.5317936450092879,0,0,1,0
31000.0,1.9572687951552235,0.0,-0.014490183047146762,1.6918471796539818,0,-0.8629733983620284,-0.6773632585629926,0.12838915571849938,-0.6158023478212081,1,0,0,0
17800.0,-1.3478283284631958,0.0,-0.014490183047146762,2.117964388855255,0,-1.1365379816683043,-1.1207048028851228,-1.164846784639172,-0.6199086206554122,1,0,0,0
37000.0,0.5700697713800688,0.0,-0.01451166441269542,-1.077914680154293,0,-0.43190193375819935,-0.7107256994550611,0.12838915571849938,-0.788213532922619,0,0,1,0
81800.0,-0.10443984568491482,0.0,-0.014500923729921091,-0.6517974709530199,0,0.4723809943931022,-0.07526237887860447,-0.9497616223813684,-0.5744530777639784,0,0,1,0
30500.0,-1.3487191902215836,0.0,-0.01451166441269542,0.8396127612514358,0,-0.6204956995223745,-0.9345511308118133,-0.9346187243669639,-0.7674136132819462,0,0,1,0
69900.0,0.4555304024445055,0.0,-0.014500923729921091,-0.8648560755536564,0,0.18465460816314255,-1.1207048028851228,0.12838915571849938,-0.829456299716328,1,0,0,0
23000.0,-0.3144286887334474,0.0,-0.014533145778244078,-0.4387388663523834,0,-0.3932160330886249,-0.8194871463930152,-0.9346187243669639,-1.057680718158848,0,0,1,0
209000.0,-0.4607845490400005,1.0,-0.014457960998823774,-0.8648560755536564,0,1.5265717876390044,1.2004690324034661,0.12838915571849938,0.6237072297129891,0,0,0,1
115000.0,-0.42260475939481273,1.0,-0.014500923729921091,-0.8648560755536564,0,1.275113433286771,-0.32036319269464486,0.12838915571849938,0.3028550113639118,0,0,0,1
145000.0,0.43007720934771365,1.0,-0.014457960998823774,-0.6517974709530199,0,0.5981101715692189,1.2004690324034661,0.12838915571849938,0.6237072297129891,0,0,0,1
30000.0,0.11191229563781574,0.0,-0.01451166441269542,0.6265541566507993,0,-0.635002912273465,-0.14125162852066492,0.12838915571849938,-0.7832110935323148,0,0,1,0
40000.0,0.11191229563781574,0.0,-0.01451166441269542,-0.8648560755536564,0,-0.344858657251657,-1.100277399583882,0.12838915571849938,-0.6656981245895941,0,0,1,0
36000.0,0.04827931289583617,0.0,-0.01451166441269542,-0.8648560755536564,0,-0.46091635926038016,-0.8102427462111627,-0.9346187243669639,-0.8015849257249965,0,0,1,0
36000.0,-1.3500427562626167,0.0,-0.01451166441269542,-0.8648560755536564,0,-0.46091635926038016,-0.8102427462111627,-0.9497616223813684,-0.8015849257249965,0,0,1,0
21000.0,1.5614716425001105,0.0,-0.01451166441269542,2.544081598056528,0,-0.8961327417930921,-1.1207048028851228,0.12838915571849938,-0.829456299716328,1,0,0,0
38500.0,-1.3496100519799712,1.0,-0.014522405095469749,0.20043694744952617,0,-0.109116450046438,-1.1207048028851228,-0.9346187243669639,-0.8428143786987349,0,0,1,0
37500.0,-1.3478283284631958,1.0,-0.0143935169021778,1.9049057842546184,0,-1.1654228784852076,0.7168979404301677,0.43632286632090406,0.9292993840555308,1,0,0,0
25000.0,-0.078986652588123,0.0,-0.01451166441269542,2.117964388855255,0,-0.7800750397843689,-1.1207048028851228,-0.9497616223813684,-0.27595943853272237,1,0,0,0
59000.0,1.3845719504774074,1.0,-0.014436479633275117,0.8396127612514358,0,-0.7921643837436109,-0.32036319269464486,0.43632286632090406,0.27267559763416027,0,0,1,0
40000.0,0.8118751057995911,0.0,-0.014522405095469749,-0.6517974709530199,0,-0.054714402229849,-0.07526237887860447,0.12838915571849938,-0.5744530777639784,0,0,1,0
21000.0,1.448204933219387,0.0,-0.01451166441269542,1.0526713658520723,0,-0.8961327417930921,-1.1381312347207264,-1.164846784639172,-0.5443922507298501,1,0,0,0
49000.0,-0.078986652588123,0.0,-0.01451166441269542,-0.6517974709530199,0,-0.0837288277320298,-0.9345511308118133,-0.9346187243669639,-0.7674136132819462,0,0,1,0
74000.0,-1.1225675695565882,0.0,-0.014490183047146762,-0.8648560755536564,0,0.0281839563478103,-0.7092948551838962,-0.9497616223813684,-0.30667095918937953,0,0,1,0
27000.0,0.06736920771843004,0.0,-0.01451166441269542,-0.012621657151110341,0,-0.7220461887800074,-1.3420330208418312,0.12838915571849938,-0.9226367542949103,0,0,1,0
38000.0,-0.8553090420402739,0.0,-0.014522405095469749,-0.22568026175174685,0,-0.127250465985301,-0.32036319269464486,-0.9346187243669639,-0.7661129857686946,0,0,1,0
20500.0,1.880909215864848,0.0,-0.01451166441269542,2.544081598056528,0,-0.9106399545441825,-1.1207048028851228,0.12838915571849938,-0.8428143786987349,0,0,1,0
275000.0,-0.5498707248787719,1.0,-0.014318332122757496,-0.22568026175174685,0,0.22912236898713695,0.7168979404301677,0.12838915571849938,3.8871902180337536,0,0,1,0
56000.0,-0.29533879391085355,0.0,-0.01451166441269542,-0.4387388663523834,0,0.11937215078323578,-0.32036319269464486,0.12838915571849938,-0.677508791536798,0,0,1,0
17000.0,1.8300028296712643,0.0,0.0032641655788191713,2.3310229934558913,0,-1.5039499989246206,-0.9936213437697933,0.12838915571849938,-1.1219826928105485,0,0,1,0
30000.0,0.7100623334124238,0.0,-0.014522405095469749,1.9049057842546184,0,-0.41739472100710895,-0.9345511308118133,-0.9497616223813684,-0.6703963059436442,1,0,0,0
80000.0,-1.3483373923251316,0.0,-0.014490183047146762,0.20043694744952617,0,0.15253149421429965,-0.32036319269464486,0.12838915571849938,0.20577945553181676,1,0,0,0
17700.0,1.0664070367675094,0.0,-0.014500923729921091,1.9049057842546184,0,-1.0774729011817221,-0.8102427462111627,-0.9497616223813684,-1.131006868936066,0,0,1,0
27500.0,0.37917082315413,0.0,-0.01451166441269542,0.20043694744952617,0,-0.7075389760289169,-1.1207048028851228,-0.13969362055378792,-0.9665528291966192,0,0,1,0
35000.0,-0.9698484109758371,0.0,-0.014533145778244078,-0.6517974709530199,0,0.18707247695499088,-0.7107256994550611,-0.9346187243669639,-0.788213532922619,0,0,1,0
44000.0,0.671882543767236,0.0,-0.01451166441269542,-0.8648560755536564,0,-0.22880095524293378,-0.5122794054175007,-0.9346187243669639,-0.6222774354233112,0,0,1,0
31500.0,2.148167743381162,0.0,-0.014500923729921091,0.20043694744952617,0,-0.7438070079066429,-0.7092948551838962,0.12838915571849938,-0.7386518926384681,0,0,1,0
43000.0,1.28275917809024,0.0,-0.014468701681598103,1.0526713658520723,0,-0.8123132903423477,-0.32036319269464486,0.12838915571849938,-0.21518594876585154,0,0,1,0
39500.0,1.7625391413682174,0.0,-0.014500923729921091,1.4787885750533454,0,-0.550377504558771,1.2004690324034661,0.12838915571849938,-0.15928108389642115,0,0,1,0
47000.0,-1.0971143764597964,0.0,-0.01451166441269542,-0.8648560755536564,0,-0.1417576787363914,-0.14125162852066492,-0.9497616223813684,-0.7832110935323148,0,0,1,0
78000.0,1.3209389677354277,1.0,-0.014468701681598103,-0.012621657151110341,0,-0.24814390557772106,-0.6773632585629926,0.43632286632090406,-0.3537977852528681,0,0,1,0
57000.0,0.36644422660573406,1.0,-0.014500923729921091,-0.6517974709530199,0,-0.127250465985301,-0.07526237887860447,0.12838915571849938,-0.19803040055061802,0,0,1,0
34000.0,-0.38922289664837023,0.0,-0.01451166441269542,-1.077914680154293,0,-0.5189452102647417,-1.3420330208418312,-0.9346187243669639,-0.9226367542949103,0,0,1,0
30000.0,0.03555271634744025,0.0,-0.014500923729921091,1.2657299704527087,0,-0.7800750397843689,1.61783723340406,-0.9346187243669639,0.4451786460753563,0,0,1,0
55500.0,1.0664070367675094,1.0,-0.014425738950500788,1.6918471796539818,0,-0.886089286811568,0.7168979404301677,0.43632286632090406,0.5762839065925054,0,0,1,0
30500.0,1.0155006505739257,0.0,-0.01451166441269542,0.6265541566507993,0,-0.6204956995223745,-1.1207048028851228,-1.164846784639172,-0.9665528291966192,0,0,1,0
29000.0,0.8118751057995911,0.0,-0.01451166441269542,0.8396127612514358,0,-0.6640173377756458,-0.8102427462111627,-0.9346187243669639,-0.8015849257249965,0,0,1,0
69000.0,-0.46332986834967965,0.0,-0.014490183047146762,0.4134955520501627,0,-0.0754389918742639,1.2004690324034661,0.43632286632090406,0.5325102385989583,0,0,1,0
28500.0,0.44280380589610957,0.0,-0.01451166441269542,0.20043694744952617,0,-0.6785245505267361,-0.8102427462111627,-0.9346187243669639,-0.8015849257249965,0,0,1,0
37000.0,-0.8807622351370658,0.0,-0.014522405095469749,-1.077914680154293,0,-0.163518497863027,-0.9345511308118133,-0.9346187243669639,-0.7674136132819462,0,0,1,0
22500.0,-1.3484646582906157,0.0,-0.01451166441269542,0.8396127612514358,0,-0.852611103539821,-0.9936213437697933,0.12838915571849938,-1.0352666532541752,0,0,1,0
30000.0,-0.4607845490400005,0.0,-0.014533145778244078,-0.22568026175174685,0,-0.054714402229849,-0.7107256994550611,-0.9346187243669639,-0.788213532922619,0,0,1,0
25000.0,1.1936730022514686,0.0,-0.014522405095469749,1.4787885750533454,0,-0.598734880395739,-1.100277399583882,-0.9346187243669639,-1.0243493419853384,0,0,1,0
28500.0,0.21372506802498306,0.0,-0.01451166441269542,1.6918471796539818,0,-0.6785245505267361,-0.7092948551838962,-0.9346187243669639,-0.8699883990356986,0,0,1,0
23000.0,-0.3182466676979662,0.0,-0.014522405095469749,0.20043694744952617,0,-0.6712709441511909,-0.8194871463930152,-0.9346187243669639,-1.057680718158848,0,0,1,0
41000.0,1.5118379159613664,0.0,-0.01451166441269542,1.4787885750533454,0,-0.3158442317494762,-0.32036319269464486,0.12838915571849938,-0.726667004122192,1,0,0,0
44800.0,-0.078986652588123,0.0,-0.014522405095469749,-0.8648560755536564,0,0.11937215078323578,-0.07526237887860447,-0.9346187243669639,-0.5744530777639784,0,0,1,0
136000.0,-0.44805795249160457,1.0,-0.014468701681598103,-0.8648560755536564,0,0.6867653606036602,0.5199635555482692,-0.9497616223813684,0.22122644167615824,0,0,0,1
13500.0,-1.3414650301889979,0.0,-0.014490183047146762,1.2657299704527087,0,-1.2256537171392883,-0.8102427462111627,0.12838915571849938,-1.0150918929746795,1,0,0,0
37000.0,1.1045868264126972,0.0,-0.014468701681598103,1.0526713658520723,0,-0.9090280420162835,-0.7092948551838962,0.12838915571849938,-0.8760644538754191,0,0,1,0
64000.0,0.2964479455895565,0.0,-0.014500923729921091,-0.012621657151110341,0,0.04200034944408689,-0.32036319269464486,-0.9346187243669639,-0.27162723695701885,0,0,1,0
25000.0,-1.3492918870662614,0.0,-0.014500923729921091,1.4787885750533454,0,-0.9009684793767888,-0.8102427462111627,-0.16392578415542897,-0.9936241708913143,0,0,1,0
35000.0,1.0664070367675094,0.0,-0.014500923729921091,-0.22568026175174685,0,-0.6591816001919489,-0.24807192448694768,-0.9346187243669639,-0.5841160363427136,0,0,1,0
56500.0,-0.2444324077172699,0.0,-0.01451166441269542,-0.8648560755536564,0,0.13387936353432617,-0.14125162852066492,-0.9346187243669639,-0.5731003542552597,0,0,1,0
28000.0,1.422751740122595,0.0,-0.014522405095469749,-0.22568026175174685,0,-0.48993078476256097,-0.32372425172264196,-0.9346187243669639,-0.557862186594303,0,0,1,0
38000.0,-1.3495464189972293,0.0,-0.014490183047146762,-0.012621657151110341,0,-0.7179012708511243,-0.9936213437697933,0.12838915571849938,-0.8525034249954067,0,0,1,0
113000.0,-0.3335185835560413,1.0,-0.014479442364372434,-0.6517974709530199,0,0.5437081237526299,-0.32036319269464486,-0.9346187243669639,-0.30619249850394636,0,0,0,1
36700.0,1.906591487699511,0.0,-0.014500923729921091,2.3310229934558913,0,-0.6180778307305261,-0.32036319269464486,0.12838915571849938,-0.30619249850394636,1,0,0,0
40000.0,-0.5116909352335841,0.0,-0.01451166441269542,-0.6517974709530199,0,-0.344858657251657,-1.1381312347207264,-1.164846784639172,-0.905686472068768,0,0,1,0
72500.0,0.36644422660573406,0.0,-0.014490183047146762,0.8396127612514358,0,-0.0029029281188119073,1.61783723340406,0.12838915571849938,0.6780518647784939,0,0,1,0
28000.0,1.130040019509489,0.0,-0.014500923729921091,1.6918471796539818,0,-0.8284324156213368,1.61783723340406,-0.9346187243669639,0.4451786460753563,0,0,1,0
69000.0,0.3918974197025259,1.0,-0.014457960998823774,1.0526713658520723,0,-0.5044379975136514,1.2004690324034661,0.12838915571849938,-0.15928108389642115,0,0,1,0
78000.0,-0.7301429649868,1.0,-0.014500923729921091,-0.8648560755536564,0,0.3805019803028629,-0.32372425172264196,-0.9497616223813684,-0.10945838457575663,0,0,1,0
27500.0,-0.078986652588123,0.0,-0.014522405095469749,0.4134955520501627,0,-0.5080648007014239,-0.7092948551838962,-0.9346187243669639,-1.010698904618347,0,0,1,0
43500.0,-1.3480828603941637,0.0,0.10477435847900311,-0.8648560755536564,0,-1.504867714280053,-0.32036319269464486,0.12838915571849938,-0.677508791536798,0,0,1,0
105000.0,-0.10443984568491482,1.0,-0.014490183047146762,-0.6517974709530199,0,0.6706462353246709,-0.5122794054175007,0.43632286632090406,0.17671313981439438,0,0,0,1
51000.0,-0.4607845490400005,0.0,-0.014490183047146762,-0.012621657151110341,0,-0.4484816054737313,-0.7092948551838962,-0.9346187243669639,-0.7386518926384681,0,0,1,0
35000.0,0.25190485767017085,0.0,-0.014522405095469749,-0.012621657151110341,0,-0.236054561618479,-0.5122794054175007,-0.9346187243669639,-0.6599620002908548,0,0,1,0
87000.0,-0.842582445491878,1.0,-0.014500923729921091,-0.8648560755536564,0,0.5981101715692189,0.5199635555482692,-0.9346187243669639,0.18002307870043238,0,0,1,0
58000.0,0.04827931289583617,1.0,-0.014500923729921091,-0.8648560755536564,0,-0.10307177806681708,-0.8194871463930152,-0.9497616223813684,-0.40505772975802357,0,0,1,0
120000.0,-1.3496100519799712,1.0,-0.014479442364372434,-0.012621657151110341,0,0.6706462353246709,2.6714025272308954,-0.9497616223813684,0.9420616080322042,1,0,0,0
58000.0,0.04827931289583617,1.0,-0.014500923729921091,-0.8648560755536564,0,-0.10307177806681708,-0.8194871463930152,-0.9497616223813684,-0.40505772975802357,0,0,1,0
60000.0,0.2646314542185667,1.0,-0.014468701681598103,1.6918471796539818,0,-0.5382881605995289,1.2004690324034661,-0.9497616223813684,0.5325102385989583,0,0,1,0
28000.0,-0.18079942497529033,0.0,-0.01451166441269542,-0.8648560755536564,0,-0.6930317632778266,-1.3420330208418312,-0.9346187243669639,-0.9226367542949103,0,0,1,0
43000.0,-0.8298558489434821,0.0,-0.014500923729921091,-0.6517974709530199,0,-0.4657520968440769,-0.8194871463930152,-0.13969362055378792,-0.40505772975802357,0,0,1,0
59000.0,0.29008464731535855,0.0,-0.014500923729921091,0.4134955520501627,0,-0.07889309014833291,1.4293979033596458,0.43632286632090406,1.8967741324410399,0,0,1,0
30000.0,-1.3492282540835194,0.0,-0.01451166441269542,-0.012621657151110341,0,-0.635002912273465,-1.1207048028851228,-0.9346187243669639,-0.8428143786987349,0,0,1,0
55000.0,-0.48623774213679233,0.0,-0.014479442364372434,-0.6517974709530199,0,-0.5080648007014239,-0.9071017708421057,0.43632286632090406,-0.749286484310219,0,0,1,0
34000.0,0.30281124386375446,0.0,-0.014554627143792737,-0.012621657151110341,0,3.4270166580318464,-1.1207048028851228,-1.164846784639172,-0.8428143786987349,0,0,1,0
69000.0,-0.04994455926468352,0.0,-0.014500923729921091,0.20043694744952617,0,0.16289378903650698,-0.32036319269464486,0.12838915571849938,-0.27162723695701885,0,0,1,0
45000.0,-1.3502718350004879,0.0,-0.01451166441269542,-0.8648560755536564,0,-0.19978652974075298,-1.100277399583882,0.12838915571849938,-0.6656981245895941,0,0,1,0
22800.0,1.8687044097749361,0.0,-0.01451166441269542,2.544081598056528,0,-0.8439067758891666,-0.7092948551838962,0.12838915571849938,-0.8699883990356986,0,0,1,0
55000.0,2.173620936477954,0.0,-0.014500923729921091,0.20043694744952617,0,-0.17560784182226907,-0.32036319269464486,-0.9346187243669639,-0.30619249850394636,0,0,1,0
34000.0,-0.8107659541208881,1.0,-0.014490183047146762,-1.2909732847549296,0,-0.8007996294287838,-0.24807192448694768,0.43632286632090406,-0.318855491726885,0,0,1,0
27000.0,-1.3479555944286798,0.0,-0.014522405095469749,0.20043694744952617,0,-0.526198816640287,0.5199635555482692,-0.9346187243669639,-0.8348326533353974,0,0,1,0
25500.0,-1.3465556688083562,1.0,-0.014565367826567066,1.0526713658520723,0,-0.19978652974075298,-1.1207048028851228,0.43632286632090406,-0.7602227285486914,1,0,0,0
72000.0,-1.3492918870662614,1.0,-0.014479442364372434,0.8396127612514358,0,-0.19978652974075298,-0.32036319269464486,-0.9497616223813684,0.27267559763416027,1,0,0,0
39000.0,-0.18079942497529033,0.0,-0.01451166441269542,-0.6517974709530199,0,-0.3738730827538378,-0.14125162852066492,-0.9346187243669639,-0.5731003542552597,0,0,1,0
22500.0,-1.3506409063003912,0.0,-0.014565367826567066,-0.4387388663523834,0,-0.19978652974075298,-0.8194871463930152,-0.9346187243669639,-1.0459002037188418,0,0,1,0
22500.0,-1.3491900742938743,1.0,-0.014522405095469749,2.3310229934558913,0,-0.6894049600900539,0.5199635555482692,-0.9346187243669639,-0.6362252624558057,0,0,1,0
37000.0,0.16281868183139941,0.0,-0.014500923729921091,0.20043694744952617,0,-0.6108242243549808,-0.49635058616431343,-0.9497616223813684,-0.34419604267662074,0,0,1,0
38000.0,-1.1034776747339943,0.0,-0.01451166441269542,-0.8648560755536564,0,-0.40288750825601854,-0.8102427462111627,0.12838915571849938,-1.0150918929746795,0,0,1,0
43800.0,0.531889981734881,1.0,-0.014490183047146762,0.20043694744952617,0,-0.5976986509135183,-0.5122794054175007,0.12838915571849938,-0.7515247820538202,0,0,1,0
140000.0,-0.35897177665283314,1.0,-0.014479442364372434,-0.6517974709530199,0,1.033326554101931,1.61783723340406,0.12838915571849938,0.6780518647784939,0,0,0,1
180000.0,0.4046240162509218,1.0,-0.014447220316049445,-0.8648560755536564,0,0.868471863748631,1.61783723340406,0.12838915571849938,0.8558122807230648,0,0,0,1
38000.0,-0.8044026558466902,0.0,-0.014522405095469749,-0.8648560755536564,0,-0.127250465985301,-0.8102427462111627,-0.9346187243669639,-0.8015849257249965,0,0,1,0
100000.0,0.3155378404121504,1.0,-0.014457960998823774,0.4134955520501627,0,-0.054714402229849,2.6714025272308954,0.43632286632090406,0.9420616080322042,1,0,0,0
36000.0,0.7482421230576115,0.0,-0.014500923729921091,0.4134955520501627,0,-0.635002912273465,-0.7092948551838962,-0.9346187243669639,-0.7386518926384681,0,0,1,0
85000.0,-0.6007771110723555,1.0,-0.014479442364372434,-0.8648560755536564,0,0.035955677464465985,-0.07526237887860447,0.12838915571849938,-0.19803040055061802,0,0,1,0
38800.0,-0.05353345949133116,0.0,-0.01451166441269542,-0.4387388663523834,0,-0.37967596785427393,-0.9345511308118133,-0.9346187243669639,-0.7674136132819462,0,0,1,0
20500.0,-1.347701062497712,0.0,-0.01451166441269542,0.6265541566507993,0,-0.9106399545441825,-1.1207048028851228,-0.9346187243669639,-0.9665528291966192,0,0,1,0
36000.0,-0.5880505145239596,0.0,-0.01451166441269542,-0.012621657151110341,0,-0.46091635926038016,-1.3420330208418312,-0.9497616223813684,-0.9226367542949103,0,0,1,0
188200.0,-1.3083758791631686,1.0,-0.014468701681598103,-1.504031889355566,0,1.5281837001669032,1.2004690324034661,-0.9497616223813684,0.5325102385989583,0,0,1,0
29000.0,1.448204933219387,0.0,-0.014522405095469749,-0.22568026175174685,0,-0.45366275288483493,-0.32372425172264196,-0.9346187243669639,-0.557862186594303,0,0,1,0
45000.0,0.17554527837979533,0.0,-0.01451166441269542,-1.077914680154293,0,-0.19978652974075298,-0.14125162852066492,-0.9497616223813684,-0.6934664800553231,0,0,1,0
35500.0,0.21372506802498306,1.0,-0.014522405095469749,-0.4387388663523834,0,-0.217920545679616,-0.14125162852066492,-0.9346187243669639,-0.6934664800553231,0,0,1,0
42500.0,-0.20625261807208214,0.0,-0.014522405095469749,-0.4387388663523834,0,0.035955677464465985,-0.8102427462111627,-1.164846784639172,-0.6547550895783869,1,0,0,0
75499.0,-0.8044026558466902,0.0,-0.01451166441269542,-0.4387388663523834,0,0.685124433650259,-0.8102427462111627,-0.9497616223813684,-0.44241729846874356,0,0,1,0
27000.0,0.06736920771843004,0.0,-0.01451166441269542,-0.012621657151110341,0,-0.7220461887800074,-1.3420330208418312,0.12838915571849938,-0.9226367542949103,0,0,1,0
40000.0,-0.078986652588123,1.0,-0.014522405095469749,-0.6517974709530199,0,-0.054714402229849,-0.5122794054175007,-0.9497616223813684,-0.6599620002908548,0,0,1,0
47000.0,-0.42260475939481273,0.0,-0.014500923729921091,-0.6517974709530199,0,-0.36903734517014103,-0.5342239031937968,-0.9497616223813684,-0.20675452596646696,0,0,1,0
64000.0,-0.30806539045924947,0.0,-0.01451166441269542,-0.4387388663523834,0,0.35148755480068217,-0.9345511308118133,-0.9346187243669639,-0.5317936450092879,0,0,1,0
88000.0,-0.5180542335077821,1.0,-0.014500923729921091,-0.8648560755536564,0,0.6222888594877029,-0.32036319269464486,-0.9346187243669639,-0.30619249850394636,0,0,0,1
53000.0,0.17554527837979533,0.0,-0.014522405095469749,-0.8648560755536564,0,0.41677001218058896,-0.32036319269464486,-0.9346187243669639,-0.677508791536798,0,0,1,0
38000.0,0.9391410712835503,0.0,-0.01451166441269542,-0.4387388663523834,0,-0.40288750825601854,-0.8102427462111627,-0.9346187243669639,-0.8015849257249965,1,0,0,0
90000.0,-0.29533879391085355,1.0,-0.01451166441269542,-0.8648560755536564,0,1.105862617857383,-0.5122794054175007,-0.9346187243669639,0.16978343918735347,0,0,0,1
145000.0,1.5754708987033461,0.0,-0.014447220316049445,0.8396127612514358,0,0.40687873075939096,0.5199635555482692,0.43632286632090406,2.0317591937327775,1,0,0,0
39000.0,0.7100623334124238,0.0,-0.014522405095469749,-0.8648560755536564,0,-0.090982434107575,0.5199635555482692,-0.9346187243669639,-0.6362252624558057,0,0,1,0
57000.0,0.7291522282350177,0.0,-0.014490183047146762,-0.22568026175174685,0,-0.32413406760724206,-0.24807192448694768,0.43632286632090406,-0.318855491726885,0,0,1,0
63950.0,0.26512779148395416,0.0,-0.014490183047146762,-0.22568026175174685,0,-0.18009816957855881,-1.1207048028851228,-0.9497616223813684,-0.21668942647753886,0,0,1,0
44800.0,-0.2571590042656658,1.0,-0.01451166441269542,-0.6517974709530199,0,-0.20558941484118914,-1.1207048028851228,-0.9346187243669639,-0.7548560497482442,0,0,1,0
28500.0,-1.350373647772875,0.0,-0.01451166441269542,-0.8648560755536564,0,-0.6785245505267361,-1.3420330208418312,-0.9346187243669639,-1.0056501127154873,0,0,1,0
34000.0,1.0664070367675094,0.0,-0.01451166441269542,1.0526713658520723,0,-0.5189452102647417,-0.32372425172264196,-0.9346187243669639,-0.557862186594303,0,0,1,0
25000.0,-1.14802076265338,1.0,-0.014490183047146762,-1.504031889355566,0,-0.9873209362285175,-0.958293484507613,0.43632286632090406,-0.3110906155234552,0,0,1,0
25000.0,1.3209389677354277,1.0,-0.014490183047146762,1.9049057842546184,0,-0.9873209362285175,-0.8102427462111627,-0.9346187243669639,-0.8642839394354129,0,0,1,0
40000.0,1.8300028296712643,0.0,-0.01451166441269542,1.0526713658520723,0,-0.344858657251657,-0.32036319269464486,-0.9346187243669639,0.3028550113639118,0,0,1,0
96000.0,0.21372506802498306,1.0,-0.014447220316049445,-0.22568026175174685,0,-0.2393516554255449,0.3664142374090258,0.43632286632090406,0.4021213628652534,0,0,1,0
28000.0,-0.8591270210047927,0.0,-0.014522405095469749,-0.22568026175174685,0,-0.48993078476256097,-0.8102427462111627,0.12838915571849938,-0.8015849257249965,0,0,1,0
19500.0,0.6846091403156319,0.0,-0.014522405095469749,2.544081598056528,0,-0.7982090557232319,-1.1207048028851228,-0.9346187243669639,-0.8428143786987349,0,0,1,0
79200.0,-0.2698856008140617,0.0,-0.014500923729921091,-0.6517974709530199,0,0.4095164058050437,-0.32036319269464486,-0.9497616223813684,0.4133108881641858,0,0,1,0
75000.0,0.04827931289583617,1.0,-0.014457960998823774,1.2657299704527087,0,-0.41739472100710895,1.2004690324034661,0.12838915571849938,-0.15928108389642115,0,0,1,0
22500.0,-1.3516463074277145,0.0,-0.01451166441269542,1.4787885750533454,0,-0.852611103539821,-0.7092948551838962,0.12838915571849938,-0.40125409173609144,0,0,1,0
170000.0,0.8500548954447789,1.0,-0.0143935169021778,0.20043694744952617,0,0.035955677464465985,2.6714025272308954,0.645607861430407,2.739345221315201,1,0,0,0
65000.0,-0.4098781628464168,1.0,-0.014468701681598103,-0.012621657151110341,0,-0.4576925342045822,-0.8102427462111627,0.43632286632090406,-0.1688273628391848,0,0,1,0
79000.0,0.49371019208969324,0.0,-0.014490183047146762,-0.6517974709530199,0,0.13180690456988475,-0.8102427462111627,0.12838915571849938,-0.1688273628391848,1,0,0,0
49000.0,0.20099847147658714,0.0,-0.01451166441269542,-0.6517974709530199,0,-0.0837288277320298,-1.1207048028851228,0.12838915571849938,-0.8428143786987349,1,0,0,0
39500.0,-0.6644100938143351,0.0,-0.014522405095469749,-1.077914680154293,0,-0.072848418168712,-0.5122794054175007,0.12838915571849938,-0.6599620002908548,0,0,1,0
50000.0,0.8882346850899666,0.0,-0.014490183047146762,0.20043694744952617,0,-0.46920619511814604,-0.32036319269464486,0.12838915571849938,-0.21518594876585154,0,0,1,0
56000.0,0.5700697713800688,0.0,-0.014500923729921091,0.4134955520501627,0,-0.15142915390378492,-0.32036319269464486,-0.9346187243669639,0.3028550113639118,0,0,1,0
25000.0,0.25190485767017085,0.0,-0.01451166441269542,1.0526713658520723,0,-0.7800750397843689,-1.1207048028851228,0.12838915571849938,-0.9665528291966192,0,0,1,0
20000.0,-1.3465556688083562,0.0,-0.014490183047146762,1.4787885750533454,0,-1.0909438844505919,-0.7092948551838962,-0.9497616223813684,-1.040991656035506,1,0,0,0
27000.0,0.9391410712835503,0.0,-0.01451166441269542,0.4134955520501627,0,-0.7220461887800074,-0.7092948551838962,-0.9346187243669639,-0.8699883990356986,0,0,1,0
280000.0,-1.1989271488469635,1.0,-0.014468701681598103,-1.2909732847549296,0,3.007919400778124,1.61783723340406,0.12838915571849938,3.985361171700472,0,0,0,1
92000.0,-0.6516834972659392,1.0,-0.014500923729921091,-0.8648560755536564,0,0.719003611161639,0.7168979404301677,-0.9346187243669639,-0.4247585554475627,0,0,1,0
46000.0,-1.3490119019421967,1.0,-0.014554627143792737,0.8396127612514358,0,5.167882188162694,-0.9345511308118133,-0.13969362055378792,-0.9362759721243398,1,0,0,0
93999.0,-0.9698484109758371,0.0,-0.014500923729921091,-0.8648560755536564,0,0.7673368083106884,-0.32036319269464486,-0.9497616223813684,0.4133108881641858,0,0,1,0
27000.0,-1.344264881429645,0.0,-0.014457960998823774,2.3310229934558913,0,-1.113740933059448,0.5199635555482692,0.12838915571849938,-0.942828556045081,1,0,0,0
175000.0,-0.3335185835560413,1.0,-0.014479442364372434,-0.4387388663523834,0,1.6680171119621359,1.2004690324034661,-0.9497616223813684,1.128586419998969,1,0,0,0
40000.0,0.17554527837979533,0.0,-0.014500923729921091,-0.6517974709530199,0,-0.5382881605995289,-0.8194871463930152,-0.9497616223813684,-0.40505772975802357,0,0,1,0
33500.0,1.1936730022514686,0.0,-0.01451166441269542,0.20043694744952617,0,-0.5334524230158322,-0.14125162852066492,-0.9346187243669639,-0.5310636738466661,0,0,1,0
68000.0,0.30281124386375446,1.0,-0.014490183047146762,-0.6517974709530199,0,-0.09616358151867879,-0.8102427462111627,-0.13969362055378792,-0.1688273628391848,0,0,1,0
30500.0,0.9518676678319462,0.0,-0.014522405095469749,-0.012621657151110341,0,-0.39926070506824596,-0.32372425172264196,0.12838915571849938,-0.557862186594303,0,0,1,0
94000.0,-1.1734739557501717,1.0,-0.014500923729921091,-1.2909732847549296,0,0.7673609869986068,-0.32036319269464486,-0.9346187243669639,0.4133108881641858,0,0,1,0
50000.0,2.2245273226715376,0.0,-0.014479442364372434,1.2657299704527087,0,-0.598734880395739,-0.32036319269464486,0.645607861430407,-0.005745456000475006,1,0,0,0
75000.0,1.84272942621966,0.0,-0.014500923729921091,-0.22568026175174685,0,0.30796591654741096,-0.32036319269464486,-0.9346187243669639,-0.0003795471682917068,1,0,0,0
139000.0,-0.48623774213679233,1.0,-0.014468701681598103,-0.8648560755536564,0,0.7351227364406283,1.61783723340406,-0.9497616223813684,0.6780518647784939,0,0,1,0
22800.0,-1.3491009881180354,0.0,-0.01451166441269542,2.3310229934558913,0,-0.8439067758891666,-0.32036319269464486,-0.9346187243669639,-0.677508791536798,0,0,1,0
39000.0,0.35371763005733814,0.0,-0.014500923729921091,-0.6517974709530199,0,-0.562466848518013,-0.8102427462111627,-0.9346187243669639,-0.8642839394354129,0,0,1,0
61000.0,0.3918974197025259,0.0,-0.014490183047146762,1.0526713658520723,0,-0.24123570902958277,1.61783723340406,-0.9346187243669639,0.4451786460753563,0,0,1,0
62000.0,0.7355155265092156,0.0,-0.014500923729921091,0.4134955520501627,0,-0.006357026392880924,1.2004690324034661,-0.9346187243669639,-0.5194584646810648,0,0,1,0
50000.0,-0.6135037076207515,1.0,-0.014490183047146762,0.20043694744952617,0,-0.46920619511814604,-0.5122794054175007,0.12838915571849938,-0.7515247820538202,0,0,1,0
22000.0,2.1099879537359745,0.0,-0.014479442364372434,1.2657299704527087,0,-1.1064873266839028,-1.100277399583882,-1.164846784639172,-0.9157255191567732,0,0,1,0
25500.0,-1.3499918498764232,0.0,-0.01451166441269542,0.20043694744952617,0,-0.7655678270332785,-0.958293484507613,-0.9497616223813684,-0.8081862516258597,0,0,1,0
68000.0,0.43007720934771365,1.0,-0.014500923729921091,-0.012621657151110341,0,0.13871510111802307,0.7168979404301677,-0.9346187243669639,-0.4247585554475627,0,0,1,0
54500.0,-1.3508063520555205,0.0,-0.01451166441269542,-0.6517974709530199,0,0.07585051252996458,-0.14125162852066492,0.12838915571849938,-0.5731003542552597,0,0,1,0
46997.0,1.751110657667758,0.0,-0.014468701681598103,0.4134955520501627,0,-0.7478851466022273,-0.7092948551838962,0.12838915571849938,-0.40125409173609144,0,0,1,0
95000.0,0.04827931289583617,1.0,-0.014490183047146762,-0.4387388663523834,0,0.46340033888052223,-0.14125162852066492,0.12838915571849938,0.4692490690211446,0,0,0,1
49000.0,-0.52441753178198,1.0,-0.01451166441269542,-0.6517974709530199,0,-0.0837288277320298,-0.14125162852066492,-0.9346187243669639,-0.5731003542552597,0,0,1,0
36000.0,0.7482421230576115,0.0,-0.01451166441269542,-0.4387388663523834,0,-0.46091635926038016,-0.8102427462111627,-0.9346187243669639,-0.6547550895783869,1,0,0,0
90000.0,0.5573431748316728,1.0,-0.014479442364372434,-0.22568026175174685,0,0.12662575715878097,1.2004690324034661,-0.13969362055378792,0.5325102385989583,1,0,0,0
40000.0,0.43007720934771365,0.0,-0.01451166441269542,0.4134955520501627,0,-0.344858657251657,0.5199635555482692,-0.9346187243669639,-0.6362252624558057,0,0,1,0
82000.0,0.04827931289583617,0.0,-0.014500923729921091,-0.6517974709530199,0,0.4772167319767988,-0.32036319269464486,-0.9346187243669639,0.3028550113639118,0,0,1,0
32000.0,1.1936730022514686,0.0,-0.01451166441269542,0.8396127612514358,0,-0.5769740612691033,-0.9345511308118133,0.12838915571849938,-0.7674136132819462,0,0,1,0
37500.0,-1.3485919242560995,1.0,-0.014479442364372434,1.4787885750533454,0,-0.8254100796315265,-0.32036319269464486,-0.9497616223813684,-0.7466237140621923,0,0,1,0
34000.0,-1.3494191530317452,0.0,-0.01451166441269542,0.20043694744952617,0,-0.5189452102647417,-0.9345511308118133,0.12838915571849938,-0.7674136132819462,0,0,1,0
65000.0,1.1936730022514686,0.0,-0.01451166441269542,0.20043694744952617,0,0.3805019803028629,-0.6808932935519518,-0.9346187243669639,-0.2790448113622479,1,0,0,0
45000.0,0.7100623334124238,1.0,-0.014468701681598103,2.117964388855255,0,-0.7800750397843689,-0.14125162852066492,0.12838915571849938,0.4692490690211446,1,0,0,0
44900.0,0.073732505992628,0.0,-0.014522405095469749,-0.6517974709530199,0,0.12299895397100838,-0.32372425172264196,-0.9346187243669639,-0.557862186594303,0,0,1,0
48500.0,1.448204933219387,1.0,-0.014500923729921091,0.8396127612514358,0,-0.332769313292415,-0.32036319269464486,-0.9346187243669639,-0.27162723695701885,0,0,1,0
24000.0,1.295485774638636,0.0,-0.01451166441269542,-0.22568026175174685,0,-0.8090894652865497,-1.100277399583882,-1.164846784639172,-0.8655644301354135,1,0,0,0
25500.0,2.0845347606391824,1.0,-0.014500923729921091,1.6918471796539818,0,-0.8888791354175469,-0.8102427462111627,-0.9346187243669639,-0.9936241708913143,0,0,1,0
50500.0,0.21372506802498306,0.0,-0.01451166441269542,-0.6517974709530199,0,-0.040207189478758606,-0.8102427462111627,-0.9497616223813684,-0.44241729846874356,0,0,1,0
160000.0,0.29008464731535855,1.0,-0.014447220316049445,-0.012621657151110341,0,0.604704359183351,-0.7092948551838962,0.43632286632090406,0.36808876559412446,1,0,0,0
55000.0,2.0845347606391824,1.0,-0.014447220316049445,1.4787885750533454,0,-0.7800750397843689,1.61783723340406,0.12838915571849938,0.4512068396986125,0,0,1,0
67500.0,0.6082495610252565,1.0,-0.014500923729921091,1.0526713658520723,0,0.12662575715878097,1.61783723340406,-0.9346187243669639,0.4451786460753563,0,0,1,0
72000.0,2.46633265709106,1.0,-0.014457960998823774,1.0526713658520723,0,-0.46091635926038016,1.2004690324034661,0.12838915571849938,0.6237072297129891,0,0,1,0
46000.0,-0.16807282842689442,0.0,-0.014522405095469749,-0.8648560755536564,0,0.16289378903650698,-0.32036319269464486,-0.9346187243669639,-0.677508791536798,0,0,1,0
34000.0,0.8042391478705536,0.0,-0.014522405095469749,0.20043694744952617,0,-0.27232259349620497,-0.32372425172264196,-0.9497616223813684,-0.557862186594303,0,0,1,0
15000.0,-1.3478283284631958,0.0,-0.014457960998823774,1.9049057842546184,0,-1.287827486072533,-0.7092948551838962,-1.164846784639172,0.36808876559412446,1,0,0,0
73000.0,0.7991485092511952,1.0,-0.014500923729921091,-0.012621657151110341,0,0.25960854071044287,-0.32036319269464486,-0.9346187243669639,-0.30619249850394636,1,0,0,0
41500.0,0.49371019208969324,0.0,-0.01451166441269542,1.0526713658520723,0,-0.3013370189983858,-0.32036319269464486,-0.9346187243669639,-0.30619249850394636,0,0,1,0
25000.0,0.35371763005733814,0.0,-0.014522405095469749,1.2657299704527087,0,-0.598734880395739,-0.7092948551838962,-0.9346187243669639,-0.8699883990356986,0,0,1,0
44000.0,0.7100623334124238,1.0,-0.014468701681598103,2.117964388855255,0,-0.7961941650633583,-0.14125162852066492,0.12838915571849938,0.4692490690211446,1,0,0,0
40000.0,0.6209761575736524,0.0,-0.01451166441269542,-0.22568026175174685,0,-0.344858657251657,-0.14125162852066492,-0.9346187243669639,-0.5731003542552597,0,0,1,0
19800.0,0.6846091403156319,0.0,-0.014522405095469749,2.544081598056528,0,-0.7873286461599142,-1.1207048028851228,-0.9346187243669639,-0.8428143786987349,0,0,1,0
195000.0,-1.1225675695565882,1.0,-0.014457960998823774,-0.6517974709530199,0,1.3234708091237388,1.2004690324034661,0.12838915571849938,0.6237072297129891,0,0,1,0
47000.0,1.0664070367675094,0.0,-0.014522405095469749,-0.012621657151110341,0,0.19916182091423296,-0.32372425172264196,-0.9497616223813684,-0.557862186594303,0,0,1,0
73000.0,-1.0334813937178167,0.0,-0.01451166441269542,-0.8648560755536564,0,0.6126173843203093,-0.14125162852066492,0.12838915571849938,0.38150546259524254,0,0,1,0
32000.0,0.7482421230576115,0.0,-0.01451166441269542,0.20043694744952617,0,-0.5769740612691033,-0.7107256994550611,-0.9346187243669639,-0.7430231774662824,0,0,1,0
40000.0,0.22645166457337898,0.0,-0.01451166441269542,-0.22568026175174685,0,-0.344858657251657,-0.9345511308118133,0.12838915571849938,-0.7674136132819462,0,0,1,0
67000.0,2.0845347606391824,1.0,-0.014447220316049445,1.4787885750533454,0,-0.621814537045201,1.61783723340406,0.12838915571849938,0.8267724449304006,0,0,1,0
37000.0,0.9391410712835503,0.0,-0.014468701681598103,1.0526713658520723,0,-0.9090280420162835,-0.6808932935519518,0.43632286632090406,-0.41924228281295656,1,0,0,0
31500.0,0.21372506802498306,0.0,-0.01451166441269542,0.20043694744952617,0,-0.5914812740201938,-0.6808932935519518,-0.16392578415542897,-0.9543394275990159,0,0,1,0
22800.0,-1.3516463074277145,0.0,-0.01451166441269542,1.0526713658520723,0,-0.8439067758891666,-0.9345511308118133,0.12838915571849938,-0.780935708983995,0,0,1,0
50000.0,0.41735061279931773,0.0,-0.01451166441269542,0.20043694744952617,0,-0.054714402229849,-0.32036319269464486,0.12838915571849938,-0.30619249850394636,0,0,1,0
26000.0,0.9645942643803421,0.0,-0.01451166441269542,-0.012621657151110341,0,-0.7510606142821882,-1.100277399583882,-1.164846784639172,-0.9157255191567732,1,0,0,0
137000.0,0.5573431748316728,1.0,-0.014447220316049445,-0.012621657151110341,0,0.3013717289332789,1.61783723340406,0.12838915571849938,0.8267724449304006,0,0,1,0
25000.0,-1.347191998635776,0.0,-0.014500923729921091,0.8396127612514358,0,-0.9009684793767888,-1.1207048028851228,-0.9497616223813684,-0.6199086206554122,1,0,0,0
64997.0,1.4764834307499226,0.0,-0.014457960998823774,2.117964388855255,0,-0.5625103701562663,0.8002264370753965,0.12838915571849938,0.556204516117268,1,0,0,0
35000.0,-1.3491009881180354,0.0,-0.01451166441269542,0.6265541566507993,0,-0.48993078476256097,-1.1207048028851228,0.12838915571849938,-0.829456299716328,0,0,1,0
40000.0,-0.11716644223331074,0.0,-0.01451166441269542,-0.8648560755536564,0,-0.344858657251657,-1.100277399583882,-0.9346187243669639,-0.8241565621241418,0,0,1,0
57000.0,0.01697188538678221,0.0,-0.014490183047146762,-0.22568026175174685,0,-0.32413406760724206,0.3664142374090258,-0.9497616223813684,-0.08382485778500227,0,0,1,0
36000.0,1.855456022768056,0.0,-0.01451166441269542,1.6918471796539818,0,-0.46091635926038016,-0.32036319269464486,-0.9346187243669639,-0.30619249850394636,0,0,1,0
115000.0,-0.6135037076207515,1.0,-0.014479442364372434,0.4134955520501627,0,0.5799761556303559,1.61783723340406,-0.9346187243669639,0.8133485798913955,0,0,1,0
36500.0,0.13736548873460758,0.0,-0.014522405095469749,0.20043694744952617,0,-0.18165251380189,0.5199635555482692,-0.9346187243669639,-0.6362252624558057,0,0,1,0
42000.0,-0.842582445491878,0.0,-0.014522405095469749,-1.077914680154293,0,0.017821661525602984,-0.5122794054175007,-0.9346187243669639,-0.6599620002908548,0,0,1,0
73000.0,-0.9316686213306493,1.0,-0.01451166441269542,-1.077914680154293,0,0.6126173843203093,-0.14125162852066492,-0.9346187243669639,-0.5731003542552597,0,0,1,0
30000.0,-0.677136690362731,0.0,-0.014522405095469749,-0.22568026175174685,0,-0.41739472100710895,-0.8102427462111627,-0.9497616223813684,-0.8015849257249965,0,0,1,0
11111.0,0.8118751057995911,0.0,-0.014479442364372434,-0.4387388663523834,0,-1.303948626242182,-0.8102427462111627,0.43632286632090406,-0.6547550895783869,1,0,0,0
21000.0,-1.3482101263596478,0.0,-0.01451166441269542,1.6918471796539818,0,-0.8961327417930921,-1.100277399583882,-0.9346187243669639,-1.0243493419853384,0,0,1,0
123456.0,-0.677136690362731,0.0,-0.01451166441269542,-0.6517974709530199,0,2.0765692374583438,-0.32372425172264196,0.12838915571849938,-0.557862186594303,0,0,1,0
99000.0,-1.0207547971694209,1.0,-0.014468701681598103,-0.8648560755536564,0,0.09035772528105497,-0.5122794054175007,-0.9497616223813684,0.16978343918735347,0,0,1,0
81500.0,-0.30806539045924947,1.0,-0.014479442364372434,-0.6517974709530199,0,-0.02751337832155451,-0.5122794054175007,-0.9346187243669639,-0.4040257849946152,0,0,1,0
57500.0,-1.3497373179454553,1.0,-0.014490183047146762,0.20043694744952617,0,-0.31377177278503476,-0.32036319269464486,0.12838915571849938,-0.21518594876585154,0,0,1,0
37000.0,-1.350119115841907,1.0,-0.01451166441269542,-0.22568026175174685,0,-0.43190193375819935,-0.14125162852066492,0.12838915571849938,-0.7832110935323148,0,0,1,0
19999.0,1.1936730022514686,0.0,-0.01451166441269542,1.6918471796539818,0,-0.9251761817207751,-0.9936213437697933,-0.9346187243669639,-1.0352666532541752,0,0,1,0
56000.0,0.010099523250648416,1.0,-0.014490183047146762,-0.4387388663523834,0,-0.344858657251657,-0.24807192448694768,0.12838915571849938,-0.48217140404985104,0,0,1,0
38300.0,-1.3497245913489069,0.0,-0.014522405095469749,-0.6517974709530199,0,-0.1163700564219832,-0.32036319269464486,-0.9346187243669639,-0.677508791536798,0,0,1,0
80000.0,-1.1098409730081922,0.0,-0.014500923729921091,-1.077914680154293,0,0.428859356139831,-0.32372425172264196,0.12838915571849938,-0.557862186594303,0,0,1,0
110000.0,0.43007720934771365,0.0,-0.012632044927187835,-0.012621657151110341,0,-1.4167804883044475,-0.1174694926053072,0.645607861430407,-0.6455029569781549,1,0,0,0
95000.0,0.7736953161544033,1.0,-0.014479442364372434,-0.012621657151110341,0,0.21729583685309595,2.6714025272308954,0.43632286632090406,0.9420616080322042,1,0,0,0
90000.0,-0.23170581116887398,1.0,-0.014447220316049445,-0.8648560755536564,0,-0.31848190679512894,-0.14125162852066492,0.43632286632090406,0.3019869901252007,0,0,1,0
42500.0,1.1809464057030727,0.0,-0.01451166441269542,1.0526713658520723,0,-0.27232259349620497,-0.32036319269464486,0.12838915571849938,-0.30619249850394636,0,0,1,0
42000.0,0.6846091403156319,1.0,-0.014500923729921091,0.4134955520501627,0,-0.48993078476256097,-0.5122794054175007,0.645607861430407,-0.6222774354233112,0,0,1,0
42000.0,-0.3335185835560413,0.0,-0.014522405095469749,-0.4387388663523834,0,0.017821661525602984,-1.1207048028851228,-0.9346187243669639,-0.7741451547050625,0,0,1,0
52000.0,1.2063995987998646,0.0,-0.01451166441269542,-0.4387388663523834,0,0.0033144487745125867,-0.8102427462111627,0.12838915571849938,-0.6547550895783869,1,0,0,0
66600.0,-0.16807282842689442,1.0,-0.014500923729921091,-0.6517974709530199,0,0.10486493803214537,0.3664142374090258,-0.9346187243669639,-0.3903636606093302,0,0,1,0
65000.0,1.9190890055100356,1.0,-0.014221665977788536,1.9049057842546184,0,-1.2107579183323651,2.6714025272308954,0.43632286632090406,2.739345221315201,0,0,1,0
48000.0,1.0409538436707175,0.0,-0.014468701681598103,1.2657299704527087,0,-0.731717663947401,-0.1174694926053072,0.43632286632090406,-0.569771078435258,0,0,1,0
54000.0,1.5754708987033461,1.0,-0.014457960998823774,0.8396127612514358,0,-0.7220461887800074,-0.5122794054175007,0.43632286632090406,0.17671313981439438,0,0,1,0
45000.0,-0.14261963533010258,1.0,-0.014490183047146762,-0.6517974709530199,0,-0.5728291433402204,-0.24807192448694768,-0.9346187243669639,-0.5841160363427136,0,0,1,0
40000.0,1.0282272471223217,0.0,-0.01451166441269542,0.6265541566507993,0,-0.344858657251657,-1.1381312347207264,0.12838915571849938,-0.7156250667400966,0,0,1,0
60000.0,-1.1989271488469635,0.0,-0.01451166441269542,-1.504031889355566,0,0.23542985279195897,-0.9345511308118133,-0.9497616223813684,-0.7674136132819462,0,0,1,0
47000.0,1.5118379159613664,0.0,-0.014500923729921091,1.2657299704527087,0,-0.36903734517014103,-0.32036319269464486,-0.9346187243669639,-0.21518594876585154,1,0,0,0
49000.0,-1.3497118647523585,1.0,-0.014447220316049445,0.4134955520501627,0,-0.8592052911539528,-0.958293484507613,0.43632286632090406,-0.5501368877019143,1,0,0,0
85000.0,0.17554527837979533,1.0,-0.014350554171080485,1.2657299704527087,0,-0.8888791354175469,1.2004690324034661,0.43632286632090406,0.9224274172988605,1,0,0,0
32500.0,0.20099847147658714,0.0,-0.014500923729921091,-0.22568026175174685,0,-0.7196283199881589,-1.100277399583882,-1.164846784639172,-0.9157255191567732,1,0,0,0
51000.0,-0.49896433868518825,0.0,-0.01451166441269542,-0.6517974709530199,0,-0.02569997672766821,-0.958293484507613,-0.9346187243669639,-0.8081862516258597,0,0,1,0
27000.0,0.20099847147658714,0.0,-0.014500923729921091,2.117964388855255,0,-0.852611103539821,-0.8102427462111627,0.12838915571849938,-0.9936241708913143,0,0,1,0
55000.0,1.2573059849934483,0.0,-0.014500923729921091,-0.8648560755536564,0,-0.17560784182226907,-1.1207048028851228,-1.164846784639172,-0.27595943853272237,1,0,0,0
55000.0,0.7736953161544033,1.0,-0.01451166441269542,-0.6517974709530199,0,0.09035772528105497,-0.14125162852066492,-0.9346187243669639,-0.5731003542552597,0,0,1,0
33000.0,0.12463889218621166,1.0,-0.014500923729921091,1.0526713658520723,0,-0.7075389760289169,-0.14125162852066492,-0.9346187243669639,-0.5731003542552597,0,0,1,0
70000.0,-1.0462079902662127,0.0,-0.014490183047146762,-0.8648560755536564,0,-0.054714402229849,-0.32036319269464486,-1.164846784639172,-0.6762865631636473,1,0,0,0
95500.0,-0.683499988636929,1.0,-0.014457960998823774,0.6265541566507993,0,-0.1199968596097558,1.61783723340406,0.12838915571849938,0.8267724449304006,0,0,1,0
85000.0,-1.3486937370284868,1.0,-0.014490183047146762,0.8396127612514358,0,0.25615444243637386,1.61783723340406,-0.9346187243669639,0.8267724449304006,1,0,0,0
39499.0,-1.0462079902662127,1.0,-0.014500923729921091,-0.22568026175174685,0,-0.5504016832466894,-0.9071017708421057,0.12838915571849938,-0.749286484310219,0,0,1,0
155000.0,0.17554527837979533,1.0,-0.014468701681598103,-0.6517974709530199,0,0.9930287409044576,1.61783723340406,0.12838915571849938,0.6780518647784939,0,0,1,0
39800.0,0.8118751057995911,1.0,-0.01451166441269542,-0.012621657151110341,0,-0.3506615423520931,-0.5122794054175007,0.12838915571849938,-0.6222774354233112,0,0,1,0
75000.0,0.4682569989929014,1.0,-0.014479442364372434,-0.4387388663523834,0,-0.145384481924164,-0.5122794054175007,0.43632286632090406,0.17671313981439438,0,0,1,0
87000.0,-0.015353669846143416,1.0,-0.014490183047146762,-0.6517974709530199,0,0.29760362172520366,-0.14125162852066492,0.12838915571849938,0.4692490690211446,1,0,0,0
19500.0,-1.3516463074277145,0.0,-0.01451166441269542,2.544081598056528,0,-0.9396543800463633,-0.9936213437697933,0.12838915571849938,-1.1219826928105485,0,0,0,1
21000.0,1.7663698469292846,0.0,-0.01451166441269542,0.6265541566507993,0,-0.8961327417930921,-1.100277399583882,-1.164846784639172,-0.9157255191567732,1,0,0,0
72000.0,0.073732505992628,0.0,-0.014500923729921091,-0.6517974709530199,0,0.23542985279195897,-0.8102427462111627,0.12838915571849938,-0.1688273628391848,1,0,0,0
53000.0,-0.43533135594320865,1.0,-0.014500923729921091,-0.4387388663523834,0,-0.2239652176592369,-0.7107256994550611,0.12838915571849938,-0.47160012476853963,0,0,1,0
65000.0,1.9190890055100356,1.0,-0.014221665977788536,1.9049057842546184,0,-1.2107579183323651,2.6714025272308954,0.43632286632090406,2.739345221315201,0,0,1,0
84000.0,-0.5880505145239596,1.0,-0.014490183047146762,-0.8648560755536564,0,0.23542985279195897,-0.5122794054175007,0.43632286632090406,0.17671313981439438,0,0,1,0
78000.0,0.20099847147658714,1.0,-0.014500923729921091,-0.6517974709530199,0,0.3805019803028629,-0.8102427462111627,0.43632286632090406,0.04543356454284341,1,0,0,0
48000.0,1.4800214245903767,0.0,-0.014490183047146762,0.4134955520501627,0,-0.5106553744069758,-0.32036319269464486,0.12838915571849938,-0.7466237140621923,0,0,1,0
51000.0,-0.43533135594320865,1.0,-0.014500923729921091,-0.6517974709530199,0,-0.27232259349620497,-0.5342239031937968,0.43632286632090406,-0.20675452596646696,0,0,1,0
46000.0,-0.6644100938143351,1.0,-0.01451166441269542,-0.6517974709530199,0,-0.1707721042385722,-0.8194871463930152,-0.9346187243669639,-0.40505772975802357,0,0,1,0
12345.0,-0.5880505145239596,0.0,-0.014479442364372434,-0.012621657151110341,0,-1.2815712505736252,1.61783723340406,-0.9346187243669639,0.4451786460753563,0,0,1,0
42000.0,-1.3503863743694233,0.0,-0.01451166441269542,-1.2909732847549296,0,-0.28682980624729537,-0.5122794054175007,-0.9346187243669639,-0.6599620002908548,0,0,1,0
42800.0,1.5309278107839603,0.0,-0.014490183047146762,1.4787885750533454,0,-0.618423240557933,-0.32036319269464486,-0.9497616223813684,-0.005745456000475006,1,0,0,0
53000.0,-1.3512899627243595,1.0,-0.014500923729921091,-0.6517974709530199,0,-0.2239652176592369,-0.8194871463930152,0.645607861430407,-0.40505772975802357,0,0,1,0
22000.0,-1.3516335808311661,0.0,-0.01451166441269542,1.0526713658520723,0,-0.8671183162909113,-0.8102427462111627,0.12838915571849938,-1.0150918929746795,0,0,1,0
78000.0,0.41735061279931773,1.0,-0.014500923729921091,-0.4387388663523834,0,0.3805019803028629,-0.8102427462111627,0.12838915571849938,-0.1688273628391848,1,0,0,0
41000.0,0.9200511764609564,0.0,-0.014500923729921091,0.4134955520501627,0,-0.514109472681045,-0.32372425172264196,-0.9346187243669639,-0.38651863159071703,0,0,1,0
27000.0,1.7409166538324927,0.0,-0.014468701681598103,2.117964388855255,0,-1.0702192948061768,-0.7257150424069697,-0.9497616223813684,-0.9820890838354749,0,0,1,0
41000.0,0.1500920852830035,0.0,-0.014522405095469749,-0.22568026175174685,0,-0.01844637035212301,-0.9345511308118133,-0.9346187243669639,-0.7674136132819462,1,0,0,0
40000.0,0.18827187492819125,0.0,-0.014522405095469749,-0.012621657151110341,0,-0.054714402229849,-1.1207048028851228,0.12838915571849938,-0.8428143786987349,0,0,1,0
62000.0,0.5700697713800688,0.0,-0.01451166441269542,-0.22568026175174685,0,0.29345870379632055,-0.32036319269464486,-0.9346187243669639,-0.27162723695701885,0,0,1,0
57000.0,2.0845347606391824,1.0,-0.014479442364372434,2.3310229934558913,0,-0.471796768823698,1.61783723340406,0.12838915571849938,0.8558122807230648,1,0,0,0
24500.0,0.9136878781867585,0.0,-0.014522405095469749,1.2657299704527087,0,-0.616868896334602,-0.8102427462111627,-0.9346187243669639,-1.0665161039888527,0,0,1,0
51000.0,-0.16807282842689442,1.0,-0.014500923729921091,-0.22568026175174685,0,-0.27232259349620497,-0.7107256994550611,0.12838915571849938,-0.254421432519342,0,0,1,0
44500.0,0.43007720934771365,0.0,-0.014522405095469749,-0.6517974709530199,0,0.10849174121991798,-0.9345511308118133,-0.9346187243669639,-0.7674136132819462,0,0,1,0
70000.0,0.43007720934771365,1.0,-0.014500923729921091,-0.4387388663523834,0,0.18707247695499088,-0.8102427462111627,0.12838915571849938,-0.6123936341522249,1,0,0,0
24000.0,1.5500177056065543,0.0,-0.01451166441269542,2.3310229934558913,0,-0.8090894652865497,-0.32036319269464486,-0.9497616223813684,-0.677508791536798,0,0,1,0
25500.0,0.8627814919931748,0.0,-0.01451166441269542,-0.012621657151110341,0,-0.7655678270332785,-1.1207048028851228,0.12838915571849938,-0.9665528291966192,0,0,1,0
96000.0,-0.689863286911127,1.0,-0.014479442364372434,-0.8648560755536564,0,0.23542985279195897,-0.7092948551838962,0.43632286632090406,-0.17598529481347577,0,0,1,0
33500.0,-1.3495845987868744,0.0,-0.014522405095469749,0.20043694744952617,0,-0.29045660943506796,-0.32036319269464486,-0.9346187243669639,-0.677508791536798,0,0,1,0
25500.0,0.11191229563781574,0.0,-0.01451166441269542,0.20043694744952617,0,-0.7655678270332785,-0.958293484507613,0.12838915571849938,-0.8081862516258597,0,0,1,0
25500.0,-1.3499918498764232,0.0,-0.01451166441269542,0.20043694744952617,0,-0.7655678270332785,-0.958293484507613,-0.9497616223813684,-0.8081862516258597,0,0,1,0
62000.0,-1.3516335808311661,1.0,-0.014500923729921091,-0.4387388663523834,0,-0.006357026392880924,-0.5122794054175007,-0.9497616223813684,-0.6222774354233112,0,0,1,0
57000.0,1.1721268742950344,0.0,-0.014500923729921091,0.6265541566507993,0,-0.127250465985301,-0.6808932935519518,-0.9497616223813684,-0.2790448113622479,0,0,1,0
48500.0,1.4100251435741993,0.0,-0.01451166441269542,0.4134955520501627,0,-0.09823604048312021,-0.32036319269464486,-0.9346187243669639,-0.27162723695701885,0,0,1,0
66500.0,0.2773580507669626,0.0,-0.014500923729921091,-0.4387388663523834,0,0.10244706924029706,-0.32036319269464486,-0.9346187243669639,0.3028550113639118,1,0,0,0
41000.0,0.4555304024445055,1.0,-0.014565367826567066,-0.22568026175174685,0,-0.19978652974075298,-0.14125162852066492,-0.9497616223813684,-0.7832110935323148,0,0,1,0
33000.0,0.9264144747351544,1.0,-0.014565367826567066,-0.22568026175174685,0,-0.19978652974075298,-0.7107256994550611,-0.9346187243669639,-0.8642839394354129,0,0,1,0
58000.0,-0.982575007524233,1.0,-0.014500923729921091,-0.8648560755536564,0,-0.10307177806681708,-0.8194871463930152,0.12838915571849938,-0.40505772975802357,0,0,1,0
51000.0,0.12463889218621166,0.0,-0.014522405095469749,-0.4387388663523834,0,0.34423394842513694,-0.9345511308118133,0.12838915571849938,-0.7674136132819462,1,0,0,0
125000.0,-1.3478283284631958,1.0,-0.014479442364372434,0.20043694744952617,0,0.7613163150189859,2.6714025272308954,-0.9497616223813684,2.739345221315201,1,0,0,0
52000.0,1.448204933219387,0.0,-0.014500923729921091,1.0526713658520723,0,-0.24814390557772106,0.7168979404301677,0.12838915571849938,-0.5254071569925362,1,0,0,0
42500.0,0.6846091403156319,0.0,-0.01451166441269542,0.20043694744952617,0,-0.27232259349620497,-0.8102427462111627,-0.9497616223813684,-0.44241729846874356,0,0,1,0
52000.0,-0.2444324077172699,0.0,-0.014500923729921091,0.6265541566507993,0,-0.24814390557772106,-0.32036319269464486,-0.9346187243669639,-0.27162723695701885,0,0,1,0
45000.0,-0.6644100938143351,1.0,-0.01451166441269542,-0.6517974709530199,0,-0.19978652974075298,-0.8194871463930152,-0.9346187243669639,-0.40505772975802357,0,0,1,0
117400.0,-1.1342760383811124,1.0,-0.014479442364372434,-1.2909732847549296,0,0.6234977938836271,-0.5122794054175007,-0.9497616223813684,0.17671313981439438,0,0,1,0
42000.0,-0.8298558489434821,0.0,-0.014522405095469749,-1.077914680154293,0,0.017821661525602984,-0.5122794054175007,-0.9346187243669639,-0.6599620002908548,0,0,1,0
250000.0,-0.078986652588123,1.0,-0.014436479633275117,-0.8648560755536564,0,1.5169003124716107,1.61783723340406,0.12838915571849938,1.6095946416797886,1,0,0,0
40000.0,-0.2444324077172699,0.0,-0.01451166441269542,-1.077914680154293,0,-0.344858657251657,-0.14125162852066492,0.12838915571849938,-0.6934664800553231,0,0,1,0
26000.0,1.8300028296712643,0.0,-0.01451166441269542,-0.012621657151110341,0,-0.7510606142821882,-1.1381312347207264,-0.9497616223813684,-0.905686472068768,1,0,0,0
60000.0,1.3209389677354277,1.0,-0.0143935169021778,2.117964388855255,0,-0.9614151991729989,0.7168979404301677,0.43632286632090406,0.9292993840555308,1,0,0,0
38000.0,1.0409538436707175,0.0,-0.014500923729921091,1.4787885750533454,0,-0.586645536436497,-0.8102427462111627,0.12838915571849938,0.03674692258203081,1,0,0,0
24500.0,2.46633265709106,0.0,-0.014479442364372434,2.544081598056528,0,-1.0611522868367453,-0.8102427462111627,0.12838915571849938,-1.031174560668834,0,0,1,0
63000.0,0.6286121155026899,0.0,-0.014479442364372434,1.2657299704527087,0,-0.36299267319052,-0.8102427462111627,-0.9497616223813684,-0.43724029098518824,1,0,0,0
67000.0,-0.5282355107464989,1.0,-0.014500923729921091,-0.012621657151110341,0,0.11453641319953889,-0.7107256994550611,0.43632286632090406,-0.3501135696059757,0,0,1,0
75000.0,0.36644422660573406,1.0,-0.014490183047146762,-0.6517974709530199,0,0.04890854599222519,-0.5122794054175007,-0.9497616223813684,0.17671313981439438,0,0,1,0
25500.0,-1.3499918498764232,0.0,-0.01451166441269542,0.6265541566507993,0,-0.7655678270332785,-0.958293484507613,-0.9497616223813684,-0.8081862516258597,0,0,1,0
39800.0,-0.8171292523950862,0.0,-0.014522405095469749,-1.077914680154293,0,-0.061968008605394205,-0.8102427462111627,-0.9346187243669639,-0.8015849257249965,0,0,1,0
17500.0,-1.3465556688083562,0.0,-0.014490183047146762,2.544081598056528,0,-1.1427553585616288,-0.8102427462111627,-0.9497616223813684,-0.5265758588219019,1,0,0,0
89999.0,-0.09238775875358389,1.0,-0.014479442364372434,-0.012621657151110341,0,0.1266076231428421,0.7168979404301677,0.12838915571849938,0.08035473480485336,0,0,1,0
55000.0,-0.8107659541208881,0.0,-0.01451166441269542,-0.8648560755536564,0,0.09035772528105497,-0.958293484507613,-0.9346187243669639,-0.8081862516258597,0,0,1,0
39800.0,-1.3504881871418106,1.0,-0.01451166441269542,-0.6517974709530199,0,-0.3506615423520931,-0.7107256994550611,-0.9346187243669639,-0.7430231774662824,0,0,1,0
57500.0,-0.14261963533010258,0.0,-0.01451166441269542,-0.6517974709530199,0,0.16289378903650698,-0.5122794054175007,-0.9346187243669639,-0.6222774354233112,0,0,1,0
250000.0,-1.1225675695565882,1.0,-0.014447220316049445,-1.504031889355566,0,1.7916581297271108,0.5199635555482692,0.43632286632090406,0.8363390425449689,1,0,0,0
43000.0,0.990047457477134,0.0,-0.01451166441269542,1.0526713658520723,0,-0.25781538074511456,-0.32036319269464486,-0.9497616223813684,-0.30619249850394636,0,0,1,0
25000.0,1.295485774638636,0.0,-0.01451166441269542,1.9049057842546184,0,-0.7800750397843689,-0.7092948551838962,0.12838915571849938,-0.8699883990356986,0,0,1,0
72000.0,1.9318156020584316,1.0,-0.014468701681598103,0.20043694744952617,0,-0.344858657251657,1.2004690324034661,0.12838915571849938,0.6237072297129891,0,0,1,0
49000.0,0.8882346850899666,1.0,-0.014500923729921091,0.20043694744952617,0,-0.32067996933317294,-0.8102427462111627,0.12838915571849938,-0.6123936341522249,1,0,0,0
118000.0,2.300886901961913,0.0,-0.014468701681598103,1.6918471796539818,0,0.3966211055818523,0.5199635555482692,0.43632286632090406,2.0317591937327775,1,0,0,0
40000.0,0.09918569908941983,0.0,-0.014500923729921091,0.20043694744952617,0,-0.5382881605995289,-0.6773632585629926,0.12838915571849938,-0.7310519308877238,0,0,1,0
150000.0,-1.3487191902215836,1.0,-0.014404257584952129,1.9049057842546184,0,-0.054714402229849,1.61783723340406,0.12838915571849938,1.4329163763657957,1,0,0,0
43000.0,-1.3484010253078735,0.0,-0.01451166441269542,1.0526713658520723,0,-0.25781538074511456,-1.1207048028851228,-1.164846784639172,-0.6199086206554122,1,0,0,0
43000.0,-0.2444324077172699,0.0,-0.01451166441269542,0.20043694744952617,0,-0.25781538074511456,-1.100277399583882,-0.9497616223813684,-0.6656981245895941,0,0,1,0
22222.0,0.031098407555501677,0.0,-0.014522405095469749,-0.4387388663523834,0,-0.6994874729520617,-0.8102427462111627,-0.9497616223813684,-0.6547550895783869,1,0,0,0
75000.0,-0.14261963533010258,1.0,-0.013222782479775933,0.6265541566507993,0,-1.4183924008323465,0.7168979404301677,0.12838915571849938,-0.4247585554475627,0,0,1,0
45500.0,-0.9443952178790452,0.0,-0.014522405095469749,-0.6517974709530199,0,0.14475977309764396,-0.9345511308118133,0.12838915571849938,-0.7674136132819462,0,0,1,0
48500.0,-1.348833729590519,1.0,-0.014468701681598103,1.6918471796539818,0,-0.7236581013079063,1.61783723340406,0.12838915571849938,0.8558122807230648,0,0,1,0
130000.0,1.130040019509489,1.0,-0.014447220316049445,-0.6517974709530199,0,0.20905310233543095,1.61783723340406,0.12838915571849938,0.8267724449304006,0,0,0,1
31000.0,-1.3501063892453586,0.0,-0.014522405095469749,-0.22568026175174685,0,-0.38112668912938297,-0.8102427462111627,-0.9497616223813684,-0.8015849257249965,0,0,1,0
23000.0,0.7100623334124238,0.0,-0.01451166441269542,1.0526713658520723,0,-0.8381038907887305,-0.8102427462111627,-0.9497616223813684,-1.0150918929746795,0,0,1,0
35750.0,-1.1862005522985677,0.0,-0.014522405095469749,-0.4387388663523834,0,-0.2088535377101845,-1.1207048028851228,0.12838915571849938,-0.8428143786987349,0,0,1,0
11111.0,-0.7662228662015025,1.0,-0.014500923729921091,-1.2909732847549296,0,-1.236786275876613,-1.1381312347207264,0.645607861430407,-0.5443922507298501,1,0,0,0
31000.0,1.8300028296712643,0.0,-0.01451166441269542,0.20043694744952617,0,-0.6059884867712841,-0.9345511308118133,-0.9346187243669639,-0.7674136132819462,0,0,1,0
56000.0,-0.7153164800079188,0.0,-0.014500923729921091,-1.077914680154293,0,-0.15142915390378492,-1.3420330208418312,-0.9346187243669639,-0.9226367542949103,0,0,1,0
53000.0,-0.3462451801044372,0.0,-0.014522405095469749,-0.6517974709530199,0,0.41677001218058896,-1.100277399583882,-0.9346187243669639,-0.4848532035135466,0,0,0,1
32000.0,2.46633265709106,0.0,-0.014490183047146762,1.9049057842546184,0,-0.8422488087176134,-0.32036319269464486,0.12838915571849938,-0.21518594876585154,0,0,1,0
46000.0,-0.35897177665283314,0.0,-0.014500923729921091,-0.4387388663523834,0,-0.3932160330886249,-0.24807192448694768,-0.9346187243669639,-0.5841160363427136,0,0,1,0
46800.0,-0.42260475939481273,0.0,-0.01451166441269542,-0.8648560755536564,0,-0.14756056383682756,-0.8102427462111627,-0.9497616223813684,-0.8015849257249965,0,0,1,0
48000.0,0.5955229644768606,0.0,-0.01451166441269542,0.4134955520501627,0,-0.1127432532342106,-0.8102427462111627,0.12838915571849938,-0.599331507536703,1,0,0,0
47000.0,1.1936730022514686,0.0,-0.014522405095469749,0.20043694744952617,0,0.19916182091423296,-0.9345511308118133,-0.9346187243669639,-0.5317936450092879,1,0,0,0
36000.0,-1.347701062497712,0.0,-0.014468701681598103,1.9049057842546184,0,-0.9251471672952729,-0.32036319269464486,0.43632286632090406,0.27267559763416027,0,0,1,0
130000.0,-0.14261963533010258,1.0,-0.014049815053399271,1.6918471796539818,0,-1.1125319986635238,1.2004690324034661,0.12838915571849938,0.9224274172988605,0,0,1,0
57000.0,1.130040019509489,1.0,-0.014468701681598103,0.6265541566507993,0,-0.586645536436497,0.3664142374090258,0.12838915571849938,-0.18363199401283248,0,0,1,0
58000.0,-0.8743989368628677,0.0,-0.014490183047146762,-0.4387388663523834,0,-0.3034094779628272,-0.7092948551838962,-0.13969362055378792,-0.30667095918937953,0,0,1,0
31000.0,0.4046240162509218,1.0,-0.01451166441269542,1.0526713658520723,0,-0.6059884867712841,-0.5122794054175007,-0.9346187243669639,-0.6599620002908548,0,0,1,0
32000.0,1.8300028296712643,0.0,-0.01451166441269542,0.8396127612514358,0,-0.5769740612691033,-0.32372425172264196,-0.13969362055378792,-0.557862186594303,0,0,1,0
65000.0,1.0918602298643012,0.0,-0.01451166441269542,-0.4387388663523834,0,0.3805019803028629,-1.1207048028851228,-0.9346187243669639,-0.6199086206554122,1,0,0,0
100000.0,0.6846091403156319,0.0,-0.014479442364372434,0.4134955520501627,0,0.30796591654741096,0.7168979404301677,0.43632286632090406,0.5762839065925054,1,0,0,0
135000.0,-0.8743989368628677,1.0,-0.01451166441269542,-1.077914680154293,0,2.4115117654555185,0.5199635555482692,-0.9497616223813684,0.05571814064126158,0,0,0,1
27500.0,-1.3499027637005843,0.0,-0.01451166441269542,1.0526713658520723,0,-0.7075389760289169,-0.32036319269464486,-0.9346187243669639,-0.677508791536798,0,0,1,0
178000.0,0.43007720934771365,1.0,-0.014350554171080485,-0.012621657151110341,0,-0.21429374249184338,1.4293979033596458,0.43632286632090406,2.270641847655125,0,0,1,0
38000.0,-1.349088261521487,1.0,-0.014490183047146762,0.20043694744952617,0,-0.7179012708511243,-0.6696563497873814,0.43632286632090406,-0.42529043165010694,0,0,1,0
35750.0,-1.3389197108793187,0.0,-0.014522405095469749,-0.4387388663523834,0,-0.2088535377101845,-1.1207048028851228,0.12838915571849938,-0.8428143786987349,0,0,1,0
60500.0,0.1488194256281639,1.0,-0.014565367826567066,-0.4387388663523834,0,-0.19978652974075298,-0.32036319269464486,-0.9497616223813684,-0.30619249850394636,0,0,1,0
59000.0,-0.04398851208003423,0.0,-0.013169079065904287,1.6918471796539818,0,-1.4395952502377862,-0.9345511308118133,0.12838915571849938,-0.6861294929918105,1,0,0,0
122000.0,-0.12989303878170666,1.0,-0.014479442364372434,-0.012621657151110341,0,0.7069142672023969,0.7168979404301677,0.12838915571849938,0.08035473480485336,0,0,1,0
39500.0,-0.8298558489434821,0.0,-0.014522405095469749,-0.8648560755536564,0,-0.072848418168712,-0.8102427462111627,-0.9346187243669639,-0.8015849257249965,0,0,1,0
30000.0,-1.3516463074277145,0.0,-0.014565367826567066,2.544081598056528,0,-0.19978652974075298,0.7168979404301677,0.12838915571849938,-0.5254071569925362,1,0,0,0
83000.0,-0.9571218144274412,1.0,-0.014500923729921091,-1.2909732847549296,0,0.501395419895283,-0.32372425172264196,0.43632286632090406,-0.31092699726734396,0,0,1,0
48000.0,-1.3491009881180354,1.0,-0.014500923729921091,1.0526713658520723,0,-0.344858657251657,-0.32036319269464486,0.12838915571849938,-0.27162723695701885,0,0,1,0
32500.0,0.9327777730093523,0.0,-0.01451166441269542,0.8396127612514358,0,-0.562466848518013,-0.7092948551838962,-0.9346187243669639,-0.8699883990356986,0,0,1,0
42990.0,0.20099847147658714,0.0,-0.01451166441269542,-0.012621657151110341,0,-0.2581055250001364,-0.8102427462111627,-0.13969362055378792,-0.44241729846874356,0,0,1,0
42000.0,1.5754708987033461,1.0,-0.014425738950500788,1.2657299704527087,0,-1.0367411115344298,0.7168979404301677,-0.9497616223813684,0.5762839065925054,0,0,1,0
16500.0,0.2391782611217749,0.0,-0.014522405095469749,-0.8648560755536564,0,-0.9070131513564099,-0.9345511308118133,0.12838915571849938,-0.7674136132819462,0,0,1,0
41500.0,-1.3493555200490033,0.0,-0.014522405095469749,0.4134955520501627,0,-0.00031235441326001273,-0.9345511308118133,-0.9346187243669639,-0.7674136132819462,1,0,0,0
47000.0,-0.287702835981816,0.0,-0.014500923729921091,-0.6517974709530199,0,-0.36903734517014103,-0.5342239031937968,0.43632286632090406,-0.28834767792399874,0,0,1,0
34500.0,1.2191261953482604,0.0,-0.01451166441269542,0.8396127612514358,0,-0.5044379975136514,-0.5122794054175007,0.12838915571849938,-0.6222774354233112,0,0,1,0
37000.0,-1.349571872190326,0.0,-0.014565367826567066,2.3310229934558913,0,-0.19978652974075298,-0.7092948551838962,-0.9497616223813684,-0.8699883990356986,0,0,1,0
69900.0,0.8627814919931748,1.0,-0.014500923729921091,-0.4387388663523834,0,0.18465460816314255,0.5199635555482692,-0.9497616223813684,0.18002307870043238,0,0,1,0
78000.0,-1.135294166104984,1.0,-0.014457960998823774,-1.2909732847549296,0,-0.3738730827538378,-0.5342239031937968,-0.9497616223813684,-0.28834767792399874,0,0,1,0
127000.0,-0.9953016040726289,1.0,-0.014479442364372434,-1.2909732847549296,0,0.7975843468967119,-0.32036319269464486,-0.9346187243669639,0.3028550113639118,0,0,0,1
85000.0,2.339066691607101,1.0,-0.014490183047146762,-0.012621657151110341,0,0.25615444243637386,-0.5122794054175007,0.645607861430407,0.17671313981439438,1,0,0,0
37000.0,0.43007720934771365,0.0,-0.01451166441269542,-0.4387388663523834,0,-0.43190193375819935,-0.7107256994550611,-1.164846784639172,-0.7430231774662824,0,0,1,0
18500.0,-1.3484010253078735,0.0,-0.01451166441269542,1.9049057842546184,0,-0.9686688055485441,-0.7092948551838962,-0.9346187243669639,-0.8699883990356986,0,0,1,0
32500.0,-1.3491009881180354,1.0,-0.01451166441269542,0.20043694744952617,0,-0.562466848518013,-0.14125162852066492,-0.9497616223813684,-0.7832110935323148,0,0,1,0
34000.0,-0.09171324913651892,1.0,-0.01451166441269542,-0.012621657151110341,0,-0.5189452102647417,-0.7107256994550611,0.12838915571849938,-0.254421432519342,0,0,1,0
25000.0,0.4809835955412973,0.0,-0.01451166441269542,-0.22568026175174685,0,-0.7800750397843689,-1.3420330208418312,-0.9497616223813684,-0.9226367542949103,0,0,1,0
49000.0,0.17554527837979533,1.0,-0.014447220316049445,0.8396127612514358,0,-0.8592052911539528,-0.14125162852066492,0.43632286632090406,-0.5133227800768949,0,0,1,0
36000.0,2.46633265709106,0.0,-0.014490183047146762,1.0526713658520723,0,-0.7593504501399541,-0.6696563497873814,0.43632286632090406,-0.6774786390296003,1,0,0,0
28200.0,0.17554527837979533,0.0,-0.01451166441269542,1.2657299704527087,0,-0.6872288781773904,-1.100277399583882,0.12838915571849938,-1.0257751582171646,0,0,1,0
37900.0,-0.02808026639453933,0.0,-0.01451166441269542,-0.012621657151110341,0,-0.40578895080623667,-0.8102427462111627,-0.9497616223813684,-0.44241729846874356,0,0,1,0
18000.0,-1.3516335808311661,0.0,-0.01451166441269542,1.6918471796539818,0,-0.9831760182996345,0.5199635555482692,-0.9497616223813684,-0.942828556045081,1,0,0,0
134900.0,-0.8553090420402739,1.0,-0.014457960998823774,-1.077914680154293,0,0.4515873227832059,-0.5122794054175007,0.43632286632090406,0.17671313981439438,0,0,1,0
297000.0,-0.4607845490400005,1.0,-0.01403907437062494,0.4134955520501627,0,-0.6261209452830014,1.2004690324034661,0.43632286632090406,1.3936479948991085,0,0,1,0
89900.0,0.824601702347987,1.0,-0.014468701681598103,0.20043694744952617,0,-0.05632631475774797,0.5199635555482692,0.43632286632090406,0.22122644167615824,0,0,1,0
24000.0,2.339066691607101,0.0,-0.01451166441269542,1.2657299704527087,0,-0.8090894652865497,-0.7092948551838962,-1.164846784639172,-0.8699883990356986,0,0,1,0
35750.0,-1.3389197108793187,0.0,-0.014522405095469749,-0.4387388663523834,0,-0.2088535377101845,-1.1207048028851228,0.12838915571849938,-0.8428143786987349,0,0,1,0
107000.0,-0.10443984568491482,1.0,-0.014500923729921091,0.4134955520501627,0,1.0816839299388987,1.61783723340406,0.12838915571849938,0.8558122807230648,1,0,0,0
39900.0,-0.18079942497529033,0.0,-0.014468701681598103,1.4787885750533454,0,-0.8622825787072146,-0.8102427462111627,-0.9346187243669639,-0.7288080233753417,0,0,1,0
28500.0,0.2646314542185667,0.0,-0.01451166441269542,-0.6517974709530199,0,-0.6785245505267361,-1.100277399583882,-1.164846784639172,-0.8655644301354135,1,0,0,0
38500.0,0.04827931289583617,0.0,-0.014522405095469749,-1.077914680154293,0,-0.109116450046438,-1.100277399583882,0.12838915571849938,-0.9157255191567732,1,0,0,0
25000.0,-1.3491391679076805,0.0,-0.01451166441269542,1.2657299704527087,0,-0.7800750397843689,-0.32036319269464486,-0.9497616223813684,-0.6762865631636473,1,0,0,0
32500.0,1.855456022768056,1.0,-0.014468701681598103,1.4787885750533454,0,-0.9815641057717356,-0.32036319269464486,0.12838915571849938,-0.6375982827868089,0,0,1,0
38000.0,0.03555271634744025,0.0,-0.01451166441269542,0.4134955520501627,0,-0.40288750825601854,-0.7092948551838962,0.12838915571849938,-0.8699883990356986,0,0,1,0
35000.0,0.7609687196060074,0.0,-0.01451166441269542,-0.4387388663523834,0,-0.48993078476256097,-0.9345511308118133,-1.164846784639172,-0.6703963059436442,1,0,0,0
25000.0,1.0664070367675094,0.0,-0.014522405095469749,0.20043694744952617,0,-0.598734880395739,-0.14125162852066492,0.12838915571849938,-0.7832110935323148,0,0,1,0
33500.0,0.9391410712835503,0.0,-0.014500923729921091,1.0526713658520723,0,-0.695449632069675,-0.9345511308118133,0.12838915571849938,-0.9182779639521079,1,0,0,0
35000.0,-0.3971515662980209,0.0,-0.014522405095469749,-0.8648560755536564,0,-0.236054561618479,-0.7107256994550611,-0.9346187243669639,-0.788213532922619,0,0,1,0
25500.0,0.43007720934771365,0.0,-0.014522405095469749,1.4787885750533454,0,-0.580600864456876,-0.8102427462111627,0.12838915571849938,-1.0213574653021622,0,0,1,0
24500.0,0.671882543767236,0.0,-0.01451166441269542,0.6265541566507993,0,-0.7945822525354593,-0.8102427462111627,0.12838915571849938,-1.0150918929746795,0,0,1,0
26000.0,0.990047457477134,0.0,-0.014522405095469749,1.2657299704527087,0,-0.562466848518013,-1.100277399583882,-1.164846784639172,-0.8241565621241418,0,0,1,0
98000.0,0.4046240162509218,1.0,-0.014479442364372434,-0.4387388663523834,0,0.271697884669685,-0.32036319269464486,-0.9497616223813684,0.27267559763416027,0,0,1,0
48000.0,-0.12289341068008891,0.0,-0.013684631839072082,-0.6517974709530199,0,-1.4205154075764084,-1.1207048028851228,0.12838915571849938,-0.8428143786987349,0,0,1,0
24500.0,0.671882543767236,0.0,-0.01451166441269542,0.4134955520501627,0,-0.7945822525354593,-0.8102427462111627,-0.9497616223813684,-1.0150918929746795,0,0,1,0
24500.0,0.8500548954447789,0.0,-0.014522405095469749,1.4787885750533454,0,-0.616868896334602,-1.100277399583882,0.12838915571849938,-1.0243493419853384,0,0,1,0
24500.0,0.8118751057995911,0.0,-0.014522405095469749,1.4787885750533454,0,-0.616868896334602,-1.100277399583882,-0.9497616223813684,-1.0257751582171646,0,0,1,0
68000.0,-1.0824787904291409,0.0,-0.014522405095469749,-0.8648560755536564,0,0.9607904903464789,-0.32036319269464486,-0.9346187243669639,-0.677508791536798,0,0,1,0
81000.0,0.49371019208969324,1.0,-0.014500923729921091,-0.4387388663523834,0,0.45303804405831494,-0.8102427462111627,-0.9497616223813684,-0.1688273628391848,1,0,0,0
31500.0,-1.3494827860144873,1.0,-0.014490183047146762,2.544081598056528,0,-0.852611103539821,-0.32036319269464486,-0.9497616223813684,-0.677508791536798,0,0,1,0
25997.0,-1.3497373179454553,0.0,-0.01451166441269542,0.6265541566507993,0,-0.7511476575586947,-0.8102427462111627,0.12838915571849938,-1.0150918929746795,0,0,1,0
54000.0,-1.0080282006210248,0.0,-0.01451166441269542,-0.8648560755536564,0,0.06134329977887418,-0.8102427462111627,-0.9497616223813684,-0.8015849257249965,0,0,1,0
39000.0,0.2391782611217749,0.0,-0.01451166441269542,0.20043694744952617,0,-0.3738730827538378,-0.8102427462111627,-0.9497616223813684,-0.44241729846874356,0,0,1,0
21200.0,1.56274430215495,0.0,-0.014522405095469749,1.2657299704527087,0,-0.7365534015310977,-0.8102427462111627,0.12838915571849938,-1.131006868936066,0,0,1,0
45000.0,1.1936730022514686,1.0,-0.014479442364372434,0.8396127612514358,0,-0.6894049600900539,-0.5122794054175007,0.12838915571849938,-0.7515247820538202,0,0,1,0
28000.0,-1.3488846359767126,0.0,-0.014522405095469749,0.8396127612514358,0,-0.48993078476256097,-0.14125162852066492,-0.9346187243669639,-0.5731003542552597,0,0,1,0
35000.0,-0.3971515662980209,0.0,-0.014522405095469749,-0.8648560755536564,0,-0.236054561618479,-0.7107256994550611,-0.9346187243669639,-0.788213532922619,0,0,1,0
22500.0,2.1099879537359745,0.0,-0.01451166441269542,1.6918471796539818,0,-0.852611103539821,-0.32036319269464486,0.12838915571849938,-0.677508791536798,0,0,1,0
37000.0,-0.6262303041691474,1.0,-0.014522405095469749,-1.077914680154293,0,-0.163518497863027,-0.9345511308118133,-0.9346187243669639,-0.9182779639521079,0,0,1,0
42000.0,1.1715796306434534,1.0,-0.014447220316049445,1.4787885750533454,0,-0.9515239177518009,-0.5122794054175007,0.43632286632090406,0.17671313981439438,0,0,1,0
80000.0,-0.7947940754526512,1.0,-0.014479442364372434,-0.4387388663523834,0,-0.054714402229849,1.4293979033596458,-1.164846784639172,0.058523025031739284,0,0,1,0
33000.0,-1.3445194133606129,0.0,-0.014490183047146762,0.8396127612514358,0,-0.8215242190731986,-0.32036319269464486,-1.164846784639172,-0.968999623346579,1,0,0,0
39500.0,1.0664070367675094,0.0,-0.014490183047146762,0.8396127612514358,0,-0.686814386384502,0.7168979404301677,0.12838915571849938,-0.5254071569925362,0,0,1,0
35000.0,-0.3971515662980209,0.0,-0.014522405095469749,-0.8648560755536564,0,-0.236054561618479,-0.7107256994550611,-0.9346187243669639,-0.788213532922619,0,0,1,0
29000.0,1.1109501246868951,0.0,-0.01451166441269542,0.8396127612514358,0,-0.6640173377756458,-0.32372425172264196,-0.9346187243669639,-0.557862186594303,0,0,1,0
85000.0,0.36644422660573406,1.0,-0.012793155168802771,-0.4387388663523834,0,-1.4307015510453926,-1.1207048028851228,0.645607861430407,0.1566939786984576,0,0,1,0
70000.0,0.3409910335089422,1.0,-0.014468701681598103,-0.012621657151110341,0,-0.3770969078096357,-0.8102427462111627,0.43632286632090406,-0.1688273628391848,0,0,1,0
69500.0,-0.49896433868518825,1.0,-0.014468701681598103,-1.077914680154293,0,-0.38515647044913026,-0.8194871463930152,-0.9497616223813684,-0.40505772975802357,0,0,1,0
38000.0,1.5080199369968477,0.0,-0.014500923729921091,-0.4387388663523834,0,-0.586645536436497,-0.32036319269464486,-1.164846784639172,-0.6762865631636473,1,0,0,0
78000.0,0.4555304024445055,1.0,-0.014479442364372434,0.20043694744952617,0,-0.090982434107575,0.7168979404301677,-0.9497616223813684,0.3604595735481716,0,0,1,0
36000.0,0.8373282988963829,0.0,-0.014490183047146762,1.2657299704527087,0,-0.7593504501399541,0.7168979404301677,0.12838915571849938,-0.5254071569925362,0,0,1,0
70500.0,-1.2001998085018033,0.0,-0.014522405095469749,-1.2909732847549296,0,1.051460570040794,-0.14125162852066492,-0.9346187243669639,-0.5731003542552597,0,0,1,0
48500.0,-1.14802076265338,1.0,-0.01451166441269542,-1.077914680154293,0,-0.09823604048312021,-0.14125162852066492,-0.9346187243669639,-0.7832110935323148,0,0,1,0
28000.0,0.44280380589610957,0.0,-0.01451166441269542,0.4134955520501627,0,-0.6930317632778266,-0.8102427462111627,0.12838915571849938,-0.8015849257249965,0,0,1,0
46000.0,-0.7662228662015025,0.0,-0.014500923729921091,-0.4387388663523834,0,-0.3932160330886249,-0.8194871463930152,0.43632286632090406,-0.40505772975802357,0,0,1,0
90000.0,-0.5880505145239596,1.0,-0.014468701681598103,-0.8648560755536564,0,-0.054714402229849,0.056054044997550484,0.43632286632090406,-0.047010750159982906,0,0,1,0
47000.0,1.8300028296712643,0.0,-0.01451166441269542,0.4134955520501627,0,-0.1417576787363914,-0.32036319269464486,-0.9346187243669639,-0.30619249850394636,0,0,1,0
54999.0,1.5868612026141604,1.0,-0.014457960998823774,1.9049057842546184,0,-0.7075534832416681,1.61783723340406,0.12838915571849938,0.8267724449304006,1,0,0,0
140000.0,-0.7063951358274932,1.0,-0.014468701681598103,-0.22568026175174685,0,0.7512418617196175,1.61783723340406,0.12838915571849938,0.8558122807230648,1,0,0,0
36000.0,0.9645942643803421,0.0,-0.014490183047146762,1.6918471796539818,0,-0.7593504501399541,1.2004690324034661,-0.9346187243669639,-0.5194584646810648,0,0,1,0
55000.0,0.12463889218621166,0.0,-0.014490183047146762,-0.22568026175174685,0,-0.36558324689607186,-0.24807192448694768,0.12838915571849938,-0.318855491726885,0,0,1,0
67000.0,0.17554527837979533,0.0,-0.014490183047146762,0.20043694744952617,0,-0.11688817116309368,-0.5122794054175007,-0.9346187243669639,0.17671313981439438,0,0,1,0
23800.0,1.702736864187305,0.0,-0.014500923729921091,1.6918471796539818,0,-0.9299829048789698,-0.8102427462111627,-0.9346187243669639,-0.9936241708913143,0,0,1,0
86000.0,0.9009612816383625,1.0,-0.014500923729921091,0.4134955520501627,0,0.573931483650735,1.61783723340406,0.12838915571849938,0.8558122807230648,1,0,0,0
55000.0,-0.2571590042656658,0.0,-0.01451166441269542,-0.8648560755536564,0,0.09035772528105497,-0.958293484507613,-0.9346187243669639,-0.8081862516258597,0,0,1,0
25500.0,0.43007720934771365,0.0,-0.014522405095469749,1.4787885750533454,0,-0.580600864456876,-0.8102427462111627,0.12838915571849938,-1.0213574653021622,0,0,1,0
73000.0,-0.8298558489434821,1.0,-0.014447220316049445,0.6265541566507993,0,-0.542684285675617,-0.5122794054175007,0.43632286632090406,0.17671313981439438,0,0,1,0
56500.0,-0.2444324077172699,0.0,-0.01451166441269542,-0.6517974709530199,0,0.13387936353432617,-0.14125162852066492,0.12838915571849938,-0.5731003542552597,0,0,1,0
39900.0,0.03555271634744025,0.0,-0.014522405095469749,0.20043694744952617,0,-0.058341205417621604,-0.9345511308118133,-0.9346187243669639,-0.7674136132819462,0,0,1,0
35000.0,-0.7407696731047106,0.0,-0.014500923729921091,-1.504031889355566,0,-0.6591816001919489,-0.6808932935519518,-0.9346187243669639,-0.602167493145275,0,0,1,0
95000.0,0.2391782611217749,1.0,-0.014339813488306156,1.9049057842546184,0,-0.8491570052657518,2.413559718457235,-0.9346187243669639,1.0656601476446517,0,0,1,0
38000.0,-1.3498900371040359,0.0,-0.014500923729921091,0.6265541566507993,0,-0.586645536436497,-0.7092948551838962,-0.9497616223813684,-0.7386518926384681,0,0,1,0
58500.0,-1.3482101263596478,0.0,-0.014479442364372434,1.2657299704527087,0,-0.44459574491540343,-0.32036319269464486,0.43632286632090406,-0.005745456000475006,1,0,0,0
34000.0,-0.4098781628464168,0.0,-0.013684631839072082,-0.4387388663523834,0,-1.4452838195904654,-1.1207048028851228,-0.9346187243669639,-0.8428143786987349,0,0,1,0
43000.0,1.0664070367675094,0.0,-0.01451166441269542,-0.012621657151110341,0,-0.25781538074511456,-0.8102427462111627,-0.9346187243669639,-0.6547550895783869,1,0,0,0
65000.0,-0.689863286911127,0.0,-0.014500923729921091,-0.6517974709530199,0,0.06617903736257107,-0.32372425172264196,-1.164846784639172,-0.10945838457575663,0,0,1,0
85000.0,-0.04080686294293525,0.0,-0.014500923729921091,-0.22568026175174685,0,0.5497527957322509,-0.32036319269464486,-0.9346187243669639,0.4133108881641858,0,0,1,0
11111.0,-1.3500427562626167,0.0,-0.01451166441269542,-0.6517974709530199,0,-1.183056395584158,-0.9345511308118133,-0.9346187243669639,-0.7674136132819462,0,0,1,0
56000.0,-0.37169837320122906,0.0,-0.01451166441269542,-0.8648560755536564,0,0.11937215078323578,-0.9345511308118133,-0.9346187243669639,-0.7674136132819462,0,0,1,0
45000.0,0.5088293887891876,0.0,-0.01451166441269542,-0.22568026175174685,0,-0.19978652974075298,-0.14125162852066492,-0.9346187243669639,-0.5731003542552597,0,0,1,0
95000.0,0.5573431748316728,1.0,-0.014339813488306156,1.9049057842546184,0,-0.8491570052657518,2.413559718457235,0.43632286632090406,1.0656601476446517,0,0,1,0
89000.0,-0.4607845490400005,1.0,-0.014468701681598103,-0.8648560755536564,0,-0.07083352750883837,-0.24807192448694768,-0.9497616223813684,0.08879240241231086,0,0,1,0
70500.0,-1.2001998085018033,0.0,-0.014522405095469749,-1.2909732847549296,0,1.051460570040794,-0.14125162852066492,-0.9346187243669639,-0.5731003542552597,0,0,1,0
12121.0,0.17554527837979533,1.0,-0.014522405095469749,-0.8648560755536564,0,-1.0658308629489721,-0.32036319269464486,-0.9346187243669639,-0.677508791536798,0,0,1,0
62001.0,-0.37169837320122906,1.0,-0.014490183047146762,-0.6517974709530199,0,-0.22049039479552351,-0.7092948551838962,-0.9497616223813684,-0.30667095918937953,0,0,1,0
23000.0,-1.3483246657285832,0.0,-0.013545002963005804,1.4787885750533454,0,-1.4703129517309856,-0.8102427462111627,-0.16392578415542897,-1.0606258467688496,0,0,1,0
27500.0,-0.078986652588123,0.0,-0.014479442364372434,0.6265541566507993,0,-1.0067502390201564,-1.3420330208418312,0.645607861430407,-1.0056501127154873,1,0,0,0
26500.0,-1.3516463074277145,0.0,-0.01451166441269542,1.4787885750533454,0,-0.7365534015310977,-0.7092948551838962,-0.9497616223813684,-0.8699883990356986,0,0,1,0
85000.0,0.22645166457337898,1.0,-0.01451166441269542,-0.6517974709530199,0,0.9607904903464789,-0.32036319269464486,-0.9346187243669639,-0.30619249850394636,0,0,1,0
29000.0,1.5754708987033461,0.0,-0.01451166441269542,1.4787885750533454,0,-0.6640173377756458,-0.32036319269464486,-0.9346187243669639,-0.677508791536798,0,0,1,0
67000.0,0.9264144747351544,0.0,-0.014479442364372434,-0.012621657151110341,0,-0.29045660943506796,-0.32036319269464486,0.12838915571849938,-0.27162723695701885,0,0,1,0
57000.0,0.5573431748316728,0.0,-0.014490183047146762,0.8396127612514358,0,-0.32413406760724206,0.4662159903578188,-0.9497616223813684,-0.8544668440687411,0,0,1,0
43497.0,-0.43533135594320865,0.0,-0.014500923729921091,-0.4387388663523834,0,-0.4537352889485904,-0.24807192448694768,0.12838915571849938,-0.48217140404985104,0,0,1,0
25000.0,1.117313422961093,0.0,-0.01451166441269542,1.2657299704527087,0,-0.7800750397843689,-0.7092948551838962,0.43632286632090406,-0.8699883990356986,0,0,1,0
46000.0,1.4032291410173559,0.0,-0.014490183047146762,0.6265541566507993,0,-0.5521045536958055,-0.14125162852066492,0.12838915571849938,-0.5462100495552455,0,0,1,0
120000.0,-1.3488464561870674,0.0,-0.014479442364372434,-0.4387388663523834,0,0.6706462353246709,0.8002264370753965,0.43632286632090406,0.556204516117268,1,0,0,0
52000.0,1.1682198091546767,0.0,-0.014490183047146762,0.4134955520501627,0,-0.4277570158293164,-0.32036319269464486,0.12838915571849938,-0.21518594876585154,0,0,1,0
35500.0,-0.09171324913651892,0.0,-0.01451166441269542,-0.8648560755536564,0,-0.47542357201147056,-0.8102427462111627,-0.9497616223813684,-0.8015849257249965,0,0,1,0
55000.0,1.7918230400260764,0.0,-0.014490183047146762,0.20043694744952617,0,-0.36558324689607186,-1.1207048028851228,-0.9497616223813684,-0.27595943853272237,1,0,0,0
43000.0,-1.3498136775247456,0.0,-0.014500923729921091,-0.22568026175174685,0,-0.4657520968440769,-1.1381312347207264,0.12838915571849938,-0.6895396419086542,0,0,1,0
43000.0,0.12463889218621166,0.0,-0.014522405095469749,0.20043694744952617,0,0.05408969340332898,-0.5122794054175007,-0.9346187243669639,-0.6222774354233112,0,0,1,0
12345.0,0.022826119799044333,1.0,-0.014490183047146762,-0.6517974709530199,0,-1.2495906181785874,-0.5122794054175007,0.12838915571849938,0.17671313981439438,1,0,0,0
34900.0,0.30281124386375446,0.0,-0.01451166441269542,-0.8648560755536564,0,-0.49283222731277904,-0.9345511308118133,-0.9346187243669639,-0.7674136132819462,0,0,1,0
39000.0,-0.37169837320122906,0.0,-0.014500923729921091,-0.4387388663523834,0,-0.562466848518013,-0.8194871463930152,0.12838915571849938,-0.40505772975802357,0,0,1,0
36000.0,0.531889981734881,1.0,-0.01451166441269542,1.0526713658520723,0,-0.46091635926038016,-0.5122794054175007,0.12838915571849938,-0.6222774354233112,0,0,1,0
35000.0,-0.7407696731047106,0.0,-0.014500923729921091,-1.504031889355566,0,-0.6591816001919489,-0.6808932935519518,-0.9346187243669639,-0.602167493145275,0,0,1,0
67000.0,1.3845719504774074,1.0,-0.014468701681598103,0.8396127612514358,0,-0.42545428364660365,-0.32036319269464486,-0.13969362055378792,0.27267559763416027,0,0,1,0
53000.0,-0.5625973214271678,0.0,-0.01451166441269542,-0.8648560755536564,0,0.032328874276693384,-0.14125162852066492,-0.9346187243669639,-0.5731003542552597,0,0,1,0
140000.0,0.13736548873460758,1.0,-0.014232406660562864,1.4787885750533454,0,-0.8502712305154515,1.2004690324034661,0.12838915571849938,1.236574469032359,0,0,1,0
21700.0,1.0027740540255299,0.0,-0.014522405095469749,2.544081598056528,0,-0.7184193855922347,-1.1207048028851228,-0.9346187243669639,-0.8428143786987349,0,0,1,0
48000.0,1.6327405831711277,0.0,-0.01451166441269542,1.4787885750533454,0,-0.1127432532342106,-0.32036319269464486,-0.9346187243669639,-0.30619249850394636,0,0,1,0
34500.0,1.0155006505739257,1.0,-0.014468701681598103,1.2657299704527087,0,-0.9493258552137568,-0.32036319269464486,-0.9346187243669639,-0.6375982827868089,0,0,1,0
53000.0,-0.6389569007175433,0.0,-0.014490183047146762,-0.012621657151110341,0,-0.40703242618490154,-0.7092948551838962,0.645607861430407,-0.47160012476853963,0,0,1,0
44000.0,-1.3496100519799712,0.0,-0.014522405095469749,-0.6517974709530199,0,0.09035772528105497,-1.1207048028851228,-1.164846784639172,-0.6199086206554122,1,0,0,0
35000.0,-0.7407696731047106,0.0,-0.014500923729921091,-1.504031889355566,0,-0.6591816001919489,-0.6808932935519518,-0.9346187243669639,-0.602167493145275,0,0,1,0
111000.0,-1.3134665177825269,0.0,-0.014468701681598103,-1.504031889355566,0,0.283787228628927,0.8002264370753965,0.645607861430407,0.556204516117268,1,0,0,0
35000.0,0.6464293506704443,0.0,-0.014490183047146762,1.2657299704527087,0,-0.7800750397843689,-0.8102427462111627,-0.9497616223813684,-0.1688273628391848,0,0,1,0
57000.0,1.3209389677354277,1.0,-0.014436479633275117,1.4787885750533454,0,-0.816343071662095,-0.5122794054175007,0.43632286632090406,-0.4040257849946152,1,0,0,0
80000.0,-1.3514299552863918,1.0,-0.014457960998823774,-1.2909732847549296,0,-0.344858657251657,-0.5342239031937968,-0.9497616223813684,-0.28834767792399874,0,0,1,0
35500.0,-0.14261963533010258,0.0,-0.014500923729921091,-0.22568026175174685,0,-0.6470922562327069,-0.9071017708421057,0.12838915571849938,-0.749286484310219,0,0,1,0
29700.0,0.6591559472188401,0.0,-0.01451166441269542,0.8396127612514358,0,-0.6437072399241192,-0.7092948551838962,-0.9497616223813684,-0.8699883990356986,0,0,1,0
70000.0,-1.3494064264351968,1.0,-0.014500923729921091,-0.22568026175174685,0,0.18707247695499088,-0.32036319269464486,-0.9497616223813684,0.3028550113639118,1,0,0,0
18500.0,-1.3488210029939707,0.0,-0.01451166441269542,2.117964388855255,0,-0.9686688055485441,-0.7092948551838962,-0.9346187243669639,-0.8699883990356986,0,0,1,0
24500.0,1.7918230400260764,0.0,-0.014500923729921091,2.544081598056528,0,-0.9130578233360308,-0.8102427462111627,-0.9497616223813684,-0.9936241708913143,0,0,1,0
23000.0,0.04827931289583617,0.0,-0.014490183047146762,-0.012621657151110341,0,-1.0287701155173472,-0.49635058616431343,0.43632286632090406,-0.34419604267662074,0,0,1,0
44000.0,-0.3971515662980209,0.0,-0.014522405095469749,-0.4387388663523834,0,0.09035772528105497,-0.9345511308118133,-0.9497616223813684,-0.7674136132819462,0,0,1,0
42000.0,1.56274430215495,1.0,-0.014479442364372434,1.6918471796539818,0,-0.7438070079066429,0.7168979404301677,-0.9497616223813684,-0.4247585554475627,1,0,0,0
39500.0,-1.3489355423629064,0.0,-0.014500923729921091,1.6918471796539818,0,-0.550377504558771,0.7168979404301677,-0.9346187243669639,-0.4247585554475627,0,0,1,0
49500.0,0.1500920852830035,0.0,-0.014522405095469749,-0.8648560755536564,0,0.28983190060854797,-0.32036319269464486,-0.9346187243669639,-0.677508791536798,0,0,1,0
16000.0,-0.5116909352335841,0.0,-0.01451166441269542,-1.2909732847549296,0,-1.0412048693039961,-0.9345511308118133,-1.164846784639172,-1.1980651819022552,1,0,0,0
49500.0,0.5955229644768606,1.0,-0.014500923729921091,-0.6517974709530199,0,-0.30859062537393095,-0.7107256994550611,-0.13969362055378792,-0.5403197923352424,0,0,1,0
26000.0,-0.8044026558466902,0.0,-0.014522405095469749,-0.8648560755536564,0,-0.562466848518013,-0.8194871463930152,-0.9346187243669639,-1.057680718158848,0,0,1,0
26800.0,0.990047457477134,0.0,-0.01451166441269542,1.2657299704527087,0,-0.7278490738804435,-0.7092948551838962,-0.9497616223813684,-0.8699883990356986,0,0,1,0
172000.0,-0.19352602152368623,1.0,-0.014457960998823774,-0.012621657151110341,0,0.9898049158486597,1.61783723340406,0.12838915571849938,2.3999002699829712,0,0,1,0
90000.0,-0.3435216884430805,1.0,-0.014490183047146762,0.20043694744952617,0,0.35977739065844805,1.61783723340406,0.12838915571849938,0.4451786460753563,1,0,0,0
35900.0,2.440879463994268,0.0,-0.014490183047146762,1.4787885750533454,0,-0.7614229091043956,0.7168979404301677,0.12838915571849938,-0.5254071569925362,0,0,1,0
23000.0,0.6846091403156319,0.0,-0.0016872891801465245,0.4134955520501627,0,-1.502652809171457,-0.8102427462111627,-0.9346187243669639,-1.0150918929746795,0,0,1,0
30500.0,0.2646314542185667,0.0,-0.01451166441269542,0.20043694744952617,0,-0.6204956995223745,-0.958293484507613,-0.9346187243669639,-0.8081862516258597,0,0,1,0
41000.0,-0.9443952178790452,0.0,-0.014522405095469749,-1.077914680154293,0,-0.01844637035212301,-0.7107256994550611,-0.9497616223813684,-0.788213532922619,0,0,1,0
50000.0,0.17554527837979533,0.0,-0.01451166441269542,-0.6517974709530199,0,-0.054714402229849,-1.1207048028851228,-1.164846784639172,-0.6199086206554122,1,0,0,0
30000.0,0.8118751057995911,1.0,-0.014490183047146762,1.0526713658520723,0,-0.8836979880064433,-0.8102427462111627,0.12838915571849938,-0.6123936341522249,0,0,1,0
112000.0,-0.16807282842689442,1.0,-0.014479442364372434,-0.4387388663523834,0,0.5255741078137669,-0.32036319269464486,0.12838915571849938,-0.21518594876585154,0,0,0,1
42000.0,0.977320860928738,1.0,-0.014490183047146762,0.4134955520501627,0,-0.635002912273465,-0.5122794054175007,0.12838915571849938,-0.6875762228353199,0,0,1,0
52000.0,0.7100623334124238,0.0,-0.01451166441269542,-0.4387388663523834,0,0.0033144487745125867,-0.5122794054175007,0.12838915571849938,-0.6222774354233112,0,0,1,0
38500.0,-1.3500045764729716,0.0,-0.01451166441269542,-0.6517974709530199,0,-0.38838029550492814,-0.14125162852066492,-0.9346187243669639,-0.7832110935323148,0,0,1,0
57000.0,1.3209389677354277,1.0,-0.014436479633275117,1.4787885750533454,0,-0.816343071662095,-0.5122794054175007,0.43632286632090406,-0.4040257849946152,1,0,0,0
47500.0,-0.6007771110723555,0.0,-0.01451166441269542,-1.2909732847549296,0,-0.127250465985301,-0.24807192448694768,-0.9346187243669639,-0.318855491726885,0,0,1,0
90000.0,0.43007720934771365,1.0,-0.014500923729921091,-0.4387388663523834,0,0.6706462353246709,-0.8102427462111627,0.12838915571849938,-0.6123936341522249,0,0,1,0
140000.0,-0.9571218144274412,1.0,-0.014457960998823774,-1.077914680154293,0,0.5255741078137669,-0.5122794054175007,-0.9497616223813684,0.17671313981439438,0,0,1,0
111000.0,-0.9189420247822534,1.0,-0.014479442364372434,-0.6517974709530199,0,0.5074400918749039,-0.32036319269464486,0.12838915571849938,0.3028550113639118,0,0,1,0
56000.0,-0.0026270732977474996,0.0,-0.014500923729921091,-0.4387388663523834,0,-0.15142915390378492,-0.8102427462111627,-0.9497616223813684,-0.44241729846874356,0,0,1,0
56000.0,-0.33988188183023926,0.0,-0.014490183047146762,-0.4387388663523834,0,-0.344858657251657,-0.24807192448694768,0.12838915571849938,-0.318855491726885,0,0,1,0
30500.0,0.8118751057995911,0.0,-0.01451166441269542,0.20043694744952617,0,-0.6204956995223745,-0.958293484507613,0.12838915571849938,-0.8081862516258597,0,0,1,0
94500.0,-0.717861799317598,1.0,-0.014479442364372434,-0.8648560755536564,0,0.20822882888366445,0.056054044997550484,0.43632286632090406,0.06237714395346962,0,0,1,0
19000.0,-1.338932437475867,0.0,-0.014490183047146762,1.6918471796539818,0,-1.1116684740950067,-1.1207048028851228,0.12838915571849938,-0.6199086206554122,1,0,0,0
31800.0,-0.11716644223331074,0.0,-0.014500923729921091,-0.6517974709530199,0,-0.7365534015310977,-0.49635058616431343,-0.9346187243669639,-0.34419604267662074,0,0,1,0
39000.0,-0.842582445491878,0.0,-0.01451166441269542,-0.6517974709530199,0,-0.3738730827538378,-1.100277399583882,-1.164846784639172,-0.8655644301354135,1,0,0,0
18000.0,-1.3516463074277145,0.0,-0.01451166441269542,1.2657299704527087,0,-0.9831760182996345,-1.100277399583882,-1.164846784639172,-0.9157255191567732,1,0,0,0
32000.0,-0.14261963533010258,0.0,-0.014522405095469749,-0.22568026175174685,0,-0.344858657251657,-0.7107256994550611,-0.9346187243669639,-0.788213532922619,0,0,1,0
79000.0,-0.9316686213306493,1.0,-0.014490183047146762,-1.077914680154293,0,0.13180690456988475,-0.7092948551838962,0.12838915571849938,-0.7386518926384681,0,0,1,0
31500.0,-1.3492282540835194,1.0,-0.01451166441269542,1.4787885750533454,0,-0.5914812740201938,-0.9345511308118133,-1.164846784639172,-0.7674136132819462,0,0,1,0
37000.0,-0.6262303041691474,0.0,-0.014447220316049445,1.9049057842546184,0,-1.0174657938931209,-0.49635058616431343,0.43632286632090406,-0.34419604267662074,0,0,1,0
18500.0,-1.3487828232043255,0.0,-0.01451166441269542,2.117964388855255,0,-0.9686688055485441,-0.7092948551838962,-0.9346187243669639,-0.8699883990356986,0,0,1,0
110000.0,-0.5575066828078095,1.0,-0.014490183047146762,-0.6517974709530199,0,0.7742691835467451,-0.14125162852066492,-0.9346187243669639,0.4692490690211446,0,0,0,1
58000.0,-1.347701062497712,0.0,-0.014479442364372434,0.4134955520501627,0,-0.45366275288483493,0.8002264370753965,0.645607861430407,0.556204516117268,1,0,0,0
75000.0,-0.20625261807208214,0.0,-0.014490183047146762,-0.8648560755536564,0,0.04890854599222519,-0.8102427462111627,-0.9497616223813684,-0.6496167874175222,1,0,0,0
35000.0,-1.3468102007393241,0.0,-0.01451166441269542,1.6918471796539818,0,-0.48993078476256097,-1.1207048028851228,-0.9497616223813684,-0.6199086206554122,1,0,0,0
62000.0,-0.8171292523950862,1.0,-0.014522405095469749,-0.6517974709530199,0,0.7431822990801229,-0.8102427462111627,-0.9497616223813684,-0.44241729846874356,0,0,1,0
84000.0,0.5827963679284647,1.0,-0.014404257584952129,0.8396127612514358,0,-0.6930317632778266,2.6714025272308954,0.43632286632090406,0.9420616080322042,0,0,1,0
56000.0,1.1936730022514686,1.0,-0.014447220316049445,1.2657299704527087,0,-0.7668866645561049,-0.6696563497873814,0.43632286632090406,-0.4814172201352115,1,0,0,0
50600.0,0.073732505992628,1.0,-0.014479442364372434,0.20043694744952617,0,-0.5878544708324211,-0.5122794054175007,0.12838915571849938,-0.7515247820538202,0,0,1,0
21500.0,1.7663698469292846,0.0,-0.01451166441269542,0.6265541566507993,0,-0.8816255290420018,-1.100277399583882,-1.164846784639172,-0.9157255191567732,1,0,0,0
60000.0,0.5191633851864851,1.0,-0.014500923729921091,0.20043694744952617,0,-0.054714402229849,-0.6808932935519518,0.12838915571849938,-0.2790448113622479,0,0,1,0
42800.0,-0.35897177665283314,1.0,-0.01451166441269542,-0.6517974709530199,0,-0.26361826584555076,-0.5122794054175007,-0.9346187243669639,-0.6599620002908548,0,0,1,0
28200.0,1.0536804402191136,0.0,-0.01451166441269542,0.4134955520501627,0,-0.6872288781773904,-0.6808932935519518,-0.9346187243669639,-0.9543394275990159,0,0,1,0
35000.0,1.84272942621966,0.0,-0.014490183047146762,1.4787885750533454,0,-0.7800750397843689,-0.7257150424069697,-0.9497616223813684,-0.6749542430781704,0,0,1,0
32000.0,0.9391410712835503,0.0,-0.01451166441269542,0.6265541566507993,0,-0.5769740612691033,-0.5122794054175007,-0.9346187243669639,-0.6599620002908548,0,0,1,0
25000.0,2.46633265709106,0.0,-0.01451166441269542,0.6265541566507993,0,-0.7800750397843689,-1.1207048028851228,-0.9497616223813684,-0.9665528291966192,0,0,1,0
56000.0,0.9391410712835503,1.0,-0.014500923729921091,-0.4387388663523834,0,-0.15142915390378492,-0.32036319269464486,-0.9346187243669639,-0.27162723695701885,0,0,1,0
30000.0,-1.2116537453953595,0.0,-0.01451166441269542,-1.504031889355566,0,-0.635002912273465,-1.100277399583882,-1.164846784639172,-0.9157255191567732,1,0,0,0
58000.0,-0.10443984568491482,0.0,-0.01451166441269542,-0.6517974709530199,0,0.17740100178759738,-0.24807192448694768,-0.9497616223813684,-0.318855491726885,0,0,1,0
48000.0,-1.3500300296660683,0.0,-0.01451166441269542,-0.4387388663523834,0,-0.1127432532342106,-0.5122794054175007,-0.9346187243669639,-0.6222774354233112,0,0,1,0
42000.0,-1.349864583910939,0.0,-0.01451166441269542,-0.6517974709530199,0,-0.28682980624729537,-0.9345511308118133,0.12838915571849938,-0.7674136132819462,0,0,1,0
78000.0,-0.0026270732977474996,0.0,-0.014500923729921091,-0.6517974709530199,0,0.3805019803028629,-0.32036319269464486,0.12838915571849938,0.3028550113639118,0,0,1,0
42000.0,-1.3489447309656142,0.0,-0.01290056199654606,0.20043694744952617,0,-1.4661258105294828,-0.8102427462111627,0.12838915571849938,-0.6547550895783869,1,0,0,0
60000.0,0.5827963679284647,0.0,-0.014490183047146762,-0.012621657151110341,0,-0.26196029867399767,-0.9345511308118133,0.43632286632090406,-0.06772482138366047,0,0,1,0
45000.0,1.149129914332083,0.0,-0.013759816618492385,-0.6517974709530199,0,-1.4183924008323465,-1.1207048028851228,-1.164846784639172,-0.6199086206554122,1,0,0,0
123000.0,-0.3335185835560413,1.0,-0.012632044927187835,-0.4387388663523834,0,-1.4063030568731043,1.61783723340406,0.12838915571849938,0.6780518647784939,0,0,1,0
37500.0,-1.3480828603941637,0.0,-0.014500923729921091,2.117964388855255,0,-0.598734880395739,-0.32036319269464486,-0.13969362055378792,-0.21518594876585154,1,0,0,0
41000.0,0.21372506802498306,0.0,-0.014500923729921091,-0.22568026175174685,0,-0.514109472681045,-0.8102427462111627,-0.9497616223813684,-0.599331507536703,0,0,1,0
39500.0,-1.3498773105074875,0.0,-0.01451166441269542,-0.6517974709530199,0,-0.3593658700027474,-0.14125162852066492,-0.9346187243669639,-0.7832110935323148,0,0,1,0
76000.0,0.43007720934771365,1.0,-0.014479442364372434,-0.012621657151110341,0,-0.127250465985301,-0.5122794054175007,-0.9497616223813684,0.17671313981439438,0,0,1,0
30000.0,-1.3490119019421967,0.0,-0.014500923729921091,1.4787885750533454,0,-0.7800750397843689,-0.9345511308118133,0.12838915571849938,-0.780935708983995,0,0,1,0
32500.0,0.8118751057995911,0.0,-0.014522405095469749,0.4134955520501627,0,-0.326724641312794,-0.32372425172264196,-0.9497616223813684,-0.557862186594303,0,0,1,0
50000.0,1.448204933219387,0.0,-0.014479442364372434,1.0526713658520723,0,-0.598734880395739,-0.7092948551838962,0.43632286632090406,0.36808876559412446,1,0,0,0
20000.0,-1.3484646582906157,0.0,-0.014490183047146762,2.117964388855255,0,-1.0909438844505919,-0.8102427462111627,-1.164846784639172,-0.5265758588219019,1,0,0,0
33500.0,-0.8378354249793263,1.0,-0.014468701681598103,1.2657299704527087,0,-0.9654449804927462,-0.9936213437697933,-0.9346187243669639,-1.0100678056304897,0,0,1,0
37000.0,1.5118379159613664,0.0,-0.014490183047146762,1.9049057842546184,0,-0.7386258604955392,-0.32036319269464486,-0.9346187243669639,-0.726667004122192,0,0,1,0
160000.0,0.43007720934771365,1.0,-0.014221665977788536,0.20043694744952617,0,-0.7800750397843689,-0.7092948551838962,0.645607861430407,0.26468202773184774,0,0,1,0
36000.0,-1.350310014790133,0.0,-0.014500923729921091,-0.012621657151110341,0,-0.635002912273465,-0.8102427462111627,0.12838915571849938,-0.8642839394354129,0,0,1,0
41900.0,1.4558408911484244,0.0,-0.01451166441269542,-0.012621657151110341,0,-0.28973124879751344,-1.1207048028851228,-1.164846784639172,-0.6199086206554122,1,0,0,0
60000.0,-0.2870792327509446,0.0,-0.014490183047146762,-0.22568026175174685,0,-0.26196029867399767,-0.8102427462111627,-0.9497616223813684,-0.5265758588219019,1,0,0,0
87000.0,0.43007720934771365,1.0,-0.014468701681598103,-0.22568026175174685,0,-0.10307177806681708,-0.14125162852066492,0.12838915571849938,0.4692490690211446,0,0,1,0
24000.0,0.6846091403156319,0.0,-0.013867223446235677,0.8396127612514358,0,-1.4518705841040935,-1.1207048028851228,-0.9497616223813684,-0.9665528291966192,0,0,1,0
21000.0,0.3282644369605463,0.0,-0.01451166441269542,1.9049057842546184,0,-0.8961327417930921,-0.7092948551838962,0.12838915571849938,-0.8699883990356986,0,0,1,0
31700.0,-0.3462451801044372,0.0,-0.01451166441269542,0.20043694744952617,0,-0.5856783889197575,-0.8102427462111627,-0.9346187243669639,-0.8015849257249965,0,0,1,0
17500.0,-1.3475737965322279,0.0,-0.014500923729921091,2.117964388855255,0,-1.082308638765419,-0.8102427462111627,-0.9497616223813684,-1.131006868936066,0,0,1,0
91998.0,-1.1989271488469635,1.0,-0.014447220316049445,-1.077914680154293,0,-0.2921315330890574,-0.8194871463930152,0.43632286632090406,-0.40505772975802357,0,0,1,0
120000.0,0.43007720934771365,0.0,-0.013330189307519223,-0.012621657151110341,0,-1.3540560660231629,-0.32036319269464486,0.12838915571849938,0.27267559763416027,1,0,0,0
38000.0,-1.3516463074277145,0.0,-0.014457960998823774,2.117964388855255,0,-0.9541615927974537,-0.1174694926053072,0.43632286632090406,-0.6455029569781549,1,0,0,0
60000.0,-0.8171292523950862,0.0,-0.014500923729921091,-0.6517974709530199,0,-0.054714402229849,0.5199635555482692,-0.9346187243669639,-0.6362252624558057,0,0,1,0
29999.0,1.5754708987033461,0.0,-0.014490183047146762,2.3310229934558913,0,-0.8837187125960876,-0.32036319269464486,0.43632286632090406,0.27267559763416027,0,0,1,0
33000.0,-1.3485919242560995,0.0,-0.01451166441269542,0.8396127612514358,0,-0.5479596357669225,-0.8102427462111627,0.12838915571849938,-0.44241729846874356,0,0,1,0
160000.0,-0.20625261807208214,1.0,-0.014361294853854813,-0.4387388663523834,0,-0.28377565619443434,-0.32036319269464486,0.43632286632090406,0.4133108881641858,0,0,1,0
40000.0,-0.22534251289467602,0.0,-0.014500923729921091,-0.4387388663523834,0,-0.5382881605995289,-0.8194871463930152,-0.9497616223813684,-0.40505772975802357,0,0,1,0
47500.0,-0.7789494627498984,0.0,-0.014500923729921091,-0.4387388663523834,0,-0.3569480012108989,-0.8194871463930152,0.43632286632090406,-0.40505772975802357,0,0,1,0
41500.0,-0.384424969749625,0.0,-0.01451166441269542,-0.4387388663523834,0,-0.3013370189983858,-0.7107256994550611,-0.9346187243669639,-0.7430231774662824,0,0,1,0
88000.0,0.4809835955412973,0.0,-0.014490183047146762,-0.4387388663523834,0,0.31832821136961825,-1.1207048028851228,0.43632286632090406,-0.8445406698646618,0,0,1,0
77000.0,0.6973357368640278,1.0,-0.014479442364372434,-0.4387388663523834,0,-0.109116450046438,-0.5122794054175007,-0.9346187243669639,0.17671313981439438,0,0,1,0
220000.0,-0.5498707248787719,1.0,-0.014372035536629142,-0.22568026175174685,0,0.2676681033499377,-0.32036319269464486,0.43632286632090406,1.6030793627214406,1,0,0,0
32500.0,0.04827931289583617,0.0,-0.01451166441269542,-0.4387388663523834,0,-0.562466848518013,-1.100277399583882,-1.164846784639172,-0.9157255191567732,1,0,0,0
18500.0,2.020901777897203,0.0,-0.014500923729921091,2.3310229934558913,0,-1.0581299508469348,-0.8102427462111627,0.12838915571849938,-1.131006868936066,0,0,1,0
11111.0,-1.349635505173068,1.0,-0.01451166441269542,-0.6517974709530199,0,-1.183056395584158,-0.8102427462111627,0.12838915571849938,-0.599331507536703,1,0,0,0
32000.0,0.8373282988963829,1.0,-0.014554627143792737,0.6265541566507993,0,3.1368724030100386,-0.9345511308118133,0.43632286632090406,-0.9362759721243398,0,0,1,0
22000.0,-1.3489737221525515,0.0,-0.014554627143792737,0.20043694744952617,0,1.6861511279009989,-1.1207048028851228,0.645607861430407,-1.059115524404746,1,0,0,0
72000.0,0.5700697713800688,1.0,-0.014479442364372434,0.4134955520501627,0,-0.19978652974075298,-0.5122794054175007,-0.9497616223813684,0.17671313981439438,0,0,1,0
40500.0,1.435478336670991,0.0,-0.014500923729921091,0.8396127612514358,0,-0.526198816640287,-0.7092948551838962,0.12838915571849938,-0.7386518926384681,1,0,0,0
87000.0,-1.3506854493883107,1.0,-0.014490183047146762,-0.4387388663523834,0,0.29760362172520366,-0.8102427462111627,-0.9497616223813684,-0.1688273628391848,0,0,1,0
48000.0,1.1427666160578849,1.0,-0.014479442364372434,-0.012621657151110341,0,-0.635002912273465,-0.6696563497873814,-0.9497616223813684,-0.42529043165010694,0,0,1,0
27200.0,-1.1429301240340215,0.0,-0.014522405095469749,-0.4387388663523834,0,-0.5189452102647417,-0.8194871463930152,-0.9346187243669639,-1.057680718158848,0,0,1,0
47000.0,1.5245645125097624,0.0,-0.01451166441269542,1.2657299704527087,0,-0.1417576787363914,-0.32036319269464486,-0.9346187243669639,-0.27162723695701885,0,0,1,0
47500.0,0.5191633851864851,0.0,-0.01451166441269542,1.0526713658520723,0,-0.127250465985301,-0.32036319269464486,-0.9497616223813684,-0.27162723695701885,0,0,1,0
23999.0,-1.3516463074277145,0.0,-0.01451166441269542,1.6918471796539818,0,-0.8091184797120519,-0.9345511308118133,-0.9497616223813684,-0.780935708983995,0,0,1,0
27000.0,1.1936730022514686,0.0,-0.014554627143792737,-0.012621657151110341,0,2.4115117654555185,-1.100277399583882,0.12838915571849938,-0.8655644301354135,1,0,0,0
43000.0,1.1936730022514686,0.0,-0.014479442364372434,0.20043694744952617,0,-0.7256729919677799,-0.6773632585629926,0.12838915571849938,-0.6158023478212081,0,0,1,0
37000.0,-0.6262303041691474,0.0,-0.014447220316049445,1.9049057842546184,0,-1.0174657938931209,-0.49635058616431343,0.43632286632090406,-0.34419604267662074,0,0,1,0
47000.0,-0.43533135594320865,0.0,-0.014522405095469749,-0.6517974709530199,0,0.19916182091423296,-0.32372425172264196,-0.9346187243669639,-0.557862186594303,0,0,1,0
30000.0,0.5827963679284647,0.0,-0.014500923729921091,0.4134955520501627,0,-0.7800750397843689,-1.1207048028851228,-0.9346187243669639,-1.059115524404746,1,0,0,0
26000.0,-1.3495464189972293,0.0,-0.014522405095469749,0.8396127612514358,0,-0.562466848518013,-1.1207048028851228,-0.9497616223813684,-0.8428143786987349,0,0,1,0
115000.0,-0.2698856008140617,1.0,-0.014543886461018406,-0.8648560755536564,0,6.83621165453809,-0.32036319269464486,-0.9346187243669639,-0.30619249850394636,0,0,1,0
33500.0,0.13736548873460758,0.0,-0.01451166441269542,0.6265541566507993,0,-0.5334524230158322,-1.1207048028851228,-0.9346187243669639,-0.932723118563068,0,0,1,0
34998.0,2.46633265709106,0.0,-0.014457960998823774,1.0526713658520723,0,-0.997712245476227,0.5199635555482692,-1.164846784639172,-0.942828556045081,1,0,0,0
58000.0,0.6337027541220484,0.0,-0.014490183047146762,-0.22568026175174685,0,-0.3034094779628272,-0.6696563497873814,0.12838915571849938,-0.42529043165010694,0,0,1,0
75000.0,1.1427666160578849,1.0,-0.014479442364372434,-0.012621657151110341,0,-0.145384481924164,0.7168979404301677,0.12838915571849938,-0.5254071569925362,0,0,1,0
42000.0,-0.7153164800079188,0.0,-0.014522405095469749,-0.4387388663523834,0,0.017821661525602984,-1.1207048028851228,-0.9346187243669639,-0.8428143786987349,0,0,1,0
119000.0,-1.1989271488469635,1.0,-0.014490183047146762,-1.2909732847549296,0,0.9607904903464789,-0.8102427462111627,-0.9346187243669639,-0.599331507536703,0,0,0,1
62000.0,1.0664070367675094,0.0,-0.014479442364372434,0.4134955520501627,0,-0.38112668912938297,0.7168979404301677,0.12838915571849938,-0.5254071569925362,0,0,1,0
140000.0,-0.6007771110723555,1.0,-0.014468701681598103,-0.6517974709530199,0,0.7512418617196175,0.7168979404301677,-0.9346187243669639,0.3604595735481716,0,0,1,0
48000.0,1.6327405831711277,0.0,-0.01451166441269542,1.4787885750533454,0,-0.1127432532342106,-0.32036319269464486,-0.9346187243669639,-0.30619249850394636,0,0,1,0
73500.0,0.06100590944423208,0.0,-0.01451166441269542,-0.6517974709530199,0,0.6271245970713997,-1.1207048028851228,-0.9497616223813684,-0.6199086206554122,1,0,0,0
38000.0,-0.16425484946237562,0.0,-0.014500923729921091,-0.22568026175174685,0,-0.586645536436497,-0.9071017708421057,0.12838915571849938,-0.749286484310219,0,0,1,0
129000.0,-0.7153164800079188,1.0,-0.014479442364372434,-0.6517974709530199,0,0.8338523787744379,1.61783723340406,0.12838915571849938,0.4451786460753563,0,0,1,0
59900.0,-0.35897177665283314,0.0,-0.01451166441269542,-0.6517974709530199,0,0.23252841024174087,-0.5122794054175007,-0.9346187243669639,-0.6222774354233112,0,0,1,0
67000.0,1.1936730022514686,0.0,-0.014457960998823774,1.2657299704527087,0,-0.5334524230158322,1.2004690324034661,0.12838915571849938,0.6237072297129891,1,0,0,0
27000.0,0.9264144747351544,0.0,-0.01451166441269542,0.6265541566507993,0,-0.7220461887800074,-0.8102427462111627,-0.9346187243669639,-0.8015849257249965,0,0,1,0
25000.0,2.326340095058705,0.0,-0.014490183047146762,1.4787885750533454,0,-0.9873209362285175,-0.7092948551838962,0.12838915571849938,-0.8760644538754191,0,0,1,0
24000.0,1.1936730022514686,0.0,-0.014500923729921091,0.4134955520501627,0,-0.9251471672952729,-1.1381312347207264,-1.164846784639172,-0.905686472068768,1,0,0,0
40000.0,1.0664070367675094,1.0,-0.014500923729921091,0.8396127612514358,0,-0.5382881605995289,-0.14125162852066492,-1.164846784639172,-0.5310636738466661,0,0,1,0
39800.0,0.7482421230576115,0.0,-0.01451166441269542,-0.4387388663523834,0,-0.3506615423520931,-0.9345511308118133,-0.9346187243669639,-0.7674136132819462,0,0,1,0
54000.0,-0.6135037076207515,1.0,-0.014500923729921091,-0.8648560755536564,0,-0.19978652974075298,-1.1381312347207264,-0.9346187243669639,-0.6895396419086542,0,0,1,0
27000.0,1.448204933219387,0.0,-0.01451166441269542,1.4787885750533454,0,-0.7220461887800074,-0.9345511308118133,0.12838915571849938,-0.780935708983995,0,0,1,0
62000.0,0.7482421230576115,1.0,-0.014490183047146762,0.8396127612514358,0,-0.22051111938516788,1.2004690324034661,0.12838915571849938,-0.05600975424609866,0,0,1,0
60000.0,1.6772836710905132,1.0,-0.014500923729921091,-0.22568026175174685,0,-0.054714402229849,-0.32036319269464486,-0.9346187243669639,-0.27162723695701885,0,0,1,0
145000.0,0.6337027541220484,1.0,-0.014468701681598103,0.4134955520501627,0,0.8318374881145643,1.61783723340406,0.43632286632090406,0.4512068396986125,1,0,0,0
38500.0,0.49371019208969324,0.0,-0.014490183047146762,-0.6517974709530199,0,-0.7075389760289169,-1.3420330208418312,0.645607861430407,-0.9226367542949103,1,0,0,0
105000.0,-0.2571590042656658,1.0,-0.014490183047146762,-0.8648560755536564,0,0.6706462353246709,-0.8102427462111627,-0.9346187243669639,-0.1688273628391848,1,0,0,0
43000.0,1.8300028296712643,1.0,-0.014414998267726459,2.117964388855255,0,-1.0598569999839695,-0.32036319269464486,0.12838915571849938,-0.30619249850394636,0,0,1,0
67000.0,-1.288013324685735,1.0,-0.014500923729921091,-1.2909732847549296,0,0.11453641319953889,-0.8194871463930152,-0.9346187243669639,-0.40505772975802357,0,0,1,0
110000.0,-0.28261219736245763,1.0,-0.014414998267726459,0.4134955520501627,0,-0.36558324689607186,2.6714025272308954,-0.9497616223813684,0.9420616080322042,0,0,1,0
73000.0,-0.078986652588123,1.0,-0.014490183047146762,-0.012621657151110341,0,0.007459366703395671,0.7168979404301677,0.645607861430407,0.3604595735481716,0,0,1,0
118000.0,-0.3971515662980209,1.0,-0.014479442364372434,-0.6517974709530199,0,0.634378203446945,-0.32036319269464486,0.12838915571849938,-0.21518594876585154,0,0,1,0
23500.0,-1.3486810104319384,0.0,-0.01451166441269542,1.9049057842546184,0,-0.8235966780376401,-0.9345511308118133,0.12838915571849938,-0.7674136132819462,0,0,1,0
159000.0,0.17554527837979533,1.0,-0.014457960998823774,-0.22568026175174685,0,0.8012111500844845,1.61783723340406,0.12838915571849938,0.8267724449304006,1,0,0,0
147000.0,0.5573431748316728,1.0,-0.014425738950500788,-0.22568026175174685,0,0.13499530297671786,1.61783723340406,0.43632286632090406,2.447349564255218,0,0,1,0
37000.0,-0.078986652588123,0.0,-0.01451166441269542,0.20043694744952617,0,-0.43190193375819935,-0.8102427462111627,-0.13969362055378792,-0.44241729846874356,0,0,1,0
25000.0,0.5573431748316728,0.0,-0.01451166441269542,2.117964388855255,0,-0.7800750397843689,-0.9345511308118133,-0.9346187243669639,-0.7674136132819462,0,0,1,0
38700.0,-0.3971515662980209,0.0,-0.014522405095469749,-0.22568026175174685,0,-0.1018628436708928,-0.5122794054175007,-0.9497616223813684,-0.6599620002908548,0,0,1,0
71000.0,-0.2698856008140617,1.0,-0.014500923729921091,-0.8648560755536564,0,0.21125116487347506,-0.8102427462111627,-0.9497616223813684,-0.44241729846874356,1,0,0,0
68000.0,0.9391410712835503,1.0,-0.014490183047146762,-0.4387388663523834,0,-0.09616358151867879,0.3664142374090258,-0.9497616223813684,-0.08382485778500227,0,0,1,0
38500.0,0.17554527837979533,0.0,-0.014522405095469749,-0.8648560755536564,0,-0.109116450046438,-0.5122794054175007,0.12838915571849938,-0.6599620002908548,0,0,1,0
53500.0,-0.14261963533010258,0.0,-0.014500923729921091,0.20043694744952617,0,-0.21187587369999508,0.7168979404301677,0.12838915571849938,-0.5599539830685861,0,0,1,0
32000.0,-1.3479555944286798,1.0,-0.014457960998823774,2.117964388855255,0,-1.0412048693039961,0.7168979404301677,0.12838915571849938,-0.5254071569925362,0,0,1,0
38000.0,-1.3485919242560995,0.0,-0.014500923729921091,1.2657299704527087,0,-0.586645536436497,-0.6808932935519518,0.12838915571849938,-0.2790448113622479,1,0,0,0
43000.0,-1.3501318424384554,0.0,-0.014522405095469749,-0.4387388663523834,0,0.05408969340332898,-0.9345511308118133,-0.9497616223813684,-0.7674136132819462,0,0,1,0
105000.0,-0.7534962696531066,1.0,-0.014490183047146762,-1.077914680154293,0,0.6706462353246709,-0.32036319269464486,-0.9346187243669639,0.3028550113639118,0,0,1,0
41500.0,-1.3496100519799712,0.0,-0.01451166441269542,0.20043694744952617,0,-0.3013370189983858,-0.32036319269464486,-0.9497616223813684,-0.6762865631636473,1,0,0,0
83000.0,-1.3500045764729716,1.0,-0.014479442364372434,-0.22568026175174685,0,-0.00031235441326001273,-0.5122794054175007,0.43632286632090406,0.17671313981439438,0,0,1,0
83000.0,-1.3500045764729716,1.0,-0.014479442364372434,-0.22568026175174685,0,-0.00031235441326001273,-0.5122794054175007,0.43632286632090406,0.17671313981439438,0,0,1,0
58000.0,-0.6860453079466082,0.0,-0.01451166441269542,-0.8648560755536564,0,0.17740100178759738,-0.5122794054175007,-0.9346187243669639,-0.6222774354233112,0,0,1,0
110000.0,-0.43533135594320865,1.0,-0.014479442364372434,-0.012621657151110341,0,0.4893060759360409,1.61783723340406,-0.9497616223813684,0.8558122807230648,0,0,1,0
185000.0,-1.3058305598534894,1.0,-0.012417231271701254,-1.504031889355566,0,-1.3712439593913026,-0.9345511308118133,0.43632286632090406,-0.06772482138366047,0,0,0,1
25000.0,-0.20625261807208214,0.0,-0.01451166441269542,-0.6517974709530199,0,-0.7800750397843689,-1.3420330208418312,-0.9497616223813684,-0.9226367542949103,0,0,1,0
71000.0,0.6146128592994544,1.0,-0.014479442364372434,1.0526713658520723,0,-0.217920545679616,1.61783723340406,-1.164846784639172,0.6780518647784939,0,0,1,0
27000.0,1.1936730022514686,0.0,-0.01451166441269542,-0.012621657151110341,0,-0.7220461887800074,-1.3420330208418312,-0.9497616223813684,-0.9226367542949103,0,0,1,0
43900.0,0.8118751057995911,1.0,-0.014490183047146762,-0.012621657151110341,0,-0.5956261919490767,-0.7092948551838962,-0.9346187243669639,-0.7386518926384681,0,0,1,0
36000.0,1.5716529197388274,0.0,-0.01451166441269542,0.20043694744952617,0,-0.46091635926038016,-0.32372425172264196,0.12838915571849938,-0.19536669534112763,1,0,0,0
74000.0,0.36644422660573406,1.0,-0.014490183047146762,0.20043694744952617,0,0.0281839563478103,1.2004690324034661,0.12838915571849938,0.19034698161540864,0,0,1,0
52000.0,1.448204933219387,0.0,-0.014500923729921091,1.0526713658520723,0,-0.24814390557772106,0.7168979404301677,0.12838915571849938,-0.5254071569925362,1,0,0,0
48000.0,-0.4669060419797789,0.0,-0.014500923729921091,-0.6517974709530199,0,-0.344858657251657,-0.24807192448694768,-0.9497616223813684,-0.5841160363427136,0,0,1,0
104000.0,-0.5412166392258627,1.0,-0.014490183047146762,-0.4387388663523834,0,0.649921645680256,1.2004690324034661,0.12838915571849938,0.5325102385989583,0,0,1,0
39800.0,0.17554527837979533,0.0,-0.01451166441269542,-0.8648560755536564,0,-0.3506615423520931,-0.14125162852066492,-0.9346187243669639,-0.7832110935323148,0,0,1,0
48000.0,1.6327405831711277,0.0,-0.01451166441269542,1.4787885750533454,0,-0.1127432532342106,-0.32036319269464486,-0.9346187243669639,-0.30619249850394636,0,0,1,0
55000.0,-0.8107659541208881,0.0,-0.01451166441269542,-0.8648560755536564,0,0.09035772528105497,-0.958293484507613,-0.9346187243669639,-0.8081862516258597,0,0,1,0
41500.0,1.0536804402191136,0.0,-0.01451166441269542,-0.22568026175174685,0,-0.3013370189983858,-0.9345511308118133,-0.9346187243669639,-0.7674136132819462,0,0,1,0
28000.0,1.0282272471223217,0.0,-0.014500923729921091,1.2657299704527087,0,-0.8284324156213368,-0.8102427462111627,0.12838915571849938,-0.599331507536703,0,0,1,0
28500.0,-1.349928216893681,0.0,-0.014522405095469749,1.4787885750533454,0,-0.471796768823698,-0.32036319269464486,0.12838915571849938,-0.677508791536798,0,0,1,0
33500.0,-1.3491009881180354,0.0,-0.01451166441269542,1.2657299704527087,0,-0.5334524230158322,-0.5122794054175007,-0.9346187243669639,-0.6222774354233112,0,0,1,0
37000.0,-0.3971515662980209,0.0,-0.01451166441269542,-0.8648560755536564,0,-0.43190193375819935,-1.100277399583882,-1.164846784639172,-0.8655644301354135,1,0,0,0
63000.0,0.44280380589610957,0.0,-0.014500923729921091,0.20043694744952617,0,0.017821661525602984,0.7168979404301677,0.12838915571849938,-0.4247585554475627,0,0,1,0
24000.0,-0.14261963533010258,0.0,-0.01451166441269542,0.8396127612514358,0,-0.8090894652865497,-0.8102427462111627,-0.9346187243669639,-0.8015849257249965,0,0,1,0
52500.0,-0.8553090420402739,1.0,-0.01451166441269542,-1.077914680154293,0,0.017821661525602984,-0.7107256994550611,-0.9497616223813684,-0.7430231774662824,0,0,1,0
38000.0,-0.5880505145239596,0.0,-0.014500923729921091,-0.22568026175174685,0,-0.586645536436497,-0.49635058616431343,-0.9497616223813684,-0.34419604267662074,0,0,1,0
83000.0,-0.20625261807208214,1.0,-0.014479442364372434,-0.22568026175174685,0,-0.00031235441326001273,-0.5122794054175007,-0.9497616223813684,0.17671313981439438,0,0,1,0
78000.0,2.059081567542391,1.0,-0.014468701681598103,0.4134955520501627,0,-0.24814390557772106,0.5199635555482692,0.43632286632090406,0.22122644167615824,0,0,1,0
14000.0,-1.3491009881180354,0.0,-0.014490183047146762,2.544081598056528,0,-1.2152914223170808,-0.9345511308118133,-0.9346187243669639,-0.9362759721243398,1,0,0,0
42000.0,0.5700697713800688,0.0,-0.01451166441269542,-0.4387388663523834,0,-0.28682980624729537,-0.8102427462111627,-1.164846784639172,-0.6547550895783869,1,0,0,0
11111.0,2.211800726123142,0.0,-0.014468701681598103,1.9049057842546184,0,-1.3263360763640384,1.4293979033596458,0.43632286632090406,-0.8730113372163841,1,0,0,0
86000.0,-1.1734739557501717,1.0,-0.014468701681598103,-0.4387388663523834,0,-0.11919090334580645,0.056054044997550484,0.43632286632090406,0.06237714395346962,0,0,1,0
36000.0,0.20099847147658714,0.0,-0.01451166441269542,0.6265541566507993,0,-0.46091635926038016,-1.1207048028851228,-1.164846784639172,-0.6199086206554122,1,0,0,0
28000.0,-1.3134665177825269,1.0,-0.014468701681598103,-1.504031889355566,0,-1.0541001695271874,0.056054044997550484,-0.9346187243669639,-0.047010750159982906,0,0,1,0
24200.0,2.4026996743490803,0.0,-0.014500923729921091,1.6918471796539818,0,-0.920311429711576,-0.5122794054175007,-0.9497616223813684,-0.6222774354233112,0,0,1,0
62000.0,-0.2698856008140617,1.0,-0.014468701681598103,-0.22568026175174685,0,-0.5060499100415503,-0.24807192448694768,0.43632286632090406,-0.318855491726885,0,0,1,0
23500.0,1.3591187573806156,0.0,-0.014522405095469749,1.0526713658520723,0,-0.6531369282123279,-1.1207048028851228,-0.9497616223813684,-1.003686693642153,0,0,1,0
63000.0,0.21372506802498306,1.0,-0.014468701681598103,-0.012621657151110341,0,-0.48993078476256097,-0.24807192448694768,-0.9497616223813684,-0.06255448449054674,0,0,1,0
65000.0,-0.5880505145239596,1.0,-0.01451166441269542,-0.8648560755536564,0,0.3805019803028629,-0.14125162852066492,-0.9346187243669639,-0.5731003542552597,0,0,1,0
60000.0,0.17554527837979533,1.0,-0.014479442364372434,0.20043694744952617,0,-0.41739472100710895,-0.6696563497873814,-0.9497616223813684,-0.42529043165010694,0,0,1,0
47000.0,-1.3438958101297416,0.0,-0.014543886461018406,-0.4387388663523834,0,1.9037593191673547,0.5199635555482692,-0.9497616223813684,-0.942828556045081,0,0,1,0
33000.0,1.448204933219387,0.0,-0.014500923729921091,1.9049057842546184,0,-0.7075389760289169,-0.9345511308118133,-0.9346187243669639,-0.7009929198364382,1,0,0,0
23500.0,1.9827219882520153,0.0,-0.01451166441269542,1.6918471796539818,0,-0.8235966780376401,-1.1207048028851228,0.12838915571849938,-0.829456299716328,1,0,0,0
42000.0,0.671882543767236,0.0,-0.01451166441269542,0.8396127612514358,0,-0.28682980624729537,-0.32372425172264196,-0.9346187243669639,-0.31092699726734396,0,0,1,0
59000.0,2.364519884703893,1.0,-0.014414998267726459,1.9049057842546184,0,-0.8940602828286506,1.61783723340406,0.12838915571849938,-0.37342917110182133,1,0,0,0
55000.0,-1.348922815766358,1.0,-0.014468701681598103,1.4787885750533454,0,-0.6188837869944755,1.61783723340406,-0.9346187243669639,0.8267724449304006,1,0,0,0
37000.0,0.25190485767017085,0.0,-0.01451166441269542,-0.8648560755536564,0,-0.43190193375819935,-0.5122794054175007,-0.9346187243669639,-0.6599620002908548,0,0,1,0
70000.0,0.5573431748316728,1.0,-0.014436479633275117,0.20043694744952617,0,-0.6591816001919489,-0.14125162852066492,-0.9346187243669639,-0.039647928634979034,1,0,0,0
50000.0,0.7482421230576115,1.0,-0.014490183047146762,-0.6517974709530199,0,-0.46920619511814604,-0.8102427462111627,0.12838915571849938,-0.6123936341522249,1,0,0,0
35000.0,-0.2698856008140617,0.0,-0.014500923729921091,-0.6517974709530199,0,-0.6591816001919489,-0.8194871463930152,-0.9497616223813684,-0.4247585554475627,0,0,1,0
70000.0,1.1936730022514686,0.0,-0.014490183047146762,-0.22568026175174685,0,-0.054714402229849,-1.1207048028851228,-0.9497616223813684,-0.8445406698646618,1,0,0,0
47500.0,-1.3493555200490033,0.0,-0.014500923729921091,-0.22568026175174685,0,-0.3569480012108989,-0.6773632585629926,-0.9346187243669639,-0.5841160363427136,0,0,1,0
75000.0,0.36644422660573406,1.0,-0.014382776219403471,-0.012621657151110341,0,-0.8654115853790183,-0.32372425172264196,-0.9346187243669639,-0.38651863159071703,0,0,1,0
53000.0,0.6337027541220484,1.0,-0.014490183047146762,0.6265541566507993,0,-0.40703242618490154,-0.6696563497873814,0.43632286632090406,-0.42529043165010694,0,0,1,0
59000.0,0.824601702347987,1.0,-0.014490183047146762,0.6265541566507993,0,-0.2826848883184123,1.2004690324034661,0.12838915571849938,-0.15928108389642115,0,0,1,0
79000.0,1.0282272471223217,1.0,-0.014447220316049445,-0.4387388663523834,0,-0.4635540343060329,-0.5122794054175007,-0.9346187243669639,0.17671313981439438,0,0,1,0
23500.0,-1.3488464561870674,0.0,-0.01451166441269542,1.6918471796539818,0,-0.8235966780376401,-1.100277399583882,0.12838915571849938,-1.0243493419853384,0,0,1,0
59000.0,1.855456022768056,0.0,-0.014479442364372434,1.4787885750533454,0,-0.43552873694597194,-0.32036319269464486,0.645607861430407,-0.005745456000475006,1,0,0,0
78000.0,0.2118160785427237,0.0,-0.014500923729921091,-0.6517974709530199,0,0.3805019803028629,-0.8102427462111627,0.43632286632090406,0.04543356454284341,1,0,0,0
50000.0,-0.20625261807208214,1.0,-0.014500923729921091,-0.4387388663523834,0,-0.2965012814146889,-1.1207048028851228,-0.9346187243669639,-0.8428143786987349,0,0,1,0
36900.0,0.531889981734881,0.0,-0.01451166441269542,0.4134955520501627,0,-0.4348033763084174,-1.1207048028851228,0.12838915571849938,-0.7548560497482442,0,0,1,0
42500.0,0.25190485767017085,0.0,-0.01451166441269542,0.20043694744952617,0,-0.27232259349620497,-0.8102427462111627,-0.9346187243669639,-0.44241729846874356,0,0,1,0
49990.0,-0.07007803500424585,1.0,-0.01451166441269542,-0.22568026175174685,0,-0.05500454648487081,-0.7107256994550611,0.12838915571849938,-0.254421432519342,0,0,1,0
20500.0,1.5296551511291208,0.0,-0.014522405095469749,2.3310229934558913,0,-0.7619410238455059,-1.1207048028851228,-0.9346187243669639,-0.8428143786987349,0,0,1,0
78000.0,1.8300028296712643,1.0,-0.014361294853854813,1.9049057842546184,0,-0.9098764170309672,1.2004690324034661,0.43632286632090406,0.9224274172988605,1,0,0,0
35000.0,2.4281528674458723,1.0,-0.014490183047146762,2.117964388855255,0,-0.7800750397843689,0.7168979404301677,-0.9346187243669639,-0.4247585554475627,0,0,1,0
64500.0,-0.7216797782821167,0.0,-0.01451166441269542,-1.077914680154293,0,0.3659947675517725,-0.5122794054175007,-0.9346187243669639,-0.6222774354233112,0,0,1,0
79500.0,-0.3335185835560413,1.0,-0.014479442364372434,-0.6517974709530199,0,-0.0637814101992805,-0.5122794054175007,0.43632286632090406,0.17671313981439438,0,0,1,0
75000.0,-0.7153164800079188,1.0,-0.014490183047146762,-0.8648560755536564,0,0.04890854599222519,-0.8102427462111627,0.43632286632090406,-0.44241729846874356,0,0,1,0
22500.0,-1.347904688042486,0.0,-0.013383892721390869,2.544081598056528,0,-1.4757618330752948,-0.8102427462111627,-0.9497616223813684,-1.0704429421355213,1,0,0,0
115000.0,0.6209761575736524,1.0,-0.014243147343337193,1.2657299704527087,0,-0.9493258552137568,2.413559718457235,0.12838915571849938,1.0656601476446517,0,0,1,0
31000.0,-1.3507681722658753,0.0,-0.014554627143792737,-0.6517974709530199,0,2.9918002754991346,-0.7107256994550611,-0.9346187243669639,-0.788213532922619,0,0,1,0
14000.0,2.46633265709106,0.0,-0.014500923729921091,1.2657299704527087,0,-1.1669340464801128,-1.1381312347207264,-1.164846784639172,-1.0704429421355213,1,0,0,0
82000.0,-1.3503481945797782,1.0,-0.014479442364372434,0.20043694744952617,0,-0.01844637035212301,-0.5122794054175007,-0.9497616223813684,0.17671313981439438,0,0,1,0
19000.0,-1.349864583910939,0.0,-0.01451166441269542,0.8396127612514358,0,-0.9541615927974537,-1.1207048028851228,0.12838915571849938,-0.9665528291966192,0,0,1,0
70500.0,-1.3494827860144873,1.0,-0.014468701681598103,-0.22568026175174685,0,-0.36903734517014103,0.056054044997550484,0.43632286632090406,0.06237714395346962,0,0,1,0
12000.0,1.690010267638909,0.0,-0.014500923729921091,2.3310229934558913,0,-1.2152914223170808,-0.8102427462111627,0.12838915571849938,-1.131006868936066,0,0,1,0
72500.0,-0.05353345949133116,1.0,-0.014500923729921091,-1.077914680154293,0,0.24751919675120104,-0.32372425172264196,-0.9346187243669639,-0.10945838457575663,0,0,1,0
22000.0,-1.3478283284631958,1.0,-0.014500923729921091,2.117964388855255,0,-0.973504543132241,-1.1207048028851228,0.12838915571849938,-0.829456299716328,0,0,1,0
55000.0,-0.4416946542174066,0.0,-0.014490183047146762,-0.012621657151110341,0,-0.36558324689607186,-0.6696563497873814,-0.9497616223813684,-0.42529043165010694,0,0,1,0
31500.0,-1.3499918498764232,0.0,-0.01451166441269542,-0.4387388663523834,0,-0.5914812740201938,-0.6808932935519518,-0.9346187243669639,-0.9543394275990159,0,0,1,0
145000.0,-0.8298558489434821,1.0,-0.014479442364372434,-0.6517974709530199,0,1.123996633796246,0.7168979404301677,0.12838915571849938,0.08035473480485336,0,0,1,0
100000.0,1.2573059849934483,1.0,-0.014447220316049445,0.4134955520501627,0,-0.18659815451248912,2.6714025272308954,0.43632286632090406,0.9420616080322042,1,0,0,0
28000.0,0.6846091403156319,1.0,-0.01451166441269542,2.544081598056528,0,-0.6930317632778266,-0.958293484507613,-0.9346187243669639,-0.7343992367672523,0,0,1,0
44900.0,-0.2444324077172699,0.0,-0.014522405095469749,-0.012621657151110341,0,0.12299895397100838,-0.8102427462111627,-0.13969362055378792,-0.44241729846874356,0,0,1,0
27000.0,-1.3484646582906157,1.0,-0.014468701681598103,1.4787885750533454,0,-1.0702192948061768,-1.1207048028851228,-0.9497616223813684,-0.8445406698646618,0,0,1,0
90000.0,-0.20625261807208214,0.0,-0.014490183047146762,-0.4387388663523834,0,0.35977739065844805,-0.32036319269464486,-0.9346187243669639,-0.30619249850394636,0,0,1,0
39500.0,0.29008464731535855,0.0,-0.014522405095469749,0.20043694744952617,0,-0.072848418168712,-1.100277399583882,0.12838915571849938,-0.7007311306266601,0,0,1,0
49000.0,-1.3502972881935846,0.0,-0.01451166441269542,-0.8648560755536564,0,-0.0837288277320298,-0.14125162852066492,-0.9497616223813684,-0.5731003542552597,0,0,1,0
49000.0,-1.3502972881935846,0.0,-0.01451166441269542,-0.8648560755536564,0,-0.0837288277320298,-0.14125162852066492,-0.9497616223813684,-0.5731003542552597,0,0,1,0
63000.0,-0.6389569007175433,0.0,-0.014500923729921091,0.4134955520501627,0,0.017821661525602984,-0.7107256994550611,-0.9497616223813684,-0.3501135696059757,0,0,1,0
36000.0,-1.3488464561870674,0.0,-0.014500923729921091,-0.22568026175174685,0,-0.635002912273465,-1.1381312347207264,-1.164846784639172,-0.905686472068768,1,0,0,0
290000.0,-0.5880505145239596,0.0,-0.014522405095469749,-0.6517974709530199,0,9.01229356720165,-0.7107256994550611,-0.9497616223813684,4.181703079033909,0,0,1,0
40000.0,1.5754708987033461,0.0,-0.014490183047146762,1.6918471796539818,0,-0.6764520915622946,-0.32036319269464486,-0.9497616223813684,-0.21518594876585154,1,0,0,0
85000.0,0.43007720934771365,1.0,-0.014490183047146762,-0.6517974709530199,0,0.25615444243637386,-0.8102427462111627,0.12838915571849938,-0.1688273628391848,1,0,0,0
148000.0,-0.3971515662980209,1.0,-0.014447220316049445,-0.22568026175174685,0,0.4464438564441829,1.2004690324034661,0.43632286632090406,1.3936479948991085,0,0,1,0
45000.0,1.0664070367675094,0.0,-0.014500923729921091,1.2657299704527087,0,-0.41739472100710895,-0.32036319269464486,-0.9346187243669639,-0.7466237140621923,0,0,1,0
36500.0,0.46189370071870345,1.0,-0.014490183047146762,0.6265541566507993,0,-0.7489881553177465,-1.1207048028851228,0.12838915571849938,-0.79556427186871,0,0,1,0
90000.0,0.7227889299608197,1.0,-0.014500923729921091,0.20043694744952617,0,0.6706462353246709,1.61783723340406,0.12838915571849938,0.6780518647784939,1,0,0,0
55000.0,1.6391038814453256,0.0,-0.014457960998823774,2.117964388855255,0,-0.7075389760289169,0.7168979404301677,0.12838915571849938,0.08035473480485336,0,0,1,0
70000.0,1.0536804402191136,0.0,-0.014404257584952129,1.9049057842546184,0,-0.8284324156213368,1.2004690324034661,0.12838915571849938,-0.15928108389642115,1,0,0,0
25000.0,-1.3495464189972293,0.0,-0.01451166441269542,1.2657299704527087,0,-0.7800750397843689,-1.100277399583882,-0.9346187243669639,-1.0257751582171646,0,0,1,0
39000.0,-0.3971515662980209,0.0,-0.014522405095469749,-0.4387388663523834,0,-0.090982434107575,-0.5122794054175007,-0.9497616223813684,-0.6599620002908548,0,0,1,0
88999.0,-0.982575007524233,1.0,-0.014468701681598103,-0.8648560755536564,0,-0.07084964663411739,-0.8194871463930152,0.43632286632090406,-0.40505772975802357,0,0,1,0
43000.0,1.5754708987033461,0.0,-0.014490183047146762,0.20043694744952617,0,-0.61427832262905,-0.6696563497873814,-0.9497616223813684,-0.42529043165010694,0,0,1,0
41000.0,0.6387933927414067,0.0,-0.01451166441269542,-0.22568026175174685,0,-0.3158442317494762,-1.1381312347207264,-0.9497616223813684,-0.7156250667400966,0,0,1,0
265000.0,-0.5753239179755637,1.0,-0.014436479633275117,-0.8648560755536564,0,1.6982404718602406,1.61783723340406,-0.9497616223813684,2.3999002699829712,0,0,1,0
52000.0,-0.49896433868518825,1.0,-0.014500923729921091,-0.6517974709530199,0,-0.24814390557772106,-0.5342239031937968,-0.9346187243669639,-0.5435921574574664,0,0,1,0
31000.0,-0.06626005603972708,0.0,-0.01451166441269542,-0.4387388663523834,0,-0.6059884867712841,-1.100277399583882,-1.164846784639172,-0.9157255191567732,1,0,0,0
84900.0,-0.5880505145239596,1.0,-0.014479442364372434,-0.22568026175174685,0,0.034142275870579684,-0.5122794054175007,0.43632286632090406,0.17671313981439438,0,0,1,0
34000.0,1.3209389677354277,0.0,-0.01451166441269542,1.0526713658520723,0,-0.5189452102647417,-0.8102427462111627,-0.9346187243669639,-0.6123936341522249,0,0,1,0
25800.0,-1.3488464561870674,0.0,-0.01451166441269542,1.6918471796539818,0,-0.7568634993826243,-1.1207048028851228,-0.9346187243669639,-0.8428143786987349,0,0,1,0
60950.0,-1.288013324685735,1.0,-0.01451166441269542,-1.504031889355566,0,0.2629935570190307,-0.14125162852066492,-0.9346187243669639,-0.7832110935323148,0,0,1,0
29500.0,1.2191261953482604,0.0,-0.01451166441269542,1.4787885750533454,0,-0.6495101250245553,-0.7092948551838962,-0.9346187243669639,-0.8699883990356986,0,0,1,0
73500.0,-1.3493682466455517,0.0,-0.014500923729921091,-0.012621657151110341,0,0.271697884669685,-0.8102427462111627,0.43632286632090406,-0.1688273628391848,1,0,0,0
34000.0,-0.5753239179755637,0.0,-0.014522405095469749,0.20043694744952617,0,-0.27232259349620497,-1.100277399583882,-0.9346187243669639,-0.8241565621241418,0,0,1,0
150000.0,0.17554527837979533,1.0,-0.012954265410417706,-0.4387388663523834,0,-1.360363549827985,2.6714025272308954,0.43632286632090406,0.9420616080322042,1,0,0,0
36000.0,-1.3487191902215836,0.0,-0.014490183047146762,1.2657299704527087,0,-0.7593504501399541,0.7168979404301677,0.12838915571849938,-0.5254071569925362,0,0,1,0
35000.0,0.43007720934771365,1.0,-0.014468701681598103,1.9049057842546184,0,-0.9412662925742623,-1.1207048028851228,0.12838915571849938,-0.7602227285486914,0,0,1,0
140000.0,-0.7025898834595229,1.0,-0.014479442364372434,-0.4387388663523834,0,1.033326554101931,1.2004690324034661,0.12838915571849938,0.4904634406508598,0,0,1,0
28000.0,-1.3508827116348108,0.0,-0.01451166441269542,0.8396127612514358,0,-0.6930317632778266,-0.8102427462111627,0.12838915571849938,-1.0150918929746795,0,0,1,0
24000.0,0.9645942643803421,0.0,-0.01451166441269542,0.8396127612514358,0,-0.8090894652865497,-0.8102427462111627,0.12838915571849938,-1.0150918929746795,0,0,1,0
21000.0,1.702736864187305,0.0,-0.01451166441269542,0.6265541566507993,0,-0.8961327417930921,-0.8102427462111627,0.12838915571849938,-1.0150918929746795,0,0,1,0
255000.0,-1.35001730306952,0.0,-0.012954265410417706,1.2657299704527087,0,-1.258813060570352,-1.1207048028851228,-1.164846784639172,1.2542452406923683,0,0,1,0
43000.0,-0.12989303878170666,0.0,-0.014500923729921091,-0.4387388663523834,0,-0.4657520968440769,-1.100277399583882,0.12838915571849938,-0.6656981245895941,0,0,1,0
41000.0,-0.5625973214271678,0.0,-0.01451166441269542,-0.8648560755536564,0,-0.3158442317494762,-0.14125162852066492,0.12838915571849938,-0.7832110935323148,0,0,1,0
61000.0,0.11191229563781574,1.0,-0.014490183047146762,0.20043694744952617,0,-0.24123570902958277,-0.32036319269464486,-0.9346187243669639,-0.30619249850394636,0,0,1,0
32000.0,-0.3335185835560413,0.0,-0.014500923729921091,-0.8648560755536564,0,-0.731717663947401,-0.5342239031937968,-0.9346187243669639,-0.20675452596646696,0,0,1,0
22000.0,0.827656085519602,0.0,-0.01451166441269542,1.6918471796539818,0,-0.8671183162909113,-0.8102427462111627,-0.9346187243669639,-1.0665161039888527,0,0,1,0
40000.0,0.8118751057995911,0.0,-0.01451166441269542,0.8396127612514358,0,-0.344858657251657,0.7168979404301677,-0.9346187243669639,-0.4247585554475627,0,0,1,0
36000.0,-1.350310014790133,0.0,-0.014500923729921091,-0.012621657151110341,0,-0.635002912273465,-0.8102427462111627,0.12838915571849938,-0.8642839394354129,0,0,1,0
25500.0,0.9391410712835503,0.0,-0.014522405095469749,-0.012621657151110341,0,-0.580600864456876,0.5199635555482692,-0.9346187243669639,-0.8675563045576368,0,0,1,0
16000.0,2.313613498510309,0.0,-0.01451166441269542,0.8396127612514358,0,-1.0412048693039961,-1.100277399583882,-0.9497616223813684,-0.9157255191567732,1,0,0,0
40000.0,1.448204933219387,0.0,-0.01451166441269542,1.9049057842546184,0,-0.344858657251657,-0.32036319269464486,-0.9346187243669639,-0.30619249850394636,0,0,1,0
54600.0,0.04827931289583617,1.0,-0.014447220316049445,0.20043694744952617,0,-0.7853503898756745,-0.7092948551838962,0.43632286632090406,-0.17598529481347577,0,0,1,0
80000.0,0.2391782611217749,1.0,-0.014479442364372434,-0.012621657151110341,0,-0.054714402229849,-0.5122794054175007,0.43632286632090406,0.17671313981439438,0,0,1,0
22000.0,1.1936730022514686,0.0,-0.01451166441269542,1.2657299704527087,0,-0.8671183162909113,-1.100277399583882,-0.9346187243669639,-1.0243493419853384,0,0,1,0
45000.0,0.39762438814930406,0.0,-0.014500923729921091,-0.4387388663523834,0,-0.41739472100710895,-0.5122794054175007,0.12838915571849938,-0.6222774354233112,0,0,1,0
16000.0,2.46633265709106,0.0,-0.01451166441269542,1.2657299704527087,0,-1.0412048693039961,-0.9345511308118133,-0.9497616223813684,-0.780935708983995,0,0,1,0
78000.0,1.0918602298643012,1.0,-0.014479442364372434,0.20043694744952617,0,-0.090982434107575,0.7168979404301677,-0.9497616223813684,0.3604595735481716,0,0,1,0
27200.0,1.117313422961093,1.0,-0.014500923729921091,1.2657299704527087,0,-0.8477753659561241,-1.1207048028851228,-0.9346187243669639,-0.829456299716328,0,0,1,0
93000.0,-0.4607845490400005,1.0,-0.014490183047146762,0.4134955520501627,0,0.4219511595916927,0.7168979404301677,0.43632286632090406,0.3604595735481716,0,0,1,0
47000.0,-0.0026270732977474996,0.0,-0.01451166441269542,0.20043694744952617,0,-0.1417576787363914,-0.8102427462111627,0.43632286632090406,-0.44241729846874356,0,0,1,0
41000.0,1.995448584800411,1.0,-0.014500923729921091,-0.22568026175174685,0,-0.514109472681045,-0.6773632585629926,0.12838915571849938,-0.7310519308877238,0,0,1,0
48500.0,0.18827187492819125,0.0,-0.01451166441269542,-0.6517974709530199,0,-0.09823604048312021,-0.9345511308118133,-0.9346187243669639,-0.7674136132819462,0,0,1,0
97000.0,-1.350666359493488,1.0,-0.014479442364372434,-0.8648560755536564,0,0.253563868730822,-0.7092948551838962,-0.9497616223813684,-0.17598529481347577,0,0,1,0
40000.0,-1.2385450439021202,0.0,-0.01451166441269542,-1.504031889355566,0,-0.344858657251657,-1.3420330208418312,0.12838915571849938,-0.9226367542949103,0,0,1,0
21500.0,1.1100592629285075,0.0,-0.014500923729921091,2.117964388855255,0,-0.9855938870914828,-0.8102427462111627,0.12838915571849938,-1.131006868936066,0,0,1,0
84000.0,0.1500920852830035,0.0,0.002619724612359428,-0.012621657151110341,0,-1.4978193906445663,-0.32036319269464486,0.12838915571849938,-0.27162723695701885,1,0,0,0
27000.0,-1.3389197108793187,0.0,-0.01451166441269542,1.4787885750533454,0,-0.7220461887800074,-0.32036319269464486,-0.9497616223813684,-0.677508791536798,0,0,1,0
150000.0,-1.0462079902662127,1.0,-0.0143935169021778,-1.504031889355566,0,-0.145384481924164,0.7168979404301677,0.12838915571849938,-0.16727016840171285,0,0,1,0
20000.0,1.3336655642838238,0.0,-0.01451166441269542,1.9049057842546184,0,-0.9251471672952729,-1.100277399583882,-1.164846784639172,-1.0257751582171646,0,0,1,0
33000.0,1.2191261953482604,0.0,-0.01451166441269542,1.2657299704527087,0,-0.5479596357669225,-0.7092948551838962,-0.9346187243669639,-0.8699883990356986,0,0,1,0
44900.0,-0.015353669846143416,0.0,-0.01451166441269542,-0.6517974709530199,0,-0.20268797229097107,-0.14125162852066492,0.12838915571849938,-0.7832110935323148,0,0,1,0
30000.0,1.422751740122595,0.0,-0.01451166441269542,1.0526713658520723,0,-0.635002912273465,-1.1381312347207264,-0.9346187243669639,-0.6895396419086542,0,0,1,0
42500.0,-1.349953670086778,1.0,-0.01451166441269542,-0.22568026175174685,0,-0.27232259349620497,-0.7107256994550611,0.12838915571849938,-0.254421432519342,0,0,1,0
42000.0,-0.2444324077172699,0.0,-0.01451166441269542,-1.077914680154293,0,-0.28682980624729537,-0.14125162852066492,-0.9346187243669639,-0.7832110935323148,0,0,1,0
41000.0,0.17554527837979533,0.0,-0.014500923729921091,-0.4387388663523834,0,-0.514109472681045,-0.8194871463930152,0.43632286632090406,-0.40505772975802357,0,0,1,0
40000.0,-1.3497754977351004,0.0,-0.01451166441269542,-0.012621657151110341,0,-0.344858657251657,-0.9345511308118133,-0.9497616223813684,-0.7674136132819462,0,0,1,0
40500.0,-1.3487446434146804,0.0,-0.014500923729921091,1.6918471796539818,0,-0.526198816640287,-0.32036319269464486,-0.9346187243669639,-0.726667004122192,1,0,0,0
60000.0,1.1936730022514686,1.0,-0.014490183047146762,0.8396127612514358,0,-0.26196029867399767,1.2004690324034661,0.12838915571849938,-0.15928108389642115,0,0,1,0
30000.0,1.0409538436707175,1.0,-0.01451166441269542,0.8396127612514358,0,-0.635002912273465,-0.32372425172264196,-0.9346187243669639,-0.557862186594303,0,0,1,0
23000.0,2.46633265709106,0.0,-0.014500923729921091,2.3310229934558913,0,-0.9493258552137568,-0.8102427462111627,-0.13969362055378792,-0.7170275089353354,1,0,0,0
59500.0,-0.28261219736245763,0.0,-0.014500923729921091,-0.6517974709530199,0,-0.06680374618909109,-0.6696563497873814,-0.9497616223813684,-0.42529043165010694,0,0,1,0
30500.0,-1.3493809732421,0.0,-0.01451166441269542,-0.8648560755536564,0,-0.6204956995223745,-1.100277399583882,-1.164846784639172,-0.8655644301354135,1,0,0,0
78000.0,-0.7305883958659939,1.0,-0.014479442364372434,-0.012621657151110341,0,-0.090982434107575,-0.5122794054175007,0.43632286632090406,0.17671313981439438,0,0,1,0
65000.0,0.8373282988963829,1.0,-0.014468701681598103,0.6265541566507993,0,-0.4576925342045822,0.5199635555482692,0.43632286632090406,0.22122644167615824,0,0,1,0
39000.0,0.17554527837979533,0.0,-0.01451166441269542,0.8396127612514358,0,-0.3738730827538378,-0.32036319269464486,0.12838915571849938,-0.677508791536798,0,0,1,0
47000.0,-0.078986652588123,1.0,-0.014500923729921091,-0.6517974709530199,0,-0.36903734517014103,-0.5342239031937968,-1.164846784639172,-0.28834767792399874,0,0,1,0
20000.0,-1.350373647772875,0.0,-0.01451166441269542,0.20043694744952617,0,-0.9251471672952729,-0.8194871463930152,-0.9346187243669639,-1.057680718158848,0,0,1,0
70000.0,-0.2571590042656658,1.0,-0.014500923729921091,-0.6517974709530199,0,0.18707247695499088,-0.32372425172264196,-0.9346187243669639,-0.10945838457575663,0,0,1,0
60000.0,-0.5498707248787719,0.0,-0.014522405095469749,-0.6517974709530199,0,0.6706462353246709,-0.32036319269464486,0.12838915571849938,-0.677508791536798,0,0,1,0
140000.0,-1.3516463074277145,1.0,-0.014479442364372434,-1.504031889355566,0,1.033326554101931,-0.5122794054175007,-0.13969362055378792,0.17671313981439438,0,1,0,0
21500.0,1.6772836710905132,0.0,-0.014500923729921091,0.6265541566507993,0,-0.9855938870914828,-1.1381312347207264,-0.9497616223813684,-0.905686472068768,1,0,0,0
99999.0,1.1740613169703904,0.0,-0.014500923729921091,1.0526713658520723,0,0.9124089358215924,-1.1207048028851228,-1.164846784639172,-0.21668942647753886,0,0,1,0
52000.0,1.3845719504774074,0.0,-0.014500923729921091,1.2657299704527087,0,-0.24814390557772106,-0.5122794054175007,-1.164846784639172,0.17671313981439438,1,0,0,0
52000.0,0.8118751057995911,0.0,-0.014457960998823774,1.4787885750533454,0,-0.7510606142821882,1.2004690324034661,-0.9497616223813684,0.5325102385989583,1,0,0,0
48000.0,-0.47605646489807557,0.0,-0.014500923729921091,-0.8648560755536564,0,-0.344858657251657,-0.5342239031937968,-0.9497616223813684,-0.5435921574574664,0,0,1,0
66500.0,-0.8419461156644582,0.0,-0.01451166441269542,-0.8648560755536564,0,0.42402361855613413,-0.5122794054175007,-0.9346187243669639,-0.6222774354233112,0,0,1,0
33000.0,1.5754708987033461,0.0,-0.014500923729921091,-0.012621657151110341,0,-0.7075389760289169,-1.1207048028851228,-0.9497616223813684,-0.6199086206554122,1,0,0,0
32000.0,1.7536432503808888,0.0,-0.01451166441269542,1.0526713658520723,0,-0.5769740612691033,-0.7092948551838962,0.12838915571849938,-0.8699883990356986,0,0,1,0
144000.0,-1.3510736105830368,1.0,-0.014468701681598103,-0.4387388663523834,0,0.8157183628355749,0.7168979404301677,0.43632286632090406,0.3604595735481716,0,0,0,1
28500.0,1.0880422508997825,0.0,-0.01451166441269542,-0.012621657151110341,0,-0.6785245505267361,-0.6808932935519518,-0.9346187243669639,-0.9543394275990159,0,0,1,0
53000.0,1.4100251435741993,0.0,-0.014500923729921091,0.6265541566507993,0,-0.2239652176592369,0.7168979404301677,0.12838915571849938,-0.4247585554475627,0,0,1,0
64500.0,0.6082495610252565,0.0,-0.014500923729921091,0.4134955520501627,0,0.05408969340332898,0.7168979404301677,-0.9346187243669639,-0.4247585554475627,0,0,1,0
79000.0,1.0664070367675094,1.0,-0.014243147343337193,1.9049057842546184,0,-1.1234124082268415,1.61783723340406,0.12838915571849938,0.009437548198380125,0,0,1,0
28500.0,-1.347191998635776,0.0,-0.01451166441269542,1.2657299704527087,0,-0.6785245505267361,-1.1207048028851228,-1.164846784639172,-0.6199086206554122,1,0,0,0
25000.0,1.155493212606281,0.0,-0.014500923729921091,1.4787885750533454,0,-0.9009684793767888,-0.5122794054175007,0.12838915571849938,-0.6222774354233112,0,0,1,0
55000.0,-0.6516834972659392,0.0,-0.01451166441269542,-0.6517974709530199,0,0.09035772528105497,-0.5122794054175007,-0.9346187243669639,-0.6222774354233112,0,0,1,0
58000.0,2.339066691607101,0.0,-0.014500923729921091,1.2657299704527087,0,-0.10307177806681708,1.61783723340406,0.12838915571849938,0.03888883429839562,1,0,0,0
55000.0,-0.5880505145239596,0.0,-0.01451166441269542,-0.6517974709530199,0,0.09035772528105497,-0.5122794054175007,-0.9346187243669639,-0.6222774354233112,0,0,1,0
33000.0,0.43007720934771365,0.0,-0.014522405095469749,0.20043694744952617,0,-0.30859062537393095,-1.1207048028851228,-0.9346187243669639,-0.8428143786987349,0,0,1,0
100000.0,1.2573059849934483,1.0,-0.014447220316049445,0.4134955520501627,0,-0.18659815451248912,2.6714025272308954,0.43632286632090406,0.9420616080322042,1,0,0,0
27700.0,-1.3489100891698094,0.0,-0.014522405095469749,1.4787885750533454,0,-0.5008111943258787,-0.9345511308118133,-0.9346187243669639,-0.7674136132819462,0,0,1,0
43500.0,-1.3501700222281006,1.0,-0.01451166441269542,0.4134955520501627,0,-0.2433081679940242,0.7168979404301677,0.12838915571849938,-0.5599539830685861,0,0,1,0
100000.0,0.2391782611217749,1.0,-0.014296850757208839,1.6918471796539818,0,-0.9251471672952729,0.7168979404301677,-0.9346187243669639,0.4021213628652534,0,0,1,0
48000.0,0.073732505992628,0.0,-0.01451166441269542,-0.6517974709530199,0,-0.1127432532342106,-0.9345511308118133,-0.9497616223813684,-0.7674136132819462,0,0,1,0
58000.0,0.6305211049849493,0.0,-0.014490183047146762,-0.22568026175174685,0,-0.3034094779628272,-0.6696563497873814,0.12838915571849938,-0.42529043165010694,0,0,1,0
190000.0,-0.6262303041691474,1.0,-0.014457960998823774,-0.6517974709530199,0,1.2509347453682869,1.61783723340406,0.12838915571849938,0.8267724449304006,0,0,0,1
33500.0,-1.3468102007393241,0.0,-0.01451166441269542,1.6918471796539818,0,-0.5334524230158322,-0.32036319269464486,-0.9497616223813684,-0.30619249850394636,1,0,0,0
28000.0,1.130040019509489,0.0,-0.014500923729921091,1.9049057842546184,0,-0.8284324156213368,-0.8102427462111627,-1.164846784639172,-0.6547550895783869,1,0,0,0
36000.0,-1.3493555200490033,0.0,-0.01451166441269542,0.8396127612514358,0,-0.46091635926038016,-0.9345511308118133,0.12838915571849938,-0.7674136132819462,0,0,1,0
68000.0,-1.347904688042486,1.0,-0.014468701681598103,0.8396127612514358,0,-0.4093351583676143,1.61783723340406,0.12838915571849938,0.8558122807230648,0,0,1,0
43500.0,0.6209761575736524,0.0,-0.014522405095469749,-0.6517974709530199,0,0.07222370934219198,-0.32036319269464486,0.12838915571849938,-0.677508791536798,0,0,1,0
20000.0,1.448204933219387,0.0,-0.01451166441269542,2.117964388855255,0,-0.9251471672952729,-0.9345511308118133,-0.9346187243669639,-0.7674136132819462,0,0,1,0
89900.0,0.2646314542185667,0.0,-0.014500923729921091,0.20043694744952617,0,0.6682283665328226,1.2004690324034661,0.12838915571849938,0.5325102385989583,1,0,0,0
59000.0,0.7100623334124238,0.0,-0.014500923729921091,0.20043694744952617,0,-0.07889309014833291,0.7168979404301677,-0.9346187243669639,-0.4247585554475627,0,0,1,0
27000.0,1.9699953917036193,0.0,-0.01451166441269542,1.6918471796539818,0,-0.7220461887800074,-0.958293484507613,-0.9346187243669639,-0.7343992367672523,1,0,0,0
125000.0,-0.21897921462047806,0.0,-0.014479442364372434,-0.6517974709530199,0,0.7613163150189859,-0.32036319269464486,0.43632286632090406,0.27267559763416027,0,0,1,0
35500.0,0.6591559472188401,0.0,-0.014500923729921091,1.2657299704527087,0,-0.6470922562327069,-0.6808932935519518,0.12838915571849938,-0.602167493145275,1,0,0,0
38500.0,-1.350246381807391,0.0,-0.014522405095469749,-0.012621657151110341,0,-0.109116450046438,-1.1207048028851228,-0.9346187243669639,-0.7741451547050625,0,0,1,0
88500.0,0.36644422660573406,1.0,-0.014490183047146762,-0.4387388663523834,0,0.3286905061918258,-0.5122794054175007,0.12838915571849938,0.17671313981439438,1,0,0,0
99000.0,-0.4926010404109903,0.0,-0.014490183047146762,-0.4387388663523834,0,0.5462986974581818,1.61783723340406,-0.9346187243669639,0.4451786460753563,0,0,1,0
98000.0,-0.04080686294293525,1.0,-0.014457960998823774,-0.8648560755536564,0,-0.0837288277320298,-0.7092948551838962,-0.9497616223813684,-0.17598529481347577,0,0,1,0
250000.0,-1.1862005522985677,1.0,-0.014447220316049445,-1.2909732847549296,0,1.7916581297271108,-0.5122794054175007,-0.9346187243669639,-0.6599620002908548,0,1,0,0
50000.0,1.1427666160578849,0.0,-0.013104634969258313,1.2657299704527087,0,-1.452100336342233,-0.14125162852066492,0.43632286632090406,-0.5133227800768949,1,0,0,0
32500.0,-0.02808026639453933,1.0,-0.014522405095469749,-0.8648560755536564,0,-0.326724641312794,-0.7107256994550611,-0.9346187243669639,-0.788213532922619,0,0,1,0
81000.0,0.09791303943458024,1.0,-0.014500923729921091,-0.6517974709530199,0,0.45303804405831494,0.5199635555482692,-0.9497616223813684,0.18002307870043238,0,0,1,0
49500.0,-0.6389569007175433,1.0,-0.014554627143792737,-0.6517974709530199,0,5.675634634450859,-1.100277399583882,0.12838915571849938,-0.4848532035135466,0,0,0,1
78000.0,-0.5498707248787719,1.0,-0.014500923729921091,-0.012621657151110341,0,0.3805019803028629,-0.6808932935519518,-0.9346187243669639,-0.2790448113622479,0,0,1,0
41000.0,1.1936730022514686,0.0,-0.01451166441269542,0.8396127612514358,0,-0.3158442317494762,-0.9345511308118133,-0.9346187243669639,-0.7009929198364382,1,0,0,0
50000.0,-0.20625261807208214,0.0,-0.014500923729921091,-0.6517974709530199,0,-0.2965012814146889,-0.24807192448694768,0.12838915571849938,-0.48217140404985104,0,0,1,0
72000.0,0.6209761575736524,0.0,-0.014500923729921091,-0.012621657151110341,0,0.23542985279195897,1.61783723340406,0.12838915571849938,0.03888883429839562,1,0,0,0
47500.0,0.3409910335089422,0.0,-0.013169079065904287,-0.22568026175174685,0,-1.4524285538252892,-0.9345511308118133,0.12838915571849938,-0.6861294929918105,0,0,1,0
78000.0,0.8500548954447789,1.0,-0.014468701681598103,0.6265541566507993,0,-0.24814390557772106,1.61783723340406,0.12838915571849938,0.8267724449304006,0,0,1,0
135000.0,-0.9443952178790452,1.0,-0.014490183047146762,-0.4387388663523834,0,1.2923839246571167,1.61783723340406,0.12838915571849938,0.4451786460753563,0,0,1,0
51000.0,-0.10443984568491482,1.0,-0.01451166441269542,-0.8648560755536564,0,-0.02569997672766821,-0.14125162852066492,0.12838915571849938,-0.5731003542552597,0,0,1,0
70000.0,0.2391782611217749,1.0,-0.014468701681598103,0.6265541566507993,0,-0.3770969078096357,-0.32036319269464486,-0.9497616223813684,0.27267559763416027,0,0,1,0
100000.0,-0.16807282842689442,1.0,-0.014339813488306156,2.3310229934558913,0,-0.8146160225250604,2.413559718457235,0.43632286632090406,1.0656601476446517,0,0,1,0
42000.0,2.135441146832766,0.0,-0.014500923729921091,1.4787885750533454,0,-0.48993078476256097,-0.8102427462111627,-0.9497616223813684,-0.1688273628391848,1,0,0,0
46000.0,-0.52441753178198,0.0,-0.014500923729921091,-0.4387388663523834,0,-0.3932160330886249,-0.24807192448694768,0.12838915571849938,-0.48217140404985104,0,0,1,0
130000.0,-0.52441753178198,1.0,-0.014490183047146762,-0.8648560755536564,0,1.1887609764350424,1.61783723340406,0.12838915571849938,0.4451786460753563,0,0,1,0
39500.0,-1.3497500445420036,0.0,-0.01451166441269542,-0.8648560755536564,0,-0.3593658700027474,-0.14125162852066492,-1.164846784639172,-0.7832110935323148,0,0,1,0
36700.0,-0.8171292523950862,0.0,-0.014522405095469749,-0.012621657151110341,0,-0.17439890742634478,-0.5122794054175007,-0.9346187243669639,-0.6599620002908548,0,0,1,0
32000.0,2.2372539192199334,0.0,-0.014490183047146762,1.0526713658520723,0,-0.8422488087176134,-0.7092948551838962,0.12838915571849938,-0.7386518926384681,0,0,1,0
12000.0,1.5754708987033461,0.0,-0.014500923729921091,1.9049057842546184,0,-1.2152914223170808,-0.9345511308118133,-0.13969362055378792,-0.9362759721243398,1,0,0,0
34996.0,-0.078986652588123,1.0,-0.014468701681598103,-0.8648560755536564,0,-0.9413307690753782,0.5199635555482692,0.43632286632090406,0.22122644167615824,0,0,0,1
65000.0,-0.18079942497529033,0.0,-0.014500923729921091,-0.4387388663523834,0,0.06617903736257107,0.5199635555482692,-0.9346187243669639,-0.12211152971502243,0,0,1,0
45000.0,1.8300028296712643,0.0,-0.014490183047146762,0.6265541566507993,0,-0.5728291433402204,0.7168979404301677,-0.9346187243669639,-0.5254071569925362,1,0,0,0
23000.0,0.8118751057995911,0.0,-0.01451166441269542,0.6265541566507993,0,-0.8381038907887305,-1.1207048028851228,-0.9497616223813684,-0.9665528291966192,0,0,1,0
53000.0,-0.5880505145239596,0.0,-0.014490183047146762,-0.6517974709530199,0,-0.40703242618490154,-0.9345511308118133,0.12838915571849938,-0.6861294929918105,0,0,1,0
37500.0,-1.3501445690350038,0.0,-0.01451166441269542,0.20043694744952617,0,-0.41739472100710895,-1.1381312347207264,0.12838915571849938,-0.7156250667400966,0,0,1,0
28000.0,-1.3488464561870674,0.0,-0.014522405095469749,1.6918471796539818,0,-0.48993078476256097,-0.32036319269464486,-0.9346187243669639,-0.677508791536798,0,0,1,0
50000.0,-0.8298558489434821,1.0,-0.014500923729921091,-0.012621657151110341,0,-0.2965012814146889,-1.1207048028851228,0.12838915571849938,-0.8428143786987349,0,0,1,0
46500.0,0.06100590944423208,0.0,-0.01451166441269542,-0.6517974709530199,0,-0.1562648914874818,-0.9345511308118133,0.12838915571849938,-0.7674136132819462,1,0,0,0
126000.0,0.4682569989929014,1.0,-0.014479442364372434,0.20043694744952617,0,0.7794503309578489,-0.32036319269464486,0.43632286632090406,0.27267559763416027,0,0,1,0
40000.0,-0.9698484109758371,0.0,-0.01451166441269542,-1.077914680154293,0,-0.344858657251657,-0.5122794054175007,-0.9346187243669639,-0.6222774354233112,0,0,1,0
38300.0,-1.3497245913489069,0.0,-0.014533145778244078,-0.6517974709530199,0,0.34665181721698524,-0.32036319269464486,-0.9346187243669639,-0.677508791536798,0,0,1,0
69000.0,-0.9698484109758371,0.0,-0.01451166441269542,-1.077914680154293,0,0.49655968231158615,-0.5122794054175007,-0.9346187243669639,-0.6222774354233112,0,0,1,0
19500.0,1.2254894936224583,0.0,-0.01451166441269542,2.544081598056528,0,-0.9396543800463633,-1.1207048028851228,-0.9346187243669639,-0.8428143786987349,0,0,1,0
40000.0,0.9391410712835503,0.0,-0.01451166441269542,0.20043694744952617,0,-0.344858657251657,-0.32036319269464486,0.12838915571849938,-0.677508791536798,0,0,1,0
31500.0,-1.3504754605452622,0.0,-0.014500923729921091,0.20043694744952617,0,-0.7438070079066429,0.056054044997550484,0.43632286632090406,0.06237714395346962,0,0,1,0
13000.0,-1.3414650301889979,0.0,-0.014468701681598103,1.6918471796539818,0,-1.2958870487120273,-0.6808932935519518,-1.164846784639172,-0.9428207023687876,1,0,0,0
77000.0,-1.3504881871418106,1.0,-0.014490183047146762,-0.4387388663523834,0,0.09035772528105497,-0.14125162852066492,-0.9497616223813684,-0.05367235058736728,0,0,1,0
25000.0,-1.3492282540835194,0.0,-0.01451166441269542,0.8396127612514358,0,-0.7800750397843689,-1.1207048028851228,0.12838915571849938,-0.9665528291966192,0,0,1,0
36000.0,0.04827931289583617,0.0,-0.014500923729921091,-0.22568026175174685,0,-0.635002912273465,-0.8102427462111627,0.12838915571849938,-0.599331507536703,0,0,1,0
78000.0,-0.20625261807208214,1.0,-0.014490183047146762,-0.22568026175174685,0,0.11108231492546987,-0.9345511308118133,0.43632286632090406,-0.06772482138366047,0,0,1,0
32000.0,1.702736864187305,0.0,-0.014500923729921091,0.6265541566507993,0,-0.731717663947401,-0.6808932935519518,0.12838915571849938,-0.9231865116354439,0,0,1,0
29000.0,2.46633265709106,0.0,-0.01451166441269542,-0.4387388663523834,0,-0.6640173377756458,-0.6808932935519518,-0.9346187243669639,-0.9543394275990159,0,0,1,0
91000.0,-0.6516834972659392,0.0,-0.014490183047146762,-0.22568026175174685,0,0.3805019803028629,-0.8102427462111627,0.12838915571849938,-0.1688273628391848,0,0,1,0
53000.0,0.15772804321204104,0.0,-0.01451166441269542,0.6265541566507993,0,0.032328874276693384,-0.32036319269464486,0.12838915571849938,-0.30619249850394636,0,0,1,0
17500.0,-1.3478283284631958,0.0,-0.014522405095469749,1.9049057842546184,0,-0.8707451194786839,-1.100277399583882,-0.9497616223813684,-1.1686138958022396,0,0,1,0
52000.0,-0.5625973214271678,0.0,-0.014500923729921091,-0.4387388663523834,0,-0.24814390557772106,-0.7092948551838962,-0.9346187243669639,-0.30667095918937953,0,0,1,0
45000.0,0.11191229563781574,0.0,-0.01451166441269542,-1.077914680154293,0,-0.19978652974075298,-0.9345511308118133,-0.9346187243669639,-0.7674136132819462,0,0,1,0
23000.0,1.8300028296712643,0.0,-0.014500923729921091,1.9049057842546184,0,-0.9493258552137568,-1.100277399583882,-0.9346187243669639,-1.0606258467688496,0,0,1,0
34000.0,-0.078986652588123,0.0,-0.01451166441269542,0.4134955520501627,0,-0.5189452102647417,-0.8102427462111627,0.12838915571849938,-0.44241729846874356,0,0,1,0
107000.0,0.6591559472188401,1.0,-0.014479442364372434,-0.6517974709530199,0,0.43490402811945195,0.7168979404301677,0.12838915571849938,0.08035473480485336,0,0,1,0
18600.0,1.6107872041251448,0.0,-0.014500923729921091,2.544081598056528,0,-1.0557120820550865,-0.7092948551838962,-0.9497616223813684,-0.7386518926384681,1,0,0,0
62000.0,2.046354970993995,0.0,-0.014479442364372434,-0.012621657151110341,0,-0.38112668912938297,0.8002264370753965,0.645607861430407,0.556204516117268,1,0,0,0
86000.0,-1.1734739557501717,1.0,-0.014468701681598103,-0.4387388663523834,0,-0.11919090334580645,0.056054044997550484,0.43632286632090406,0.06237714395346962,0,0,1,0
47000.0,-0.12989303878170666,0.0,-0.014522405095469749,-0.8648560755536564,0,0.19916182091423296,-0.32036319269464486,-0.9346187243669639,-0.677508791536798,0,0,1,0
101000.0,0.7750952417747269,1.0,-0.014404257584952129,1.4787885750533454,0,-0.5286166854321354,1.2004690324034661,0.43632286632090406,0.9224274172988605,1,0,0,0
34000.0,-1.3516335808311661,0.0,-0.014457960998823774,0.6265541566507993,0,-1.0121904438018152,-0.7092948551838962,0.43632286632090406,0.36808876559412446,1,0,0,0
67000.0,1.6772836710905132,1.0,-0.014468701681598103,1.2657299704527087,0,-0.42545428364660365,1.61783723340406,0.12838915571849938,0.8267724449304006,1,0,0,0
22000.0,1.5754708987033461,0.0,-0.01451166441269542,1.0526713658520723,0,-0.8671183162909113,-0.7092948551838962,-0.9497616223813684,-1.0802600375021931,0,0,1,0
50000.0,0.3409910335089422,1.0,-0.014468701681598103,0.20043694744952617,0,-0.6994794133894222,-0.24807192448694768,0.43632286632090406,0.08879240241231086,0,0,1,0
19500.0,1.880909215864848,0.0,-0.01451166441269542,0.20043694744952617,0,-0.9396543800463633,-1.1207048028851228,-0.9497616223813684,-1.059115524404746,1,0,0,0
42000.0,1.435478336670991,0.0,-0.01451166441269542,0.6265541566507993,0,-0.28682980624729537,-0.32372425172264196,-0.9346187243669639,-0.31092699726734396,0,0,1,0
54000.0,-1.348922815766358,0.0,-0.014500923729921091,0.8396127612514358,0,-0.19978652974075298,-0.5122794054175007,0.43632286632090406,0.17671313981439438,1,0,0,0
97000.0,-0.20625261807208214,1.0,-0.014468701681598103,0.20043694744952617,0,0.058119474723076256,-0.32036319269464486,0.43632286632090406,0.27267559763416027,0,0,1,0
95000.0,0.41735061279931773,1.0,-0.014500923729921091,-0.4387388663523834,0,0.791539674917091,-0.8102427462111627,0.12838915571849938,-0.6123936341522249,1,0,0,0
74998.0,-0.9189420247822534,1.0,-0.014447220316049445,0.20043694744952617,0,-0.5163339119695455,-0.7092948551838962,0.43632286632090406,-0.17598529481347577,0,0,1,0
34500.0,-1.3490755349249386,0.0,-0.01451166441269542,0.6265541566507993,0,-0.5044379975136514,0.5199635555482692,-0.9346187243669639,-0.6362252624558057,0,0,1,0
26000.0,0.08645910254102392,0.0,-0.01451166441269542,-0.4387388663523834,0,-0.7510606142821882,-1.3420330208418312,-0.9497616223813684,-1.0056501127154873,0,0,1,0
50000.0,2.339066691607101,0.0,-0.014500923729921091,1.0526713658520723,0,-0.2965012814146889,-0.14125162852066492,0.12838915571849938,-0.5133227800768949,1,0,0,0
22000.0,-1.347064732670292,0.0,-0.014500923729921091,2.117964388855255,0,-0.973504543132241,-0.7092948551838962,-0.9497616223813684,-1.0802600375021931,1,0,0,0
25900.0,-0.6516834972659392,0.0,-0.01451166441269542,-1.077914680154293,0,-0.7539620568324062,-1.3420330208418312,-0.9497616223813684,-0.9226367542949103,0,0,1,0
60000.0,-0.21897921462047806,1.0,-0.014447220316049445,2.117964388855255,0,-0.7141331636430489,1.2004690324034661,0.43632286632090406,1.128586419998969,1,0,0,0
37500.0,1.7409166538324927,0.0,-0.014490183047146762,1.2657299704527087,0,-0.7282635656733318,-0.7092948551838962,0.12838915571849938,-0.7386518926384681,0,0,1,0
56000.0,-1.294376622959933,0.0,-0.014500923729921091,-1.504031889355566,0,-0.15142915390378492,-0.8194871463930152,-0.9497616223813684,-0.40505772975802357,0,0,1,0
22000.0,-1.3492537072766162,0.0,-0.01451166441269542,1.2657299704527087,0,-0.8671183162909113,-0.8102427462111627,0.12838915571849938,-0.599331507536703,0,0,1,0
35500.0,0.3409910335089422,0.0,-0.01451166441269542,0.6265541566507993,0,-0.47542357201147056,-0.8102427462111627,-0.9346187243669639,-0.599331507536703,0,0,1,0
22500.0,-0.52441753178198,0.0,-0.014522405095469749,-0.4387388663523834,0,-0.6894049600900539,-0.8194871463930152,-0.9346187243669639,-1.057680718158848,0,0,1,0
60000.0,0.022826119799044333,0.0,-0.014490183047146762,-0.6517974709530199,0,-0.26196029867399767,-0.8102427462111627,0.12838915571849938,-0.599331507536703,1,0,0,0
95000.0,-0.18079942497529033,1.0,-0.014490183047146762,-0.6517974709530199,0,0.46340033888052223,-0.5122794054175007,-0.9497616223813684,0.17671313981439438,0,0,0,1
37500.0,0.37917082315413,0.0,-0.01451166441269542,-0.8648560755536564,0,-0.41739472100710895,-0.7107256994550611,-0.9346187243669639,-0.7430231774662824,0,0,1,0
32500.0,2.4281528674458723,0.0,-0.014490183047146762,1.0526713658520723,0,-0.831886513895406,-0.7092948551838962,0.12838915571849938,-0.8413773835798454,0,0,1,0
73000.0,-0.7407696731047106,1.0,-0.014500923729921091,-1.2909732847549296,0,0.25960854071044287,-0.07526237887860447,-0.9346187243669639,-0.5744530777639784,0,0,1,0
63000.0,1.9827219882520153,1.0,-0.014457960998823774,0.6265541566507993,0,-0.5914812740201938,1.2004690324034661,0.12838915571849938,0.19034698161540864,0,0,1,0
99000.0,-0.8934888316854617,1.0,-0.014479442364372434,-1.077914680154293,0,0.28983190060854797,0.056054044997550484,0.43632286632090406,0.06237714395346962,0,0,1,0
59999.0,1.8300028296712643,0.0,-0.014490183047146762,1.2657299704527087,0,-0.26198102326364203,1.61783723340406,0.43632286632090406,-0.3341804238258673,1,0,0,0
33000.0,1.1427666160578849,0.0,0.06061941159373634,1.9049057842546184,0,-1.504751765880623,0.7168979404301677,0.12838915571849938,-0.5254071569925362,0,0,1,0
107000.0,-1.3511372435657787,1.0,0.006819331577122089,-0.012621657151110341,0,-1.4976392345243903,1.61783723340406,-0.9346187243669639,0.8133485798913955,0,0,1,0
50000.0,-0.20625261807208214,1.0,-0.014522405095469749,0.20043694744952617,0,0.30796591654741096,-1.100277399583882,-0.9346187243669639,-0.7007311306266601,0,0,1,0
45000.0,1.295485774638636,0.0,-0.01451166441269542,1.0526713658520723,0,-0.19978652974075298,-0.32036319269464486,-0.9497616223813684,-0.27162723695701885,1,0,0,0
56000.0,0.4046240162509218,0.0,-0.014500923729921091,0.4134955520501627,0,-0.15142915390378492,-0.6808932935519518,-0.13969362055378792,-0.2790448113622479,0,0,1,0
102000.0,-0.3335185835560413,1.0,-0.014479442364372434,-0.8648560755536564,0,0.34423394842513694,0.056054044997550484,0.43632286632090406,0.06237714395346962,1,0,0,0
25900.0,-0.6516834972659392,0.0,-0.01451166441269542,-1.077914680154293,0,-0.7539620568324062,-1.3420330208418312,-0.9497616223813684,-0.9226367542949103,0,0,1,0
25900.0,-0.6516834972659392,0.0,-0.01451166441269542,-1.077914680154293,0,-0.7539620568324062,-1.3420330208418312,-0.9497616223813684,-0.9226367542949103,0,0,1,0
17000.0,0.17554527837979533,0.0,-0.014522405095469749,2.117964388855255,0,-0.8888791354175469,-0.32036319269464486,-0.9497616223813684,-0.6762865631636473,1,0,0,0
56000.0,-0.29533879391085355,0.0,-0.01451166441269542,-1.077914680154293,0,0.11937215078323578,-0.14125162852066492,0.12838915571849938,-0.5731003542552597,0,0,1,0
14000.0,0.43007720934771365,0.0,-0.014522405095469749,2.117964388855255,0,-0.9976832310507249,-0.8102427462111627,-0.9497616223813684,-0.8015849257249965,1,0,0,0
189000.0,-0.6644100938143351,1.0,-0.014350554171080485,-0.6517974709530199,0,-0.1345040723608462,0.7168979404301677,0.12838915571849938,2.1986498149661986,0,0,1,0
69000.0,0.30281124386375446,1.0,-0.014479442364372434,-0.22568026175174685,0,-0.254188577557342,-0.5122794054175007,0.43632286632090406,0.17671313981439438,0,0,1,0
43500.0,-1.3493809732421,0.0,-0.014522405095469749,-0.22568026175174685,0,0.07222370934219198,-0.32036319269464486,-0.9346187243669639,-0.677508791536798,0,0,1,0
36000.0,-0.3335185835560413,0.0,-0.014490183047146762,-0.012621657151110341,0,-0.7593504501399541,-0.49635058616431343,-0.9346187243669639,-0.34419604267662074,0,0,1,0
27000.0,-1.346708387966937,0.0,-0.014490183047146762,-0.4387388663523834,0,-0.9458717569396878,-1.100277399583882,-1.164846784639172,-0.9157255191567732,1,0,0,0
26000.0,1.9572687951552235,0.0,-0.01451166441269542,1.6918471796539818,0,-0.7510606142821882,-0.32036319269464486,-1.164846784639172,-0.677508791536798,0,0,1,0
26800.0,-1.3484646582906157,0.0,-0.014522405095469749,0.20043694744952617,0,-0.5334524230158322,-1.1207048028851228,-0.9346187243669639,1.2542452406923683,0,0,1,0
19500.0,0.6337027541220484,0.0,-0.01451166441269542,2.3310229934558913,0,-0.9396543800463633,-0.9936213437697933,-0.9346187243669639,-1.1293455143355524,0,0,1,0
24500.0,1.117313422961093,0.0,-0.01451166441269542,1.0526713658520723,0,-0.7945822525354593,-1.1207048028851228,0.12838915571849938,-0.9665528291966192,0,0,1,0
62000.0,-1.135294166104984,0.0,-0.01451166441269542,-1.2909732847549296,0,0.29345870379632055,-0.8102427462111627,-0.9346187243669639,-0.8015849257249965,0,0,1,0
39000.0,-1.350755445669327,0.0,-0.01451166441269542,-0.012621657151110341,0,-0.3738730827538378,-0.9936213437697933,-0.9497616223813684,-0.746478795035351,0,0,1,0
86000.0,-1.1734739557501717,1.0,-0.014468701681598103,-0.4387388663523834,0,-0.11919090334580645,0.056054044997550484,0.43632286632090406,0.06237714395346962,0,0,1,0
24500.0,0.43007720934771365,0.0,-0.01451166441269542,0.20043694744952617,0,-0.7945822525354593,-0.8102427462111627,0.12838915571849938,-0.8015849257249965,0,0,1,0
56000.0,-0.7153164800079188,0.0,-0.01451166441269542,-0.8648560755536564,0,0.11937215078323578,-0.5122794054175007,-0.9346187243669639,-0.6222774354233112,0,0,1,0
44000.0,0.41735061279931773,0.0,-0.014500923729921091,0.8396127612514358,0,-0.441573408925593,-0.6808932935519518,0.43632286632090406,-0.602167493145275,0,0,1,0
58000.0,1.1936730022514686,1.0,-0.014447220316049445,1.4787885750533454,0,-0.7405099140995769,0.7168979404301677,0.12838915571849938,-0.5254071569925362,1,0,0,0
80000.0,-0.078986652588123,1.0,-0.014490183047146762,-0.6517974709530199,0,0.15253149421429965,-0.8102427462111627,-0.9346187243669639,-0.1688273628391848,1,0,0,0
123456.0,0.9391410712835503,1.0,-0.014468701681598103,0.20043694744952617,0,0.48456705310401815,1.61783723340406,0.12838915571849938,0.8267724449304006,0,0,1,0
25500.0,0.43007720934771365,0.0,-0.014522405095469749,1.4787885750533454,0,-0.580600864456876,-0.8102427462111627,0.12838915571849938,-1.0213574653021622,0,0,1,0
55000.0,-1.3497373179454553,0.0,-0.01451166441269542,-0.8648560755536564,0,0.09035772528105497,-0.32036319269464486,-0.9497616223813684,-0.677508791536798,0,0,1,0
30000.0,1.435478336670991,0.0,-0.014500923729921091,1.6918471796539818,0,-0.7800750397843689,-0.6808932935519518,-0.9346187243669639,-0.2790448113622479,1,0,0,0
55000.0,-0.18079942497529033,0.0,-0.014522405095469749,-0.4387388663523834,0,0.4893060759360409,-0.32036319269464486,-0.9346187243669639,-0.677508791536798,0,0,1,0
59000.0,0.5446165782832769,0.0,-0.01451166441269542,-0.6517974709530199,0,0.20641542728977816,-0.32036319269464486,-0.9497616223813684,-0.6762865631636473,1,0,0,0
12345.0,0.6846091403156319,1.0,-0.014479442364372434,-0.6517974709530199,0,-1.2815712505736252,-0.32372425172264196,-0.9497616223813684,-0.19536669534112763,0,0,1,0
33000.0,-0.6045950900368743,0.0,-0.014522405095469749,-0.22568026175174685,0,-0.30859062537393095,-0.8102427462111627,-0.9497616223813684,-0.8015849257249965,0,0,1,0
49000.0,1.0664070367675094,0.0,-0.014500923729921091,0.20043694744952617,0,-0.32067996933317294,-0.6773632585629926,0.12838915571849938,-0.5841160363427136,0,0,1,0
45000.0,-0.842582445491878,0.0,-0.01451166441269542,-0.8648560755536564,0,-0.19978652974075298,-0.9345511308118133,-0.9346187243669639,-0.7674136132819462,0,0,1,0
26000.0,0.5573431748316728,0.0,-0.014522405095469749,1.0526713658520723,0,-0.562466848518013,-1.100277399583882,0.12838915571849938,-1.0257751582171646,0,0,1,0
28500.0,1.1936730022514686,0.0,-0.014522405095469749,0.8396127612514358,0,-0.471796768823698,0.4662159903578188,-0.9497616223813684,-0.4037312721336151,0,0,1,0
42500.0,0.824601702347987,0.0,-0.01451166441269542,-0.6517974709530199,0,-0.27232259349620497,-0.8102427462111627,-0.13969362055378792,-0.6547550895783869,1,0,0,0
18600.0,-1.3486937370284868,0.0,-0.014500923729921091,2.544081598056528,0,-1.0557120820550865,-0.7092948551838962,-0.9497616223813684,-0.7386518926384681,1,0,0,0
120000.0,0.36644422660573406,0.0,-0.014479442364372434,-0.22568026175174685,0,0.6706462353246709,-0.32036319269464486,-0.9497616223813684,0.27267559763416027,1,0,0,0
26000.0,2.271730269269538,0.0,-0.014522405095469749,0.8396127612514358,0,-0.562466848518013,-0.14125162852066492,-0.9346187243669639,-0.5731003542552597,0,0,1,0
25000.0,-1.3489737221525515,0.0,-0.01451166441269542,0.8396127612514358,0,-0.7800750397843689,-0.9345511308118133,0.12838915571849938,-0.780935708983995,0,0,1,0
43000.0,-0.1718908073914132,0.0,-0.014522405095469749,-0.6517974709530199,0,0.05408969340332898,-0.32036319269464486,-0.9346187243669639,-0.677508791536798,0,0,1,0
87000.0,-0.5498707248787719,1.0,-0.014500923729921091,-0.4387388663523834,0,0.5981101715692189,-0.32036319269464486,0.12838915571849938,-0.27162723695701885,0,0,1,0
29000.0,1.0409538436707175,0.0,-0.01451166441269542,0.4134955520501627,0,-0.6640173377756458,-1.1207048028851228,0.12838915571849938,-0.9665528291966192,0,0,1,0
90000.0,0.09918569908941983,1.0,-0.014479442364372434,-0.4387388663523834,0,0.12662575715878097,-0.5122794054175007,-0.9497616223813684,0.17671313981439438,0,0,1,0
33000.0,1.448204933219387,0.0,-0.014500923729921091,1.2657299704527087,0,-0.7075389760289169,-0.32036319269464486,-1.164846784639172,-0.6762865631636473,1,0,0,0
13000.0,1.3209389677354277,0.0,-0.014500923729921091,1.2657299704527087,0,-1.191112734398597,-1.1381312347207264,-1.164846784639172,-1.0704429421355213,1,0,0,0
50000.0,-1.0334813937178167,0.0,-0.014490183047146762,-1.077914680154293,0,-0.46920619511814604,-0.8102427462111627,-0.9497616223813684,-0.5305026969685707,0,0,1,0
86000.0,-1.1734739557501717,1.0,-0.014468701681598103,-0.4387388663523834,0,-0.11919090334580645,0.056054044997550484,0.43632286632090406,0.06237714395346962,0,0,1,0
39000.0,-0.09171324913651892,0.0,-0.01451166441269542,-1.077914680154293,0,-0.3738730827538378,-0.14125162852066492,0.12838915571849938,-0.7832110935323148,0,0,1,0
40800.0,0.04827931289583617,1.0,-0.014500923729921091,0.20043694744952617,0,-0.5189452102647417,-1.1207048028851228,-0.9346187243669639,-0.8428143786987349,0,0,1,0
62500.0,-0.3971515662980209,0.0,-0.01451166441269542,-0.6517974709530199,0,0.30796591654741096,-0.32036319269464486,-0.9497616223813684,-0.677508791536798,0,0,1,0
102000.0,0.1500920852830035,1.0,-0.014490183047146762,-0.4387388663523834,0,0.6084724663914263,1.61783723340406,-0.9346187243669639,0.4451786460753563,0,0,1,0
66000.0,1.8300028296712643,0.0,-0.014457960998823774,1.0526713658520723,0,-0.5479596357669225,-0.32036319269464486,0.43632286632090406,-0.005745456000475006,1,0,0,0
24300.0,0.7456968037479323,0.0,-0.014522405095469749,1.9049057842546184,0,-0.6241225027101471,-1.100277399583882,0.12838915571849938,-0.8241565621241418,0,0,1,0
35500.0,0.16281868183139941,0.0,-0.014500923729921091,-0.4387388663523834,0,-0.6470922562327069,-1.1381312347207264,-0.16392578415542897,-0.905686472068768,1,0,0,0
78000.0,1.4100251435741993,1.0,-0.014436479633275117,0.6265541566507993,0,-0.562466848518013,1.61783723340406,0.12838915571849938,0.03888883429839562,0,0,1,0
36000.0,1.7663698469292846,1.0,-0.014447220316049445,1.4787885750533454,0,-1.030654169121385,-0.6696563497873814,-0.9497616223813684,-0.5231398754435668,1,0,0,0
35900.0,-1.350500913738359,0.0,-0.01451166441269542,0.6265541566507993,0,-0.46381780181059823,-0.8102427462111627,-0.9346187243669639,-0.8015849257249965,0,0,1,0
50000.0,-0.11030680669372535,0.0,-0.01451166441269542,-0.012621657151110341,0,-0.054714402229849,-0.8102427462111627,0.43632286632090406,-0.44241729846874356,0,0,1,0
95000.0,-0.14261963533010258,1.0,-0.014479442364372434,-0.22568026175174685,0,0.21729583685309595,-0.5122794054175007,-0.9497616223813684,0.17671313981439438,0,0,1,0
295000.0,-0.35897177665283314,1.0,-0.0143935169021778,-0.6517974709530199,0,1.1693316736434034,0.7168979404301677,0.43632286632090406,0.9292993840555308,0,0,1,0
88000.0,1.0664070367675094,1.0,-0.014468701681598103,0.4134955520501627,0,-0.08695265278782773,1.61783723340406,0.12838915571849938,0.8267724449304006,0,0,1,0
72000.0,0.531889981734881,0.0,-0.014500923729921091,-0.8648560755536564,0,0.23542985279195897,-0.32372425172264196,-0.9497616223813684,-0.31092699726734396,0,0,1,0
55000.0,0.17554527837979533,0.0,-0.013738335252943728,-0.4387388663523834,0,-1.4018127291168145,-0.8102427462111627,-1.164846784639172,-0.5265758588219019,1,0,0,0
17500.0,2.2593091110383035,0.0,71.26482661095137,2.544081598056528,0,-1.5054352947873686,-0.8102427462111627,-0.9346187243669639,-0.5265758588219019,0,0,0,1
28000.0,-0.7153164800079188,0.0,-0.014522405095469749,-0.4387388663523834,0,-0.48993078476256097,-0.7107256994550611,0.12838915571849938,-0.9624548931021312,0,0,1,0
61000.0,-0.48623774213679233,0.0,-0.01451166441269542,-0.6517974709530199,0,0.26444427829413975,-0.5122794054175007,-1.164846784639172,-0.6222774354233112,0,0,1,0
47000.0,2.0886199981312177,0.0,-0.014500923729921091,-0.012621657151110341,0,-0.36903734517014103,-0.32372425172264196,-0.9497616223813684,-0.38651863159071703,0,0,1,0
53500.0,0.1500920852830035,0.0,-0.01451166441269542,-0.6517974709530199,0,0.04683608702778378,-0.5122794054175007,-0.9346187243669639,-0.6222774354233112,0,0,1,0
33900.0,0.7355155265092156,0.0,-0.014490183047146762,0.20043694744952617,0,-0.8028720883932252,-0.9936213437697933,0.12838915571849938,-0.8525034249954067,0,0,1,0
57000.0,1.3209389677354277,0.0,-0.014490183047146762,1.4787885750533454,0,-0.32413406760724206,1.61783723340406,0.12838915571849938,0.8558122807230648,1,0,0,0
77000.0,-0.3971515662980209,0.0,-0.014500923729921091,0.4134955520501627,0,0.35632329238437904,-0.32036319269464486,-0.9346187243669639,-0.27162723695701885,0,0,1,0
50000.0,1.702736864187305,1.0,-0.014500923729921091,0.8396127612514358,0,-0.2965012814146889,0.7168979404301677,-0.9497616223813684,-0.4247585554475627,0,0,1,0
28000.0,-0.384424969749625,0.0,-0.01451166441269542,-0.22568026175174685,0,-0.6930317632778266,-1.3420330208418312,0.645607861430407,-1.0056501127154873,0,0,1,0
31000.0,1.435478336670991,0.0,-0.014500923729921091,1.6918471796539818,0,-0.7558963518658849,-0.5122794054175007,0.12838915571849938,-0.7515247820538202,0,0,1,0
27500.0,1.4736581263161788,0.0,-0.01451166441269542,-0.012621657151110341,0,-0.7075389760289169,-0.6808932935519518,-0.9497616223813684,-0.9543394275990159,0,0,1,0
15300.0,-1.350373647772875,0.0,-0.014490183047146762,2.117964388855255,0,-1.1883494557793415,-0.8102427462111627,-0.9346187243669639,-0.44241729846874356,1,0,0,0
26000.0,-1.3516463074277145,0.0,-0.01451166441269542,0.8396127612514358,0,-0.7510606142821882,-0.6808932935519518,-0.9346187243669639,-0.9543394275990159,0,0,1,0
60500.0,-0.4607845490400005,0.0,-0.01451166441269542,-0.6517974709530199,0,0.24993706554304937,-0.32372425172264196,0.12838915571849938,-0.10945838457575663,0,0,1,0
43500.0,0.4682569989929014,0.0,-0.01451166441269542,-0.8648560755536564,0,-0.2433081679940242,-0.14125162852066492,-0.9497616223813684,-0.5731003542552597,0,0,1,0
27000.0,-1.14802076265338,0.0,0.029589579058699692,-0.8648560755536564,0,-1.5044828805880266,-0.8194871463930152,-0.9346187243669639,-1.057680718158848,0,0,1,0
123456.0,-1.3516335808311661,0.0,-0.01451166441269542,0.8396127612514358,0,2.0765692374583438,-0.32036319269464486,0.12838915571849938,-0.30619249850394636,0,0,1,0
32000.0,-0.52441753178198,0.0,-0.014522405095469749,0.6265541566507993,0,-0.344858657251657,-1.100277399583882,-0.9346187243669639,-1.0243493419853384,0,0,1,0
113000.0,-0.015353669846143416,1.0,-0.013104634969258313,-0.6517974709530199,0,-1.3848978066864466,-0.14125162852066492,0.43632286632090406,0.4692490690211446,0,0,0,1
38000.0,0.6082495610252565,0.0,-0.014490183047146762,1.2657299704527087,0,-0.7179012708511243,-0.9345511308118133,0.12838915571849938,-0.9182779639521079,0,0,1,0
26000.0,2.059081567542391,1.0,-0.014500923729921091,1.6918471796539818,0,-0.8767897914583049,-0.8102427462111627,-0.13969362055378792,0.03674692258203081,1,0,0,0
36000.0,1.155493212606281,1.0,-0.014468701681598103,1.2657299704527087,0,-0.9251471672952729,-0.8102427462111627,-0.9497616223813684,0.03674692258203081,0,0,1,0
111111.0,2.46633265709106,0.0,-0.014457960998823774,1.2657299704527087,0,0.10647523864751646,-0.6773632585629926,0.43632286632090406,-0.33729735160478563,1,0,0,0
24500.0,1.1682198091546767,0.0,-0.01451166441269542,1.6918471796539818,0,-0.7945822525354593,-0.7092948551838962,-0.9346187243669639,-0.8699883990356986,0,0,1,0
37000.0,-1.350310014790133,0.0,-0.014500923729921091,-0.012621657151110341,0,-0.6108242243549808,-0.8102427462111627,0.12838915571849938,-0.8642839394354129,0,0,1,0
75000.0,-0.4607845490400005,0.0,-0.014500923729921091,-0.012621657151110341,0,0.30796591654741096,-0.7092948551838962,0.43632286632090406,-0.30667095918937953,0,0,1,0
85000.0,-0.5625973214271678,0.0,-0.014500923729921091,-0.22568026175174685,0,0.5497527957322509,-1.1381312347207264,0.43632286632090406,-0.5443922507298501,1,0,0,0
65000.0,1.3477030002767043,0.0,-0.014500923729921091,-0.012621657151110341,0,0.06617903736257107,0.7168979404301677,0.12838915571849938,-0.4247585554475627,1,0,0,0
40000.0,-0.997745110609921,0.0,-0.01451166441269542,-1.2909732847549296,0,-0.344858657251657,-1.1381312347207264,0.43632286632090406,-0.5443922507298501,1,0,0,0
54000.0,0.44280380589610957,0.0,-0.014490183047146762,0.20043694744952617,0,-0.3863078365404866,0.3664142374090258,0.43632286632090406,-0.08382485778500227,0,0,1,0
43500.0,-0.8171292523950862,1.0,-0.01451166441269542,-0.6517974709530199,0,-0.2433081679940242,-0.14125162852066492,-0.9346187243669639,-0.7832110935323148,0,0,1,0
48000.0,1.7536432503808888,0.0,-0.01451166441269542,1.6918471796539818,0,-0.1127432532342106,0.7168979404301677,0.12838915571849938,-0.4247585554475627,1,0,0,0
200000.0,-1.0207547971694209,1.0,-0.014468701681598103,-1.2909732847549296,0,1.7183893784589774,1.61783723340406,0.12838915571849938,0.8558122807230648,0,0,0,1
86000.0,-1.1734739557501717,1.0,-0.014468701681598103,-0.4387388663523834,0,-0.11919090334580645,0.056054044997550484,-0.9497616223813684,0.06237714395346962,0,0,1,0
43000.0,-0.8807622351370658,0.0,-0.014522405095469749,-1.077914680154293,0,0.05408969340332898,-0.8102427462111627,-0.9497616223813684,-0.8015849257249965,0,0,1,0
37000.0,1.56274430215495,1.0,-0.014479442364372434,0.8396127612514358,0,-0.834477087600958,-0.14125162852066492,-0.9497616223813684,-0.746478795035351,0,0,1,0
110000.0,-0.9596671337371204,1.0,-0.014457960998823774,-0.4387388663523834,0,0.09035772528105497,-0.14125162852066492,-0.9497616223813684,0.4692490690211446,0,0,1,0
24998.0,0.2391782611217749,0.0,-0.01451166441269542,-0.8648560755536564,0,-0.7801330686353732,-0.9345511308118133,-0.9346187243669639,-0.7674136132819462,0,0,1,0
57000.0,0.824601702347987,1.0,-0.014468701681598103,1.6918471796539818,0,-0.586645536436497,1.61783723340406,0.12838915571849938,0.03888883429839562,0,0,1,0
30000.0,0.9264144747351544,0.0,-0.014500923729921091,1.2657299704527087,0,-0.7800750397843689,-1.1207048028851228,-0.9497616223813684,-0.829456299716328,0,0,1,0
29800.0,0.8118751057995911,0.0,-0.014500923729921091,2.117964388855255,0,-0.7849107773680657,-1.1207048028851228,0.12838915571849938,-0.829456299716328,1,0,0,0
27000.0,1.9699953917036193,0.0,-0.01451166441269542,1.6918471796539818,0,-0.7220461887800074,-0.958293484507613,-0.9346187243669639,-0.7343992367672523,1,0,0,0
125000.0,0.30281124386375446,0.0,-0.014479442364372434,0.20043694744952617,0,0.7613163150189859,2.6714025272308954,0.43632286632090406,0.9420616080322042,1,0,0,0
58000.0,-0.3640624152721915,0.0,-0.014500923729921091,-0.6517974709530199,0,-0.10307177806681708,-0.8102427462111627,-0.9346187243669639,-0.599331507536703,0,0,1,0
39000.0,-0.42260475939481273,0.0,-0.014522405095469749,-0.6517974709530199,0,-0.090982434107575,-0.14125162852066492,-0.9346187243669639,-0.6934664800553231,0,0,1,0
111111.0,1.230681945014204,0.0,-0.01451166441269542,-0.012621657151110341,0,1.7183861546339219,-1.1207048028851228,-0.9346187243669639,-0.6199086206554122,0,0,1,0
65000.0,-0.11716644223331074,1.0,-0.014500923729921091,-0.4387388663523834,0,0.06617903736257107,0.5199635555482692,-0.9346187243669639,-0.12211152971502243,0,0,1,0
35000.0,1.5754708987033461,0.0,-0.01451166441269542,0.4134955520501627,0,-0.48993078476256097,-0.14125162852066492,0.12838915571849938,-0.7832110935323148,0,0,1,0
51500.0,1.295485774638636,0.0,-0.01451166441269542,0.8396127612514358,0,-0.011192763976577811,-0.32036319269464486,0.12838915571849938,-0.30619249850394636,1,0,0,0
29000.0,0.5064367886380892,0.0,-0.01451166441269542,1.9049057842546184,0,-0.6640173377756458,-0.9345511308118133,-0.9497616223813684,-0.7674136132819462,0,0,1,0
33500.0,0.6846091403156319,1.0,-0.014522405095469749,-0.4387388663523834,0,-0.29045660943506796,-0.14125162852066492,-0.9346187243669639,-0.7832110935323148,0,0,1,0
34499.0,0.8882346850899666,0.0,-0.01451166441269542,0.8396127612514358,0,-0.5044670119391536,-0.5122794054175007,-0.9346187243669639,-0.6222774354233112,0,0,1,0
111111.0,0.6846091403156319,1.0,-0.014457960998823774,0.20043694744952617,0,0.10647523864751646,-0.32036319269464486,0.12838915571849938,-0.30619249850394636,0,0,1,0
43500.0,0.17554527837979533,0.0,-0.014522405095469749,-0.6517974709530199,0,0.07222370934219198,-1.1207048028851228,0.12838915571849938,-0.8428143786987349,0,0,1,0
75000.0,0.6082495610252565,0.0,-0.014500923729921091,0.20043694744952617,0,0.30796591654741096,-0.32036319269464486,-0.9346187243669639,0.3028550113639118,0,0,1,0
75000.0,-1.350373647772875,1.0,-0.014500923729921091,0.4134955520501627,0,0.30796591654741096,1.2004690324034661,0.12838915571849938,-0.05600975424609866,0,0,1,0
38500.0,1.0664070367675094,0.0,-0.014490183047146762,0.8396127612514358,0,-0.7075389760289169,-0.32036319269464486,0.12838915571849938,-0.7562958904020227,0,0,1,0
42500.0,-0.35897177665283314,0.0,-0.014500923729921091,-0.4387388663523834,0,-0.477841440803319,-0.8194871463930152,-0.9497616223813684,-0.40505772975802357,0,0,1,0
85000.0,-0.4607845490400005,1.0,-0.013383892721390869,-0.6517974709530199,0,-1.393334487898645,-0.32036319269464486,0.12838915571849938,0.3028550113639118,0,0,0,1
39000.0,0.2391782611217749,0.0,-0.014490183047146762,-0.4387388663523834,0,-0.6971766812067095,-0.9345511308118133,0.12838915571849938,-0.6861294929918105,0,0,1,0
48000.0,1.702736864187305,0.0,-0.013383892721390869,1.2657299704527087,0,-1.4421314762432216,-0.6808932935519518,-0.9346187243669639,-0.2790448113622479,1,0,0,0
29500.0,-0.10189452637523565,0.0,-0.01451166441269542,-0.012621657151110341,0,-0.6495101250245553,-1.100277399583882,-1.164846784639172,-0.8655644301354135,1,0,0,0
128000.0,0.7100623334124238,1.0,-0.014490183047146762,-0.22568026175174685,0,1.1473117971462126,1.61783723340406,0.12838915571849938,0.03888883429839562,0,0,1,0
69000.0,-0.21897921462047806,1.0,-0.014479442364372434,-0.4387388663523834,0,-0.254188577557342,-0.6696563497873814,0.43632286632090406,-0.42529043165010694,0,0,1,0
36000.0,0.5191633851864851,0.0,-0.01451166441269542,0.20043694744952617,0,-0.46091635926038016,-0.14125162852066492,0.12838915571849938,-0.6934664800553231,0,0,1,0
146999.0,-0.9698484109758371,1.0,-0.014468701681598103,-1.2909732847549296,0,0.864059619547264,0.5199635555482692,-0.9497616223813684,0.22122644167615824,0,0,0,1
47000.0,-0.35897177665283314,0.0,-0.01451166441269542,-0.22568026175174685,0,-0.1417576787363914,-1.1207048028851228,-1.164846784639172,-0.6199086206554122,1,0,0,0
80000.0,1.1936730022514686,1.0,-0.01451166441269542,-0.012621657151110341,0,0.8157183628355749,1.2004690324034661,0.12838915571849938,0.19034698161540864,0,0,1,0
55000.0,1.448204933219387,1.0,-0.014468701681598103,1.0526713658520723,0,-0.6188837869944755,1.61783723340406,0.12838915571849938,0.03888883429839562,1,0,0,0
45000.0,1.435478336670991,0.0,-0.014522405095469749,-0.012621657151110341,0,0.12662575715878097,-1.1207048028851228,-0.9497616223813684,-0.8428143786987349,1,0,0,0
43000.0,-0.7662228662015025,0.0,-0.014522405095469749,-1.077914680154293,0,0.05408969340332898,-0.8102427462111627,0.12838915571849938,-0.8015849257249965,0,0,1,0
21998.0,-1.347701062497712,0.0,-0.014522405095469749,2.544081598056528,0,-0.7076115120926724,-0.9345511308118133,-0.9497616223813684,-0.7674136132819462,0,0,1,0
37500.0,-1.349864583910939,0.0,-0.01451166441269542,-0.22568026175174685,0,-0.41739472100710895,-1.1381312347207264,-0.9497616223813684,-0.7156250667400966,0,0,1,0
55500.0,-1.350373647772875,1.0,-0.014490183047146762,-0.8648560755536564,0,-0.3552209520738644,-0.24807192448694768,0.12838915571849938,-0.48217140404985104,0,0,1,0
65000.0,-0.8871255334112637,1.0,-0.014457960998823774,0.8396127612514358,0,-0.562466848518013,0.4662159903578188,-0.16392578415542897,-0.23598983596841566,0,0,1,0
65800.0,0.2391782611217749,1.0,-0.014490183047146762,-0.4387388663523834,0,-0.1417576787363914,-0.24807192448694768,0.43632286632090406,-0.318855491726885,0,0,1,0
84000.0,-0.5880505145239596,0.0,-0.014500923729921091,-0.6517974709530199,0,0.5255741078137669,-0.32036319269464486,0.12838915571849938,-0.30619249850394636,0,0,1,0
108000.0,0.022826119799044333,1.0,-0.014468701681598103,0.20043694744952617,0,0.23542985279195897,1.61783723340406,0.12838915571849938,0.8267724449304006,0,0,1,0
34500.0,-1.3493046136628097,0.0,-0.01451166441269542,0.4134955520501627,0,-0.5044379975136514,-0.5122794054175007,0.12838915571849938,-0.6222774354233112,0,0,1,0
98000.0,0.6846091403156319,1.0,-0.014490183047146762,0.20043694744952617,0,0.5255741078137669,1.61783723340406,0.12838915571849938,0.8133485798913955,0,0,1,0
123456.0,-0.42260475939481273,1.0,-0.014447220316049445,-0.4387388663523834,0,0.12274837484167145,1.2004690324034661,0.43632286632090406,1.1068160293138378,1,0,0,0
129000.0,-0.0026270732977474996,1.0,-0.014479442364372434,-0.4387388663523834,0,0.8338523787744379,1.61783723340406,0.12838915571849938,0.6780518647784939,0,0,1,0
23300.0,1.448204933219387,0.0,-0.014522405095469749,2.544081598056528,0,-0.6603905345878731,-0.9345511308118133,-0.9346187243669639,-0.7674136132819462,0,0,1,0
130000.0,-0.7789494627498984,1.0,-0.014404257584952129,0.6265541566507993,0,-0.24814390557772106,2.6714025272308954,0.43632286632090406,2.739345221315201,0,0,1,0
175000.0,-0.2571590042656658,1.0,-0.014436479633275117,-0.6517974709530199,0,0.610199515528461,1.61783723340406,-0.9497616223813684,2.3999002699829712,0,0,1,0
48500.0,0.30281124386375446,1.0,-0.014490183047146762,0.6265541566507993,0,-0.5002930795847684,-1.1207048028851228,-0.9497616223813684,-0.746478795035351,0,0,1,0
25000.0,1.5581627273975276,1.0,-0.014500923729921091,1.9049057842546184,0,-0.9009684793767888,-1.1207048028851228,-0.13969362055378792,-0.623765102951953,1,0,0,0
30000.0,-0.078986652588123,0.0,-0.01451166441269542,-0.012621657151110341,0,-0.635002912273465,-0.6808932935519518,-0.9346187243669639,-0.9543394275990159,0,0,1,0
57000.0,-1.3494318796282938,0.0,-0.014490183047146762,-0.8648560755536564,0,-0.32413406760724206,-0.8102427462111627,-0.9497616223813684,-0.599331507536703,1,0,0,0
79000.0,0.11191229563781574,1.0,-0.01301870950706368,-0.4387388663523834,0,-1.425847496273879,0.056054044997550484,0.12838915571849938,0.06237714395346962,0,0,1,0
12345.0,0.7227889299608197,1.0,-0.014522405095469749,-0.6517974709530199,0,-1.0577068238083613,-0.6696563497873814,0.645607861430407,-0.42529043165010694,0,0,1,0
41000.0,0.824601702347987,1.0,-0.014457960998823774,1.2657299704527087,0,-0.9106399545441825,-0.9345511308118133,-0.9346187243669639,-0.7072104135686635,0,0,1,0
19000.0,0.2391782611217749,0.0,-0.014522405095469749,-0.8648560755536564,0,-0.816343071662095,-0.9345511308118133,0.12838915571849938,-0.7674136132819462,0,0,1,0
39500.0,-0.06626005603972708,1.0,-0.014490183047146762,0.20043694744952617,0,-0.686814386384502,-0.7092948551838962,-0.9346187243669639,-0.7386518926384681,0,0,1,0
27000.0,-1.3493555200490033,0.0,-0.01451166441269542,-0.4387388663523834,0,-0.7220461887800074,-1.100277399583882,-0.9497616223813684,-0.8655644301354135,1,0,0,0
38000.0,0.06100590944423208,0.0,-0.014554627143792737,-0.012621657151110341,0,4.0073051680754626,-1.1207048028851228,-0.9346187243669639,-0.8428143786987349,0,0,1,0
65000.0,1.1427666160578849,1.0,-0.014457960998823774,1.2657299704527087,0,-0.562466848518013,1.2004690324034661,0.12838915571849938,-0.15928108389642115,0,0,1,0
71000.0,-0.689863286911127,0.0,-0.014500923729921091,-0.22568026175174685,0,0.21125116487347506,-0.6773632585629926,0.12838915571849938,-0.2654411220684312,0,0,1,0
40000.0,1.0918602298643012,0.0,-0.014500923729921091,0.4134955520501627,0,-0.5382881605995289,-0.7092948551838962,-0.9346187243669639,-0.7386518926384681,0,0,1,0
25900.0,0.8627814919931748,0.0,-0.01451166441269542,1.0526713658520723,0,-0.7539620568324062,-0.8102427462111627,-0.9346187243669639,-0.8015849257249965,0,0,1,0
19500.0,-1.3484264785009705,0.0,-0.01451166441269542,0.20043694744952617,0,-0.9396543800463633,-1.100277399583882,-0.9497616223813684,-0.9157255191567732,1,0,0,0
43800.0,1.9827219882520153,0.0,-0.01451166441269542,1.2657299704527087,0,-0.23460384034336995,-0.32036319269464486,0.12838915571849938,-0.21518594876585154,1,0,0,0
28000.0,1.2445793884450522,0.0,-0.01451166441269542,1.2657299704527087,0,-0.6930317632778266,-0.32372425172264196,0.12838915571849938,-0.557862186594303,0,0,1,0
12345.0,2.300886901961913,1.0,-0.014479442364372434,1.0526713658520723,0,-1.2815712505736252,-0.5122794054175007,0.12838915571849938,-0.7515247820538202,0,0,1,0
70000.0,0.06100590944423208,1.0,-0.014468701681598103,-0.4387388663523834,0,-0.3770969078096357,0.056054044997550484,0.43632286632090406,0.06237714395346962,0,0,1,0
21000.0,1.690010267638909,0.0,-0.014522405095469749,2.544081598056528,0,-0.7438070079066429,-0.9345511308118133,-0.9346187243669639,-0.6861294929918105,1,0,0,0
46000.0,1.8172762331228682,1.0,-0.01451166441269542,0.6265541566507993,0,-0.1707721042385722,-0.32036319269464486,-0.9346187243669639,-0.30619249850394636,0,0,1,0
120000.0,-1.3496736849627131,1.0,-0.014479442364372434,-0.4387388663523834,0,0.6706462353246709,0.7168979404301677,0.12838915571849938,0.08035473480485336,0,0,1,0
26500.0,2.4026996743490803,0.0,-0.014522405095469749,1.6918471796539818,0,-0.54433283257915,-0.32036319269464486,-0.9497616223813684,-0.677508791536798,0,0,1,0
145000.0,-1.266378110553462,0.0,-0.014447220316049445,-0.22568026175174685,0,0.40687873075939096,0.8002264370753965,0.645607861430407,0.556204516117268,1,0,0,0
31000.0,-0.20625261807208214,0.0,-0.014522405095469749,-0.22568026175174685,0,-0.38112668912938297,-0.8102427462111627,-0.9346187243669639,-0.8015849257249965,0,0,1,0
38000.0,1.1936730022514686,0.0,-0.014522405095469749,-0.4387388663523834,0,-0.127250465985301,0.5199635555482692,0.12838915571849938,-0.8675563045576368,0,0,1,0
51500.0,0.17554527837979533,0.0,-0.01349129954913416,-0.6517974709530199,0,-1.4307235316707734,-0.8102427462111627,0.12838915571849938,-0.6547550895783869,1,0,0,0
40500.0,-1.0334813937178167,0.0,-0.014522405095469749,-0.8648560755536564,0,-0.036580386290986006,-0.8102427462111627,-0.9346187243669639,-0.8015849257249965,0,0,1,0
123456.0,-1.3516335808311661,0.0,-0.014479442364372434,1.9049057842546184,0,0.7333173944093814,-0.7257150424069697,-0.9497616223813684,0.9117464175399215,1,0,0,0
33800.0,1.6136506883485338,0.0,-0.01451166441269542,1.6918471796539818,0,-0.5247480953651779,-0.32036319269464486,-0.9346187243669639,0.3028550113639118,1,0,0,0
93000.0,0.002463565321610867,1.0,-0.014490183047146762,-0.22568026175174685,0,0.4219511595916927,-0.5122794054175007,-0.9346187243669639,0.17671313981439438,1,0,0,0
76000.0,0.03555271634744025,1.0,-0.014479442364372434,-0.6517974709530199,0,-0.127250465985301,-0.6696563497873814,0.12838915571849938,-0.5231398754435668,0,0,1,0
49950.0,0.8118751057995911,0.0,-0.01451166441269542,-0.012621657151110341,0,-0.056165123504958045,-0.9345511308118133,-0.9497616223813684,-0.7009929198364382,1,0,0,0
30000.0,-0.24952304633662828,0.0,-0.01451166441269542,0.6265541566507993,0,-0.635002912273465,-1.1207048028851228,-0.9346187243669639,-0.8428143786987349,0,0,1,0
38500.0,2.46633265709106,0.0,-0.014479442364372434,1.9049057842546184,0,-0.8072760636926634,-0.32036319269464486,-0.9497616223813684,-0.7562958904020227,1,0,0,0
65000.0,1.448204933219387,0.0,-0.014457960998823774,1.4787885750533454,0,-0.562466848518013,0.7168979404301677,0.43632286632090406,0.5762839065925054,1,0,0,0
45000.0,-1.3490500817318418,0.0,-0.014500923729921091,0.4134955520501627,0,-0.41739472100710895,1.2004690324034661,-0.9346187243669639,-0.5194584646810648,0,0,1,0
185000.0,-0.8934888316854617,1.0,-0.013276485893647579,-0.4387388663523834,0,-1.281782814092912,1.61783723340406,-0.9497616223813684,2.3999002699829712,0,0,1,0
75000.0,-1.0716611833630045,1.0,-0.014490183047146762,-1.077914680154293,0,0.04890854599222519,-0.14125162852066492,-0.9346187243669639,0.012709913320604165,0,0,1,0
29000.0,0.3231737983411879,0.0,-0.014522405095469749,0.4134955520501627,0,-0.45366275288483493,-1.100277399583882,-0.9346187243669639,-1.0243493419853384,0,0,1,0
46000.0,1.3972985470258033,0.0,-0.014500923729921091,1.2657299704527087,0,-0.3932160330886249,0.7168979404301677,-0.9346187243669639,-0.4247585554475627,0,0,1,0
37500.0,0.010099523250648416,0.0,-0.014500923729921091,0.6265541566507993,0,-0.598734880395739,-0.6773632585629926,-0.9346187243669639,-0.7023018658853277,0,0,1,0
45000.0,-1.3496100519799712,0.0,-0.01451166441269542,0.8396127612514358,0,-0.19978652974075298,-0.32036319269464486,-0.9346187243669639,-0.27162723695701885,0,0,1,0
80000.0,1.1656744898449976,0.0,-0.014500923729921091,-0.012621657151110341,0,0.428859356139831,-0.32036319269464486,-0.9346187243669639,-0.27162723695701885,1,0,0,0
47498.0,0.21372506802498306,0.0,-0.01451166441269542,-0.6517974709530199,0,-0.1273084948363053,-0.9345511308118133,0.12838915571849938,-0.7674136132819462,0,0,1,0
32500.0,1.855456022768056,1.0,-0.014468701681598103,1.4787885750533454,0,-0.9815641057717356,-0.32036319269464486,0.12838915571849938,-0.6375982827868089,0,0,1,0
32999.0,-0.06626005603972708,0.0,-0.01451166441269542,-0.012621657151110341,0,-0.5479886501924247,-0.24807192448694768,-0.9346187243669639,-0.5841160363427136,0,0,1,0
28000.0,-1.335941687286994,0.0,-0.014500923729921091,1.6918471796539818,0,-0.8284324156213368,-1.1207048028851228,0.12838915571849938,-0.8445406698646618,1,0,0,0
138000.0,-0.44805795249160457,1.0,-0.014500923729921091,-0.4387388663523834,0,1.8312232554119028,1.61783723340406,0.12838915571849938,0.03888883429839562,1,0,0,0
55000.0,0.7227889299608197,0.0,-0.014468701681598103,-0.012621657151110341,0,-0.6188837869944755,-0.49635058616431343,0.43632286632090406,-0.34419604267662074,1,0,0,0
72500.0,0.43007720934771365,1.0,-0.014479442364372434,0.6265541566507993,0,-0.19071952177132148,-0.32036319269464486,0.12838915571849938,-0.6375982827868089,1,0,0,0
215000.0,-0.078986652588123,0.0,-0.0143935169021778,-0.4387388663523834,0,0.44397103608888344,2.413559718457235,0.43632286632090406,1.0656601476446517,0,0,1,0
41500.0,-1.348731916818132,0.0,-0.01451166441269542,1.4787885750533454,0,-0.3013370189983858,-0.32036319269464486,-0.9497616223813684,-0.726667004122192,0,0,1,0
38000.0,0.9391410712835503,0.0,-0.01451166441269542,-0.6517974709530199,0,-0.40288750825601854,-1.100277399583882,-1.164846784639172,-0.9157255191567732,1,0,0,0
79000.0,0.20099847147658714,1.0,-0.014468701681598103,-0.012621657151110341,0,-0.23202478029873172,1.61783723340406,-0.9346187243669639,0.4451786460753563,0,0,1,0
63000.0,1.8300028296712643,1.0,-0.014457960998823774,2.3310229934558913,0,-0.5914812740201938,-0.1174694926053072,0.645607861430407,-0.6455029569781549,1,0,0,0
26000.0,0.8627814919931748,0.0,-0.01451166441269542,-0.4387388663523834,0,-0.7510606142821882,-1.100277399583882,-0.9346187243669639,-0.8655644301354135,1,0,0,0
44000.0,0.7355155265092156,1.0,-0.014468701681598103,0.6265541566507993,0,-0.7961941650633583,-0.6773632585629926,0.12838915571849938,-0.6158023478212081,0,0,1,0
76000.0,1.0027740540255299,0.0,-0.014490183047146762,-0.4387388663523834,0,0.06963313563664009,-0.8102427462111627,-0.9346187243669639,-0.1688273628391848,1,0,0,0
54000.0,-0.9316686213306493,1.0,-0.01451166441269542,-0.6517974709530199,0,0.06134329977887418,-0.5342239031937968,-0.9497616223813684,-0.20675452596646696,0,0,1,0
24000.0,0.5573431748316728,0.0,-0.014500923729921091,2.117964388855255,0,-0.9251471672952729,-1.1207048028851228,-0.9497616223813684,-0.6199086206554122,0,0,1,0
128000.0,0.13736548873460758,1.0,-0.014479442364372434,-0.8648560755536564,0,0.8157183628355749,1.61783723340406,0.12838915571849938,0.6780518647784939,0,0,0,1
129000.0,-1.1098409730081922,1.0,-0.014490183047146762,-0.6517974709530199,0,1.1680363867906272,1.61783723340406,0.12838915571849938,0.6780518647784939,0,0,1,0
50000.0,0.6591559472188401,1.0,-0.014500923729921091,0.4134955520501627,0,-0.2965012814146889,-0.8102427462111627,-0.13969362055378792,-0.1688273628391848,1,0,0,0
57000.0,-0.14296325343690927,1.0,-0.014500923729921091,0.8396127612514358,0,-0.127250465985301,1.61783723340406,-0.9346187243669639,0.4451786460753563,0,0,1,0
235000.0,-0.05353345949133116,1.0,-0.014554627143792737,1.0526713658520723,0,32.586514287723546,1.4293979033596458,0.43632286632090406,1.8967741324410399,0,0,1,0
38500.0,-1.3465556688083562,0.0,-0.01451166441269542,1.4787885750533454,0,-0.38838029550492814,-0.32036319269464486,0.12838915571849938,-0.6375982827868089,1,0,0,0
35000.0,-0.2577826074965372,0.0,-0.01451166441269542,1.0526713658520723,0,-0.48993078476256097,-0.9345511308118133,-0.9346187243669639,-0.7674136132819462,0,0,1,0
119000.0,-0.4735111455883964,0.0,-0.014414998267726459,-0.6517974709530199,0,-0.27232259349620497,0.5199635555482692,-0.9497616223813684,0.8363390425449689,0,0,1,0
105000.0,-0.32873338325384444,0.0,-0.014479442364372434,0.8396127612514358,0,0.39863599624172597,0.8002264370753965,-0.9497616223813684,0.556204516117268,1,0,0,0
58000.0,1.9827219882520153,0.0,-0.014490183047146762,-0.22568026175174685,0,-0.3034094779628272,0.3664142374090258,0.43632286632090406,-0.08382485778500227,0,0,1,0
40000.0,1.702736864187305,0.0,-0.014490183047146762,1.6918471796539818,0,-0.6764520915622946,-0.32036319269464486,0.12838915571849938,-0.21518594876585154,1,0,0,0
42000.0,-0.7025898834595229,0.0,-0.01451166441269542,-0.4387388663523834,0,-0.28682980624729537,-0.9345511308118133,-0.9346187243669639,-0.7674136132819462,0,0,1,0
27500.0,1.702736864187305,0.0,-0.01451166441269542,1.9049057842546184,0,-0.7075389760289169,-1.1207048028851228,0.12838915571849938,-0.829456299716328,1,0,0,0
29000.0,0.32190113868634834,0.0,-0.014522405095469749,0.4134955520501627,0,-0.45366275288483493,-1.100277399583882,-0.9346187243669639,-1.0243493419853384,0,0,1,0
11111.0,-1.3478283284631958,0.0,-0.01451166441269542,1.9049057842546184,0,-1.183056395584158,-0.7092948551838962,-0.9346187243669639,-0.8699883990356986,0,0,1,0
39500.0,2.2817970071393194,0.0,-0.014457960998823774,1.4787885750533454,0,-0.9324007736708181,-0.5122794054175007,0.12838915571849938,-0.6548525716130805,0,0,1,0
41500.0,0.08645910254102392,0.0,-0.01451166441269542,-0.8648560755536564,0,-0.3013370189983858,-0.958293484507613,0.12838915571849938,-0.8081862516258597,0,0,1,0
83500.0,-0.7280430765563147,0.0,-0.014500923729921091,-0.6517974709530199,0,0.5134847638545248,-0.32036319269464486,0.12838915571849938,0.3028550113639118,0,0,1,0
85000.0,-0.6262303041691474,1.0,-0.014479442364372434,-1.077914680154293,0,0.035955677464465985,-0.07526237887860447,0.12838915571849938,-0.19803040055061802,0,0,1,0
150000.0,-1.350564546721101,1.0,-0.014479442364372434,-0.6517974709530199,0,1.2146667134905609,1.61783723340406,-0.9497616223813684,1.4329163763657957,0,0,0,1
23000.0,1.448204933219387,0.0,-0.014500923729921091,2.117964388855255,0,-0.9493258552137568,-0.8102427462111627,-0.9346187243669639,-0.8642839394354129,0,0,1,0
163000.0,-0.7089531817337208,1.0,-0.014457960998823774,-0.4387388663523834,0,0.8592400010888461,1.61783723340406,0.12838915571849938,0.8558122807230648,0,0,1,0
38000.0,2.1099879537359745,1.0,-0.01451166441269542,1.2657299704527087,0,-0.40288750825601854,-0.32036319269464486,0.12838915571849938,-0.726667004122192,1,0,0,0
37000.0,-0.4749365244018167,0.0,-0.014522405095469749,-0.22568026175174685,0,-0.163518497863027,-1.1207048028851228,-0.9346187243669639,-0.8428143786987349,0,0,1,0
16000.0,1.1936730022514686,0.0,-0.01451166441269542,1.0526713658520723,0,-1.0412048693039961,-1.1207048028851228,-0.9346187243669639,-0.9665528291966192,0,0,1,0
34000.0,0.22645166457337898,0.0,-0.014500923729921091,-0.4387388663523834,0,-0.6833602881104329,-0.5342239031937968,-0.9497616223813684,-0.6744867623464242,0,0,1,0
67000.0,0.6464293506704443,1.0,-0.014490183047146762,0.4134955520501627,0,-0.11688817116309368,1.2004690324034661,0.12838915571849938,-0.15928108389642115,0,0,1,0
97498.0,-0.11501564741663184,1.0,-0.014500923729921091,-1.077914680154293,0,0.8519380373374639,-0.32036319269464486,-0.9346187243669639,0.3028550113639118,0,0,1,0
97498.0,-0.11501564741663184,1.0,-0.014500923729921091,-1.077914680154293,0,0.8519380373374639,-0.32036319269464486,-0.9346187243669639,0.3028550113639118,0,0,1,0
48800.0,0.17554527837979533,1.0,-0.014490183047146762,0.6265541566507993,0,-0.4940757026914439,-0.07526237887860447,0.12838915571849938,-0.19803040055061802,0,0,1,0
60000.0,2.339066691607101,1.0,-0.014479442364372434,1.4787885750533454,0,-0.41739472100710895,1.61783723340406,0.12838915571849938,0.8558122807230648,1,0,0,0
44900.0,0.4046240162509218,1.0,-0.014490183047146762,1.0526713658520723,0,-0.5749016023046618,-0.6696563497873814,0.43632286632090406,-0.6774786390296003,1,0,0,0
28500.0,-1.347446530566744,0.0,-0.01451166441269542,1.2657299704527087,0,-0.6785245505267361,-0.32036319269464486,-0.9497616223813684,-0.6762865631636473,1,0,0,0
45000.0,0.30281124386375446,1.0,-0.014468701681598103,0.20043694744952617,0,-0.7800750397843689,-0.8102427462111627,-0.9346187243669639,-0.599331507536703,0,0,1,0
32000.0,-1.3497373179454553,0.0,-0.01451166441269542,1.0526713658520723,0,-0.5769740612691033,-0.32036319269464486,-1.164846784639172,-0.677508791536798,0,0,1,0
21000.0,1.6263772848969298,0.0,-0.014500923729921091,2.544081598056528,0,-0.9976832310507249,-0.7092948551838962,-0.9497616223813684,-0.7386518926384681,0,0,1,0
54000.0,-1.0498350702825054,0.0,-0.014500923729921091,-0.6517974709530199,0,-0.19978652974075298,-0.5342239031937968,-0.9497616223813684,-0.6744867623464242,0,0,1,0
56000.0,0.5700697713800688,0.0,-0.014500923729921091,0.4134955520501627,0,-0.15142915390378492,-0.32036319269464486,-0.9346187243669639,0.3028550113639118,0,0,1,0
30000.0,2.46633265709106,0.0,-0.014490183047146762,1.4787885750533454,0,-0.8836979880064433,-1.1207048028851228,-1.164846784639172,-0.27595943853272237,1,0,0,0
40000.0,-1.3516463074277145,1.0,-0.014468701681598103,1.6918471796539818,0,-0.8606706661793155,-0.32036319269464486,-0.9497616223813684,-0.6375982827868089,0,0,1,0
45000.0,2.1036246554617763,0.0,-0.014500923729921091,1.0526713658520723,0,-0.41739472100710895,-0.8102427462111627,-0.13969362055378792,-0.1688273628391848,1,0,0,0
38000.0,-0.677136690362731,1.0,-0.014522405095469749,-0.4387388663523834,0,-0.127250465985301,-0.9345511308118133,-0.9346187243669639,-0.7674136132819462,0,0,1,0
20500.0,-1.346033878349872,0.0,-0.01451166441269542,0.6265541566507993,0,-0.9106399545441825,-1.1207048028851228,0.12838915571849938,-0.9665528291966192,0,0,1,0
62000.0,-0.5918684934884784,0.0,-0.014490183047146762,-1.077914680154293,0,-0.22051111938516788,-0.32036319269464486,-1.164846784639172,-0.6762865631636473,1,0,0,0
40000.0,0.8882346850899666,1.0,-0.014490183047146762,1.2657299704527087,0,-0.6764520915622946,-0.14125162852066492,0.12838915571849938,-0.5462100495552455,0,0,1,0
90000.0,-1.3491009881180354,1.0,-0.014490183047146762,0.8396127612514358,0,0.35977739065844805,-0.32036319269464486,0.43632286632090406,-0.005745456000475006,1,0,0,0
63000.0,-0.7916760592982943,0.0,-0.01451166441269542,-0.8648560755536564,0,0.32247312929850136,-0.14125162852066492,0.12838915571849938,-0.5731003542552597,0,0,1,0
29000.0,0.32190113868634834,0.0,-0.014522405095469749,0.4134955520501627,0,-0.45366275288483493,-1.100277399583882,-0.9346187243669639,-1.0243493419853384,0,0,1,0
177000.0,-1.1862005522985677,1.0,-0.014468701681598103,-1.2909732847549296,0,1.347649497042223,1.61783723340406,0.12838915571849938,0.6780518647784939,0,0,1,0
38000.0,0.36644422660573406,0.0,-0.014500923729921091,-0.4387388663523834,0,-0.586645536436497,-0.8194871463930152,-0.9497616223813684,-0.40505772975802357,0,0,1,0
60000.0,-0.9062154282338575,1.0,-0.014479442364372434,-1.2909732847549296,0,-0.41739472100710895,-0.7092948551838962,0.43632286632090406,-0.17598529481347577,0,0,1,0
29000.0,-1.350373647772875,0.0,-0.014522405095469749,-0.22568026175174685,0,-0.45366275288483493,-0.7107256994550611,-0.9497616223813684,-0.788213532922619,0,0,1,0
23000.0,0.4555304024445055,0.0,-0.01451166441269542,0.6265541566507993,0,-0.8381038907887305,-1.1207048028851228,0.12838915571849938,-0.9665528291966192,0,0,1,0
28000.0,0.5013461500187307,0.0,-0.01451166441269542,1.0526713658520723,0,-0.6930317632778266,-1.1207048028851228,-0.16392578415542897,-0.932723118563068,0,0,1,0
60000.0,0.8500548954447789,0.0,-0.014490183047146762,0.4134955520501627,0,-0.26196029867399767,-0.9345511308118133,-0.9346187243669639,-0.334160789635134,1,0,0,0
58000.0,0.3409910335089422,1.0,-0.014490183047146762,-0.22568026175174685,0,-0.3034094779628272,-0.24807192448694768,-0.9346187243669639,-0.318855491726885,0,0,1,0
40000.0,-0.8196745717047653,0.0,-0.014522405095469749,-0.6517974709530199,0,-0.054714402229849,-0.8102427462111627,-0.9346187243669639,-0.8015849257249965,0,0,1,0
38000.0,1.7790964434776806,1.0,-0.014350554171080485,1.4787885750533454,0,-1.2297986350681713,1.2004690324034661,-0.9497616223813684,-0.5194584646810648,0,0,1,0
100000.0,-0.078986652588123,1.0,-0.014490183047146762,-0.6517974709530199,0,0.5670232871025968,-0.5122794054175007,-0.9497616223813684,0.17671313981439438,1,0,0,0
23800.0,2.1227145502843703,0.0,-0.01451166441269542,2.544081598056528,0,-0.8148923503869858,-0.9345511308118133,0.12838915571849938,-0.7674136132819462,0,0,1,0
55000.0,-1.0207547971694209,0.0,-0.014500923729921091,-1.077914680154293,0,-0.17560784182226907,-0.24807192448694768,0.12838915571849938,-0.48217140404985104,0,0,1,0
38000.0,-1.3492664338731646,0.0,-0.01451166441269542,1.4787885750533454,0,-0.40288750825601854,-0.32036319269464486,-0.9346187243669639,-0.726667004122192,0,0,1,0
30000.0,0.6337027541220484,0.0,-0.014468701681598103,1.2657299704527087,0,-1.0218619189692089,-0.7092948551838962,0.12838915571849938,-0.8760644538754191,0,0,1,0
135000.0,-0.4607845490400005,1.0,-0.014490183047146762,-0.6517974709530199,0,1.2923839246571167,1.2004690324034661,0.12838915571849938,0.4904634406508598,0,0,1,0
12345.0,-0.530780830056178,1.0,-0.014479442364372434,-0.6517974709530199,0,-1.2815712505736252,0.7168979404301677,-0.9497616223813684,0.3604595735481716,1,0,0,0
168000.0,0.43007720934771365,1.0,-0.014479442364372434,-0.22568026175174685,0,1.5410790003900947,1.61783723340406,0.645607861430407,0.8558122807230648,1,0,0,0
23000.0,2.008175181348807,0.0,-0.014522405095469749,2.117964388855255,0,-0.6712709441511909,-0.32036319269464486,-0.9497616223813684,-0.677508791536798,0,0,1,0
64000.0,0.16281868183139941,1.0,-0.014490183047146762,0.4134955520501627,0,-0.1790619400963381,1.2004690324034661,0.12838915571849938,0.4904634406508598,0,0,1,0
77000.0,1.702736864187305,1.0,-0.014414998267726459,0.6265541566507993,0,-0.7075389760289169,0.7168979404301677,0.43632286632090406,0.5762839065925054,0,0,1,0
85000.0,2.211800726123142,1.0,-0.014490183047146762,1.0526713658520723,0,0.25615444243637386,-0.32036319269464486,0.645607861430407,-0.005745456000475006,1,0,0,0
42000.0,-1.349864583910939,0.0,-0.01451166441269542,-0.4387388663523834,0,-0.28682980624729537,-0.32372425172264196,-0.9346187243669639,-0.557862186594303,0,0,1,0
57000.0,1.3209389677354277,0.0,-0.014490183047146762,1.4787885750533454,0,-0.32413406760724206,1.61783723340406,0.12838915571849938,0.8558122807230648,1,0,0,0
95000.0,-0.48623774213679233,1.0,-0.014479442364372434,-1.077914680154293,0,0.21729583685309595,-0.49635058616431343,-0.9497616223813684,-0.34419604267662074,0,0,1,0
36500.0,1.9572687951552235,1.0,-0.014500923729921091,1.9049057842546184,0,-0.622913568314223,-0.32036319269464486,-0.9346187243669639,-0.30619249850394636,1,0,0,0
46500.0,1.3209389677354277,0.0,-0.014500923729921091,0.4134955520501627,0,-0.38112668912938297,-0.32372425172264196,-0.9346187243669639,-0.31092699726734396,0,0,1,0
59000.0,1.0027740540255299,1.0,-0.014468701681598103,1.9049057842546184,0,-0.5544072858785183,1.61783723340406,-0.9346187243669639,0.03888883429839562,0,0,1,0
248000.0,-0.4735111455883964,1.0,-0.0143935169021778,-0.4387388663523834,0,0.7431822990801229,1.61783723340406,0.43632286632090406,2.447349564255218,0,0,1,0
38000.0,1.84272942621966,0.0,-0.014500923729921091,2.117964388855255,0,-0.586645536436497,-0.32036319269464486,0.12838915571849938,-0.21518594876585154,1,0,0,0
140000.0,-0.5753239179755637,1.0,-0.014490183047146762,-0.8648560755536564,0,1.3960068728791908,-0.7092948551838962,0.43632286632090406,0.36808876559412446,1,0,0,0
22000.0,-1.3456139006637748,0.0,-0.014490183047146762,2.544081598056528,0,-1.049494705161762,-1.1207048028851228,-0.9497616223813684,-0.27595943853272237,1,0,0,0
75000.0,-0.5116909352335841,1.0,-0.014479442364372434,-0.6517974709530199,0,-0.145384481924164,-0.32036319269464486,-0.9346187243669639,0.27267559763416027,1,0,0,0
27000.0,1.9699953917036193,0.0,-0.01451166441269542,1.6918471796539818,0,-0.7220461887800074,-0.958293484507613,-0.9346187243669639,-0.7343992367672523,1,0,0,0
25000.0,0.9645942643803421,0.0,-0.01451166441269542,-0.012621657151110341,0,-0.7800750397843689,-1.100277399583882,-0.9497616223813684,-0.9157255191567732,1,0,0,0
39000.0,0.43007720934771365,0.0,-0.01451166441269542,0.4134955520501627,0,-0.3738730827538378,-1.1207048028851228,-0.9346187243669639,-0.7548560497482442,0,0,1,0
75000.0,-0.9316686213306493,1.0,-0.01451166441269542,-1.077914680154293,0,0.6706462353246709,-0.14125162852066492,0.12838915571849938,-0.5731003542552597,0,0,1,0
28000.0,-1.3485282912733576,0.0,-0.014522405095469749,1.6918471796539818,0,-0.48993078476256097,-0.7257150424069697,-0.9346187243669639,-0.9820890838354749,0,0,1,0
58000.0,0.16281868183139941,1.0,-0.014500923729921091,-0.4387388663523834,0,-0.10307177806681708,-0.32036319269464486,-0.9346187243669639,-0.30619249850394636,0,0,1,0
44900.0,0.4046240162509218,1.0,-0.014490183047146762,1.0526713658520723,0,-0.5749016023046618,-0.6696563497873814,0.43632286632090406,-0.6774786390296003,1,0,0,0
52000.0,0.7482421230576115,1.0,-0.014500923729921091,0.6265541566507993,0,-0.24814390557772106,-0.6808932935519518,0.43632286632090406,-0.2790448113622479,0,0,1,0
32000.0,2.1099879537359745,0.0,-0.014490183047146762,2.117964388855255,0,-0.8422488087176134,-0.32036319269464486,0.12838915571849938,-0.7466237140621923,0,0,1,0
32000.0,0.5573431748316728,0.0,-0.01451166441269542,1.9049057842546184,0,-0.5769740612691033,0.4662159903578188,-0.9346187243669639,-0.4037312721336151,0,0,1,0
24500.0,2.46633265709106,0.0,-0.014500923729921091,1.9049057842546184,0,-0.9130578233360308,-1.1207048028851228,0.12838915571849938,-0.8445406698646618,1,0,0,0
45000.0,0.2773580507669626,0.0,-0.01451166441269542,-0.6517974709530199,0,-0.19978652974075298,-0.9345511308118133,-0.9497616223813684,-0.780935708983995,0,0,1,0
30000.0,0.5573431748316728,0.0,-0.014522405095469749,-0.6517974709530199,0,-0.41739472100710895,-0.7107256994550611,0.12838915571849938,-0.788213532922619,0,0,1,0
118000.0,-0.23170581116887398,1.0,-0.014468701681598103,0.20043694744952617,0,0.3966211055818523,1.61783723340406,0.12838915571849938,0.8267724449304006,0,0,1,0
80000.0,-0.3335185835560413,1.0,-0.014457960998823774,-0.22568026175174685,0,-0.344858657251657,-0.5122794054175007,0.43632286632090406,0.17671313981439438,1,0,0,0
53500.0,2.211800726123142,0.0,-0.01451166441269542,0.8396127612514358,0,0.04683608702778378,0.7168979404301677,0.12838915571849938,-0.4247585554475627,1,0,0,0
109000.0,-0.9698484109758371,1.0,-0.014479442364372434,-0.8648560755536564,0,0.4711720599971779,-0.07526237887860447,0.12838915571849938,-0.19803040055061802,0,0,1,0
42000.0,0.29008464731535855,1.0,-0.014490183047146762,-0.012621657151110341,0,-0.635002912273465,-0.7092948551838962,-0.9497616223813684,-0.7386518926384681,0,0,1,0
43000.0,1.435478336670991,0.0,-0.014500923729921091,0.6265541566507993,0,-0.4657520968440769,-0.6808932935519518,-0.9346187243669639,-0.602167493145275,1,0,0,0
85000.0,-0.4607845490400005,1.0,-0.013383892721390869,-0.6517974709530199,0,-1.393334487898645,-0.32036319269464486,0.12838915571849938,0.3028550113639118,0,0,0,1
38000.0,1.0664070367675094,0.0,-0.01451166441269542,0.20043694744952617,0,-0.40288750825601854,-0.32036319269464486,0.12838915571849938,-0.677508791536798,0,0,1,0
47799.0,0.21372506802498306,0.0,-0.01451166441269542,-0.6517974709530199,0,-0.11857515276014904,-0.9345511308118133,-0.9346187243669639,-0.7674136132819462,0,0,1,0
18000.0,-0.3335185835560413,0.0,-0.01451166441269542,0.20043694744952617,0,-0.9831760182996345,-0.8194871463930152,-0.9346187243669639,-1.057680718158848,0,0,1,0
46000.0,-0.4098781628464168,0.0,-0.014522405095469749,-1.077914680154293,0,0.16289378903650698,-0.9345511308118133,-0.9346187243669639,-0.7674136132819462,0,0,1,0
78000.0,-0.4607845490400005,1.0,-0.014468701681598103,-1.077914680154293,0,-0.24814390557772106,-0.9936213437697933,0.43632286632090406,0.002892817953932332,0,0,1,0
140000.0,-0.2154157675869272,1.0,-0.014479442364372434,-1.077914680154293,0,1.033326554101931,-0.32036319269464486,-0.13969362055378792,0.27267559763416027,0,0,0,1
250000.0,-0.015353669846143416,1.0,-0.014522405095469749,-0.8648560755536564,0,7.5615722920926105,1.61783723340406,0.12838915571849938,0.8267724449304006,0,1,0,0
34000.0,0.17554527837979533,0.0,-0.01451166441269542,0.20043694744952617,0,-0.5189452102647417,-0.7092948551838962,-0.9346187243669639,-0.8699883990356986,0,0,1,0
29000.0,1.56274430215495,0.0,-0.014490183047146762,1.4787885750533454,0,-0.904422577650858,-0.32036319269464486,0.12838915571849938,-0.7466237140621923,0,0,1,0
65000.0,-0.3335185835560413,0.0,-0.014500923729921091,0.20043694744952617,0,0.06617903736257107,-0.32036319269464486,0.12838915571849938,-0.30619249850394636,0,0,1,0
138000.0,-0.3335185835560413,1.0,-0.014457960998823774,-0.012621657151110341,0,0.49655968231158615,1.2004690324034661,0.12838915571849938,0.6237072297129891,0,0,1,0
42000.0,-0.982575007524233,0.0,-0.014500923729921091,-0.6517974709530199,0,-0.48993078476256097,-0.5342239031937968,0.12838915571849938,-0.28834767792399874,0,0,1,0
24800.0,0.5955229644768606,0.0,-0.014522405095469749,1.6918471796539818,0,-0.6059884867712841,-0.7092948551838962,-0.9346187243669639,-1.010698904618347,0,0,1,0
78000.0,1.5754708987033461,0.0,-0.014490183047146762,1.0526713658520723,0,0.11108231492546987,-0.7092948551838962,0.645607861430407,0.36808876559412446,1,0,0,0
39000.0,0.9136878781867585,0.0,-0.014500923729921091,1.4787885750533454,0,-0.562466848518013,-0.32036319269464486,0.12838915571849938,-0.7466237140621923,0,0,1,0
80000.0,-0.52441753178198,1.0,-0.014468701681598103,-1.077914680154293,0,-0.21590565501974235,-0.24807192448694768,0.12838915571849938,0.08879240241231086,0,0,1,0
32000.0,0.8755080885415707,0.0,-0.01451166441269542,0.6265541566507993,0,-0.5769740612691033,-0.14125162852066492,-0.9497616223813684,-0.7832110935323148,0,0,1,0
100000.0,-0.9062154282338575,1.0,-0.014447220316049445,-1.2909732847549296,0,-0.18659815451248912,-0.8194871463930152,-0.9497616223813684,-0.40505772975802357,0,0,1,0
68000.0,0.13736548873460758,0.0,-0.014479442364372434,-0.8648560755536564,0,-0.27232259349620497,0.8002264370753965,-1.164846784639172,0.556204516117268,1,0,0,0
87000.0,-1.0971143764597964,1.0,-0.014490183047146762,-0.4387388663523834,0,0.29760362172520366,-0.32036319269464486,0.12838915571849938,-0.27162723695701885,0,0,1,0
25000.0,0.9009612816383625,0.0,-0.0011609957242044006,-0.012621657151110341,0,-1.502529585040994,-0.8102427462111627,-0.9497616223813684,-0.6496167874175222,1,0,0,0
21500.0,-1.3491009881180354,0.0,-0.01451166441269542,0.6265541566507993,0,-0.8816255290420018,-1.1207048028851228,-0.9346187243669639,-0.9665528291966192,0,0,1,0
24500.0,2.46633265709106,0.0,-0.014500923729921091,2.3310229934558913,0,-0.9130578233360308,-1.1207048028851228,0.12838915571849938,-0.829456299716328,0,0,1,0
26500.0,0.8118751057995911,0.0,-0.01451166441269542,0.6265541566507993,0,-0.7365534015310977,-1.100277399583882,-0.9346187243669639,-1.0257751582171646,0,0,1,0
39000.0,0.9136878781867585,0.0,-0.014500923729921091,1.4787885750533454,0,-0.562466848518013,-0.32036319269464486,0.12838915571849938,-0.7466237140621923,0,0,1,0
35000.0,-0.078986652588123,0.0,-0.014522405095469749,-0.6517974709530199,0,-0.236054561618479,0.5199635555482692,-0.9497616223813684,-0.8675563045576368,0,0,1,0
82000.0,-0.28261219736245763,1.0,-0.014468701681598103,-0.6517974709530199,0,-0.18366740446176363,0.056054044997550484,-0.9497616223813684,-0.047010750159982906,0,0,1,0
21800.0,-1.3493046136628097,0.0,-0.014522405095469749,2.544081598056528,0,-0.7147925824044621,-0.32036319269464486,0.12838915571849938,-0.677508791536798,0,0,1,0
25000.0,1.9572687951552235,1.0,-0.014490183047146762,1.0526713658520723,0,-0.9873209362285175,-0.8102427462111627,0.12838915571849938,-0.8015849257249965,0,0,1,0
91900.0,0.6209761575736524,1.0,-0.014404257584952129,-0.22568026175174685,0,-0.6166271094554171,-0.6773632585629926,0.43632286632090406,0.6338048135187087,0,0,1,0
43000.0,-0.4607845490400005,0.0,-0.01451166441269542,-1.077914680154293,0,-0.25781538074511456,-0.8102427462111627,-0.9346187243669639,-0.8015849257249965,0,0,1,0
64000.0,-0.7153164800079188,1.0,-0.014500923729921091,-1.2909732847549296,0,0.04200034944408689,-0.5122794054175007,-0.9346187243669639,-0.6222774354233112,0,0,1,0
85000.0,-0.5880505145239596,1.0,-0.014468701681598103,-0.8648560755536564,0,-0.13531002862479555,0.056054044997550484,-0.9497616223813684,-0.047010750159982906,0,0,1,0
62000.0,0.4555304024445055,1.0,-0.014490183047146762,0.6265541566507993,0,-0.22051111938516788,1.2004690324034661,0.12838915571849938,-0.15928108389642115,0,0,1,0
24000.0,2.1863475330263498,0.0,-0.01451166441269542,1.6918471796539818,0,-0.8090894652865497,-1.100277399583882,-0.9346187243669639,-1.0243493419853384,0,0,1,0
38000.0,0.22645166457337898,0.0,-0.01451166441269542,0.20043694744952617,0,-0.40288750825601854,-0.8102427462111627,-0.9346187243669639,-0.44241729846874356,0,0,1,0
21000.0,-1.349864583910939,0.0,-0.014522405095469749,2.544081598056528,0,-0.7438070079066429,-1.100277399583882,-0.9346187243669639,-0.8241565621241418,0,0,1,0
90000.0,0.3600809283315361,0.0,-0.014500923729921091,0.4134955520501627,0,0.6706462353246709,-0.8102427462111627,0.43632286632090406,-0.1688273628391848,1,0,0,0
65000.0,0.5955229644768606,0.0,-0.014500923729921091,0.4134955520501627,0,0.06617903736257107,-0.32036319269464486,0.12838915571849938,0.27267559763416027,1,0,0,0
38000.0,1.1045868264126972,0.0,-0.014500923729921091,0.6265541566507993,0,-0.586645536436497,-0.32372425172264196,0.12838915571849938,-0.31092699726734396,0,0,1,0
280000.0,-1.2498335350405472,1.0,-0.014436479633275117,-1.2909732847549296,0,1.8795806312488705,1.61783723340406,0.12838915571849938,0.8267724449304006,0,0,0,1
37000.0,-1.348604650852648,1.0,-0.014479442364372434,2.544081598056528,0,-0.834477087600958,-0.32036319269464486,-0.9497616223813684,0.27267559763416027,1,0,0,0
95000.0,0.36644422660573406,1.0,-0.014565367826567066,-0.6517974709530199,0,-0.19978652974075298,1.4293979033596458,0.43632286632090406,0.2500654635192476,0,0,1,0
41000.0,0.17554527837979533,0.0,-0.01451166441269542,-0.012621657151110341,0,-0.3158442317494762,-0.8102427462111627,-0.9497616223813684,-0.44241729846874356,0,0,1,0
33000.0,0.7482421230576115,0.0,-0.01451166441269542,1.0526713658520723,0,-0.5479596357669225,-1.1207048028851228,0.12838915571849938,-0.829456299716328,0,0,1,0
58000.0,-0.18079942497529033,1.0,-0.014490183047146762,-0.4387388663523834,0,-0.3034094779628272,-0.9345511308118133,-0.9497616223813684,-0.6861294929918105,0,0,1,0
42000.0,-0.52441753178198,0.0,-0.014500923729921091,-0.22568026175174685,0,-0.48993078476256097,-0.32036319269464486,0.12838915571849938,-0.677508791536798,0,0,1,0
75000.0,-0.5116909352335841,0.0,-0.014500923729921091,-0.4387388663523834,0,0.30796591654741096,-0.32372425172264196,0.12838915571849938,-0.31092699726734396,0,0,1,0
116000.0,-1.3261931143309227,0.0,-0.014490183047146762,-1.504031889355566,0,0.8986167214132345,0.8002264370753965,0.43632286632090406,0.556204516117268,1,0,0,0
30000.0,-1.3482228529561961,0.0,-0.014479442364372434,1.4787885750533454,0,-0.9614151991729989,-0.9345511308118133,-0.9497616223813684,-0.9231865116354439,1,0,0,0
59000.0,-0.20625261807208214,0.0,-0.014490183047146762,0.20043694744952617,0,-0.2826848883184123,-0.6696563497873814,0.43632286632090406,-0.6774786390296003,1,0,0,0
48500.0,-1.3479810476217766,1.0,-0.014404257584952129,2.117964388855255,0,-1.0363691317202992,1.61783723340406,0.43632286632090406,0.009437548198380125,1,0,0,0
87500.0,-1.135294166104984,1.0,-0.014500923729921091,-0.8648560755536564,0,0.610199515528461,-0.958293484507613,-0.9497616223813684,-0.3110906155234552,0,0,1,0
39000.0,0.43007720934771365,1.0,-0.014500923729921091,0.20043694744952617,0,-0.562466848518013,-0.7092948551838962,-0.9346187243669639,-0.8413773835798454,0,0,1,0
38000.0,-0.7662228662015025,0.0,-0.014522405095469749,-0.8648560755536564,0,-0.127250465985301,-0.7107256994550611,-0.9346187243669639,-0.788213532922619,0,0,1,0
40000.0,-1.1225675695565882,0.0,-0.014500923729921091,-0.4387388663523834,0,-0.5382881605995289,-0.8194871463930152,-0.9497616223813684,-0.40505772975802357,0,0,1,0
33000.0,-1.3492282540835194,0.0,-0.014500923729921091,-0.012621657151110341,0,-0.7075389760289169,-0.8102427462111627,-1.164846784639172,-0.6547550895783869,1,0,0,0
139000.0,-1.0080282006210248,1.0,-0.01451166441269542,-0.8648560755536564,0,2.5275694674642417,0.5199635555482692,-0.9497616223813684,0.18002307870043238,0,0,0,1
123456.0,1.0282272471223217,0.0,-0.01451166441269542,0.4134955520501627,0,2.0765692374583438,-0.32036319269464486,-0.9497616223813684,-0.677508791536798,0,0,1,0
85000.0,-0.9698484109758371,1.0,-0.014490183047146762,-1.077914680154293,0,0.25615444243637386,-0.8102427462111627,0.12838915571849938,-0.44241729846874356,0,0,1,0
68000.0,-0.6516834972659392,1.0,-0.01451166441269542,-0.6517974709530199,0,0.46754525680940534,-0.9345511308118133,-0.9346187243669639,-0.7674136132819462,0,0,0,1
36000.0,-1.347446530566744,1.0,-0.014500923729921091,1.9049057842546184,0,-0.635002912273465,-0.8102427462111627,0.12838915571849938,0.03674692258203081,1,0,0,0
69000.0,-0.3863085060387876,0.0,-0.014500923729921091,1.0526713658520723,0,0.16289378903650698,1.61783723340406,0.12838915571849938,0.6780518647784939,0,0,1,0
155000.0,-1.266378110553462,0.0,-0.014447220316049445,-0.22568026175174685,0,0.5387624830420308,0.8002264370753965,0.645607861430407,0.556204516117268,1,0,0,0
105000.0,-1.0907510781855982,1.0,-0.014479442364372434,-0.22568026175174685,0,0.39863599624172597,-0.32036319269464486,0.12838915571849938,-0.21518594876585154,0,0,1,0
115000.0,-0.842582445491878,1.0,-0.014468701681598103,-1.077914680154293,0,0.34826372974488423,0.056054044997550484,0.43632286632090406,0.06237714395346962,0,0,1,0
115000.0,-1.3509590712141013,0.0,-0.014522405095469749,-1.077914680154293,0,2.665387988599601,-0.24807192448694768,-0.9497616223813684,0.08879240241231086,0,0,1,0
22000.0,-1.348541017869906,0.0,-0.014500923729921091,0.8396127612514358,0,-0.973504543132241,-1.1207048028851228,0.12838915571849938,-0.9665528291966192,0,0,1,0
58000.0,1.1809464057030727,1.0,-0.014404257584952129,0.4134955520501627,0,-0.9444901176300602,-0.32036319269464486,0.12838915571849938,-0.21518594876585154,0,0,1,0
123456.0,1.5754708987033461,1.0,-0.014339813488306156,2.117964388855255,0,-0.6525773642919287,2.413559718457235,-0.9346187243669639,1.0656601476446517,0,0,1,0
94000.0,0.49371019208969324,1.0,-0.014479442364372434,0.20043694744952617,0,0.19916182091423296,-0.32036319269464486,0.12838915571849938,0.27267559763416027,1,0,0,0
75000.0,0.37917082315413,0.0,-0.014500923729921091,-0.012621657151110341,0,0.30796591654741096,-0.6808932935519518,0.43632286632090406,-0.2790448113622479,0,0,1,0
69800.0,1.9572687951552235,1.0,-0.014479442364372434,0.8396127612514358,0,-0.23968136480625157,1.61783723340406,0.12838915571849938,0.8267724449304006,1,0,0,0
32000.0,-0.078986652588123,0.0,-0.01451166441269542,-0.6517974709530199,0,-0.5769740612691033,-1.100277399583882,-0.9497616223813684,-0.8655644301354135,1,0,0,0
99000.0,-1.3512263297416176,1.0,-0.014479442364372434,-1.077914680154293,0,0.28983190060854797,0.056054044997550484,0.43632286632090406,0.06237714395346962,0,0,1,0
250000.0,1.702736864187305,0.0,-0.01451166441269542,1.4787885750533454,0,5.7481706982063105,-0.7092948551838962,-0.9346187243669639,-0.8699883990356986,0,0,1,0
30000.0,-1.3479555944286798,0.0,-0.014490183047146762,0.8396127612514358,0,-0.8836979880064433,-0.32036319269464486,-0.9346187243669639,-0.968999623346579,1,0,0,0
32000.0,1.600924091800138,0.0,-0.01451166441269542,0.6265541566507993,0,-0.5769740612691033,-0.32036319269464486,-1.164846784639172,-0.6762865631636473,1,0,0,0
46000.0,-1.1429301240340215,0.0,-0.01451166441269542,-0.6517974709530199,0,-0.1707721042385722,-0.32372425172264196,-0.9346187243669639,-0.557862186594303,0,0,1,0
29000.0,-0.5625973214271678,0.0,-0.014522405095469749,-0.6517974709530199,0,-0.45366275288483493,-1.3420330208418312,-0.9497616223813684,-0.9226367542949103,0,0,1,0
32000.0,-1.3516463074277145,0.0,-0.014522405095469749,0.20043694744952617,0,-0.344858657251657,-0.14125162852066492,-0.9346187243669639,-0.7832110935323148,0,0,1,0
19000.0,-1.3468102007393241,0.0,-0.01451166441269542,2.544081598056528,0,-0.9541615927974537,-0.9345511308118133,0.12838915571849938,-0.6861294929918105,1,0,0,0
68500.0,-0.52441753178198,0.0,-0.014500923729921091,-0.4387388663523834,0,0.15080444507726487,-0.07526237887860447,0.12838915571849938,-0.19803040055061802,1,0,0,0
77000.0,-1.349928216893681,1.0,-0.014479442364372434,-0.4387388663523834,0,-0.109116450046438,-0.14125162852066492,0.43632286632090406,0.4692490690211446,0,0,1,0
66500.0,-0.8523182918514008,0.0,-0.01451166441269542,-0.8648560755536564,0,0.42402361855613413,-0.5122794054175007,0.12838915571849938,-0.6222774354233112,0,0,1,0
60000.0,0.1500920852830035,1.0,-0.014500923729921091,-0.4387388663523834,0,-0.054714402229849,-0.32036319269464486,-0.9346187243669639,-0.30619249850394636,0,0,1,0
50000.0,1.4609315297677827,1.0,-0.014447220316049445,1.0526713658520723,0,-0.846016915925689,-0.14125162852066492,0.43632286632090406,-0.5133227800768949,1,0,0,0
97600.0,0.09918569908941983,1.0,-0.014479442364372434,-0.6517974709530199,0,0.26444427829413975,-0.5122794054175007,0.43632286632090406,0.17671313981439438,1,0,0,0
57500.0,-1.14802076265338,1.0,-0.014500923729921091,-1.077914680154293,0,-0.11516112202605891,-0.8194871463930152,-0.9497616223813684,-0.40505772975802357,0,0,1,0
65000.0,1.448204933219387,1.0,-0.014436479633275117,0.6265541566507993,0,-0.7196283199881589,-0.5122794054175007,0.43632286632090406,-0.4040257849946152,1,0,0,0
42000.0,0.5827963679284647,0.0,-0.014490183047146762,-0.6517974709530199,0,-0.635002912273465,-0.32036319269464486,-0.9346187243669639,-0.677508791536798,0,0,1,0
27500.0,0.671882543767236,0.0,-0.01451166441269542,0.4134955520501627,0,-0.7075389760289169,-1.1207048028851228,0.12838915571849938,-0.9665528291966192,0,0,1,0
45000.0,-1.1034776747339943,0.0,-0.014522405095469749,-1.2909732847549296,0,0.12662575715878097,-1.1207048028851228,0.12838915571849938,-0.8428143786987349,0,0,1,0
48000.0,-1.3485919242560995,0.0,-0.01451166441269542,0.4134955520501627,0,-0.1127432532342106,-0.9345511308118133,0.12838915571849938,-0.6861294929918105,1,0,0,0
20500.0,-1.3482101263596478,0.0,-0.014490183047146762,2.3310229934558913,0,-1.0805815896283844,-1.1207048028851228,-0.9497616223813684,-0.829456299716328,0,0,1,0
27000.0,2.0845347606391824,0.0,-0.01451166441269542,0.4134955520501627,0,-0.7220461887800074,-0.9345511308118133,0.12838915571849938,-0.780935708983995,0,0,1,0
51000.0,0.2391782611217749,0.0,-0.01451166441269542,-0.6517974709530199,0,-0.02569997672766821,-0.32036319269464486,-0.9497616223813684,-0.6762865631636473,1,0,0,0
68000.0,-1.3489355423629064,0.0,-0.012954265410417706,1.0526713658520723,0,-1.4396696462006122,2.6714025272308954,0.43632286632090406,0.9420616080322042,1,0,0,0
12345.0,-1.3503609211763266,0.0,-0.014500923729921091,-0.6517974709530199,0,-1.2069497749852038,-0.32036319269464486,0.12838915571849938,0.3028550113639118,0,0,1,0
56000.0,0.8755080885415707,0.0,-0.014500923729921091,1.2657299704527087,0,-0.15142915390378492,-0.5122794054175007,0.43632286632090406,0.17671313981439438,1,0,0,0
38500.0,-0.20625261807208214,0.0,-0.014522405095469749,-0.6517974709530199,0,-0.109116450046438,-0.5122794054175007,-0.9346187243669639,-0.6599620002908548,0,0,1,0
42000.0,2.339066691607101,1.0,-0.014468701681598103,2.117964388855255,0,-0.8284324156213368,1.61783723340406,0.12838915571849938,0.8558122807230648,0,0,1,0
25000.0,-1.288013324685735,0.0,-0.014522405095469749,-0.6517974709530199,0,-0.598734880395739,-0.8194871463930152,-0.9346187243669639,-1.057680718158848,0,0,1,0
45000.0,-0.11716644223331074,0.0,-0.014500923729921091,0.20043694744952617,0,-0.41739472100710895,-0.6773632585629926,0.12838915571849938,-0.7310519308877238,0,0,1,0
37000.0,-0.1375289967107442,0.0,-0.014500923729921091,-0.22568026175174685,0,-0.6108242243549808,-0.9071017708421057,0.12838915571849938,-0.749286484310219,0,0,1,0
39000.0,0.9136878781867585,0.0,-0.014500923729921091,1.4787885750533454,0,-0.562466848518013,-0.32036319269464486,0.12838915571849938,-0.7466237140621923,0,0,1,0
52000.0,-0.20625261807208214,1.0,-0.014468701681598103,-0.012621657151110341,0,-0.6672411628314436,-0.24807192448694768,0.43632286632090406,-0.318855491726885,0,0,1,0
24000.0,0.6209761575736524,0.0,-0.01451166441269542,1.2657299704527087,0,-0.8090894652865497,-0.9936213437697933,-0.16392578415542897,-1.0352666532541752,0,0,1,0
24000.0,-1.3450921102052906,0.0,-0.01451166441269542,0.4134955520501627,0,-0.8090894652865497,-0.8102427462111627,-0.9497616223813684,-0.8015849257249965,1,0,0,0
38000.0,-0.3335185835560413,0.0,-0.014522405095469749,0.20043694744952617,0,-0.127250465985301,-0.14125162852066492,-0.9346187243669639,-0.5731003542552597,0,0,1,0
49500.0,2.211800726123142,0.0,-0.01451166441269542,0.8396127612514358,0,-0.0692216149809394,-0.32036319269464486,0.12838915571849938,-0.27162723695701885,1,0,0,0
25000.0,-0.7153164800079188,0.0,-0.014522405095469749,-0.6517974709530199,0,-0.598734880395739,-0.8194871463930152,-0.9346187243669639,-1.0459002037188418,0,0,1,0
25000.0,-0.7153164800079188,0.0,-0.014522405095469749,-0.6517974709530199,0,-0.598734880395739,-0.8194871463930152,-0.9346187243669639,-1.057680718158848,0,0,1,0
19000.0,2.020901777897203,0.0,-0.014522405095469749,2.3310229934558913,0,-0.816343071662095,-1.1207048028851228,-0.9346187243669639,-0.8428143786987349,0,0,1,0
21500.0,0.7227889299608197,0.0,-0.01451166441269542,0.6265541566507993,0,-0.8816255290420018,-1.100277399583882,-1.164846784639172,-0.9157255191567732,1,0,0,0
24000.0,2.46633265709106,0.0,-0.01451166441269542,2.3310229934558913,0,-0.8090894652865497,-0.9345511308118133,0.12838915571849938,-0.7674136132819462,0,0,1,0
115000.0,0.6209761575736524,1.0,-0.014243147343337193,1.2657299704527087,0,-0.9493258552137568,2.413559718457235,0.12838915571849938,1.0656601476446517,0,0,1,0
24000.0,-0.4607845490400005,0.0,-0.014522405095469749,-0.6517974709530199,0,-0.635002912273465,-0.8194871463930152,-0.9346187243669639,-1.057680718158848,0,0,1,0
11111.0,0.30281124386375446,0.0,-0.014500923729921091,-0.6517974709530199,0,-1.236786275876613,-0.5122794054175007,0.12838915571849938,-0.6222774354233112,0,0,1,0
24000.0,0.30281124386375446,0.0,-0.01451166441269542,0.8396127612514358,0,-0.8090894652865497,-0.9936213437697933,-0.9346187243669639,-1.0100678056304897,0,0,1,0
40000.0,-0.7789494627498984,0.0,-0.014500923729921091,-0.4387388663523834,0,-0.5382881605995289,-0.5342239031937968,0.43632286632090406,-0.6744867623464242,0,0,1,0
32000.0,0.5191633851864851,0.0,-0.014500923729921091,-0.22568026175174685,0,-0.731717663947401,-0.9071017708421057,0.12838915571849938,-0.749286484310219,0,0,1,0
112000.0,0.21372506802498306,1.0,-0.014468701681598103,-0.012621657151110341,0,0.2999063539079164,1.61783723340406,0.12838915571849938,0.8558122807230648,0,0,1,0
65000.0,0.43007720934771365,0.0,-0.014479442364372434,0.4134955520501627,0,-0.326724641312794,0.7168979404301677,0.12838915571849938,-0.5254071569925362,0,0,1,0
30000.0,0.04827931289583617,0.0,-0.014522405095469749,-0.4387388663523834,0,-0.41739472100710895,-0.8102427462111627,-0.9346187243669639,-0.8015849257249965,0,0,1,0
69000.0,1.1809464057030727,1.0,-0.013104634969258313,0.6265541566507993,0,-1.4318329067635038,1.2004690324034661,0.12838915571849938,-0.15928108389642115,0,0,1,0
60000.0,-1.3489737221525515,1.0,-0.014500923729921091,-0.22568026175174685,0,-0.054714402229849,-0.9345511308118133,0.12838915571849938,-0.6861294929918105,1,0,0,0
32000.0,2.1099879537359745,0.0,-0.014500923729921091,1.9049057842546184,0,-0.731717663947401,-0.9345511308118133,0.12838915571849938,-0.6861294929918105,1,0,0,0
41500.0,-1.348731916818132,0.0,-0.01451166441269542,1.4787885750533454,0,-0.3013370189983858,-0.32036319269464486,-0.9497616223813684,-0.726667004122192,0,0,1,0
34000.0,0.43007720934771365,0.0,-0.014479442364372434,2.3310229934558913,0,-0.8888791354175469,-0.32036319269464486,0.12838915571849938,-0.6375982827868089,1,0,0,0
210000.0,-0.28261219736245763,1.0,-0.014457960998823774,-0.4387388663523834,0,1.5410790003900947,1.5274482590375342,0.43632286632090406,2.2837313081440214,1,0,0,0
80000.0,-0.18079942497529033,0.0,-0.014457960998823774,1.2657299704527087,0,-0.344858657251657,-1.100277399583882,-0.9497616223813684,0.058523025031739284,1,0,0,0
65000.0,-1.0716611833630045,0.0,-0.014500923729921091,-0.8648560755536564,0,0.06617903736257107,-0.6696563497873814,-0.9497616223813684,-0.42529043165010694,0,0,1,0
38500.0,0.8118751057995911,0.0,-0.01451166441269542,0.4134955520501627,0,-0.38838029550492814,-0.5122794054175007,-0.9346187243669639,-0.6222774354233112,0,0,1,0
65000.0,1.448204933219387,1.0,-0.014414998267726459,0.8396127612514358,0,-0.831886513895406,0.7168979404301677,0.43632286632090406,0.5762839065925054,0,0,1,0
62000.0,-0.49896433868518825,0.0,-0.014490183047146762,-0.4387388663523834,0,-0.22051111938516788,-0.24807192448694768,0.43632286632090406,-0.318855491726885,0,0,1,0
69000.0,1.3845719504774074,1.0,-0.014479442364372434,0.20043694744952617,0,-0.254188577557342,0.7168979404301677,0.12838915571849938,-0.5254071569925362,0,0,1,0
