brand,model,price,kilometrage,body_type,fuel_type,transmission,puissance_fiscale,registration_year,new,fuel_type_simple,year_extracted
GWM,Haval Jolion,78000.0,113000.0,SUV,Essence,Automatique,9 cv,7.2021,no,essence,2021.0
Audi,A6,75000.0,160000.0,Berline,Essence,Automatique,10 cv,1.2016,no,essence,2016.0
Mercedes-Benz,Classe E,118000.0,140000.0,Berline,Diesel,Automatique,10 cv,10.2016,no,diesel,2016.0
Chevrolet,Groove,68000.0,67000.0,SUV,Essence,Automatique,6 cv,5.2022,no,essence,2022.0
Skoda,Fabia,47000.0,115000.0,Citadine,Essence,Manuelle,4 cv,5.2022,no,essence,2022.0
BMW,Série 1,44000.0,180000.0,Compacte,Essence,Manuelle,7 cv,5.2013,no,essence,2013.0
Citroën,C4 Cactus,42000.0,98000.0,Compacte,Essence,Manuelle,5 cv,5.2019,no,essence,2019.0
KIA,K2700,44000.0,120000.0,Pick up,Diesel,Manuelle,8 cv,5.2013,no,diesel,2013.0
Volkswagen,Golf 6,46000.0,146000.0,Compacte,Essence,Manuelle,5 cv,5.2012,no,essence,2012.0
Volkswagen,Golf 7,69000.0,132000.0,Compacte,Essence,Automatique,6 cv,9.2020,no,essence,2020.0
KIA,Picanto,45000.0,90000.0,Citadine,Essence,Manuelle,5 cv,5.2022,no,essence,2022.0
Jeep,Wrangler,145000.0,150000.0,SUV,Diesel,Automatique,13 cv,5.2015,no,diesel,2015.0
Mercedes-Benz,Classe E,85000.0,140000.0,Berline,Essence,Automatique,9 cv,5.2014,no,essence,2014.0
Suzuki,Swift,43500.0,95000.0,Citadine,Essence,Automatique,5 cv,5.2022,no,essence,2022.0
Peugeot,308,53000.0,136000.0,Compacte,Diesel,Manuelle,6 cv,6.2021,no,diesel,2021.0
KIA,Rio 5p,51000.0,93000.0,Citadine,Essence,Manuelle,5 cv,5.2022,no,essence,2022.0
KIA,Rio 5p,61000.0,61000.0,Citadine,Essence,Manuelle,5 cv,5.2022,no,essence,2022.0
Mahindra,KUV 100,29500.0,72000.0,SUV,Essence,Manuelle,5 cv,6.2019,no,essence,2019.0
Toyota,Agya,39800.0,60000.0,Citadine,Essence,Automatique,5 cv,5.2023,no,essence,2023.0
Nissan,Juke,78000.0,84000.0,SUV,Essence,Automatique,6 cv,5.2022,no,essence,2022.0
Suzuki,Ciaz,47000.0,112000.0,Berline,Essence,Automatique,6 cv,5.2020,no,essence,2020.0
Porsche,Cayenne,67000.0,214000.0,SUV,Essence,Automatique,21 cv,5.2009,no,essence,2009.0
Volkswagen,Polo,40000.0,197000.0,Citadine,Essence,Manuelle,4 cv,6.2019,no,essence,2019.0
Hyundai,i10,39000.0,63000.0,Citadine,Essence,Manuelle,4 cv,12.2021,no,essence,2021.0
KIA,Sportage,80000.0,22000.0,SUV,Essence,Automatique,8 cv,10.2018,no,essence,2018.0
Mitsubishi,ASX,48000.0,188000.0,SUV,Essence,Manuelle,9 cv,7.2012,no,essence,2012.0
Porsche,Panamera,150000.0,76000.0,Berline,Essence,Automatique,20 cv,8.2010,no,essence,2010.0
Dacia,Logan MCV,42500.0,75000.0,Monospace,Essence,Manuelle,5 cv,6.2020,no,essence,2020.0
KIA,Sportage,95000.0,118000.0,SUV,Essence,Automatique,11 cv,2.2021,no,essence,2021.0
Mercedes-Benz,CLA,147000.0,78000.0,Berline,Hybride rechargeable essence,Automatique,8 cv,10.2021,no,hybride,2021.0
Renault,Megane,57500.0,170000.0,Compacte,Diesel,Manuelle,5 cv,9.2020,no,diesel,2020.0
Mercedes-Benz,GLC Coupé,198000.0,73000.0,SUV,Hybride rechargeable essence,Automatique,12 cv,10.2021,no,hybride,2021.0
Mercedes-Benz,Classe A,127000.0,48000.0,Compacte,Hybride rechargeable essence,Automatique,8 cv,2.2021,no,hybride,2021.0
Mercedes-Benz,EQA,147000.0,50000.0,SUV,Electrique,Automatique,8 cv,7.2022,no,electrique,2022.0
Peugeot,3008,76000.0,115000.0,SUV,Essence,Manuelle,6 cv,3.2022,no,essence,2022.0
Mercedes-Benz,Classe A,125000.0,80000.0,Compacte,Hybride rechargeable essence,Automatique,8 cv,9.2021,no,hybride,2021.0
Mercedes-Benz,Classe A,169000.0,38000.0,Compacte,Hybride rechargeable essence,Automatique,8 cv,3.2024,no,hybride,2024.0
Land Rover,Range Rover Evoque,179000.0,98000.0,SUV,Hybride rechargeable essence,Automatique,11 cv,10.2022,no,hybride,2022.0
BMW,Série 5,189000.0,53000.0,Berline,Hybride rechargeable essence,Automatique,10 cv,4.2021,no,hybride,2021.0
Citroën,C3,47500.0,89000.0,Citadine,Essence,Manuelle,5 cv,2.2022,no,essence,2022.0
Volkswagen,T-Cross,69500.0,89000.0,SUV,Essence,Manuelle,6 cv,3.2020,no,essence,2020.0
Mercedes-Benz,Classe A,103000.0,118000.0,Compacte,Diesel,Automatique,6 cv,6.2021,no,diesel,2021.0
Mercedes-Benz,GLA,163000.0,72000.0,SUV,Hybride rechargeable essence,Automatique,8 cv,10.2021,no,hybride,2021.0
Peugeot,208,49500.0,58000.0,Citadine,Essence,Manuelle,5 cv,9.2022,no,essence,2022.0
Mercedes-Benz,Classe A,129000.0,80000.0,Compacte,Hybride rechargeable essence,Automatique,8 cv,7.2021,no,hybride,2021.0
Peugeot,2008,68500.0,143000.0,SUV,Diesel,Manuelle,5 cv,2.2021,no,diesel,2021.0
Renault,Clio,46500.0,158000.0,Citadine,Essence,Manuelle,5 cv,2.2022,no,essence,2022.0
BMW,Série 4 Gran Coupé,95000.0,108000.0,Berline,Essence,Automatique,7 cv,3.2017,no,essence,2017.0
Dacia,Sandero Stepway,43500.0,158000.0,SUV,Essence,Manuelle,5 cv,5.2020,no,essence,2020.0
Dongfeng,SX3,52000.0,117000.0,SUV,Essence,Manuelle,8 cv,10.2020,no,essence,2020.0
KIA,Sportage,44000.0,280000.0,SUV,Diesel,Manuelle,10 cv,11.2010,no,diesel,2010.0
BMW,X5,66000.0,270000.0,SUV,Diesel,Automatique,15 cv,11.2007,no,diesel,2007.0
BMW,Série 3,67000.0,128000.0,Berline,Essence,Automatique,7 cv,5.2014,no,essence,2014.0
Mercedes-Benz,Classe S,78000.0,169000.0,Berline,Essence,Automatique,15 cv,2.2008,no,essence,2008.0
BMW,Série 1,93000.0,43000.0,Compacte,Essence,Automatique,6 cv,9.2021,no,essence,2021.0
Volkswagen,Polo,35000.0,146500.0,Citadine,Essence,Manuelle,4 cv,5.2015,no,essence,2015.0
KIA,Sportage,117000.0,49000.0,SUV,Diesel,Automatique,8 cv,1.2021,no,diesel,2021.0
Volkswagen,Polo,48000.0,110000.0,Citadine,Essence,Manuelle,4 cv,5.2021,no,essence,2021.0
Volkswagen,Polo Sedan,38000.0,245000.0,Berline,Essence,Manuelle,5 cv,9.2017,no,essence,2017.0
KIA,Cerato KOUP,33500.0,76000.0,Coupé,Essence,Manuelle,7 cv,8.2012,no,essence,2012.0
Audi,A5 Cabriolet,65000.0,150000.0,Cabriolet,Essence,Automatique,8 cv,12.2012,no,essence,2012.0
MG,ZS,69500.0,55500.0,SUV,Essence,Automatique,6 cv,11.2021,no,essence,2021.0
MG,ZS,67500.0,59000.0,SUV,Essence,Manuelle,7 cv,5.2022,no,essence,2022.0
KIA,Seltos,84500.0,82500.0,SUV,Essence,Automatique,8 cv,5.2021,no,essence,2021.0
Hyundai,i30 Fastback,73000.0,88000.0,Berline,Essence,Automatique,7 cv,2.2022,no,essence,2022.0
Hyundai,i20,49900.0,72000.0,Citadine,Essence,Manuelle,5 cv,3.2023,no,essence,2023.0
Fiat,Panda City Cross,39700.0,97000.0,Citadine,Essence,Manuelle,4 cv,3.2022,no,essence,2022.0
Renault,Clio,45000.0,74000.0,Citadine,Essence,Manuelle,4 cv,11.2022,no,essence,2022.0
Mitsubishi,Lancer,29000.0,217000.0,Berline,Essence,Automatique,9 cv,8.2010,no,essence,2010.0
Mercedes-Benz,CLA,165000.0,41000.0,Berline,Essence,Automatique,7 cv,5.2023,no,essence,2023.0
Mercedes-Benz,CLA,240000.0,3588.0,Berline,Hybride rechargeable essence,Automatique,8 cv,8.2025,no,hybride,2025.0
Mercedes-Benz,GLE,270000.0,69000.0,SUV,Hybride rechargeable essence,Automatique,12 cv,2.2021,no,hybride,2021.0
Mercedes-Benz,CLA,150000.0,59423.0,Berline,Hybride rechargeable essence,Automatique,8 cv,9.2021,no,hybride,2021.0
Porsche,Panamera,175000.0,70520.0,Berline,Diesel,Automatique,15 cv,3.2012,no,diesel,2012.0
Fiat,500,48000.0,91211.0,Citadine,Hybride léger essence,Manuelle,4 cv,3.2022,no,hybride,2022.0
Hyundai,Grand i10,46500.0,14234.0,Citadine,Essence,Manuelle,4 cv,10.2023,no,essence,2023.0
Audi,Q2,110000.0,38412.0,SUV,Essence,Automatique,8 cv,8.2021,no,essence,2021.0
Seat,Arona,78000.0,101610.0,SUV,Essence,Automatique,6 cv,6.2021,no,essence,2021.0
Land Rover,Discovery Sport,125000.0,178542.0,SUV,Diesel,Automatique,8 cv,6.2018,no,diesel,2018.0
Peugeot,3008,73000.0,164852.0,SUV,Diesel,Manuelle,6 cv,11.2020,no,diesel,2020.0
Mitsubishi,L200 Double Cabine,135000.0,23990.0,Pick up,Diesel,Manuelle,8 cv,5.2024,no,diesel,2024.0
GWM,Haval Jolion,78000.0,71231.0,SUV,Essence,Automatique,9 cv,10.2021,no,essence,2021.0
Renault,Express Van,45000.0,54375.0,Utilitaire,Diesel,Manuelle,5 cv,10.2022,no,diesel,2022.0
Renault,Scenic,63000.0,187889.0,SUV,Diesel,Automatique,6 cv,11.2020,no,diesel,2020.0
Seat,Arona,78000.0,95894.0,SUV,Essence,Automatique,6 cv,12.2020,no,essence,2020.0
Fiat,500,41000.0,82000.0,Citadine,Essence,Manuelle,4 cv,4.2016,no,essence,2016.0
KIA,EV6,188000.0,1499.0,SUV,Electrique,Automatique,6 cv,2.2025,no,electrique,2025.0
Hyundai,Palisade,250000.0,35774.0,SUV,Diesel,Automatique,12 cv,12.2021,no,diesel,2021.0
Toyota,Hilux Double Cabine,135000.0,82129.0,Pick up,Diesel,Manuelle,8 cv,6.2020,no,diesel,2020.0
BMW,Série 5,190000.0,72000.0,Berline,Essence,Automatique,10 cv,8.2022,no,essence,2022.0
Audi,Q5,95000.0,69452.0,SUV,Essence,Automatique,13 cv,5.2016,no,essence,2016.0
Chevrolet,Captiva,67000.0,176494.0,SUV,Diesel,Manuelle,9 cv,4.2013,no,diesel,2013.0
Mazda,BT-50,96000.0,53499.0,Pick up,Diesel,Manuelle,9 cv,2.2021,no,diesel,2021.0
Mercedes-Benz,GLA,137800.0,120168.0,SUV,Hybride rechargeable essence,Automatique,8 cv,12.2021,no,hybride,2021.0
Mercedes-Benz,GLA,175000.0,46393.0,SUV,Hybride rechargeable essence,Automatique,6 cv,3.2021,no,hybride,2021.0
Isuzu,D-Max Double Cabine,135000.0,111484.0,Pick up,Diesel,Automatique,6 cv,11.2020,no,diesel,2020.0
Ford,Ecosport,63000.0,95310.0,SUV,Essence,Automatique,7 cv,12.2018,no,essence,2018.0
Audi,A6,64000.0,239998.0,Berline,Diesel,Manuelle,9 cv,7.2012,no,diesel,2012.0
Mercedes-Benz,Classe A,179000.0,17788.0,Compacte,Hybride rechargeable essence,Automatique,8 cv,5.2024,no,hybride,2024.0
GWM,Haval Jolion,93200.0,40800.0,SUV,Essence,Automatique,9 cv,4.2024,no,essence,2024.0
Porsche,Macan,185000.0,56300.0,SUV,Essence,Automatique,15 cv,10.2017,no,essence,2017.0
Toyota,C-HR,110000.0,63952.0,SUV,Hybride essence,Automatique,5 cv,5.2021,no,hybride,2021.0
Mercedes-Benz,CLA,182000.0,24572.0,Berline,Hybride rechargeable essence,Automatique,8 cv,8.2023,no,hybride,2023.0
Mercedes-Benz,CLA,150000.0,51339.0,Berline,Hybride rechargeable essence,Automatique,8 cv,4.2021,no,hybride,2021.0
Volkswagen,Tiguan,155000.0,50471.0,SUV,Essence,Automatique,8 cv,10.2022,no,essence,2022.0
Mercedes-Benz,Classe C,198000.0,42016.0,Berline,Hybride léger essence,Automatique,9 cv,8.2023,no,hybride,2023.0
MG,HS,87000.0,57234.0,SUV,Essence,Automatique,9 cv,6.2022,no,essence,2022.0
Mercedes-Benz,Classe C,195000.0,52099.0,Berline,Hybride léger essence,Automatique,9 cv,11.2023,no,hybride,2023.0
Mercedes-Benz,GLC Coupé,225000.0,69860.0,SUV,Hybride rechargeable essence,Automatique,10 cv,9.2020,no,hybride,2020.0
Peugeot,208,44000.0,36567.0,Citadine,Essence,Manuelle,4 cv,11.2022,no,essence,2022.0
Audi,Q3 Sportback,145000.0,116520.0,SUV,Hybride léger essence,Automatique,8 cv,11.2020,no,hybride,2020.0
Toyota,Land Cruiser,129000.0,216544.0,SUV,Diesel,Automatique,17 cv,10.2007,no,diesel,2007.0
Mercedes-Benz,GLC Coupé,252000.0,38654.0,SUV,Hybride rechargeable essence,Automatique,12 cv,10.2021,no,hybride,2021.0
Mercedes-Benz,EQA,150000.0,18646.0,SUV,Electrique,Automatique,6 cv,9.2021,no,electrique,2021.0
Audi,Q3,78000.0,141132.0,SUV,Essence,Automatique,8 cv,11.2015,no,essence,2015.0
Mercedes-Benz,Classe C,149000.0,63779.0,Berline,Essence,Automatique,9 cv,5.2019,no,essence,2019.0
KIA,Sportage,110000.0,99591.0,SUV,Hybride léger diesel,Automatique,7 cv,1.2021,no,hybride,2021.0
Mercedes-Benz,GLC Coupé,232000.0,41765.0,SUV,Hybride rechargeable essence,Automatique,12 cv,10.2021,no,hybride,2021.0
Mercedes-Benz,GLC Coupé,258000.0,47000.0,SUV,Hybride rechargeable essence,Automatique,12 cv,7.2021,no,hybride,2021.0
KIA,Rio 5p,54000.0,68954.0,Citadine,Essence,Manuelle,5 cv,1.2019,no,essence,2019.0
Mercedes-Benz,GLA,218000.0,10730.0,SUV,Hybride rechargeable essence,Automatique,8 cv,1.2024,no,hybride,2024.0
Mercedes-Benz,Classe E,335000.0,10776.0,Berline,Hybride léger essence,Automatique,11 cv,10.2023,no,hybride,2023.0
BMW,X3,52000.0,186000.0,SUV,Diesel,Automatique,13 cv,1.2006,no,diesel,2006.0
Mercedes-Benz,GLC Coupé,198000.0,82415.0,SUV,Hybride rechargeable essence,Automatique,10 cv,9.2020,no,hybride,2020.0
Mercedes-Benz,GLA,89000.0,97000.0,SUV,Essence,Automatique,8 cv,10.2015,no,essence,2015.0
GWM,Poer AT,120000.0,23000.0,Pick up,Diesel,Automatique,7 cv,2.2025,no,diesel,2025.0
BMW,X5,123000.0,226000.0,SUV,Diesel,Automatique,13 cv,2.2016,no,diesel,2016.0
Audi,A5 Sportback,128000.0,96000.0,Berline,Essence,Automatique,8 cv,1.2021,no,essence,2021.0
Volkswagen,Golf 8,121000.0,2400.0,Compacte,Essence,Automatique,8 cv,5.2024,no,essence,2024.0
Volkswagen,Golf 7,58000.0,146000.0,Compacte,Essence,Automatique,5 cv,4.2014,no,essence,2014.0
Mercedes-Benz,GLE Coupé,225000.0,130000.0,SUV,Diesel,Automatique,16 cv,3.2018,no,diesel,2018.0
Mercedes-Benz,GLC,225000.0,76000.0,SUV,Hybride rechargeable essence,Automatique,10 cv,8.2020,no,hybride,2020.0
BMW,Série 1,138000.0,13000.0,Compacte,Essence,Automatique,6 cv,10.2024,no,essence,2024.0
Citroën,DS3,28500.0,147000.0,Autres,Essence,Manuelle,5 cv,9.2013,no,essence,2013.0
Toyota,RAV 4,146000.0,27000.0,SUV,Hybride essence,Automatique,9 cv,3.2023,no,hybride,2023.0
Citroën,Berlingo Van,51000.0,92000.0,Utilitaire,Diesel,Manuelle,5 cv,7.2022,no,diesel,2022.0
Suzuki,Jimny 3 portes,85000.0,88000.0,SUV,Essence,Automatique,6 cv,3.2022,no,essence,2022.0
Audi,A5 Sportback,59000.0,140000.0,Berline,Essence,Automatique,10 cv,10.2015,no,essence,2015.0
Land Rover,Range Rover Sport,265000.0,80000.0,SUV,Essence,Automatique,43 cv,1.2015,no,essence,2015.0
Renault,Alpine A110,80000.0,38000.0,Autres,Hybride rechargeable essence,Automatique,5 cv,4.2025,no,hybride,2025.0
Audi,Q3,118000.0,86000.0,SUV,Essence,Automatique,9 cv,6.2019,no,essence,2019.0
Audi,Q7,230000.0,84000.0,SUV,Diesel,Automatique,15 cv,10.2019,no,diesel,2019.0
Mercedes-Benz,CLA,71000.0,76000.0,Berline,Essence,Manuelle,6 cv,6.2013,no,essence,2013.0
Toyota,Prado,245000.0,215000.0,SUV,Diesel,Automatique,11 cv,5.2019,no,diesel,2019.0
Mercedes-Benz,Classe E,79000.0,152000.0,Berline,Essence,Automatique,10 cv,7.2015,no,essence,2015.0
Audi,A5 Sportback,118000.0,97000.0,Berline,Essence,Automatique,8 cv,5.2020,no,essence,2020.0
Peugeot,Rifter,74000.0,145000.0,Monospace,Diesel,Manuelle,7 cv,1.2020,no,diesel,2020.0
Mercedes-Benz,EQS Berline,310000.0,53000.0,Berline,Electrique,Automatique,8 cv,4.2022,no,electrique,2022.0
Volkswagen,Golf 7,47000.0,108000.0,Compacte,Essence,Automatique,5 cv,9.2013,no,essence,2013.0
Peugeot,3008,63000.0,85000.0,SUV,Essence,Automatique,7 cv,3.2020,no,essence,2020.0
BMW,X1,238000.0,22000.0,SUV,Hybride rechargeable essence,Automatique,8 cv,1.2024,no,hybride,2024.0
BMW,X5,185000.0,105000.0,SUV,Diesel,Automatique,13 cv,12.2017,no,diesel,2017.0
KIA,Rio 5p,54000.0,72000.0,Citadine,Essence,Manuelle,5 cv,1.2019,no,essence,2019.0
Mercedes-Benz,Classe E,123000.0,161000.0,Berline,Essence,Automatique,9 cv,8.2017,no,essence,2017.0
Audi,Q8,350000.0,71000.0,SUV,Hybride léger essence,Automatique,23 cv,5.2021,no,hybride,2021.0
Jeep,Wrangler,255000.0,51000.0,SUV,Essence,Automatique,18 cv,9.2021,no,essence,2021.0
Volkswagen,Tiguan,93000.0,84000.0,SUV,Essence,Automatique,8 cv,9.2020,no,essence,2020.0
Mercedes-Benz,CLS,78000.0,230000.0,Coupé,Diesel,Automatique,11 cv,7.2011,no,diesel,2011.0
Mercedes-Benz,GLE Coupé,225000.0,138000.0,SUV,Essence,Automatique,26 cv,4.2017,no,essence,2017.0
Mercedes-Benz,GLB,188000.0,16000.0,SUV,Diesel,Automatique,8 cv,3.2023,no,diesel,2023.0
BMW,X3,185000.0,85000.0,SUV,Diesel,Automatique,7 cv,6.2020,no,diesel,2020.0
Citroën,C3,36000.0,84000.0,Citadine,Essence,Manuelle,4 cv,2.2018,no,essence,2018.0
Peugeot,208,37500.0,69000.0,Citadine,Essence,Manuelle,5 cv,7.2022,no,essence,2022.0
Mercedes-Benz,Classe A Berline,116000.0,99500.0,Berline,Diesel,Automatique,6 cv,7.2019,no,diesel,2019.0
Renault,Clio,48500.0,95000.0,Citadine,Essence,Manuelle,5 cv,3.2022,no,essence,2022.0
Jaguar,XF,93000.0,107000.0,Berline,Essence,Automatique,15 cv,5.2016,no,essence,2016.0
BMW,X5,265000.0,112000.0,SUV,Diesel,Automatique,14 cv,8.2020,no,diesel,2020.0
KIA,Cee'd,52000.0,178000.0,Compacte,Essence,Manuelle,6 cv,1.2019,no,essence,2019.0
BMW,Série 3,57000.0,265000.0,Berline,Essence,Automatique,7 cv,5.2014,no,essence,2014.0
GWM,Haval H6,79000.0,96000.0,SUV,Essence,Automatique,9 cv,4.2021,no,essence,2021.0
Hyundai,Accent,65000.0,68000.0,Berline,Essence,Automatique,6 cv,5.2022,no,essence,2022.0
Mercedes-Benz,Classe A,128000.0,63000.0,Compacte,Essence,Automatique,7 cv,5.2022,no,essence,2022.0
Citroën,Jumpy Combi,79000.0,160000.0,Monospace,Diesel,Manuelle,6 cv,5.2020,no,diesel,2020.0
Chery,Tiggo 2,43800.0,64000.0,SUV,Essence,Manuelle,6 cv,5.2021,no,essence,2021.0
Hyundai,Grand i10,47000.0,79000.0,Citadine,Essence,Automatique,5 cv,5.2022,no,essence,2022.0
Land Rover,Range Rover Sport,320000.0,90000.0,SUV,Essence,Automatique,25 cv,5.2021,no,essence,2021.0
Jeep,Renegade,83000.0,85000.0,SUV,Essence,Manuelle,8 cv,1.2021,no,essence,2021.0
Volkswagen,Polo Sedan,49500.0,76000.0,Berline,Essence,Manuelle,5 cv,6.2022,no,essence,2022.0
KIA,Picanto,23500.0,237000.0,Citadine,Essence,Manuelle,4 cv,7.2010,no,essence,2010.0
Seat,Leon,74000.0,182000.0,Compacte,Essence,Automatique,7 cv,12.2021,no,essence,2021.0
Opel,Corsa,35000.0,171000.0,Citadine,Essence,Manuelle,5 cv,6.2022,no,essence,2022.0
Mercedes-Benz,GLC,119000.0,150000.0,SUV,Essence,Automatique,12 cv,9.2017,no,essence,2017.0
Seat,Ateca,122000.0,41100.0,SUV,Essence,Automatique,8 cv,5.2024,no,essence,2024.0
Mercedes-Benz,Classe E,89000.0,199000.0,Berline,Essence,Automatique,10 cv,8.2013,no,essence,2013.0
Mercedes-Benz,GLA,96000.0,125000.0,SUV,Essence,Automatique,9 cv,5.2016,no,essence,2016.0
MG,ZS,57000.0,124000.0,SUV,Essence,Automatique,7 cv,6.2019,no,essence,2019.0
BMW,X6,109000.0,195000.0,SUV,Diesel,Automatique,15 cv,7.2011,no,diesel,2011.0
Jeep,Grand Cherokee,220000.0,54000.0,SUV,Essence,Automatique,20 cv,6.2021,no,essence,2021.0
Volkswagen,Touareg,145000.0,108000.0,SUV,Diesel,Automatique,16 cv,5.2015,no,diesel,2015.0
Porsche,Cayenne,185000.0,210000.0,SUV,Diesel,Automatique,28 cv,1.2013,no,diesel,2013.0
Volkswagen,Virtus,74000.0,10000.0,Berline,Essence,Automatique,7 cv,9.2023,no,essence,2023.0
Mercedes-Benz,Classe C,195000.0,23000.0,Berline,Hybride léger essence,Automatique,9 cv,5.2022,no,hybride,2022.0
Jaguar,XF,120000.0,42000.0,Berline,Essence,Automatique,16 cv,12.2017,no,essence,2017.0
Mercedes-Benz,Classe E coupé,75000.0,230000.0,Coupé,Essence,Automatique,10 cv,6.2014,no,essence,2014.0
Mercedes-Benz,CLE Coupé,316200.0,15000.0,Coupé,Essence,Automatique,12 cv,8.2024,no,essence,2024.0
Jaguar,F-Type,245000.0,12000.0,Coupé,Essence,Automatique,19 cv,10.2017,no,essence,2017.0
Mercedes-Benz,Classe C,130000.0,105000.0,Berline,Diesel,Automatique,8 cv,3.2021,no,diesel,2021.0
Land Rover,Discovery Sport,99000.0,110000.0,SUV,Diesel,Automatique,8 cv,9.2017,no,diesel,2017.0
Mercedes-Benz,CLS,155000.0,66000.0,Coupé,Diesel,Automatique,11 cv,12.2015,no,diesel,2015.0
Mercedes-Benz,Classe S,69000.0,212000.0,Berline,Essence,Automatique,29 cv,6.2008,no,essence,2008.0
Land Rover,Range Rover Sport,260000.0,101000.0,SUV,Hybride rechargeable essence,Automatique,19 cv,9.2019,no,hybride,2019.0
KIA,Sportage,83000.0,134000.0,SUV,Diesel,Automatique,7 cv,12.2019,no,diesel,2019.0
Land Rover,Range Rover Evoque,77000.0,162000.0,SUV,Diesel,Automatique,9 cv,5.2012,no,diesel,2012.0
Audi,A3 Berline,65000.0,86000.0,Berline,Essence,Manuelle,6 cv,10.2016,no,essence,2016.0
Mercedes-Benz,Classe C,174700.0,30000.0,Berline,Hybride léger essence,Automatique,9 cv,7.2022,no,hybride,2022.0
Volkswagen,Tiguan,134000.0,90000.0,SUV,Essence,Automatique,8 cv,1.2023,no,essence,2023.0
Fiat,Panda,26500.0,158500.0,Citadine,Essence,Manuelle,4 cv,12.2011,no,essence,2011.0
BMW,Série 4 Gran Coupé,127000.0,124000.0,Berline,Essence,Automatique,10 cv,7.2016,no,essence,2016.0
BMW,Série 5,150000.0,67000.0,Berline,Hybride rechargeable essence,Automatique,8 cv,2.2019,no,hybride,2019.0
Peugeot,Boxer,65000.0,129500.0,Utilitaire,Diesel,Manuelle,7 cv,4.2020,no,diesel,2020.0
Volkswagen,Tiguan,120000.0,123000.0,SUV,Diesel,Manuelle,8 cv,9.2018,no,diesel,2018.0
Toyota,C-HR,103000.0,44000.0,SUV,Hybride essence,Automatique,5 cv,5.2020,no,hybride,2020.0
Skoda,Octavia,35000.0,214000.0,Berline,Essence,Automatique,8 cv,8.2017,no,essence,2017.0
BMW,Série 1,48000.0,125000.0,Compacte,Essence,Automatique,7 cv,9.2012,no,essence,2012.0
Citroën,Jumpy Combi,82000.0,124000.0,Monospace,Diesel,Manuelle,6 cv,8.2018,no,diesel,2018.0
Ford,Fiesta,47000.0,140000.0,Citadine,Diesel,Manuelle,4 cv,11.2019,no,diesel,2019.0
Ford,Kuga,75000.0,87000.0,SUV,Essence,Manuelle,8 cv,6.2019,no,essence,2019.0
Peugeot,Expert Combi,74000.0,69000.0,Monospace,Diesel,Automatique,9 cv,5.2020,no,diesel,2020.0
Renault,Kwid Populaire,35500.0,28000.0,SUV,Essence,Manuelle,4 cv,12.2022,no,essence,2022.0
KIA,Rio Berline,47000.0,89000.0,Berline,Essence,Manuelle,6 cv,7.2019,no,essence,2019.0
Audi,Q2,97000.0,59000.0,SUV,Essence,Automatique,8 cv,8.2021,no,essence,2021.0
Renault,Megane,59000.0,86000.0,Compacte,Essence,Automatique,7 cv,8.2020,no,essence,2020.0
Volkswagen,Jetta,38000.0,175000.0,Berline,Essence,Manuelle,9 cv,5.2013,no,essence,2013.0
Audi,Q7,99000.0,180000.0,SUV,Diesel,Automatique,16 cv,11.2012,no,diesel,2012.0
Seat,Ibiza,45000.0,105000.0,Citadine,Essence,Manuelle,4 cv,11.2021,no,essence,2021.0
Jeep,Renegade,71000.0,135000.0,SUV,Essence,Automatique,8 cv,8.2021,no,essence,2021.0
KIA,Rio Berline,47000.0,89000.0,Berline,Essence,Manuelle,6 cv,5.2019,no,essence,2019.0
Hyundai,Tucson,97000.0,104000.0,SUV,Diesel,Automatique,7 cv,9.2020,no,diesel,2020.0
Hyundai,Tucson,89000.0,99000.0,SUV,Diesel,Automatique,7 cv,9.2020,no,diesel,2020.0
Audi,A5 Sportback,67000.0,170000.0,Berline,Diesel,Automatique,8 cv,9.2010,no,diesel,2010.0
Opel,Astra,95000.0,5000.0,Compacte,Essence,Automatique,7 cv,6.2025,no,essence,2025.0
KIA,Sportage,49000.0,230000.0,SUV,Diesel,Manuelle,10 cv,11.2010,no,diesel,2010.0
Volkswagen,Polo,48000.0,119000.0,Citadine,Essence,Manuelle,4 cv,3.2022,no,essence,2022.0
Porsche,Cayenne,119000.0,271000.0,SUV,Essence,Automatique,21 cv,5.2011,no,essence,2011.0
BMW,Série 1,62000.0,115000.0,Compacte,Essence,Automatique,9 cv,6.2015,no,essence,2015.0
Dacia,Duster,69000.0,130000.0,SUV,Diesel,Manuelle,6 cv,9.2020,no,diesel,2020.0
Mercedes-Benz,Classe E,114000.0,156000.0,Berline,Essence,Automatique,9 cv,5.2019,no,essence,2019.0
Mercedes-Benz,Classe E coupé,198000.0,100000.0,Coupé,Essence,Automatique,10 cv,10.2018,no,essence,2018.0
Peugeot,2008,42000.0,127000.0,SUV,Essence,Automatique,6 cv,5.2018,no,essence,2018.0
KIA,Rio Berline,58000.0,114000.0,Berline,Essence,Automatique,6 cv,8.2019,no,essence,2019.0
Seat,Ibiza,61000.0,75000.0,Citadine,Essence,Manuelle,4 cv,10.2021,no,essence,2021.0
Hyundai,Grand i10,45500.0,30000.0,Citadine,Essence,Manuelle,4 cv,10.2023,no,essence,2023.0
Dacia,Sandero,35500.0,184000.0,Citadine,Essence,Manuelle,5 cv,6.2014,no,essence,2014.0
Audi,Q3 Sportback,150000.0,120000.0,SUV,Diesel,Automatique,8 cv,10.2020,no,diesel,2020.0
GWM,Haval H6,68000.0,103000.0,SUV,Essence,Automatique,9 cv,11.2021,no,essence,2021.0
KIA,Rio Berline,57000.0,95000.0,Berline,Essence,Manuelle,6 cv,11.2021,no,essence,2021.0
Mercedes-Benz,Classe E,195000.0,55000.0,Berline,Hybride rechargeable essence,Automatique,10 cv,11.2022,no,hybride,2022.0
Renault,Clio,46500.0,48000.0,Citadine,Essence,Manuelle,5 cv,9.2018,no,essence,2018.0
Citroën,C4 Cactus,35900.0,180000.0,Compacte,Essence,Manuelle,5 cv,3.2017,no,essence,2017.0
KIA,Picanto,44500.0,63000.0,Citadine,Essence,Automatique,4 cv,12.2021,no,essence,2021.0
Mazda,3 sedan,64000.0,76000.0,Berline,Essence,Manuelle,6 cv,6.2021,no,essence,2021.0
Volkswagen,Passat,49500.0,283000.0,Berline,Essence,Manuelle,7 cv,9.2016,no,essence,2016.0
Volkswagen,Tiguan,66000.0,299000.0,SUV,Diesel,Manuelle,8 cv,3.2014,no,diesel,2014.0
Peugeot,508,34000.0,229000.0,Berline,Essence,Automatique,7 cv,9.2011,no,essence,2011.0
KIA,Picanto,56000.0,117.0,Citadine,Essence,Manuelle,5 cv,10.2025,no,essence,2025.0
Suzuki,Celerio,38500.0,30000.0,Citadine,Essence,Manuelle,4 cv,9.2023,no,essence,2023.0
Mercedes-Benz,Classe C,76000.0,200000.0,Berline,Essence,Manuelle,8 cv,1.2015,no,essence,2015.0
KIA,Picanto,40500.0,98000.0,Citadine,Essence,Manuelle,5 cv,11.2022,no,essence,2022.0
Mercedes-Benz,Classe E,129000.0,190000.0,Berline,Essence,Automatique,9 cv,1.2021,no,essence,2021.0
Audi,Q3,85000.0,190000.0,SUV,Essence,Automatique,8 cv,11.2017,no,essence,2017.0
Mercedes-Benz,Classe C coupé,72000.0,100000.0,Coupé,Essence,Automatique,9 cv,5.2013,no,essence,2013.0
BMW,Série 5,42000.0,177000.0,Berline,Essence,Automatique,13 cv,11.2008,no,essence,2008.0
Volkswagen,Passat,99000.0,157000.0,Berline,Diesel,Automatique,6 cv,9.2019,no,diesel,2019.0
Mercedes-Benz,Classe A,129000.0,70000.0,Compacte,Essence,Automatique,8 cv,3.2019,no,essence,2019.0
Mercedes-Benz,GLC,169000.0,94000.0,SUV,Hybride rechargeable essence,Automatique,12 cv,8.2020,no,hybride,2020.0
Mercedes-Benz,Classe A,54000.0,151000.0,Compacte,Essence,Manuelle,6 cv,8.2013,no,essence,2013.0
Renault,Clio,42000.0,66000.0,Citadine,Essence,Manuelle,5 cv,12.2021,no,essence,2021.0
Chery,Tiggo 7 Pro,56000.0,128000.0,SUV,Essence,Automatique,9 cv,9.2020,no,essence,2020.0
Ssangyong,Chairman,94000.0,6000.0,Berline,Essence,Manuelle,17 cv,3.2017,no,essence,2017.0
Suzuki,Celerio,39500.0,15000.0,Citadine,Essence,Manuelle,4 cv,9.2023,no,essence,2023.0
Ford,Kuga,56000.0,103000.0,SUV,Essence,Manuelle,8 cv,10.2018,no,essence,2018.0
Alfa Romeo,Giulietta,47000.0,146000.0,Compacte,Essence,Automatique,9 cv,1.2018,no,essence,2018.0
BMW,Série 1,108000.0,92000.0,Compacte,Essence,Automatique,8 cv,11.2021,no,essence,2021.0
Volkswagen,Golf 8,105000.0,61000.0,Compacte,Essence,Automatique,7 cv,10.2021,no,essence,2021.0
Dacia,Logan,45000.0,88000.0,Berline,Essence,Manuelle,5 cv,7.2023,no,essence,2023.0
Mercedes-Benz,Classe A,97000.0,100000.0,Compacte,Essence,Automatique,7 cv,1.2020,no,essence,2020.0
BMW,Série 5,59500.0,230000.0,Berline,Essence,Automatique,10 cv,12.2012,no,essence,2012.0
Audi,A3 Berline,49000.0,177000.0,Berline,Essence,Manuelle,10 cv,10.2014,no,essence,2014.0
Nissan,Altima,46000.0,138000.0,Berline,Essence,Automatique,11 cv,9.2015,no,essence,2015.0
Peugeot,2008,58000.0,100000.0,SUV,Essence,Automatique,7 cv,10.2020,no,essence,2020.0
Audi,Q5,136000.0,256000.0,SUV,Diesel,Automatique,11 cv,9.2018,no,diesel,2018.0
Mercedes-Benz,Classe A,112000.0,149000.0,Compacte,Diesel,Automatique,6 cv,7.2019,no,diesel,2019.0
KIA,Sportage,129000.0,25000.0,SUV,Essence,Automatique,10 cv,7.2023,no,essence,2023.0
KIA,Sportage,78500.0,173000.0,SUV,Diesel,Automatique,7 cv,4.2018,no,diesel,2018.0
Ford,Fiesta,32500.0,230000.0,Citadine,Essence,Manuelle,5 cv,5.2016,no,essence,2016.0
Citroën,Berlingo,56000.0,150000.0,Monospace,Diesel,Manuelle,5 cv,10.2018,no,diesel,2018.0
Citroën,DS5,48000.0,185000.0,Compacte,Diesel,Manuelle,9 cv,10.2012,no,diesel,2012.0
Seat,Leon,79000.0,156000.0,Compacte,Essence,Manuelle,6 cv,12.2021,no,essence,2021.0
Suzuki,Celerio,40900.0,10000.0,Citadine,Essence,Manuelle,4 cv,8.2023,no,essence,2023.0
KIA,Picanto,43000.0,81000.0,Citadine,Essence,Automatique,4 cv,7.2021,no,essence,2021.0
Hyundai,Tucson,89000.0,99000.0,SUV,Diesel,Automatique,7 cv,3.2021,no,diesel,2021.0
Mercedes-Benz,Classe E,130000.0,165000.0,Berline,Essence,Automatique,9 cv,5.2018,no,essence,2018.0
GWM,Haval H6,52000.0,234000.0,SUV,Essence,Automatique,9 cv,1.2018,no,essence,2018.0
Renault,Express Van,48000.0,38000.0,Utilitaire,Diesel,Manuelle,5 cv,12.2023,no,diesel,2023.0
Mercedes-Benz,Classe C,67000.0,135000.0,Berline,Essence,Automatique,11 cv,5.2012,no,essence,2012.0
Porsche,Cayenne,64000.0,175000.0,SUV,Essence,Automatique,21 cv,5.2008,no,essence,2008.0
Porsche,Cayenne,325000.0,89000.0,SUV,Essence,Automatique,33 cv,10.2018,no,essence,2018.0
Mercedes-Benz,Classe C,129000.0,93000.0,Berline,Essence,Automatique,8 cv,9.2020,no,essence,2020.0
Toyota,Hilux Double Cabine,151000.0,89000.0,Pick up,Diesel,Manuelle,8 cv,7.2019,no,diesel,2019.0
Mercedes-Benz,EQA,149000.0,43000.0,SUV,Electrique,Automatique,6 cv,5.2022,no,electrique,2022.0
Jeep,Grand Cherokee,175000.0,190000.0,SUV,Diesel,Automatique,16 cv,5.2015,no,diesel,2015.0
Mercedes-Benz,Classe E,69000.0,208000.0,Berline,Essence,Automatique,10 cv,10.2013,no,essence,2013.0
Volkswagen,Polo,45000.0,86000.0,Citadine,Essence,Manuelle,4 cv,5.2021,no,essence,2021.0
BMW,X6,99000.0,193000.0,SUV,Diesel,Automatique,15 cv,5.2011,no,diesel,2011.0
Mercedes-Benz,GLA,129000.0,40000.0,SUV,Essence,Automatique,9 cv,8.2019,no,essence,2019.0
Peugeot,3008,31000.0,200000.0,Monospace,Essence,Manuelle,7 cv,6.2013,no,essence,2013.0
Mercedes-Benz,Classe E,75000.0,125000.0,Berline,Essence,Automatique,11 cv,10.2013,no,essence,2013.0
Chery,Tiggo 7 Pro,74000.0,116000.0,SUV,Essence,Automatique,9 cv,9.2021,no,essence,2021.0
Volkswagen,Polo,42000.0,160000.0,Citadine,Essence,Manuelle,4 cv,12.2020,no,essence,2020.0
Ford,Ecosport,58000.0,80000.0,SUV,Essence,Manuelle,7 cv,10.2018,no,essence,2018.0
Seat,Ibiza,55000.0,65000.0,Citadine,Essence,Manuelle,4 cv,11.2020,no,essence,2020.0
KIA,Rio 5p,57500.0,85000.0,Citadine,Essence,Manuelle,5 cv,9.2021,no,essence,2021.0
Volkswagen,Golf 7,68000.0,53000.0,Compacte,Essence,Manuelle,5 cv,10.2017,no,essence,2017.0
Audi,A4,79000.0,103000.0,Berline,Essence,Automatique,8 cv,10.2017,no,essence,2017.0
Peugeot,2008,89000.0,112000.0,SUV,Diesel,Automatique,6 cv,10.2020,no,diesel,2020.0
Citroën,C4 Cactus,58000.0,148000.0,Compacte,Diesel,Manuelle,5 cv,10.2019,no,diesel,2019.0
GWM,M4,39500.0,104000.0,SUV,Essence,Manuelle,6 cv,7.2018,no,essence,2018.0
Citroën,C4,39000.0,222000.0,Compacte,Diesel,Manuelle,6 cv,10.2014,no,diesel,2014.0
Seat,Leon,52000.0,96000.0,Compacte,Essence,Automatique,6 cv,10.2014,no,essence,2014.0
Ford,Mustang,115000.0,16000.0,Coupé,Essence,Automatique,28 cv,1.2010,no,essence,2010.0
Ford,Fusion,57000.0,85000.0,Berline,Essence,Manuelle,9 cv,12.2016,no,essence,2016.0
Jeep,Renegade,69000.0,74000.0,SUV,Essence,Automatique,8 cv,1.2019,no,essence,2019.0
KIA,Sportage,148600.0,39000.0,SUV,Essence,Automatique,10 cv,6.2022,no,essence,2022.0
Mercedes-Benz,GLA,115000.0,67000.0,SUV,Essence,Automatique,8 cv,8.2016,no,essence,2016.0
Mercedes-Benz,Classe E,59000.0,161000.0,Berline,Diesel,Automatique,12 cv,10.2009,no,diesel,2009.0
Volkswagen,Golf 8,83500.0,136000.0,Compacte,Hybride léger essence,Automatique,6 cv,1.2021,no,hybride,2021.0
Ford,Ecosport,58000.0,75000.0,SUV,Essence,Manuelle,7 cv,5.2020,no,essence,2020.0
Mazda,CX-3,78000.0,86000.0,SUV,Essence,Automatique,9 cv,8.2018,no,essence,2018.0
Peugeot,508,58000.0,171000.0,Berline,Diesel,Automatique,6 cv,5.2017,no,diesel,2017.0
KIA,Sorento,69000.0,210000.0,SUV,Diesel,Automatique,12 cv,11.2015,no,diesel,2015.0
Mercedes-Benz,Classe E,118000.0,154000.0,Berline,Essence,Automatique,10 cv,4.2016,no,essence,2016.0
Volkswagen,Passat,63000.0,104000.0,Berline,Essence,Manuelle,6 cv,7.2017,no,essence,2017.0
Mercedes-Benz,Classe E,115000.0,130000.0,Berline,Essence,Automatique,10 cv,8.2016,no,essence,2016.0
Suzuki,Jimny 3 portes,87000.0,51000.0,SUV,Essence,Automatique,6 cv,1.2023,no,essence,2023.0
Peugeot,308,60000.0,60000.0,Compacte,Diesel,Manuelle,5 cv,6.2020,no,diesel,2020.0
Volkswagen,Transporter Fourgon 6.1,67000.0,139000.0,Utilitaire,Diesel,Manuelle,7 cv,5.2019,no,diesel,2019.0
Alfa Romeo,Stelvio,137000.0,98000.0,SUV,Essence,Automatique,17 cv,12.2019,no,essence,2019.0
Mercedes-Benz,Classe E,128000.0,107000.0,Berline,Essence,Automatique,9 cv,5.2018,no,essence,2018.0
Mercedes-Benz,ML,68000.0,198000.0,SUV,Essence,Automatique,19 cv,5.2011,no,essence,2011.0
Ford,Fusion,67000.0,67000.0,Berline,Essence,Automatique,9 cv,7.2022,no,essence,2022.0
BMW,Série 3,59000.0,185000.0,Berline,Essence,Automatique,7 cv,4.2013,no,essence,2013.0
BMW,Série 3,64000.0,127000.0,Berline,Essence,Automatique,10 cv,9.2013,no,essence,2013.0
Mercedes-Benz,Classe C,124000.0,125000.0,Berline,Essence,Automatique,9 cv,7.2018,no,essence,2018.0
Mercedes-Benz,Classe C,197000.0,40000.0,Berline,Hybride léger essence,Automatique,9 cv,3.2024,no,hybride,2024.0
Audi,A1 Sportback,39500.0,199000.0,Citadine,Diesel,Automatique,5 cv,5.2012,no,diesel,2012.0
Jeep,Renegade,71000.0,77000.0,SUV,Essence,Automatique,8 cv,5.2020,no,essence,2020.0
Nissan,Qashqai,76000.0,111000.0,SUV,Essence,Automatique,6 cv,10.2020,no,essence,2020.0
Mercedes-Benz,Classe E,129000.0,190000.0,Berline,Essence,Automatique,9 cv,1.2021,no,essence,2021.0
Mercedes-Benz,Classe E,110000.0,187000.0,Berline,Essence,Automatique,10 cv,10.2016,no,essence,2016.0
Volkswagen,Golf 8,75000.0,177000.0,Compacte,Essence,Automatique,6 cv,10.2021,no,essence,2021.0
Mercedes-Benz,Classe C,115000.0,156000.0,Berline,Diesel,Automatique,7 cv,3.2020,no,diesel,2020.0
Mercedes-Benz,CLA,158000.0,65000.0,Berline,Hybride rechargeable essence,Automatique,8 cv,2.2021,no,hybride,2021.0
Mercedes-Benz,Classe C,85000.0,164000.0,Berline,Essence,Automatique,9 cv,1.2014,no,essence,2014.0
Volkswagen,Amarok,115000.0,140000.0,Pick up,Diesel,Automatique,7 cv,2.2017,no,diesel,2017.0
Ssangyong,Tivoli,58000.0,88700.0,SUV,Essence,Automatique,8 cv,1.2018,no,essence,2018.0
Peugeot,Partner,47900.0,149000.0,Utilitaire,Diesel,Manuelle,5 cv,5.2021,no,diesel,2021.0
Ford,Kuga,94000.0,59000.0,SUV,Essence,Automatique,8 cv,6.2022,no,essence,2022.0
Mercedes-Benz,Classe C,95000.0,54667.0,Berline,Essence,Manuelle,8 cv,7.2017,no,essence,2017.0
Mercedes-Benz,Classe A,102000.0,110000.0,Compacte,Essence,Automatique,7 cv,6.2019,no,essence,2019.0
Mercedes-Benz,CLA,127000.0,85000.0,Berline,Essence,Automatique,7 cv,7.2021,no,essence,2021.0
Land Rover,Range Rover Evoque,159000.0,110000.0,SUV,Hybride rechargeable essence,Automatique,11 cv,9.2021,no,hybride,2021.0
Mercedes-Benz,Classe A,169000.0,15000.0,Compacte,Hybride léger essence,Automatique,8 cv,6.2023,no,hybride,2023.0
Mercedes-Benz,Classe C,142200.0,147000.0,Berline,Essence,Automatique,8 cv,8.2019,no,essence,2019.0
Mercedes-Benz,CLA,140000.0,69000.0,Berline,Hybride rechargeable essence,Automatique,8 cv,1.2021,no,hybride,2021.0
BMW,Série 4 Gran Coupé,105000.0,79000.0,Berline,Essence,Automatique,7 cv,11.2019,no,essence,2019.0
Land Rover,Range Rover Evoque,102000.0,160000.0,SUV,Diesel,Automatique,10 cv,11.2016,no,diesel,2016.0
BMW,Série 4 Gran Coupé,122000.0,90000.0,Berline,Essence,Automatique,7 cv,6.2019,no,essence,2019.0
Mercedes-Benz,Classe S,102000.0,165000.0,Berline,Essence,Automatique,18 cv,4.2010,no,essence,2010.0
Porsche,Cayenne,122000.0,195000.0,SUV,Essence,Automatique,21 cv,7.2012,no,essence,2012.0
BMW,Série 3,55000.0,161000.0,Berline,Essence,Automatique,7 cv,12.2012,no,essence,2012.0
Renault,Captur,69000.0,66000.0,SUV,Essence,Manuelle,5 cv,10.2021,no,essence,2021.0
Mercedes-Benz,Classe C,133000.0,98000.0,Berline,Diesel,Automatique,8 cv,3.2021,no,diesel,2021.0
Peugeot,2008,57000.0,11000.0,SUV,Essence,Automatique,5 cv,2.2021,no,essence,2021.0
Ford,Ecosport,55000.0,79000.0,SUV,Essence,Automatique,7 cv,4.2019,no,essence,2019.0
Mercedes-Benz,Classe C coupé,56000.0,200000.0,Coupé,Essence,Manuelle,9 cv,5.2012,no,essence,2012.0
Volkswagen,Polo,58000.0,80500.0,Citadine,Essence,Manuelle,4 cv,4.2022,no,essence,2022.0
Peugeot,208,43500.0,119000.0,Citadine,Diesel,Manuelle,5 cv,1.2021,no,diesel,2021.0
Renault,Megane,65000.0,55000.0,Compacte,Hybride rechargeable essence,Automatique,6 cv,2.2022,no,hybride,2022.0
Peugeot,308,52500.0,150000.0,Compacte,Diesel,Manuelle,5 cv,2.2021,no,diesel,2021.0
Volkswagen,Passat,98000.0,112000.0,Berline,Hybride rechargeable essence,Automatique,8 cv,2.2021,no,hybride,2021.0
Volkswagen,Tiguan,89000.0,108000.0,SUV,Essence,Automatique,12 cv,3.2019,no,essence,2019.0
Hyundai,Accent,39500.0,110000.0,Berline,Essence,Automatique,6 cv,3.2017,no,essence,2017.0
Mercedes-Benz,GLA,169000.0,35000.0,SUV,Hybride rechargeable essence,Automatique,8 cv,2.2022,no,hybride,2022.0
Volkswagen,Golf 8,76500.0,153000.0,Compacte,Essence,Automatique,6 cv,10.2021,no,essence,2021.0
Audi,A3 Sportback,129000.0,98000.0,Compacte,Hybride rechargeable essence,Automatique,8 cv,1.2022,no,hybride,2022.0
Audi,A3,57000.0,215000.0,Compacte,Diesel,Manuelle,6 cv,1.2017,no,diesel,2017.0
Volkswagen,Golf 8,89500.0,76000.0,Compacte,Essence,Manuelle,7 cv,3.2021,no,essence,2021.0
Dacia,Sandero Stepway,47500.0,98000.0,SUV,Essence,Manuelle,5 cv,2.2021,no,essence,2021.0
Audi,A3 Sportback,87000.0,158000.0,Compacte,Diesel,Manuelle,6 cv,2.2021,no,diesel,2021.0
Audi,Q3 Sportback,159000.0,70000.0,SUV,Hybride rechargeable essence,Automatique,8 cv,11.2021,no,hybride,2021.0
Land Rover,Range Rover Velar,312000.0,49000.0,SUV,Essence,Automatique,16 cv,4.2022,no,essence,2022.0
Suzuki,Jimny 5 portes,119000.0,100.0,SUV,Essence,Automatique,6 cv,7.2025,no,essence,2025.0
Land Rover,Discovery Sport,95000.0,190000.0,SUV,Diesel,Automatique,9 cv,2.2016,no,diesel,2016.0
Porsche,Cayenne,87000.0,90000.0,SUV,Essence,Automatique,21 cv,2.2008,no,essence,2008.0
Fiat,500,55000.0,43000.0,Citadine,Essence,Automatique,4 cv,6.2022,no,essence,2022.0
Volkswagen,Golf 7,54000.0,160000.0,Compacte,Essence,Manuelle,5 cv,8.2016,no,essence,2016.0
Mercedes-Benz,CLA,135000.0,50000.0,Berline,Essence,Automatique,7 cv,1.2020,no,essence,2020.0
Porsche,Panamera,245000.0,79000.0,Berline,Essence,Automatique,33 cv,7.2014,no,essence,2014.0
Mercedes-Benz,Classe C,135000.0,67000.0,Berline,Essence,Automatique,8 cv,12.2020,no,essence,2020.0
Peugeot,208,55000.0,25000.0,Citadine,Essence,Manuelle,6 cv,1.2021,no,essence,2021.0
Volkswagen,T-roc,69000.0,85000.0,SUV,Essence,Manuelle,6 cv,2.2019,no,essence,2019.0
Hyundai,Tucson,147000.0,35000.0,SUV,Hybride léger essence,Automatique,11 cv,10.2022,no,hybride,2022.0
Mercedes-Benz,CLA,145000.0,48000.0,Berline,Essence,Automatique,8 cv,12.2021,no,essence,2021.0
Chevrolet,Captiva,86000.0,18000.0,SUV,Essence,Automatique,9 cv,10.2023,no,essence,2023.0
Citroën,C3,39500.0,85000.0,Citadine,Essence,Manuelle,4 cv,6.2019,no,essence,2019.0
Hyundai,i20,66500.0,15000.0,Citadine,Essence,Manuelle,4 cv,5.2025,no,essence,2025.0
KIA,Stonic,65000.0,140000.0,SUV,Essence,Manuelle,6 cv,2.2021,no,essence,2021.0
BMW,X4,98000.0,150000.0,SUV,Essence,Automatique,11 cv,10.2016,no,essence,2016.0
KIA,Sportage,68000.0,149000.0,SUV,Essence,Automatique,8 cv,3.2018,no,essence,2018.0
Audi,Q8,350000.0,22000.0,SUV,Hybride léger essence,Automatique,23 cv,7.2021,no,hybride,2021.0
Alfa Romeo,Giulietta,49000.0,85000.0,Compacte,Essence,Manuelle,7 cv,5.2018,no,essence,2018.0
BMW,Série 3,85000.0,100000.0,Berline,Essence,Automatique,7 cv,11.2019,no,essence,2019.0
Hyundai,Kona,117000.0,14000.0,SUV,Hybride essence,Automatique,5 cv,1.2025,no,hybride,2025.0
Audi,Q3,98000.0,64000.0,SUV,Essence,Automatique,8 cv,6.2017,no,essence,2017.0
GWM,Haval H6,75000.0,99000.0,SUV,Essence,Automatique,9 cv,3.2021,no,essence,2021.0
Chery,Tiggo 3X,51000.0,30000.0,SUV,Essence,Automatique,6 cv,1.2022,no,essence,2022.0
KIA,Cerato,38500.0,51000.0,Berline,Essence,Manuelle,7 cv,9.2010,no,essence,2010.0
Jeep,Renegade,85000.0,35000.0,SUV,Essence,Automatique,8 cv,3.2022,no,essence,2022.0
Seat,Leon,69000.0,85000.0,Compacte,Essence,Manuelle,6 cv,8.2020,no,essence,2020.0
Mercedes-Benz,GLA,179000.0,56000.0,SUV,Diesel,Automatique,8 cv,6.2021,no,diesel,2021.0
Volkswagen,Polo,45000.0,87000.0,Citadine,Essence,Manuelle,4 cv,1.2022,no,essence,2022.0
KIA,Rio 5p,72000.0,45000.0,Citadine,Essence,Automatique,6 cv,4.2023,no,essence,2023.0
BMW,Série 4 Gran Coupé,225000.0,100000.0,Berline,Essence,Automatique,10 cv,8.2023,no,essence,2023.0
Alfa Romeo,Giulietta,51000.0,80000.0,Compacte,Essence,Manuelle,7 cv,4.2018,no,essence,2018.0
Toyota,Agya,43800.0,33000.0,Citadine,Essence,Automatique,5 cv,6.2023,no,essence,2023.0
KIA,Seltos,145005.0,18000.0,SUV,Essence,Automatique,8 cv,12.2024,no,essence,2024.0
Nissan,Qashqai,139000.0,11000.0,SUV,Hybride léger essence,Automatique,7 cv,5.2024,no,hybride,2024.0
Audi,Q5,158000.0,149000.0,SUV,Hybride léger diesel,Automatique,9 cv,7.2020,no,hybride,2020.0
Audi,A4,52000.0,67000.0,Berline,Essence,Manuelle,7 cv,7.2015,no,essence,2015.0
Mercedes-Benz,Classe C,148000.0,125000.0,Berline,Hybride léger essence,Automatique,9 cv,11.2019,no,hybride,2019.0
Land Rover,Range Rover Sport,255000.0,148000.0,SUV,Diesel,Automatique,20 cv,9.2019,no,diesel,2019.0
Audi,A5 Sportback,115000.0,140000.0,Berline,Essence,Automatique,8 cv,1.2020,no,essence,2020.0
Peugeot,508,35000.0,200000.0,Berline,Essence,Automatique,9 cv,1.2013,no,essence,2013.0
Hyundai,Tucson,98000.0,40000.0,SUV,Essence,Automatique,9 cv,1.2022,no,essence,2022.0
BMW,Série 1,46000.0,137000.0,Compacte,Diesel,Manuelle,6 cv,6.2012,no,diesel,2012.0
Land Rover,Range Rover Evoque,225000.0,50000.0,SUV,Diesel,Automatique,9 cv,6.2024,no,diesel,2024.0
Audi,Q5,135000.0,83000.0,SUV,Diesel,Manuelle,8 cv,7.2017,no,diesel,2017.0
Mercedes-Benz,Classe C,179000.0,90000.0,Berline,Hybride léger essence,Automatique,9 cv,2.2022,no,hybride,2022.0
Renault,Clio,51000.0,100000.0,Citadine,Essence,Manuelle,5 cv,2.2020,no,essence,2020.0
KIA,Sportage,94500.0,69000.0,SUV,Essence,Automatique,11 cv,6.2020,no,essence,2020.0
KIA,Sportage,80000.0,130000.0,SUV,Essence,Automatique,8 cv,5.2021,no,essence,2021.0
Volkswagen,Golf 6,46000.0,177000.0,Compacte,Diesel,Manuelle,6 cv,5.2012,no,diesel,2012.0
Ssangyong,Tivoli,69000.0,85000.0,SUV,Essence,Manuelle,6 cv,10.2022,no,essence,2022.0
Volkswagen,Tiguan,200000.0,22000.0,SUV,Hybride léger essence,Automatique,8 cv,6.2024,no,hybride,2024.0
GWM,Haval H6,89000.0,85000.0,SUV,Essence,Automatique,8 cv,4.2022,no,essence,2022.0
Mercedes-Benz,Classe A,93500.0,200000.0,Compacte,Diesel,Automatique,6 cv,2.2019,no,diesel,2019.0
Chery,Tiggo 8 Pro,91000.0,11000.0,SUV,Essence,Automatique,11 cv,7.2023,no,essence,2023.0
Mercedes-Benz,Classe C,99000.0,140000.0,Berline,Essence,Automatique,8 cv,5.2017,no,essence,2017.0
KIA,Sportage,78000.0,90000.0,SUV,Essence,Automatique,8 cv,7.2018,no,essence,2018.0
Toyota,C-HR,89500.0,57000.0,SUV,Essence,Automatique,6 cv,5.2023,no,essence,2023.0
Renault,Captur,36000.0,200000.0,SUV,Essence,Manuelle,5 cv,11.2016,no,essence,2016.0
Volkswagen,Golf 8,180000.0,15000.0,Compacte,Essence,Automatique,8 cv,4.2024,no,essence,2024.0
Mahindra,KUV 100,33000.0,80000.0,SUV,Essence,Manuelle,5 cv,10.2022,no,essence,2022.0
KIA,Sportage,93000.0,126000.0,SUV,Hybride léger diesel,Automatique,7 cv,3.2021,no,hybride,2021.0
KIA,Sportage,92000.0,88000.0,SUV,Essence,Automatique,8 cv,7.2021,no,essence,2021.0
BMW,Série 3,69000.0,177000.0,Berline,Essence,Automatique,7 cv,9.2015,no,essence,2015.0
Ford,Ranger Raptor,195000.0,45000.0,Pick up,Diesel,Automatique,7 cv,10.2021,no,diesel,2021.0
GWM,Haval H6,61000.0,125000.0,SUV,Essence,Automatique,9 cv,5.2018,no,essence,2018.0
Volkswagen,Golf 6,42000.0,206000.0,Compacte,Essence,Automatique,7 cv,5.2012,no,essence,2012.0
Volkswagen,Jetta,37500.0,200000.0,Berline,Essence,Automatique,7 cv,7.2013,no,essence,2013.0
KIA,Sportage,136000.0,17000.0,SUV,Essence,Automatique,10 cv,7.2023,no,essence,2023.0
KIA,Seltos,115000.0,1000.0,SUV,Essence,Automatique,8 cv,10.2024,no,essence,2024.0
Mercedes-Benz,Classe C coupé,125000.0,96000.0,Coupé,Essence,Automatique,9 cv,1.2016,no,essence,2016.0
Mercedes-Benz,Classe C,85000.0,150000.0,Berline,Essence,Automatique,9 cv,4.2016,no,essence,2016.0
Toyota,Hilux Double Cabine,290000.0,3000.0,Pick up,Diesel,Automatique,8 cv,3.2024,no,diesel,2024.0
Toyota,RAV 4,102000.0,200000.0,SUV,Hybride essence,Automatique,9 cv,3.2020,no,hybride,2020.0
GWM,Haval Jolion,79000.0,65000.0,SUV,Essence,Automatique,9 cv,8.2021,no,essence,2021.0
Mercedes-Benz,GLC Coupé,185000.0,150000.0,SUV,Diesel,Automatique,11 cv,5.2018,no,diesel,2018.0
Mercedes-Benz,Classe E,155000.0,80000.0,Berline,Essence,Automatique,11 cv,2.2020,no,essence,2020.0
GWM,Haval H2,59000.0,60000.0,SUV,Essence,Automatique,9 cv,3.2021,no,essence,2021.0
Nissan,Qashqai,68000.0,90000.0,SUV,Essence,Automatique,6 cv,12.2019,no,essence,2019.0
Mercedes-Benz,GLC,145000.0,105000.0,SUV,Essence,Automatique,12 cv,1.2018,no,essence,2018.0
Volkswagen,Golf 7,58000.0,220000.0,Compacte,Essence,Manuelle,5 cv,7.2015,no,essence,2015.0
Toyota,C-HR,93500.0,65000.0,SUV,Essence,Automatique,6 cv,9.2022,no,essence,2022.0
Volkswagen,Taigo,69500.0,95000.0,SUV,Essence,Manuelle,5 cv,8.2022,no,essence,2022.0
BMW,X1,119000.0,68000.0,SUV,Essence,Automatique,8 cv,1.2022,no,essence,2022.0
BMW,Série 2 Gran Coupé,136000.0,69000.0,Berline,Essence,Automatique,8 cv,11.2022,no,essence,2022.0
KIA,Sportage,98000.0,69000.0,SUV,Essence,Automatique,11 cv,2.2020,no,essence,2020.0
GWM,Haval Jolion,79000.0,60000.0,SUV,Essence,Automatique,9 cv,3.2022,no,essence,2022.0
KIA,Sportage,85000.0,30000.0,SUV,Essence,Automatique,8 cv,2.2018,no,essence,2018.0
Audi,Q5,195000.0,111000.0,SUV,Essence,Automatique,12 cv,6.2020,no,essence,2020.0
Mercedes-Benz,GLE,290000.0,109000.0,SUV,Hybride léger essence,Automatique,12 cv,3.2021,no,hybride,2021.0
GWM,Poer AT,118000.0,14000.0,Pick up,Diesel,Automatique,7 cv,4.2024,no,diesel,2024.0
Mercedes-Benz,Classe C,234800.0,16000.0,Berline,Hybride léger essence,Automatique,9 cv,11.2023,no,hybride,2023.0
Mercedes-Benz,Classe C,220000.0,37000.0,Berline,Hybride léger essence,Automatique,9 cv,1.2023,no,hybride,2023.0
Volkswagen,Golf 8,230000.0,38000.0,Compacte,Essence,Automatique,19 cv,1.2022,no,essence,2022.0
Mercedes-Benz,GLA,105000.0,139000.0,SUV,Essence,Automatique,7 cv,5.2020,no,essence,2020.0
Mercedes-Benz,Classe A,63500.0,155000.0,Compacte,Essence,Manuelle,6 cv,7.2016,no,essence,2016.0
Toyota,Agya,35500.0,160000.0,Citadine,Essence,Manuelle,5 cv,1.2022,no,essence,2022.0
Peugeot,E-208,63000.0,40000.0,Citadine,Electrique,Automatique,4 cv,8.2021,no,electrique,2021.0
Mercedes-Benz,Classe C,147000.0,90000.0,Berline,Essence,Automatique,8 cv,8.2020,no,essence,2020.0
Volkswagen,Tiguan,71000.0,180000.0,SUV,Essence,Automatique,8 cv,11.2016,no,essence,2016.0
Volkswagen,Tiguan,67000.0,150000.0,SUV,Essence,Automatique,9 cv,7.2015,no,essence,2015.0
GWM,Haval H6,120000.0,7000.0,SUV,Essence,Automatique,8 cv,3.2023,no,essence,2023.0
Peugeot,308,52000.0,33000.0,Compacte,Essence,Manuelle,6 cv,8.2020,no,essence,2020.0
Hyundai,i20,65000.0,60000.0,Citadine,Essence,Automatique,5 cv,8.2021,no,essence,2021.0
Audi,Q3,155000.0,70000.0,SUV,Essence,Automatique,9 cv,3.2023,no,essence,2023.0
Land Rover,Discovery,269000.0,3000.0,SUV,Diesel,Automatique,16 cv,1.2019,no,diesel,2019.0
Mercedes-Benz,Classe S,250000.0,50000.0,Berline,Diesel,Automatique,15 cv,4.2014,no,diesel,2014.0
Mercedes-Benz,GLA,95000.0,150000.0,SUV,Diesel,Automatique,9 cv,5.2017,no,diesel,2017.0
GWM,Haval H6,94500.0,80000.0,SUV,Essence,Automatique,8 cv,3.2022,no,essence,2022.0
Volkswagen,Golf 8,138000.0,50000.0,Compacte,Essence,Automatique,8 cv,8.2023,no,essence,2023.0
KIA,Sonet,94000.0,74000.0,SUV,Essence,Automatique,6 cv,8.2023,no,essence,2023.0
Volkswagen,Tiguan,157000.0,77000.0,SUV,Hybride rechargeable essence,Automatique,8 cv,7.2021,no,hybride,2021.0
Nissan,Juke,47500.0,150000.0,SUV,Essence,Automatique,6 cv,12.2013,no,essence,2013.0
Citroën,C3,40900.0,80000.0,Citadine,Essence,Manuelle,4 cv,10.2018,no,essence,2018.0
BMW,Z4,98000.0,147000.0,Cabriolet,Essence,Automatique,13 cv,3.2010,no,essence,2010.0
Mercedes-Benz,Classe C,99000.0,168000.0,Berline,Essence,Automatique,8 cv,8.2015,no,essence,2015.0
Mercedes-Benz,Classe A Berline,128000.0,34000.0,Berline,Essence,Manuelle,6 cv,9.2020,no,essence,2020.0
Chevrolet,Sonic,43000.0,188000.0,Citadine,Essence,Manuelle,5 cv,9.2020,no,essence,2020.0
Volkswagen,Passat,100000.0,120000.0,Berline,Essence,Automatique,7 cv,5.2019,no,essence,2019.0
Mercedes-Benz,Classe E,139000.0,149000.0,Berline,Essence,Automatique,10 cv,12.2016,no,essence,2016.0
Land Rover,Range Rover Evoque,98000.0,175000.0,SUV,Essence,Automatique,15 cv,1.2016,no,essence,2016.0
Fiat,Tipo Berline,59000.0,43000.0,Berline,Essence,Manuelle,5 cv,2.2023,no,essence,2023.0
Hyundai,Tucson,118000.0,75000.0,SUV,Essence,Automatique,10 cv,1.2022,no,essence,2022.0
Honda,HR-V,86000.0,70000.0,SUV,Essence,Automatique,7 cv,7.2020,no,essence,2020.0
Porsche,Macan,350000.0,23000.0,SUV,Essence,Automatique,17 cv,3.2022,no,essence,2022.0
BMW,X6,265000.0,90000.0,SUV,Diesel,Automatique,16 cv,11.2019,no,diesel,2019.0
Audi,A3 Sportback,135000.0,1377.0,Compacte,Essence,Automatique,8 cv,9.2023,no,essence,2023.0
KIA,Seltos,105000.0,26000.0,SUV,Essence,Automatique,7 cv,10.2023,no,essence,2023.0
Land Rover,Range Rover Sport,350000.0,57000.0,SUV,Diesel,Automatique,21 cv,3.2018,no,diesel,2018.0
Mercedes-Benz,Classe A,128000.0,35000.0,Compacte,Hybride rechargeable essence,Automatique,8 cv,7.2021,no,hybride,2021.0
BMW,Série 7,85000.0,200000.0,Berline,Essence,Automatique,32 cv,2.2010,no,essence,2010.0
Hyundai,Tucson,98000.0,80000.0,SUV,Diesel,Automatique,7 cv,7.2020,no,diesel,2020.0
Land Rover,Range Rover Sport,150000.0,200000.0,SUV,Diesel,Automatique,19 cv,7.2016,no,diesel,2016.0
BMW,Série 1,106000.0,100000.0,Compacte,Essence,Automatique,8 cv,6.2020,no,essence,2020.0
Skoda,Octavia,83000.0,135000.0,Berline,Diesel,Automatique,7 cv,8.2021,no,diesel,2021.0
Mercedes-Benz,GLC Coupé,235000.0,79000.0,SUV,Hybride léger essence,Automatique,12 cv,3.2020,no,hybride,2020.0
BMW,X1,81000.0,121000.0,SUV,Essence,Automatique,7 cv,3.2017,no,essence,2017.0
Mercedes-Benz,Classe C,85000.0,44000.0,Berline,Essence,Manuelle,9 cv,4.2012,no,essence,2012.0
Mercedes-Benz,Classe S,259000.0,76000.0,Berline,Diesel,Automatique,17 cv,8.2018,no,diesel,2018.0
Suzuki,Jimny 3 portes,92000.0,26000.0,SUV,Essence,Automatique,6 cv,9.2023,no,essence,2023.0
Volkswagen,Golf 8,128000.0,50000.0,Compacte,Essence,Automatique,7 cv,10.2020,no,essence,2020.0
Mercedes-Benz,GLA,88000.0,190000.0,SUV,Essence,Automatique,7 cv,8.2015,no,essence,2015.0
Land Rover,Discovery Sport,98000.0,170000.0,SUV,Essence,Automatique,15 cv,7.2015,no,essence,2015.0
Land Rover,Range Rover Evoque,179000.0,94000.0,SUV,Diesel,Automatique,9 cv,5.2020,no,diesel,2020.0
MG,HS,98000.0,35000.0,SUV,Essence,Automatique,15 cv,9.2021,no,essence,2021.0
Hyundai,Tucson,125000.0,75000.0,SUV,Hybride léger diesel,Automatique,7 cv,6.2021,no,hybride,2021.0
Mercedes-Benz,CLA,78000.0,220000.0,Berline,Diesel,Manuelle,5 cv,4.2018,no,diesel,2018.0
BMW,Série 2 Gran Coupé,135000.0,79000.0,Berline,Essence,Automatique,8 cv,1.2021,no,essence,2021.0
Mercedes-Benz,Classe A,138000.0,48000.0,Compacte,Essence,Automatique,8 cv,1.2020,no,essence,2020.0
Land Rover,Range Rover Sport,169000.0,170000.0,SUV,Diesel,Automatique,14 cv,3.2018,no,diesel,2018.0
BMW,X4,110000.0,159000.0,SUV,Essence,Automatique,11 cv,11.2016,no,essence,2016.0
Volkswagen,Polo,63000.0,95000.0,Citadine,Essence,Manuelle,6 cv,3.2022,no,essence,2022.0
Mercedes-Benz,GLA,165000.0,44000.0,SUV,Essence,Automatique,9 cv,1.2021,no,essence,2021.0
BMW,Série 4 Coupé,99000.0,179000.0,Coupé,Essence,Automatique,10 cv,1.2015,no,essence,2015.0
Porsche,Cayenne,105000.0,150000.0,SUV,Essence,Automatique,21 cv,1.2011,no,essence,2011.0
Porsche,Cayenne,249000.0,130000.0,SUV,Diesel,Automatique,15 cv,2.2016,no,diesel,2016.0
Chery,Tiggo 7 Pro,79500.0,45000.0,SUV,Essence,Automatique,9 cv,5.2022,no,essence,2022.0
Land Rover,Discovery Sport,140000.0,42000.0,SUV,Essence,Automatique,15 cv,1.2016,no,essence,2016.0
Volkswagen,T-roc,79000.0,85000.0,SUV,Essence,Manuelle,6 cv,9.2020,no,essence,2020.0
Volkswagen,Polo,65500.0,70000.0,Citadine,Essence,Manuelle,4 cv,1.2020,no,essence,2020.0
Audi,Q8,360000.0,22000.0,SUV,Hybride léger essence,Automatique,23 cv,8.2021,no,hybride,2021.0
Skoda,Superb,125000.0,60000.0,Berline,Essence,Automatique,8 cv,9.2021,no,essence,2021.0
Toyota,Hilux Double Cabine,231000.0,3000.0,Pick up,Diesel,Automatique,8 cv,2.2024,no,diesel,2024.0
Volkswagen,Passat,106000.0,60000.0,Berline,Essence,Automatique,8 cv,12.2019,no,essence,2019.0
Volkswagen,Tiguan,90000.0,60000.0,SUV,Essence,Automatique,7 cv,2.2018,no,essence,2018.0
BMW,Série 7,55000.0,220000.0,Berline,Essence,Automatique,22 cv,1.2008,no,essence,2008.0
Fiat,Grande Punto,24500.0,208000.0,Citadine,Essence,Manuelle,4 cv,3.2011,no,essence,2011.0
BMW,Série 3,62000.0,214000.0,Berline,Essence,Automatique,7 cv,6.2015,no,essence,2015.0
Volkswagen,Golf 6,39900.0,263000.0,Compacte,Essence,Manuelle,5 cv,11.2010,no,essence,2010.0
Seat,Ibiza,48500.0,91000.0,Citadine,Essence,Manuelle,4 cv,9.2020,no,essence,2020.0
KIA,Rio Berline,49900.0,90000.0,Berline,Essence,Automatique,6 cv,7.2019,no,essence,2019.0
KIA,Picanto,41500.0,108000.0,Citadine,Essence,Automatique,4 cv,9.2021,no,essence,2021.0
KIA,Rio Berline,41900.0,160000.0,Berline,Essence,Manuelle,6 cv,7.2020,no,essence,2020.0
KIA,Sportage,71900.0,103000.0,SUV,Essence,Automatique,8 cv,6.2017,no,essence,2017.0
Isuzu,D-Max Simple Cabine,63000.0,176000.0,Pick up,Diesel,Manuelle,8 cv,3.2019,no,diesel,2019.0
Renault,Megane coupé,35000.0,116000.0,Coupé,Essence,Manuelle,7 cv,8.2010,no,essence,2010.0
Audi,Q3 Sportback,125000.0,98000.0,SUV,Essence,Manuelle,8 cv,12.2020,no,essence,2020.0
Volkswagen,Polo,43000.0,88000.0,Citadine,Essence,Manuelle,4 cv,12.2021,no,essence,2021.0
KIA,Sportage,44500.0,275000.0,SUV,Diesel,Automatique,11 cv,6.2013,no,diesel,2013.0
Volkswagen,Passat,48500.0,239000.0,Berline,Diesel,Manuelle,5 cv,6.2013,no,diesel,2013.0
Peugeot,208,35000.0,200000.0,Citadine,Essence,Manuelle,5 cv,5.2021,no,essence,2021.0
GWM,Poer MT,88000.0,100000.0,Pick up,Diesel,Manuelle,11 cv,3.2023,no,diesel,2023.0
Peugeot,108,29000.0,90000.0,Citadine,Essence,Manuelle,4 cv,11.2016,no,essence,2016.0
Skoda,Superb,98000.0,85000.0,Berline,Essence,Automatique,8 cv,6.2022,no,essence,2022.0
Chevrolet,Captiva,87000.0,23000.0,SUV,Essence,Automatique,9 cv,12.2023,no,essence,2023.0
BMW,X5,75000.0,211000.0,SUV,Essence,Automatique,19 cv,10.2010,no,essence,2010.0
Nissan,Micra,28500.0,143000.0,Citadine,Essence,Manuelle,5 cv,5.2017,no,essence,2017.0
Peugeot,208,40500.0,45000.0,Citadine,Essence,Manuelle,4 cv,8.2023,no,essence,2023.0
KIA,Rio 5p,50000.0,67000.0,Citadine,Essence,Manuelle,5 cv,1.2023,no,essence,2023.0
KIA,Sportage,119000.0,119000.0,SUV,Essence,Automatique,10 cv,3.2023,no,essence,2023.0
Volkswagen,Amarok,56900.0,219000.0,Pick up,Diesel,Manuelle,8 cv,1.2013,no,diesel,2013.0
Ford,Ecosport,59900.0,99000.0,SUV,Essence,Automatique,7 cv,2.2021,no,essence,2021.0
Peugeot,Bipper Tepee,34500.0,150000.0,Monospace,Essence,Manuelle,5 cv,9.2013,no,essence,2013.0
Volkswagen,Caddy,45000.0,97000.0,Utilitaire,Diesel,Manuelle,5 cv,2.2020,no,diesel,2020.0
Hyundai,Grand i10,45500.0,37000.0,Citadine,Essence,Manuelle,4 cv,10.2023,no,essence,2023.0
MG,GT,74000.0,58000.0,Berline,Essence,Automatique,7 cv,6.2024,no,essence,2024.0
Dacia,Duster,34000.0,141000.0,SUV,Essence,Manuelle,7 cv,10.2014,no,essence,2014.0
Volkswagen,Polo,61500.0,83000.0,Citadine,Essence,Manuelle,4 cv,4.2021,no,essence,2021.0
BMW,Série 3,42500.0,128000.0,Berline,Essence,Manuelle,7 cv,1.2010,no,essence,2010.0
KIA,Picanto,56000.0,0.0,Citadine,Essence,Manuelle,5 cv,10.2025,no,essence,2025.0
BMW,Série 3,42500.0,167000.0,Berline,Essence,Manuelle,7 cv,6.2009,no,essence,2009.0
KIA,Cerato KOUP,34900.0,145000.0,Coupé,Essence,Automatique,7 cv,3.2012,no,essence,2012.0
Mercedes-Benz,Classe C,249000.0,11000.0,Berline,Hybride léger essence,Automatique,9 cv,12.2024,no,hybride,2024.0
Mercedes-Benz,Classe GL,180000.0,94000.0,SUV,Diesel,Automatique,16 cv,5.2016,no,diesel,2016.0
Mercedes-Benz,Classe E,56000.0,195000.0,Berline,Diesel,Automatique,11 cv,11.2009,no,diesel,2009.0
Fiat,Fiorino,38000.0,31000.0,Utilitaire,Diesel,Manuelle,5 cv,8.2024,no,diesel,2024.0
Toyota,RAV 4,65000.0,155000.0,SUV,Diesel,Manuelle,8 cv,6.2012,no,diesel,2012.0
Chery,Tiggo 3X,50000.0,66000.0,SUV,Essence,Automatique,6 cv,10.2022,no,essence,2022.0
KIA,Sportage,100000.0,140000.0,SUV,Essence,Automatique,11 cv,9.2021,no,essence,2021.0
Mercedes-Benz,GLC Coupé,129000.0,130000.0,SUV,Diesel,Automatique,9 cv,10.2018,no,diesel,2018.0
Mercedes-Benz,Classe C,74500.0,119000.0,Berline,Essence,Manuelle,8 cv,11.2014,no,essence,2014.0
Volkswagen,Polo Sedan,51000.0,80000.0,Berline,Essence,Manuelle,5 cv,5.2022,no,essence,2022.0
Dacia,Dokker Van,29000.0,154000.0,Utilitaire,Diesel,Manuelle,5 cv,5.2021,no,diesel,2021.0
Hyundai,Tucson,98000.0,77000.0,SUV,Diesel,Manuelle,6 cv,3.2023,no,diesel,2023.0
Mazda,3,49000.0,212000.0,Compacte,Essence,Manuelle,6 cv,5.2018,no,essence,2018.0
Audi,A3,52000.0,194000.0,Compacte,Essence,Manuelle,5 cv,4.2014,no,essence,2014.0
GWM,Haval H6,75900.0,95000.0,SUV,Essence,Automatique,9 cv,2.2020,no,essence,2020.0
Mercedes-Benz,Classe E,49900.0,297000.0,Berline,Essence,Automatique,11 cv,12.2011,no,essence,2011.0
Nissan,Juke,34900.0,224000.0,SUV,Essence,Manuelle,5 cv,12.2013,no,essence,2013.0
Peugeot,Landtrek Simple Cabine,53000.0,133000.0,Pick up,Diesel,Manuelle,6 cv,2.2023,no,diesel,2023.0
Suzuki,Swift,39000.0,132000.0,Citadine,Essence,Manuelle,5 cv,7.2021,no,essence,2021.0
Suzuki,Baleno,90000.0,68000.0,Compacte,Essence,Automatique,6 cv,6.2024,no,essence,2024.0
KIA,Sportage,105000.0,98000.0,SUV,Diesel,Automatique,7 cv,8.2021,no,diesel,2021.0
Mercedes-Benz,Classe E,195000.0,57000.0,Berline,Hybride rechargeable essence,Automatique,10 cv,11.2021,no,hybride,2021.0
Mercedes-Benz,Classe C,68000.0,221000.0,Berline,Essence,Automatique,11 cv,1.2013,no,essence,2013.0
Mercedes-Benz,Classe A,99000.0,189000.0,Compacte,Diesel,Automatique,6 cv,7.2019,no,diesel,2019.0
Hyundai,i20,43500.0,82000.0,Citadine,Essence,Manuelle,5 cv,11.2018,no,essence,2018.0
MG,3,45000.0,96000.0,Citadine,Essence,Automatique,7 cv,11.2021,no,essence,2021.0
Mazda,6,44900.0,190000.0,Berline,Essence,Automatique,9 cv,1.2015,no,essence,2015.0
Citroën,Berlingo,35000.0,155000.0,Utilitaire,Diesel,Manuelle,7 cv,5.2011,no,diesel,2011.0
Mercedes-Benz,GLE Coupé,260000.0,87000.0,SUV,Essence,Automatique,23 cv,10.2017,no,essence,2017.0
Mercedes-Benz,CLA,58000.0,289000.0,Berline,Essence,Automatique,7 cv,9.2014,no,essence,2014.0
Mercedes-Benz,GLE,335000.0,95000.0,SUV,Diesel,Automatique,14 cv,12.2020,no,diesel,2020.0
Suzuki,Jimny 3 portes,95000.0,24000.0,SUV,Essence,Automatique,6 cv,6.2023,no,essence,2023.0
Hyundai,i20,55500.0,103000.0,Citadine,Essence,Manuelle,5 cv,4.2022,no,essence,2022.0
Mercedes-Benz,CLA,72500.0,135000.0,Berline,Essence,Manuelle,7 cv,3.2014,no,essence,2014.0
Mercedes-Benz,Classe C,45000.0,193000.0,Berline,Essence,Manuelle,9 cv,10.2009,no,essence,2009.0
Suzuki,Ertiga,49500.0,153000.0,Monospace,Essence,Automatique,6 cv,3.2021,no,essence,2021.0
Toyota,Agya,34000.0,93000.0,Citadine,Essence,Manuelle,4 cv,8.2022,no,essence,2022.0
KIA,Rio 5p,59000.0,78000.0,Citadine,Essence,Manuelle,5 cv,11.2021,no,essence,2021.0
Ford,Kuga,90000.0,78000.0,SUV,Essence,Automatique,10 cv,6.2022,no,essence,2022.0
Audi,Q3 Sportback,139000.0,85000.0,SUV,Essence,Automatique,9 cv,3.2021,no,essence,2021.0
KIA,Sportage,69000.0,218000.0,SUV,Diesel,Manuelle,11 cv,9.2016,no,diesel,2016.0
Nissan,Micra,28500.0,188000.0,Citadine,Essence,Manuelle,5 cv,5.2016,no,essence,2016.0
KIA,Picanto,54000.0,50000.0,Citadine,Essence,Automatique,4 cv,4.2024,no,essence,2024.0
KIA,Sportage,85000.0,116000.0,SUV,Diesel,Manuelle,7 cv,8.2018,no,diesel,2018.0
BMW,X3,210000.0,72000.0,SUV,Essence,Automatique,15 cv,11.2019,no,essence,2019.0
Seat,Arona,63500.0,151000.0,SUV,Essence,Automatique,6 cv,4.2022,no,essence,2022.0
Land Rover,Range Rover Sport,270000.0,130000.0,SUV,Essence,Automatique,24 cv,6.2019,no,essence,2019.0
GWM,Haval H2,59500.0,142000.0,SUV,Essence,Automatique,9 cv,3.2020,no,essence,2020.0
Volkswagen,Amarok,49500.0,271000.0,Pick up,Diesel,Manuelle,7 cv,11.2011,no,diesel,2011.0
KIA,Picanto,54000.0,42000.0,Citadine,Essence,Automatique,5 cv,4.2024,no,essence,2024.0
KIA,Rio 5p,53900.0,119000.0,Citadine,Essence,Manuelle,5 cv,7.2022,no,essence,2022.0
Renault,Express Van,48000.0,75000.0,Utilitaire,Diesel,Manuelle,5 cv,4.2024,no,diesel,2024.0
Peugeot,407,35000.0,70000.0,Berline,Diesel,Manuelle,6 cv,2.2009,no,diesel,2009.0
Skoda,Octavia,55000.0,128000.0,Berline,Essence,Automatique,8 cv,10.2018,no,essence,2018.0
Mercedes-Benz,Classe C,94900.0,127000.0,Berline,Essence,Automatique,10 cv,5.2015,no,essence,2015.0
Mercedes-Benz,Classe E,285000.0,9000.0,Berline,Hybride léger essence,Automatique,12 cv,10.2024,no,hybride,2024.0
Peugeot,4008,46500.0,157000.0,SUV,Essence,Manuelle,9 cv,2.2014,no,essence,2014.0
Alfa Romeo,Giulietta,39500.0,130000.0,Compacte,Essence,Manuelle,7 cv,10.2016,no,essence,2016.0
Skoda,Fabia,42000.0,135000.0,Citadine,Essence,Manuelle,4 cv,10.2021,no,essence,2021.0
Citroën,C4,24000.0,289000.0,Compacte,Essence,Manuelle,6 cv,7.2008,no,essence,2008.0
Mercedes-Benz,CLA,99000.0,130000.0,Berline,Essence,Automatique,24 cv,9.2014,no,essence,2014.0
Dacia,Duster,35900.0,123000.0,SUV,Essence,Manuelle,7 cv,11.2011,no,essence,2011.0
Volkswagen,Golf 8,90000.0,86000.0,Compacte,Essence,Manuelle,8 cv,1.2020,no,essence,2020.0
Peugeot,2008,37900.0,104000.0,SUV,Essence,Manuelle,5 cv,4.2018,no,essence,2018.0
Mercedes-Benz,Classe C,188000.0,91000.0,Berline,Hybride léger essence,Automatique,9 cv,2.2022,no,hybride,2022.0
Renault,Clio,39900.0,113000.0,Citadine,Essence,Manuelle,5 cv,4.2022,no,essence,2022.0
Hyundai,i20,56500.0,87000.0,Citadine,Essence,Manuelle,5 cv,5.2021,no,essence,2021.0
Mercedes-Benz,Classe C,129000.0,116000.0,Berline,Essence,Automatique,9 cv,12.2020,no,essence,2020.0
Hyundai,Tucson,97000.0,104000.0,SUV,Diesel,Automatique,7 cv,9.2020,no,diesel,2020.0
Hyundai,Grand i10,44500.0,89000.0,Citadine,Essence,Manuelle,5 cv,6.2021,no,essence,2021.0
Chery,Tiggo 3X,55000.0,26000.0,SUV,Essence,Automatique,6 cv,6.2022,no,essence,2022.0
Opel,Corsa,33500.0,135000.0,Citadine,Essence,Manuelle,5 cv,11.2017,no,essence,2017.0
Volkswagen,Golf 7,73000.0,99000.0,Compacte,Essence,Automatique,6 cv,10.2020,no,essence,2020.0
Hyundai,Grand i10,46000.0,72000.0,Citadine,Essence,Manuelle,5 cv,11.2022,no,essence,2022.0
Mercedes-Benz,Classe A,129000.0,61000.0,Compacte,Essence,Automatique,7 cv,12.2021,no,essence,2021.0
Peugeot,3008,73500.0,182000.0,SUV,Diesel,Manuelle,6 cv,10.2017,no,diesel,2017.0
Peugeot,208,43000.0,25000.0,Citadine,Essence,Manuelle,4 cv,6.2022,no,essence,2022.0
Land Rover,Range Rover Evoque,205000.0,29000.0,SUV,Hybride léger essence,Automatique,7 cv,11.2021,no,hybride,2021.0
Land Rover,Range Rover Evoque,205000.0,29000.0,SUV,Hybride léger essence,Automatique,7 cv,11.2021,no,hybride,2021.0
Jaguar,X-Type,45000.0,176000.0,Berline,Essence,Automatique,17 cv,3.2011,no,essence,2011.0
Suzuki,Celerio,46000.0,27000.0,Citadine,Essence,Automatique,4 cv,4.2024,no,essence,2024.0
GWM,M4,39500.0,63000.0,SUV,Essence,Manuelle,6 cv,5.2019,no,essence,2019.0
Porsche,Cayenne,65500.0,230000.0,SUV,Essence,Automatique,21 cv,9.2008,no,essence,2008.0
Chery,QQ,21900.0,94000.0,Citadine,Essence,Manuelle,4 cv,4.2017,no,essence,2017.0
Ford,Focus,46000.0,134000.0,Compacte,Essence,Automatique,7 cv,6.2018,no,essence,2018.0
Peugeot,208,39500.0,39000.0,Citadine,Essence,Manuelle,4 cv,5.2022,no,essence,2022.0
BMW,Série 1,85000.0,114000.0,Compacte,Essence,Manuelle,7 cv,6.2018,no,essence,2018.0
Audi,Q5,72000.0,258000.0,SUV,Diesel,Automatique,10 cv,9.2013,no,diesel,2013.0
Volkswagen,Golf 8,80000.0,84000.0,Compacte,Essence,Manuelle,6 cv,2.2021,no,essence,2021.0
KIA,Sportage,85000.0,181000.0,SUV,Diesel,Automatique,10 cv,2.2016,no,diesel,2016.0
Seat,Leon,69000.0,115000.0,Compacte,Essence,Manuelle,6 cv,6.2020,no,essence,2020.0
Mercedes-Benz,Classe C,82000.0,137000.0,Berline,Essence,Automatique,8 cv,3.2014,no,essence,2014.0
Toyota,RAV 4,89900.0,171000.0,SUV,Essence,Automatique,9 cv,11.2017,no,essence,2017.0
Audi,Q5,90000.0,148000.0,SUV,Essence,Automatique,15 cv,4.2016,no,essence,2016.0
Fiat,Ducato,75000.0,38000.0,Utilitaire,Diesel,Manuelle,8 cv,9.2022,no,diesel,2022.0
Mercedes-Benz,Classe C,78000.0,213000.0,Berline,Essence,Automatique,9 cv,2.2015,no,essence,2015.0
KIA,Sportage,84900.0,60000.0,SUV,Essence,Automatique,8 cv,11.2019,no,essence,2019.0
KIA,Rio Berline,47500.0,121000.0,Berline,Essence,Manuelle,6 cv,9.2020,no,essence,2020.0
Mercedes-Benz,CLA,140000.0,44000.0,Berline,Essence,Automatique,7 cv,3.2020,no,essence,2020.0
Volkswagen,Golf 7,71500.0,107000.0,Compacte,Essence,Automatique,6 cv,10.2020,no,essence,2020.0
Mahindra,KUV 100,32000.0,98000.0,SUV,Essence,Manuelle,5 cv,8.2018,no,essence,2018.0
Audi,Q7,59000.0,262000.0,SUV,Diesel,Automatique,16 cv,1.2010,no,diesel,2010.0
MG,ZS,70000.0,56000.0,SUV,Essence,Automatique,7 cv,9.2022,no,essence,2022.0
Mitsubishi,Pajero,98000.0,157000.0,SUV,Diesel,Manuelle,11 cv,2.2010,no,diesel,2010.0
KIA,Sportage,88000.0,111000.0,SUV,Essence,Automatique,8 cv,6.2021,no,essence,2021.0
Audi,A1 Sportback,54900.0,95000.0,Citadine,Essence,Manuelle,6 cv,1.2017,no,essence,2017.0
Mercedes-Benz,GLA,155000.0,82000.0,SUV,Essence,Automatique,7 cv,7.2022,no,essence,2022.0
Land Rover,Range Rover Sport,54000.0,250000.0,SUV,Essence,Automatique,32 cv,10.2008,no,essence,2008.0
Citroën,C4 X,69900.0,142000.0,Berline,Diesel,Manuelle,6 cv,12.2021,no,diesel,2021.0
Hyundai,i20,63000.0,88000.0,Citadine,Essence,Automatique,5 cv,11.2021,no,essence,2021.0
Audi,E-tron Sportback,159000.0,32000.0,SUV,Electrique,Automatique,12 cv,10.2020,no,electrique,2020.0
Opel,Astra,55000.0,95000.0,Compacte,Essence,Manuelle,6 cv,11.2021,no,essence,2021.0
Volkswagen,Golf 8,120000.0,55000.0,Compacte,Essence,Automatique,8 cv,2.2023,no,essence,2023.0
Mercedes-Benz,EQS Berline,350000.0,51000.0,Berline,Electrique,Automatique,8 cv,4.2022,no,electrique,2022.0
Mazda,CX-5,48000.0,296000.0,SUV,Essence,Automatique,9 cv,6.2014,no,essence,2014.0
Ssangyong,Tivoli,48000.0,184000.0,SUV,Essence,Manuelle,7 cv,8.2018,no,essence,2018.0
Peugeot,Boxer,79000.0,133000.0,Utilitaire,Diesel,Manuelle,7 cv,3.2021,no,diesel,2021.0
Audi,E-tron,170000.0,55000.0,SUV,Electrique,Automatique,12 cv,12.2019,no,electrique,2019.0
GWM,Haval Jolion,80000.0,66000.0,SUV,Essence,Automatique,9 cv,4.2022,no,essence,2022.0
Mercedes-Benz,Classe C,155000.0,55000.0,Berline,Essence,Automatique,8 cv,8.2020,no,essence,2020.0
Jeep,Renegade,70000.0,105000.0,SUV,Essence,Manuelle,8 cv,6.2020,no,essence,2020.0
Peugeot,208,31500.0,113000.0,Citadine,Essence,Manuelle,5 cv,9.2017,no,essence,2017.0
GWM,Haval H6,139000.0,23000.0,SUV,Hybride essence,Automatique,8 cv,4.2024,no,hybride,2024.0
Volkswagen,Polo,43000.0,93000.0,Citadine,Essence,Manuelle,4 cv,4.2019,no,essence,2019.0
Volkswagen,Caddy,37000.0,202000.0,Utilitaire,Diesel,Manuelle,5 cv,11.2017,no,diesel,2017.0
Renault,Kadjar,49500.0,213000.0,SUV,Essence,Automatique,7 cv,4.2018,no,essence,2018.0
BMW,Série 5,57500.0,224000.0,Berline,Diesel,Manuelle,10 cv,5.2008,no,diesel,2008.0
KIA,Sportage,136500.0,39000.0,SUV,Essence,Automatique,10 cv,8.2023,no,essence,2023.0
Mercedes-Benz,EQB,185000.0,9000.0,SUV,Electrique,Automatique,8 cv,11.2023,no,electrique,2023.0
Jaguar,XF,148000.0,108000.0,Berline,Diesel,Automatique,9 cv,3.2018,no,diesel,2018.0
Volkswagen,Tiguan,64000.0,220000.0,SUV,Diesel,Automatique,9 cv,10.2013,no,diesel,2013.0
KIA,Stonic,79000.0,56000.0,SUV,Hybride léger essence,Automatique,6 cv,6.2021,no,hybride,2021.0
Mercedes-Benz,Classe C,110000.0,87000.0,Berline,Diesel,Automatique,7 cv,5.2018,no,diesel,2018.0
Porsche,Panamera,130000.0,151000.0,Berline,Essence,Automatique,20 cv,5.2013,no,essence,2013.0
Renault,Clio,43000.0,89000.0,Citadine,Essence,Manuelle,5 cv,8.2021,no,essence,2021.0
Mercedes-Benz,Classe C,107000.0,98000.0,Berline,Diesel,Automatique,6 cv,12.2016,no,diesel,2016.0
KIA,Rio 5p,59000.0,80000.0,Citadine,Essence,Manuelle,5 cv,11.2020,no,essence,2020.0
Renault,Koleos,29500.0,200000.0,SUV,Diesel,Automatique,10 cv,2.2010,no,diesel,2010.0
Volkswagen,Passat,43500.0,287000.0,Berline,Diesel,Manuelle,5 cv,4.2011,no,diesel,2011.0
BMW,X5,297000.0,70000.0,SUV,Essence,Automatique,plus de 48 cv,6.2016,no,essence,2016.0
Mercedes-Benz,Classe A,115000.0,145000.0,Compacte,Diesel,Automatique,6 cv,6.2019,no,diesel,2019.0
Volkswagen,Tiguan,94000.0,120000.0,SUV,Diesel,Manuelle,6 cv,4.2018,no,diesel,2018.0
Mazda,CX-5,54000.0,134000.0,SUV,Essence,Automatique,9 cv,1.2014,no,essence,2014.0
Volkswagen,Golf 8,78000.0,105000.0,Compacte,Essence,Manuelle,6 cv,9.2020,no,essence,2020.0
KIA,Sportage,90000.0,81000.0,SUV,Diesel,Automatique,7 cv,3.2019,no,diesel,2019.0
Citroën,C3,35900.0,172000.0,Citadine,Essence,Manuelle,4 cv,10.2018,no,essence,2018.0
Mazda,BT-50,57000.0,248000.0,Pick up,Diesel,Manuelle,9 cv,12.2014,no,diesel,2014.0
Nissan,Juke,69500.0,57000.0,SUV,Essence,Automatique,6 cv,4.2022,no,essence,2022.0
Ssangyong,Tivoli,51500.0,141000.0,SUV,Essence,Manuelle,7 cv,3.2019,no,essence,2019.0
Chevrolet,Camaro,130000.0,135000.0,Coupé,Essence,Manuelle,21 cv,3.2015,no,essence,2015.0
Fiat,500,49500.0,39000.0,Citadine,Essence,Manuelle,4 cv,3.2017,no,essence,2017.0
Volkswagen,Golf 7,63000.0,117000.0,Compacte,Essence,Automatique,6 cv,5.2019,no,essence,2019.0
Renault,Megane Sedan,44000.0,123000.0,Berline,Essence,Manuelle,7 cv,12.2019,no,essence,2019.0
Hyundai,Accent,69900.0,45000.0,Berline,Essence,Manuelle,6 cv,2.2023,no,essence,2023.0
GWM,Haval H6,110000.0,22000.0,SUV,Essence,Automatique,8 cv,7.2022,no,essence,2022.0
Mercedes-Benz,Classe A,54000.0,220000.0,Compacte,Essence,Automatique,6 cv,3.2013,no,essence,2013.0
Fiat,Fiorino,61000.0,47000.0,Utilitaire,Diesel,Manuelle,5 cv,10.2023,no,diesel,2023.0
Toyota,Prado,190000.0,75000.0,SUV,Essence,Manuelle,11 cv,2.2014,no,essence,2014.0
KIA,Stonic,69000.0,91000.0,SUV,Hybride léger essence,Manuelle,6 cv,11.2021,no,hybride,2021.0
Hyundai,Veloster,42000.0,158000.0,Compacte,Essence,Automatique,8 cv,7.2017,no,essence,2017.0
Jaguar,F-Pace,139000.0,200000.0,SUV,Diesel,Automatique,10 cv,10.2016,no,diesel,2016.0
Land Rover,Range Rover Evoque,89000.0,144000.0,SUV,Diesel,Automatique,8 cv,3.2017,no,diesel,2017.0
Peugeot,RCZ,39900.0,92000.0,Coupé,Essence,Manuelle,9 cv,7.2011,no,essence,2011.0
Jeep,Compass,145000.0,37000.0,SUV,Essence,Automatique,8 cv,5.2023,no,essence,2023.0
MG,ZS,49500.0,159000.0,SUV,Essence,Automatique,7 cv,12.2018,no,essence,2018.0
Land Rover,Range Rover Evoque,119000.0,154000.0,SUV,Diesel,Automatique,11 cv,6.2016,no,diesel,2016.0
KIA,Sportage,65000.0,181000.0,SUV,Essence,Automatique,8 cv,7.2018,no,essence,2018.0
Mercedes-Benz,Classe X,155000.0,152000.0,Pick up,Diesel,Automatique,8 cv,2.2019,no,diesel,2019.0
Jeep,Compass,53900.0,147000.0,SUV,Diesel,Manuelle,8 cv,8.2011,no,diesel,2011.0
Peugeot,Rifter,82000.0,195000.0,Monospace,Diesel,Manuelle,5 cv,12.2020,no,diesel,2020.0
Fiat,Tipo Berline,59500.0,26000.0,Berline,Essence,Manuelle,5 cv,10.2022,no,essence,2022.0
Citroën,Jumpy Fourgon,64000.0,123000.0,Utilitaire,Diesel,Manuelle,7 cv,1.2022,no,diesel,2022.0
KIA,Sportage,85000.0,85000.0,SUV,Essence,Automatique,8 cv,1.2019,no,essence,2019.0
Volkswagen,Golf 7,65000.0,134000.0,Compacte,Essence,Automatique,6 cv,9.2018,no,essence,2018.0
MG,GS,54000.0,202000.0,SUV,Essence,Automatique,9 cv,8.2017,no,essence,2017.0
Ford,Ranger,92500.0,230000.0,Pick up,Diesel,Manuelle,7 cv,10.2013,no,diesel,2013.0
Volkswagen,Passat,89000.0,190000.0,Berline,Essence,Automatique,8 cv,1.2021,no,essence,2021.0
Audi,A6,42000.0,204000.0,Berline,Essence,Automatique,11 cv,5.2009,no,essence,2009.0
BMW,Série 4 Coupé,73000.0,178000.0,Coupé,Essence,Automatique,10 cv,7.2014,no,essence,2014.0
Mercedes-Benz,Classe C,69900.0,158000.0,Berline,Essence,Manuelle,8 cv,7.2014,no,essence,2014.0
Mercedes-Benz,Classe C,94000.0,164000.0,Berline,Essence,Automatique,8 cv,11.2017,no,essence,2017.0
BMW,Série 1,72000.0,112000.0,Compacte,Essence,Manuelle,7 cv,11.2018,no,essence,2018.0
Seat,Arona,79500.0,90000.0,SUV,Essence,Automatique,6 cv,2.2023,no,essence,2023.0
Geely,GX3,55000.0,57000.0,SUV,Essence,Automatique,6 cv,9.2021,no,essence,2021.0
Volkswagen,Golf 7,61000.0,175000.0,Compacte,Essence,Automatique,6 cv,3.2019,no,essence,2019.0
Citroën,C5,31500.0,226000.0,Berline,Diesel,Manuelle,6 cv,6.2012,no,diesel,2012.0
Mercedes-Benz,Classe C,145000.0,76000.0,Berline,Essence,Automatique,15 cv,6.2017,no,essence,2017.0
KIA,Sportage,87000.0,268000.0,SUV,Diesel,Automatique,10 cv,4.2017,no,diesel,2017.0
Citroën,DS5,48500.0,263000.0,Citadine,Diesel,Automatique,6 cv,12.2013,no,diesel,2013.0
Ford,Focus,50000.0,132000.0,Compacte,Essence,Automatique,7 cv,12.2018,no,essence,2018.0
Jeep,Renegade,64000.0,150000.0,SUV,Essence,Automatique,8 cv,11.2019,no,essence,2019.0
Peugeot,Partner,42000.0,261000.0,Utilitaire,Diesel,Manuelle,5 cv,5.2021,no,diesel,2021.0
Porsche,Cayenne,129900.0,236000.0,SUV,Essence,Automatique,21 cv,12.2012,no,essence,2012.0
Chevrolet,Cruze,36000.0,150000.0,Berline,Essence,Manuelle,7 cv,3.2018,no,essence,2018.0
Citroën,C3,44000.0,69000.0,Citadine,Essence,Manuelle,4 cv,8.2019,no,essence,2019.0
Land Rover,Defender 110,185000.0,70000.0,SUV,Diesel,Manuelle,10 cv,2.2015,no,diesel,2015.0
Audi,Q5,59000.0,230000.0,SUV,Essence,Manuelle,14 cv,6.2014,no,essence,2014.0
Porsche,Cayenne,155000.0,90000.0,SUV,Essence,Automatique,21 cv,6.2012,no,essence,2012.0
Mercedes-Benz,Classe E,79000.0,210000.0,Berline,Essence,Automatique,10 cv,9.2014,no,essence,2014.0
KIA,Sportage,92000.0,173000.0,SUV,Diesel,Automatique,8 cv,3.2019,no,diesel,2019.0
Nissan,Navara,195000.0,22000.0,Pick up,Diesel,Automatique,8 cv,1.2022,no,diesel,2022.0
Peugeot,308,38000.0,184000.0,Citadine,Essence,Manuelle,5 cv,5.2017,no,essence,2017.0
Land Rover,Defender 110,320000.0,97000.0,SUV,Diesel,Automatique,12 cv,11.2020,no,diesel,2020.0
KIA,Sportage,84900.0,95000.0,SUV,Essence,Automatique,8 cv,1.2020,no,essence,2020.0
Volkswagen,Tiguan,108000.0,124000.0,SUV,Diesel,Manuelle,8 cv,6.2018,no,diesel,2018.0
Citroën,C4 Cactus,37000.0,148000.0,Compacte,Essence,Manuelle,5 cv,8.2016,no,essence,2016.0
Audi,Q5,45000.0,194000.0,SUV,Essence,Automatique,13 cv,8.2009,no,essence,2009.0
Land Rover,Range Rover Sport,160000.0,164000.0,SUV,Diesel,Automatique,16 cv,4.2016,no,diesel,2016.0
Skoda,Octavia,41500.0,135000.0,Berline,Essence,Automatique,7 cv,5.2015,no,essence,2015.0
Mercedes-Benz,Classe C,209000.0,41000.0,Berline,Hybride léger essence,Automatique,9 cv,8.2023,no,hybride,2023.0
MG,HS,79000.0,110000.0,SUV,Essence,Automatique,10 cv,2.2021,no,essence,2021.0
Mazda,CX-3,85000.0,82000.0,SUV,Essence,Automatique,9 cv,7.2018,no,essence,2018.0
Hyundai,Tucson,105000.0,113000.0,SUV,Hybride léger diesel,Automatique,7 cv,10.2021,no,hybride,2021.0
Mazda,CX-7,34000.0,190000.0,SUV,Essence,Automatique,15 cv,4.2012,no,essence,2012.0
Mitsubishi,Attrage,32000.0,197000.0,Berline,Essence,Automatique,4 cv,3.2018,no,essence,2018.0
KIA,Sportage,80000.0,112000.0,SUV,Essence,Automatique,8 cv,7.2020,no,essence,2020.0
KIA,XCeed,110000.0,17000.0,SUV,Essence,Automatique,9 cv,9.2022,no,essence,2022.0
Opel,Combo Cargo,45000.0,72000.0,Utilitaire,Diesel,Manuelle,5 cv,12.2021,no,diesel,2021.0
KIA,Sportage,98000.0,83000.0,SUV,Essence,Automatique,11 cv,3.2020,no,essence,2020.0
GWM,Haval H6,74000.0,130000.0,SUV,Essence,Automatique,9 cv,6.2021,no,essence,2021.0
Hyundai,i20,76900.0,21000.0,Citadine,Essence,Automatique,5 cv,8.2023,no,essence,2023.0
Mercedes-Benz,Classe C,105000.0,172000.0,Berline,Essence,Automatique,8 cv,12.2018,no,essence,2018.0
BMW,Série 5,209000.0,80000.0,Berline,Hybride léger diesel,Automatique,10 cv,6.2022,no,hybride,2022.0
Jeep,Grand Cherokee,180000.0,132000.0,SUV,Essence,Automatique,20 cv,11.2016,no,essence,2016.0
Mercedes-Benz,ML,65000.0,240000.0,SUV,Diesel,Automatique,15 cv,6.2009,no,diesel,2009.0
MG,5,67000.0,26000.0,Berline,Electrique,Automatique,7 cv,3.2022,no,electrique,2022.0
Mercedes-Benz,Classe A,52000.0,174000.0,Compacte,Essence,Manuelle,6 cv,5.2014,no,essence,2014.0
Chery,Tiggo 2,39000.0,135000.0,SUV,Essence,Manuelle,6 cv,5.2020,no,essence,2020.0
Ford,Ranger,140000.0,70000.0,Pick up,Diesel,Automatique,7 cv,7.2020,no,diesel,2020.0
BMW,Série 3 coupé,39900.0,232000.0,Coupé,Essence,Manuelle,7 cv,9.2009,no,essence,2009.0
Volkswagen,Golf Plus,79000.0,72000.0,Citadine,Essence,Manuelle,6 cv,8.2018,no,essence,2018.0
Land Rover,Defender 110,200000.0,115000.0,SUV,Diesel,Manuelle,8 cv,3.2014,no,diesel,2014.0
Mercedes-Benz,Classe E,85000.0,252000.0,Berline,Essence,Automatique,9 cv,10.2017,no,essence,2017.0
BMW,Série 7,155500.0,200000.0,Berline,Diesel,Automatique,20 cv,12.2012,no,diesel,2012.0
Mercedes-Benz,Classe C,119000.0,146000.0,Berline,Essence,Automatique,8 cv,3.2017,no,essence,2017.0
Skoda,Octavia,43000.0,191000.0,Berline,Essence,Automatique,8 cv,1.2016,no,essence,2016.0
Mercedes-Benz,Classe S,65000.0,112000.0,Berline,Essence,Automatique,19 cv,7.2007,no,essence,2007.0
Peugeot,3008,62000.0,131000.0,SUV,Essence,Manuelle,7 cv,4.2017,no,essence,2017.0
Audi,Q3 Sportback,135000.0,122000.0,SUV,Essence,Automatique,9 cv,3.2021,no,essence,2021.0
Isuzu,D-Max Double Cabine,115000.0,244000.0,Pick up,Diesel,Manuelle,8 cv,11.2013,no,diesel,2013.0
Jaguar,XJL,129000.0,51000.0,Berline,Essence,Automatique,16 cv,12.2014,no,essence,2014.0
Porsche,Cayenne,85000.0,184000.0,SUV,Essence,Automatique,21 cv,10.2008,no,essence,2008.0
Land Rover,Range Rover Velar,295000.0,60000.0,SUV,Diesel,Automatique,11 cv,5.2019,no,diesel,2019.0
Volkswagen,Tiguan,117000.0,104000.0,SUV,Essence,Automatique,8 cv,6.2018,no,essence,2018.0
BMW,X5,86000.0,159000.0,SUV,Diesel,Automatique,19 cv,7.2010,no,diesel,2010.0
Land Rover,Range Rover Evoque,139000.0,130000.0,SUV,Diesel,Automatique,10 cv,7.2015,no,diesel,2015.0
Mercedes-Benz,Classe C,88000.0,160000.0,Berline,Diesel,Automatique,6 cv,6.2016,no,diesel,2016.0
Mercedes-Benz,Classe E,248000.0,15000.0,Berline,Essence,Automatique,9 cv,2.2022,no,essence,2022.0
BMW,X5,52000.0,295000.0,SUV,Diesel,Automatique,16 cv,11.2007,no,diesel,2007.0
Volkswagen,Passat CC,49500.0,191000.0,Berline,Essence,Automatique,10 cv,7.2014,no,essence,2014.0
Mercedes-Benz,Classe C,135000.0,113000.0,Berline,Essence,Automatique,8 cv,11.2017,no,essence,2017.0
BMW,Série 3,78000.0,177000.0,Berline,Essence,Automatique,7 cv,5.2018,no,essence,2018.0
GWM,Haval H6,126000.0,11000.0,SUV,Essence,Automatique,8 cv,9.2023,no,essence,2023.0
BMW,Série 5,79500.0,179000.0,Berline,Essence,Automatique,10 cv,9.2013,no,essence,2013.0
BMW,Série 4 Gran Coupé,125000.0,99000.0,Berline,Essence,Automatique,7 cv,3.2019,no,essence,2019.0
Mercedes-Benz,Classe A,119000.0,101000.0,Compacte,Essence,Automatique,7 cv,12.2020,no,essence,2020.0
Mercedes-Benz,Classe E,105000.0,223000.0,Berline,Essence,Automatique,9 cv,5.2017,no,essence,2017.0
Toyota,Hilux Double Cabine,149000.0,114000.0,Pick up,Diesel,Manuelle,8 cv,10.2019,no,diesel,2019.0
Mercedes-Benz,Classe C,145000.0,112000.0,Berline,Hybride léger essence,Automatique,10 cv,9.2019,no,hybride,2019.0
Porsche,Cayenne,155000.0,195000.0,SUV,Diesel,Automatique,15 cv,8.2012,no,diesel,2012.0
Audi,A4,37000.0,233000.0,Berline,Essence,Manuelle,7 cv,1.2011,no,essence,2011.0
Mercedes-Benz,Classe E,55000.0,199000.0,Berline,Essence,Automatique,11 cv,2.2010,no,essence,2010.0
Fiat,500 C,59000.0,20000.0,Citadine,Essence,Manuelle,4 cv,9.2020,no,essence,2020.0
Ford,Kuga,65000.0,208000.0,SUV,Essence,Automatique,11 cv,7.2017,no,essence,2017.0
Land Rover,Range Rover Sport,340000.0,47000.0,SUV,Hybride rechargeable essence,Automatique,17 cv,2.2019,no,hybride,2019.0
Volkswagen,Golf 6,41000.0,295000.0,Compacte,Diesel,Automatique,5 cv,10.2011,no,diesel,2011.0
Citroën,C3,44000.0,51000.0,Citadine,Essence,Manuelle,4 cv,4.2019,no,essence,2019.0
Ford,Ranger,68000.0,191000.0,Pick up,Diesel,Automatique,7 cv,10.2014,no,diesel,2014.0
Citroën,Jumpy Fourgon,65000.0,170000.0,Utilitaire,Diesel,Manuelle,7 cv,1.2019,no,diesel,2019.0
Mercedes-Benz,CLA,99000.0,20000.0,Berline,Essence,Automatique,7 cv,4.2018,no,essence,2018.0
Mercedes-Benz,Classe S,95000.0,151000.0,Berline,Essence,Automatique,19 cv,8.2008,no,essence,2008.0
Audi,A4,48000.0,241000.0,Berline,Essence,Automatique,11 cv,11.2008,no,essence,2008.0
Peugeot,3008,84900.0,132000.0,SUV,Essence,Automatique,9 cv,6.2018,no,essence,2018.0
Jaguar,XJL,120000.0,163000.0,Berline,Essence,Automatique,16 cv,6.2014,no,essence,2014.0
BMW,Série 3,85000.0,152000.0,Berline,Essence,Automatique,7 cv,5.2016,no,essence,2016.0
Porsche,Cayenne,65000.0,212000.0,SUV,Essence,Automatique,30 cv,6.2009,no,essence,2009.0
Dongfeng,SX3,65000.0,32000.0,SUV,Essence,Manuelle,8 cv,3.2021,no,essence,2021.0
Skoda,Octavia,109000.0,30000.0,Berline,Essence,Automatique,8 cv,2.2022,no,essence,2022.0
Peugeot,3008,80000.0,169000.0,SUV,Essence,Automatique,7 cv,5.2020,no,essence,2020.0
BMW,X3,75000.0,219000.0,SUV,Essence,Automatique,9 cv,6.2014,no,essence,2014.0
KIA,Sportage,85000.0,101000.0,SUV,Essence,Automatique,8 cv,7.2018,no,essence,2018.0
Land Rover,Range Rover Sport,350000.0,82000.0,SUV,Hybride rechargeable essence,Automatique,17 cv,6.2019,no,hybride,2019.0
KIA,Sorento,48000.0,250000.0,SUV,Diesel,Automatique,12 cv,9.2012,no,diesel,2012.0
KIA,Sportage,110000.0,132000.0,SUV,Diesel,Automatique,10 cv,1.2018,no,diesel,2018.0
Mazda,6,51000.0,141000.0,Berline,Essence,Automatique,9 cv,11.2014,no,essence,2014.0
Mercedes-Benz,Classe C,119000.0,143000.0,Berline,Essence,Automatique,9 cv,7.2018,no,essence,2018.0
BMW,Série 5,195000.0,47000.0,Berline,Essence,Automatique,10 cv,7.2019,no,essence,2019.0
KIA,Picanto,40500.0,59000.0,Citadine,Essence,Manuelle,4 cv,9.2022,no,essence,2022.0
BMW,Série 1,145000.0,793.0,Compacte,Essence,Automatique,8 cv,5.2025,no,essence,2025.0
Audi,Q3,85000.0,190000.0,SUV,Essence,Automatique,8 cv,2.2017,no,essence,2017.0
Mercedes-Benz,Classe E,68500.0,182000.0,Berline,Diesel,Automatique,8 cv,6.2012,no,diesel,2012.0
BMW,Série 3,52500.0,295000.0,Berline,Diesel,Manuelle,6 cv,11.2012,no,diesel,2012.0
Citroën,C4 Picasso,43000.0,145000.0,Monospace,Diesel,Automatique,7 cv,2.2013,no,diesel,2013.0
BMW,Série 2 Gran Coupé,108000.0,59000.0,Berline,Essence,Automatique,8 cv,11.2021,no,essence,2021.0
BMW,i4,220000.0,3250.0,Berline,Electrique,Automatique,7 cv,2.2025,no,electrique,2025.0
Volkswagen,T-roc,82500.0,21950.0,SUV,Essence,Manuelle,6 cv,11.2021,no,essence,2021.0
Volkswagen,Golf 8,128500.0,28300.0,Compacte,Hybride rechargeable essence,Automatique,8 cv,2.2024,no,hybride,2024.0
BMW,X1,100000.0,64000.0,SUV,Essence,Automatique,7 cv,11.2020,no,essence,2020.0
Mercedes-Benz,Classe E,125000.0,150000.0,Berline,Essence,Automatique,10 cv,2.2017,no,essence,2017.0
KIA,Optima,41500.0,173000.0,Berline,Essence,Manuelle,10 cv,11.2011,no,essence,2011.0
Chery,Tiggo 4,58900.0,59000.0,SUV,Essence,Automatique,9 cv,1.2021,no,essence,2021.0
Seat,Arona,73000.0,100000.0,SUV,Essence,Automatique,6 cv,2.2023,no,essence,2023.0
Seat,Ateca,101000.0,74700.0,SUV,Essence,Automatique,8 cv,12.2020,no,essence,2020.0
Jeep,Renegade,125000.0,6000.0,SUV,Essence,Automatique,8 cv,1.2025,no,essence,2025.0
Volkswagen,T-Cross,84000.0,39000.0,SUV,Essence,Manuelle,5 cv,5.2022,no,essence,2022.0
Hyundai,i20,53000.0,93000.0,Citadine,Essence,Manuelle,5 cv,6.2022,no,essence,2022.0
Hyundai,Grand i10,42500.0,103000.0,Citadine,Essence,Manuelle,5 cv,1.2022,no,essence,2022.0
Mercedes-Benz,Classe A,139000.0,63000.0,Compacte,Essence,Automatique,7 cv,1.2020,no,essence,2020.0
Audi,A3 Berline,73000.0,178000.0,Berline,Essence,Automatique,6 cv,5.2019,no,essence,2019.0
Mercedes-Benz,Classe C,85000.0,154000.0,Berline,Essence,Automatique,9 cv,8.2018,no,essence,2018.0
GWM,Haval H6,115000.0,72000.0,SUV,Essence,Automatique,8 cv,5.2023,no,essence,2023.0
Jaguar,XF,59000.0,135000.0,Berline,Essence,Automatique,17 cv,5.2011,no,essence,2011.0
Peugeot,Partner,51000.0,110000.0,Utilitaire,Diesel,Manuelle,5 cv,5.2022,no,diesel,2022.0
BMW,X3,87000.0,185000.0,SUV,Diesel,Automatique,10 cv,5.2014,no,diesel,2014.0
Peugeot,208,44000.0,67000.0,Citadine,Essence,Manuelle,5 cv,4.2022,no,essence,2022.0
Skoda,Fabia,49500.0,103000.0,Citadine,Essence,Manuelle,4 cv,5.2022,no,essence,2022.0
Mercedes-Benz,Classe X,135000.0,158000.0,Pick up,Diesel,Manuelle,8 cv,8.2018,no,diesel,2018.0
Mercedes-Benz,Classe C,104000.0,170000.0,Berline,Essence,Automatique,8 cv,11.2015,no,essence,2015.0
Volkswagen,Golf 7,63000.0,130000.0,Compacte,Essence,Automatique,6 cv,11.2019,no,essence,2019.0
Mercedes-Benz,CLA,85000.0,146000.0,Berline,Essence,Automatique,7 cv,7.2018,no,essence,2018.0
GWM,Haval H6,77000.0,80000.0,SUV,Essence,Automatique,9 cv,8.2019,no,essence,2019.0
Renault,Clio,38800.0,160000.0,Citadine,Essence,Manuelle,5 cv,10.2020,no,essence,2020.0
Suzuki,Celerio,37500.0,34000.0,Citadine,Essence,Manuelle,4 cv,3.2023,no,essence,2023.0
Mercedes-Benz,Classe E,128000.0,174000.0,Berline,Essence,Automatique,10 cv,9.2016,no,essence,2016.0
Mahindra,KUV 100,27500.0,100000.0,SUV,Essence,Manuelle,5 cv,12.2021,no,essence,2021.0
Volkswagen,Passat,72000.0,280000.0,Berline,Essence,Automatique,8 cv,5.2019,no,essence,2019.0
Peugeot,Landtrek Double Cabine,84000.0,100000.0,Pick up,Diesel,Manuelle,6 cv,11.2022,no,diesel,2022.0
Seat,Arona,75000.0,100000.0,SUV,Essence,Automatique,6 cv,2.2023,no,essence,2023.0
Land Rover,Range Rover Evoque,165000.0,49000.0,SUV,Hybride léger essence,Automatique,11 cv,3.2020,no,hybride,2020.0
KIA,XCeed,88000.0,99000.0,SUV,Diesel,Automatique,7 cv,4.2022,no,diesel,2022.0
Ford,Fiesta,36500.0,200000.0,Citadine,Essence,Manuelle,5 cv,6.2015,no,essence,2015.0
Hyundai,Grand i10 Sedan,39500.0,100000.0,Berline,Essence,Manuelle,5 cv,3.2022,no,essence,2022.0
Audi,A4,43000.0,180000.0,Berline,Essence,Automatique,7 cv,4.2012,no,essence,2012.0
Toyota,Hilux Double Cabine,165000.0,77000.0,Pick up,Diesel,Automatique,8 cv,3.2021,no,diesel,2021.0
Hyundai,Tucson,130000.0,70000.0,SUV,Hybride léger diesel,Automatique,7 cv,3.2021,no,hybride,2021.0
Hyundai,Grand i10,43000.0,110000.0,Citadine,Essence,Manuelle,5 cv,4.2023,no,essence,2023.0
KIA,Picanto,54500.0,50000.0,Citadine,Essence,Automatique,4 cv,3.2024,no,essence,2024.0
Nissan,Qashqai,47500.0,175000.0,SUV,Diesel,Manuelle,7 cv,12.2015,no,diesel,2015.0
Audi,A3 Sportback,99500.0,93000.0,Compacte,Essence,Manuelle,6 cv,12.2020,no,essence,2020.0
KIA,Rio 5p,54000.0,130000.0,Citadine,Essence,Manuelle,5 cv,3.2022,no,essence,2022.0
Mercedes-Benz,Classe C,82000.0,180000.0,Berline,Essence,Automatique,8 cv,4.2014,no,essence,2014.0
Audi,Q7,64000.0,248000.0,SUV,Diesel,Automatique,16 cv,6.2007,no,diesel,2007.0
Seat,Leon SC,42000.0,163000.0,Compacte,Essence,Manuelle,6 cv,6.2016,no,essence,2016.0
Volkswagen,Passat,40000.0,180000.0,Berline,Essence,Manuelle,7 cv,4.2009,no,essence,2009.0
BMW,Série 1,36500.0,180000.0,Compacte,Essence,Manuelle,7 cv,5.2010,no,essence,2010.0
Volkswagen,Golf 7,62000.0,118000.0,Compacte,Essence,Automatique,6 cv,12.2018,no,essence,2018.0
MG,GS,57000.0,128000.0,SUV,Essence,Automatique,9 cv,6.2017,no,essence,2017.0
BMW,Série 3,74000.0,77000.0,Berline,Essence,Automatique,10 cv,2.2015,no,essence,2015.0
Suzuki,Celerio,36500.0,108000.0,Citadine,Essence,Automatique,4 cv,8.2022,no,essence,2022.0
Audi,A4,49000.0,178000.0,Berline,Essence,Manuelle,7 cv,4.2014,no,essence,2014.0
Seat,Leon,86000.0,58000.0,Compacte,Essence,Automatique,8 cv,6.2021,no,essence,2021.0
Chery,Tiggo 7 Pro,77000.0,116000.0,SUV,Essence,Automatique,9 cv,11.2021,no,essence,2021.0
Volkswagen,Golf 7,57000.0,182000.0,Compacte,Essence,Manuelle,5 cv,4.2013,no,essence,2013.0
Renault,Clio,37500.0,101000.0,Citadine,Essence,Manuelle,5 cv,6.2021,no,essence,2021.0
Land Rover,Range Rover Sport,277000.0,103000.0,SUV,Hybride rechargeable essence,Automatique,17 cv,10.2019,no,hybride,2019.0
KIA,Sportage,95000.0,70000.0,SUV,Essence,Automatique,11 cv,9.2020,no,essence,2020.0
Toyota,Yaris Cross Hybride,109000.0,10000.0,SUV,Hybride essence,Automatique,5 cv,4.2025,no,hybride,2025.0
Volkswagen,Golf 7,63000.0,155000.0,Compacte,Essence,Automatique,6 cv,12.2018,no,essence,2018.0
Volkswagen,Amarok,58500.0,218000.0,Pick up,Diesel,Manuelle,8 cv,1.2013,no,diesel,2013.0
Citroën,Nemo,24500.0,191000.0,Utilitaire,Diesel,Manuelle,5 cv,3.2018,no,diesel,2018.0
Nissan,Qashqai,63000.0,163000.0,SUV,Essence,Automatique,6 cv,11.2017,no,essence,2017.0
Mercedes-Benz,Classe C,58000.0,281000.0,Berline,Essence,Automatique,9 cv,3.2013,no,essence,2013.0
Ford,Fiesta,43000.0,109000.0,Citadine,Essence,Manuelle,4 cv,2.2020,no,essence,2020.0
Ssangyong,Tivoli,66000.0,23000.0,SUV,Essence,Manuelle,6 cv,8.2021,no,essence,2021.0
Land Rover,Range Rover Sport,175000.0,196000.0,SUV,Essence,Automatique,43 cv,10.2015,no,essence,2015.0
Audi,E-tron,160000.0,72000.0,SUV,Electrique,Automatique,12 cv,8.2020,no,electrique,2020.0
Peugeot,208,35000.0,106000.0,Citadine,Essence,Manuelle,5 cv,5.2016,no,essence,2016.0
Toyota,Hilux Double Cabine,113000.0,250000.0,Pick up,Diesel,Manuelle,8 cv,9.2019,no,diesel,2019.0
Porsche,Cayenne,122000.0,204000.0,SUV,Diesel,Automatique,15 cv,12.2010,no,diesel,2010.0
Mercedes-Benz,Classe E,129000.0,176000.0,Berline,Essence,Automatique,9 cv,3.2018,no,essence,2018.0
Seat,Arona,79000.0,90000.0,SUV,Essence,Automatique,6 cv,2.2023,no,essence,2023.0
BMW,Série 4 Gran Coupé,98000.0,101000.0,Berline,Essence,Automatique,7 cv,12.2019,no,essence,2019.0
Mercedes-Benz,Classe C,220000.0,29000.0,Berline,Hybride léger essence,Automatique,9 cv,2.2022,no,hybride,2022.0
Suzuki,Ciaz,43000.0,96000.0,Berline,Essence,Manuelle,6 cv,11.2020,no,essence,2020.0
Mercedes-Benz,CLA,165000.0,44000.0,Berline,Hybride rechargeable essence,Automatique,8 cv,1.2023,no,hybride,2023.0
GWM,Haval H6,80000.0,85000.0,SUV,Essence,Automatique,9 cv,7.2020,no,essence,2020.0
Volkswagen,Polo,32000.0,218000.0,Citadine,Essence,Manuelle,5 cv,5.2012,no,essence,2012.0
BMW,iX3,169000.0,51000.0,SUV,Electrique,Automatique,6 cv,6.2022,no,electrique,2022.0
Hyundai,Ioniq 5,129900.0,40000.0,SUV,Electrique,Automatique,4 cv,4.2022,no,electrique,2022.0
Seat,Arona,68000.0,53000.0,SUV,Essence,Manuelle,5 cv,11.2020,no,essence,2020.0
Honda,City,71500.0,12900.0,Berline,Essence,Automatique,6 cv,9.2024,no,essence,2024.0
Peugeot,208,29800.0,80000.0,Citadine,Essence,Manuelle,5 cv,1.2018,no,essence,2018.0
Seat,Ibiza,52000.0,145000.0,Citadine,Essence,Manuelle,4 cv,3.2020,no,essence,2020.0
Peugeot,2008,62000.0,126000.0,SUV,Essence,Automatique,7 cv,12.2020,no,essence,2020.0
Volkswagen,Jetta,30000.0,300000.0,Berline,Essence,Manuelle,7 cv,4.2010,no,essence,2010.0
Toyota,Agya,33000.0,32000.0,Citadine,Essence,Manuelle,4 cv,10.2022,no,essence,2022.0
Mercedes-Benz,Classe C,112000.0,79000.0,Berline,Essence,Automatique,8 cv,8.2018,no,essence,2018.0
Audi,Q8 E-tron,185000.0,26000.0,SUV,Electrique,Automatique,12 cv,1.2023,no,electrique,2023.0
Mercedes-Benz,Classe E,185000.0,90000.0,Berline,Hybride rechargeable essence,Automatique,11 cv,2.2021,no,hybride,2021.0
Peugeot,5008,125900.0,152000.0,SUV,Diesel,Automatique,7 cv,6.2021,no,diesel,2021.0
BMW,Série 7,310000.0,120000.0,Berline,Essence,Automatique,15 cv,10.2021,no,essence,2021.0
Chery,Arrizo 5,50500.0,22000.0,Berline,Essence,Manuelle,7 cv,5.2024,no,essence,2024.0
KIA,Rio 5p,70000.0,85000.0,Citadine,Essence,Automatique,6 cv,9.2022,no,essence,2022.0
Chevrolet,Captiva,70000.0,140000.0,SUV,Essence,Automatique,9 cv,4.2022,no,essence,2022.0
Mercedes-Benz,GLC Coupé,310000.0,33000.0,SUV,Hybride léger essence,Automatique,11 cv,9.2024,no,hybride,2024.0
Mercedes-Benz,Classe E,152000.0,110000.0,Berline,Diesel,Automatique,8 cv,1.2020,no,diesel,2020.0
Volkswagen,Golf 8,112000.0,42000.0,Compacte,Essence,Automatique,8 cv,1.2023,no,essence,2023.0
Mahindra,KUV 100,32000.0,57300.0,SUV,Essence,Manuelle,5 cv,5.2019,no,essence,2019.0
Peugeot,3008,34000.0,168000.0,Monospace,Essence,Manuelle,7 cv,1.2012,no,essence,2012.0
Peugeot,308,35000.0,150000.0,Compacte,Essence,Manuelle,5 cv,8.2016,no,essence,2016.0
Porsche,Panamera,190000.0,140000.0,Berline,Essence,Automatique,30 cv,6.2010,no,essence,2010.0
Ford,Mustang,175000.0,60000.0,Coupé,Essence,Automatique,19 cv,12.2018,no,essence,2018.0
Mercedes-Benz,Classe E coupé,55000.0,60000.0,Coupé,Essence,Automatique,11 cv,12.2011,no,essence,2011.0
KIA,Sportage,110000.0,62000.0,SUV,Essence,Automatique,11 cv,5.2019,no,essence,2019.0
Volkswagen,Polo,44000.0,157000.0,Citadine,Essence,Manuelle,4 cv,11.2018,no,essence,2018.0
Mercedes-Benz,CLA,138000.0,96100.0,Berline,Diesel,Automatique,8 cv,11.2019,no,diesel,2019.0
Volkswagen,Golf 7,67000.0,102282.0,Compacte,Essence,Manuelle,6 cv,7.2017,no,essence,2017.0
Chery,Tiggo 7 Pro,82000.0,35484.0,SUV,Essence,Automatique,9 cv,12.2023,no,essence,2023.0
Fiat,Grande Punto,19000.0,250000.0,Citadine,Essence,Manuelle,5 cv,5.2012,no,essence,2012.0
Volkswagen,Golf 7,66000.0,110000.0,Compacte,Essence,Manuelle,6 cv,1.2020,no,essence,2020.0
Dacia,Dokker Van,36000.0,88000.0,Utilitaire,Diesel,Manuelle,6 cv,7.2020,no,diesel,2020.0
Peugeot,308 GT,119000.0,19000.0,Compacte,Essence,Automatique,5 cv,9.2024,no,essence,2024.0
Hyundai,ix35,52000.0,227000.0,SUV,Diesel,Manuelle,6 cv,9.2012,no,diesel,2012.0
Mercedes-Benz,GLC,250000.0,56647.0,SUV,Hybride rechargeable essence,Automatique,12 cv,2.2021,no,hybride,2021.0
Volkswagen,Polo,59000.0,96732.0,Citadine,Essence,Manuelle,4 cv,1.2020,no,essence,2020.0
Mercedes-Benz,GLA,155000.0,82392.0,SUV,Hybride rechargeable essence,Automatique,8 cv,8.2021,no,hybride,2021.0
Renault,Megane,56000.0,189698.0,Compacte,Diesel,Manuelle,5 cv,6.2020,no,diesel,2020.0
Suzuki,Jimny 5 portes,115000.0,5019.0,SUV,Essence,Automatique,6 cv,8.2024,no,essence,2024.0
Mercedes-Benz,Classe A,125000.0,63692.0,Compacte,Hybride rechargeable essence,Automatique,8 cv,4.2021,no,hybride,2021.0
Mercedes-Benz,CLA,170000.0,61885.0,Berline,Hybride rechargeable essence,Automatique,8 cv,2.2022,no,hybride,2022.0
Audi,Q5,225000.0,57974.0,SUV,Hybride léger essence,Automatique,16 cv,7.2021,no,hybride,2021.0
Audi,A3 Sportback,175000.0,4999.0,Compacte,Hybride rechargeable essence,Automatique,8 cv,6.2025,no,hybride,2025.0
Mercedes-Benz,Classe C,165000.0,59764.0,Berline,Hybride essence,Automatique,10 cv,2.2020,no,hybride,2020.0
Audi,A1 Sportback,98000.0,71626.0,Citadine,Essence,Automatique,6 cv,9.2023,no,essence,2023.0
Mercedes-Benz,GLC,250000.0,59720.0,SUV,Hybride léger essence,Automatique,12 cv,11.2021,no,hybride,2021.0
Mercedes-Benz,GLC Coupé,265000.0,39843.0,SUV,Hybride rechargeable essence,Automatique,12 cv,2.2021,no,hybride,2021.0
Peugeot,Rifter,75000.0,122607.0,Monospace,Diesel,Manuelle,5 cv,10.2020,no,diesel,2020.0
Skoda,Kamiq,79662.0,79662.0,SUV,Essence,Manuelle,6 cv,12.2020,no,essence,2020.0
Volkswagen,Golf 7,80000.0,110233.0,Compacte,Essence,Automatique,7 cv,1.2019,no,essence,2019.0
Mercedes-Benz,Classe A,120000.0,70769.0,Compacte,Hybride rechargeable essence,Automatique,8 cv,6.2020,no,hybride,2020.0
Mercedes-Benz,Classe A,175000.0,6193.0,Compacte,Hybride rechargeable essence,Automatique,8 cv,5.2023,no,hybride,2023.0
Mercedes-Benz,Classe C,120000.0,180960.0,Berline,Essence,Automatique,8 cv,7.2015,no,essence,2015.0
Mercedes-Benz,Classe A,137000.0,48511.0,Compacte,Hybride rechargeable essence,Automatique,8 cv,10.2020,no,hybride,2020.0
Mercedes-Benz,Classe A,145000.0,50041.0,Compacte,Hybride rechargeable essence,Automatique,8 cv,6.2021,no,hybride,2021.0
Mercedes-Benz,Classe C,170000.0,18488.0,Berline,Essence,Automatique,9 cv,4.2019,no,essence,2019.0
Renault,Clio,50000.0,46214.0,Citadine,Essence,Manuelle,5 cv,9.2021,no,essence,2021.0
Citroën,Berlingo Van,58000.0,145355.0,Utilitaire,Diesel,Manuelle,7 cv,2.2020,no,diesel,2020.0
Audi,A3 Sportback,175000.0,3514.0,Compacte,Hybride rechargeable essence,Automatique,8 cv,6.2025,no,hybride,2025.0
Volkswagen,Caddy,60000.0,100163.0,Utilitaire,Diesel,Manuelle,5 cv,9.2020,no,diesel,2020.0
Peugeot,Partner,55000.0,87261.0,Utilitaire,Diesel,Manuelle,5 cv,1.2020,no,diesel,2020.0
Nissan,Qashqai,150000.0,7032.0,SUV,Hybride essence,Automatique,8 cv,1.2025,no,hybride,2025.0
Land Rover,Range Rover Evoque,245000.0,48934.0,SUV,Hybride rechargeable essence,Automatique,11 cv,1.2022,no,hybride,2022.0
Mercedes-Benz,Classe C,258000.0,5686.0,Berline,Hybride léger essence,Automatique,12 cv,11.2022,no,hybride,2022.0
Mercedes-Benz,GLC,255000.0,73590.0,SUV,Hybride rechargeable essence,Automatique,12 cv,7.2020,no,hybride,2020.0
Citroën,Berlingo,85000.0,75254.0,Utilitaire,Diesel,Automatique,7 cv,11.2021,no,diesel,2021.0
Citroën,Berlingo Van,65000.0,19329.0,Utilitaire,Diesel,Manuelle,5 cv,1.2022,no,diesel,2022.0
Mercedes-Benz,CLA,178000.0,44130.0,Berline,Hybride rechargeable essence,Automatique,8 cv,10.2021,no,hybride,2021.0
Mitsubishi,L200 Sportero,140000.0,50000.0,Pick up,Diesel,Automatique,8 cv,11.2022,no,diesel,2022.0
Mahindra,KUV 100,33000.0,33500.0,SUV,Essence,Manuelle,5 cv,5.2021,no,essence,2021.0
Volkswagen,Golf 7,93000.0,127000.0,Compacte,Essence,Automatique,6 cv,9.2019,no,essence,2019.0
Fiat,Grande Punto,32000.0,190000.0,Citadine,Essence,Manuelle,4 cv,3.2018,no,essence,2018.0
Toyota,Hilux Double Cabine,155000.0,36000.0,Pick up,Diesel,Manuelle,8 cv,6.2016,no,diesel,2016.0
Renault,Captur,35800.0,186000.0,SUV,Essence,Manuelle,6 cv,1.2015,no,essence,2015.0
Land Rover,Discovery Sport,105000.0,177000.0,SUV,Diesel,Automatique,8 cv,9.2017,no,diesel,2017.0
Peugeot,2008,75000.0,20000.0,SUV,Essence,Automatique,7 cv,6.2022,no,essence,2022.0
Mercedes-Benz,Classe E,120000.0,175000.0,Berline,Essence,Automatique,12 cv,6.2016,no,essence,2016.0
Toyota,RAV 4,30000.0,100000.0,SUV,Hybride essence,Automatique,9 cv,1.2022,no,hybride,2022.0
KIA,Sorento,45000.0,162000.0,SUV,Essence,Automatique,18 cv,2.2014,no,essence,2014.0
Mercedes-Benz,Classe A,113000.0,85000.0,Compacte,Hybride rechargeable essence,Automatique,7 cv,10.2020,no,hybride,2020.0
Audi,A5 Sportback,158000.0,28000.0,Berline,Essence,Automatique,8 cv,11.2022,no,essence,2022.0
Mercedes-Benz,Classe A Berline,157000.0,24000.0,Berline,Hybride rechargeable essence,Automatique,8 cv,7.2024,no,hybride,2024.0
Mercedes-Benz,Classe C,205000.0,38000.0,Berline,Hybride léger essence,Automatique,9 cv,4.2024,no,hybride,2024.0
Mercedes-Benz,Classe E,175000.0,31000.0,Berline,Diesel,Automatique,11 cv,2.2019,no,diesel,2019.0
Audi,Q8,288000.0,112000.0,SUV,Hybride léger diesel,Automatique,19 cv,9.2018,no,hybride,2018.0
Volkswagen,Taigo,119000.0,1000.0,SUV,Essence,Automatique,7 cv,8.2025,no,essence,2025.0
Nissan,Qashqai,62000.0,150000.0,SUV,Essence,Automatique,6 cv,10.2017,no,essence,2017.0
Mercedes-Benz,CLA,145000.0,80000.0,Berline,Hybride rechargeable essence,Automatique,8 cv,1.2022,no,hybride,2022.0
Mercedes-Benz,CLA,163000.0,33000.0,Berline,Hybride rechargeable essence,Automatique,8 cv,11.2022,no,hybride,2022.0
Mercedes-Benz,Classe C coupé,59000.0,170000.0,Coupé,Essence,Manuelle,8 cv,10.2013,no,essence,2013.0
Land Rover,Range Rover Evoque,84500.0,187000.0,SUV,Essence,Automatique,15 cv,10.2016,no,essence,2016.0
Toyota,GT86,109000.0,11000.0,Coupé,Essence,Automatique,12 cv,10.2020,no,essence,2020.0
Volkswagen,Golf 7,98000.0,67000.0,Compacte,Essence,Automatique,16 cv,10.2016,no,essence,2016.0
Volkswagen,Golf 8,178000.0,46000.0,Compacte,Essence,Automatique,19 cv,5.2022,no,essence,2022.0
Land Rover,Range Rover Sport,288000.0,41000.0,SUV,Hybride rechargeable essence,Automatique,19 cv,12.2021,no,hybride,2021.0
Mercedes-Benz,CLA,188000.0,22000.0,Berline,Hybride rechargeable essence,Automatique,8 cv,9.2022,no,hybride,2022.0
Mercedes-Benz,GLC Coupé,209000.0,45000.0,SUV,Hybride rechargeable essence,Automatique,12 cv,9.2020,no,hybride,2020.0
Mercedes-Benz,Classe E,225000.0,34000.0,Berline,Hybride rechargeable essence,Automatique,12 cv,2.2021,no,hybride,2021.0
Mercedes-Benz,GLC Coupé,218000.0,55000.0,SUV,Hybride rechargeable essence,Automatique,12 cv,12.2021,no,hybride,2021.0
Volkswagen,T-roc,102000.0,50000.0,Cabriolet,Essence,Manuelle,6 cv,8.2021,no,essence,2021.0
BMW,X6,198000.0,90000.0,SUV,Essence,Automatique,34 cv,11.2016,no,essence,2016.0
Mercedes-Benz,Classe A,134000.0,70000.0,Compacte,Hybride rechargeable essence,Automatique,8 cv,8.2022,no,hybride,2022.0
Mercedes-Benz,GLE Coupé,209000.0,85000.0,SUV,Diesel,Automatique,16 cv,5.2018,no,diesel,2018.0
Volkswagen,Golf 7,69500.0,120000.0,Compacte,Essence,Automatique,7 cv,1.2019,no,essence,2019.0
Mercedes-Benz,CLA,187000.0,20000.0,Berline,Hybride rechargeable essence,Automatique,8 cv,6.2024,no,hybride,2024.0
Mercedes-Benz,GLA,158000.0,63000.0,SUV,Hybride rechargeable essence,Automatique,8 cv,1.2021,no,hybride,2021.0
Mercedes-Benz,CLA,157000.0,80000.0,Berline,Hybride rechargeable essence,Automatique,8 cv,11.2021,no,hybride,2021.0
Mercedes-Benz,GLC Coupé,357000.0,14000.0,SUV,Hybride léger essence,Automatique,11 cv,9.2024,no,hybride,2024.0
Volkswagen,Golf 7,69000.0,120009.0,Compacte,Essence,Automatique,6 cv,1.2020,no,essence,2020.0
BMW,X3,92000.0,94000.0,SUV,Essence,Automatique,15 cv,4.2017,no,essence,2017.0
Audi,A5 Sportback,88500.0,215000.0,Berline,Essence,Automatique,8 cv,1.2018,no,essence,2018.0
Mercedes-Benz,Classe E,218000.0,53000.0,Berline,Hybride rechargeable essence,Automatique,12 cv,1.2021,no,hybride,2021.0
Mercedes-Benz,Classe A,89500.0,94000.0,Compacte,Essence,Automatique,7 cv,3.2020,no,essence,2020.0
Mercedes-Benz,Classe C,98000.0,182000.0,Berline,Essence,Automatique,8 cv,5.2016,no,essence,2016.0
Mercedes-Benz,Classe E coupé,62000.0,180000.0,Coupé,Essence,Automatique,19 cv,5.2010,no,essence,2010.0
BMW,Série 4 Gran Coupé,107000.0,132000.0,Berline,Essence,Automatique,7 cv,6.2020,no,essence,2020.0
KIA,Picanto,39500.0,73000.0,Citadine,Essence,Manuelle,4 cv,9.2020,no,essence,2020.0
Mercedes-Benz,Classe C,97500.0,148000.0,Berline,Essence,Automatique,8 cv,9.2018,no,essence,2018.0
Peugeot,208,32000.0,96000.0,Citadine,Essence,Manuelle,4 cv,2.2020,no,essence,2020.0
Suzuki,Ciaz,55000.0,52500.0,Berline,Essence,Manuelle,6 cv,2.2023,no,essence,2023.0
Honda,HR-V,97000.0,7300.0,SUV,Essence,Automatique,7 cv,4.2025,no,essence,2025.0
KIA,Sportage,67000.0,126000.0,SUV,Essence,Automatique,8 cv,10.2016,no,essence,2016.0
Jaguar,F-Pace,125000.0,159000.0,SUV,Diesel,Manuelle,9 cv,7.2018,no,diesel,2018.0
Nissan,Qashqai,38000.0,103000.0,SUV,Essence,Manuelle,7 cv,4.2013,no,essence,2013.0
Ford,Ecosport,58000.0,49500.0,SUV,Essence,Manuelle,7 cv,2.2020,no,essence,2020.0
Land Rover,Range Rover Velar,182000.0,92000.0,SUV,Diesel,Automatique,15 cv,10.2017,no,diesel,2017.0
Mazda,3 sedan,42000.0,112000.0,Berline,Essence,Manuelle,6 cv,5.2016,no,essence,2016.0
Volkswagen,Tiguan,38000.0,184000.0,SUV,Essence,Manuelle,12 cv,6.2010,no,essence,2010.0
Volkswagen,Tiguan,42000.0,158000.0,SUV,Essence,Manuelle,11 cv,11.2010,no,essence,2010.0
Mercedes-Benz,CLA,66000.0,143000.0,Berline,Essence,Manuelle,7 cv,7.2013,no,essence,2013.0
Audi,A5 Sportback,97000.0,164000.0,Berline,Essence,Automatique,8 cv,11.2020,no,essence,2020.0
MG,ZS,62000.0,92000.0,SUV,Essence,Automatique,7 cv,7.2020,no,essence,2020.0
Seat,Leon SC,44900.0,158000.0,Compacte,Essence,Manuelle,6 cv,5.2017,no,essence,2017.0
Jeep,Compass,87000.0,45000.0,SUV,Essence,Manuelle,8 cv,3.2021,no,essence,2021.0
Peugeot,2008,75500.0,43000.0,SUV,Essence,Manuelle,5 cv,5.2020,no,essence,2020.0
Geely,GX3,47000.0,73000.0,SUV,Essence,Manuelle,6 cv,9.2021,no,essence,2021.0
Volkswagen,Golf 8,88000.0,65500.0,Compacte,Hybride léger essence,Automatique,6 cv,6.2022,no,hybride,2022.0
Toyota,Prado,145000.0,230000.0,SUV,Diesel,Manuelle,11 cv,10.2014,no,diesel,2014.0
Mercedes-Benz,Classe A,185000.0,55000.0,Compacte,Essence,Automatique,19 cv,9.2022,no,essence,2022.0
Honda,City,48000.0,108000.0,Berline,Essence,Automatique,7 cv,8.2020,no,essence,2020.0
Ford,Kuga,62000.0,172000.0,SUV,Essence,Manuelle,8 cv,5.2019,no,essence,2019.0
KIA,Picanto,39800.0,79000.0,Citadine,Essence,Manuelle,5 cv,6.2018,no,essence,2018.0
Toyota,C-HR,69000.0,117500.0,SUV,Essence,Automatique,6 cv,10.2019,no,essence,2019.0
BMW,Série 5,195000.0,18000.0,Berline,Essence,Automatique,10 cv,11.2021,no,essence,2021.0
Peugeot,2008,36000.0,110000.0,SUV,Essence,Manuelle,5 cv,7.2017,no,essence,2017.0
Mercedes-Benz,Classe E,95500.0,52500.0,Berline,Essence,Automatique,10 cv,5.2015,no,essence,2015.0
Dongfeng,S50,39500.0,24000.0,Berline,Essence,Manuelle,6 cv,9.2019,no,essence,2019.0
Nissan,Navara,46500.0,238000.0,Pick up,Diesel,Manuelle,10 cv,5.2012,no,diesel,2012.0
GWM,Haval H6,94500.0,48000.0,SUV,Essence,Automatique,8 cv,7.2022,no,essence,2022.0
Volkswagen,Tiguan,98000.0,138000.0,SUV,Essence,Automatique,8 cv,3.2020,no,essence,2020.0
Hyundai,i20,42700.0,82000.0,Citadine,Essence,Manuelle,5 cv,11.2018,no,essence,2018.0
BMW,Série 1 3p,36000.0,182000.0,Compacte,Essence,Manuelle,7 cv,5.2010,no,essence,2010.0
Seat,Arona,83000.0,27000.0,SUV,Essence,Automatique,6 cv,12.2023,no,essence,2023.0
Geely,GX3,45000.0,78000.0,SUV,Essence,Manuelle,6 cv,6.2021,no,essence,2021.0
Audi,Q5,96000.0,112000.0,SUV,Diesel,Automatique,8 cv,5.2016,no,diesel,2016.0
Land Rover,Range Rover Velar,192000.0,144000.0,SUV,Diesel,Automatique,19 cv,9.2018,no,diesel,2018.0
Porsche,Macan,289500.0,9000.0,SUV,Electrique,Automatique,9 cv,12.2024,no,electrique,2024.0
Skoda,Scala,73000.0,48000.0,Compacte,Essence,Automatique,6 cv,2.2024,no,essence,2024.0
Land Rover,Discovery Sport,265000.0,48000.0,SUV,Diesel,Automatique,8 cv,7.2021,no,diesel,2021.0
Toyota,RAV 4,147000.0,30000.0,SUV,Hybride rechargeable essence,Automatique,9 cv,1.2024,no,hybride,2024.0
Ford,Focus,39500.0,101000.0,Compacte,Essence,Automatique,7 cv,11.2017,no,essence,2017.0
Audi,A1 Sportback,83000.0,35000.0,Citadine,Essence,Automatique,6 cv,6.2024,no,essence,2024.0
Chery,Tiggo 2,42000.0,88000.0,SUV,Essence,Manuelle,6 cv,1.2020,no,essence,2020.0
Porsche,Macan,215000.0,100000.0,SUV,Essence,Automatique,16 cv,6.2020,no,essence,2020.0
Mercedes-Benz,Classe A,79000.0,122000.0,Compacte,Essence,Manuelle,9 cv,10.2018,no,essence,2018.0
BMW,Série 3,67000.0,157000.0,Berline,Essence,Automatique,7 cv,2.2016,no,essence,2016.0
Audi,A5 Sportback,123000.0,158000.0,Berline,Essence,Automatique,8 cv,6.2020,no,essence,2020.0
Mercedes-Benz,Classe E,118000.0,88000.0,Berline,Essence,Automatique,9 cv,5.2017,no,essence,2017.0
Opel,Mokka,49500.0,139000.0,SUV,Essence,Manuelle,8 cv,3.2018,no,essence,2018.0
KIA,Sportage,77000.0,113000.0,SUV,Essence,Automatique,8 cv,6.2021,no,essence,2021.0
Geely,GX3,45000.0,97000.0,SUV,Essence,Manuelle,6 cv,10.2021,no,essence,2021.0
Peugeot,301,38000.0,19500.0,Berline,Essence,Manuelle,5 cv,4.2022,no,essence,2022.0
Mazda,6,48000.0,157000.0,Berline,Essence,Automatique,9 cv,8.2015,no,essence,2015.0
Ssangyong,Tivoli,52000.0,59000.0,SUV,Essence,Manuelle,7 cv,4.2018,no,essence,2018.0
Fiat,Tipo 5 portes,38500.0,39000.0,Compacte,Essence,Manuelle,6 cv,11.2018,no,essence,2018.0
Mercedes-Benz,Classe A Berline,105500.0,37500.0,Berline,Essence,Automatique,7 cv,10.2021,no,essence,2021.0
Ssangyong,Tivoli,56000.0,61000.0,SUV,Essence,Automatique,8 cv,1.2018,no,essence,2018.0
KIA,Sportage,69000.0,175000.0,SUV,Essence,Automatique,8 cv,11.2016,no,essence,2016.0
Chery,Tiggo 3X,52000.0,68000.0,SUV,Essence,Automatique,6 cv,6.2022,no,essence,2022.0
BMW,X4,96500.0,161000.0,SUV,Essence,Automatique,11 cv,10.2016,no,essence,2016.0
Peugeot,208,33500.0,75000.0,Citadine,Essence,Manuelle,5 cv,10.2018,no,essence,2018.0
Mercedes-Benz,Classe A,115000.0,86000.0,Compacte,Diesel,Automatique,6 cv,3.2019,no,diesel,2019.0
Suzuki,Vitara,64500.0,93000.0,SUV,Essence,Automatique,6 cv,3.2017,no,essence,2017.0
Mercedes-Benz,Classe E coupé,91500.0,112000.0,Coupé,Essence,Automatique,10 cv,11.2014,no,essence,2014.0
Seat,Arona,68000.0,39000.0,SUV,Essence,Manuelle,6 cv,1.2022,no,essence,2022.0
Ford,Kuga,56500.0,127000.0,SUV,Essence,Manuelle,8 cv,9.2017,no,essence,2017.0
MG,ZS,69500.0,51500.0,SUV,Essence,Automatique,7 cv,1.2022,no,essence,2022.0
BMW,Série 4 Gran Coupé,74000.0,132500.0,Berline,Essence,Automatique,7 cv,8.2017,no,essence,2017.0
Hyundai,i30,72000.0,102000.0,Compacte,Essence,Automatique,7 cv,11.2021,no,essence,2021.0
Peugeot,208,35500.0,31500.0,Citadine,Essence,Manuelle,4 cv,11.2020,no,essence,2020.0
Land Rover,Range Rover,350000.0,52000.0,SUV,Essence,Automatique,43 cv,11.2017,no,essence,2017.0
Audi,TT,235000.0,42000.0,Coupé,Essence,Automatique,15 cv,6.2022,no,essence,2022.0
Audi,A5 Sportback,140000.0,94000.0,Berline,Essence,Automatique,8 cv,1.2021,no,essence,2021.0
KIA,Sportage,95000.0,61000.0,SUV,Essence,Automatique,11 cv,4.2021,no,essence,2021.0
Honda,CR-V,99000.0,110000.0,SUV,Essence,Automatique,11 cv,12.2021,no,essence,2021.0
Honda,Civic,69000.0,159000.0,Berline,Essence,Automatique,10 cv,3.2020,no,essence,2020.0
Mercedes-Benz,CLA,162000.0,49000.0,Berline,Hybride rechargeable essence,Automatique,8 cv,11.2021,no,hybride,2021.0
Ford,Mustang,160000.0,57000.0,Cabriolet,Essence,Automatique,21 cv,7.2017,no,essence,2017.0
MG,ZS,73500.0,23500.0,SUV,Essence,Automatique,7 cv,5.2022,no,essence,2022.0
Audi,A3 Sportback,57000.0,160000.0,Compacte,Essence,Manuelle,6 cv,12.2016,no,essence,2016.0
Mercedes-Benz,Classe A,114000.0,37000.0,Compacte,Hybride rechargeable essence,Automatique,8 cv,3.2021,no,hybride,2021.0
BMW,X2,132000.0,38000.0,SUV,Essence,Automatique,7 cv,11.2018,no,essence,2018.0
MG,HS,77500.0,78000.0,SUV,Essence,Automatique,10 cv,1.2021,no,essence,2021.0
Mercedes-Benz,Classe C,197000.0,46000.0,Berline,Hybride léger essence,Automatique,9 cv,2.2022,no,hybride,2022.0
Skoda,Superb,130000.0,20000.0,Berline,Essence,Automatique,8 cv,2.2024,no,essence,2024.0
MG,GS,62000.0,100000.0,SUV,Essence,Automatique,9 cv,2.2017,no,essence,2017.0
Volkswagen,Polo Sedan,51000.0,81000.0,Berline,Essence,Manuelle,5 cv,5.2022,no,essence,2022.0
Volkswagen,Polo Sedan,54000.0,101000.0,Berline,Essence,Manuelle,5 cv,5.2022,no,essence,2022.0
Renault,Megane,46000.0,98000.0,Compacte,Essence,Manuelle,7 cv,1.2020,no,essence,2020.0
Renault,Trafic,78000.0,300000.0,Monospace,Diesel,Manuelle,7 cv,2.2018,no,diesel,2018.0
Land Rover,Range Rover Evoque,90000.0,188000.0,SUV,Diesel,Automatique,8 cv,9.2015,no,diesel,2015.0
Volkswagen,Polo,48500.0,90000.0,Citadine,Essence,Manuelle,4 cv,2.2022,no,essence,2022.0
Volkswagen,Golf 8,69500.0,137000.0,Compacte,Essence,Manuelle,5 cv,1.2021,no,essence,2021.0
Volkswagen,Golf 5,35000.0,190000.0,Compacte,Essence,Manuelle,5 cv,4.2007,no,essence,2007.0
BMW,Série 3 GT,90000.0,200000.0,Berline,Essence,Automatique,7 cv,5.2015,no,essence,2015.0
Mercedes-Benz,Classe E,68000.0,190000.0,Berline,Diesel,Automatique,10 cv,10.2010,no,diesel,2010.0
KIA,Sportage,95000.0,130000.0,SUV,Essence,Automatique,11 cv,12.2019,no,essence,2019.0
Toyota,C-HR,90000.0,30000.0,SUV,Essence,Automatique,6 cv,3.2021,no,essence,2021.0
BMW,Série 3,54000.0,180000.0,Berline,Essence,Automatique,7 cv,4.2015,no,essence,2015.0
Ford,Fiesta,28500.0,200000.0,Citadine,Essence,Manuelle,5 cv,3.2012,no,essence,2012.0
GWM,Haval H6,105000.0,40000.0,SUV,Essence,Automatique,8 cv,2.2022,no,essence,2022.0
BMW,X5,70000.0,250000.0,SUV,Diesel,Automatique,16 cv,2.2010,no,diesel,2010.0
Dacia,Sandero,39000.0,180000.0,Citadine,Essence,Manuelle,5 cv,5.2014,no,essence,2014.0
Toyota,Hilux Simple Cabine,180000.0,50000.0,Pick up,Diesel,Automatique,11 cv,5.2023,no,diesel,2023.0
Volkswagen,Golf 7,62000.0,130000.0,Compacte,Essence,Automatique,6 cv,10.2018,no,essence,2018.0
BMW,Série 1,38000.0,200000.0,Compacte,Essence,Manuelle,7 cv,2.2010,no,essence,2010.0
Audi,A4,40000.0,200000.0,Berline,Essence,Manuelle,7 cv,5.2013,no,essence,2013.0
BMW,X2,145000.0,70000.0,SUV,Diesel,Automatique,8 cv,5.2020,no,diesel,2020.0
Peugeot,3008,78000.0,140000.0,SUV,Essence,Automatique,9 cv,3.2022,no,essence,2022.0
Mitsubishi,L200 Sportero,65000.0,150000.0,Pick up,Diesel,Manuelle,8 cv,5.2011,no,diesel,2011.0
Mercedes-Benz,Classe E,59000.0,170000.0,Berline,Essence,Automatique,11 cv,5.2013,no,essence,2013.0
Hyundai,Elantra,78000.0,100000.0,Berline,Essence,Automatique,9 cv,5.2018,no,essence,2018.0
Land Rover,Range Rover Evoque,185000.0,40000.0,SUV,Essence,Automatique,16 cv,6.2016,no,essence,2016.0
Ford,Ranger,85000.0,180000.0,Pick up,Diesel,Manuelle,7 cv,5.2015,no,diesel,2015.0
BMW,X3,75000.0,200000.0,SUV,Diesel,Manuelle,10 cv,2.2013,no,diesel,2013.0
Ford,Mustang,185000.0,50000.0,Cabriolet,Essence,Automatique,21 cv,5.2018,no,essence,2018.0
Land Rover,Discovery Sport,220000.0,50000.0,SUV,Essence,Automatique,25 cv,8.2015,no,essence,2015.0
Audi,Q3,68000.0,200000.0,SUV,Essence,Automatique,10 cv,2.2013,no,essence,2013.0
BMW,X3,250000.0,18000.0,SUV,Essence,Automatique,15 cv,2.2021,no,essence,2021.0
Honda,HR-V,115000.0,18000.0,SUV,Essence,Automatique,7 cv,12.2023,no,essence,2023.0
Renault,Trafic,50000.0,160000.0,Monospace,Diesel,Manuelle,6 cv,8.2014,no,diesel,2014.0
Skoda,Octavia,85000.0,59000.0,Berline,Essence,Automatique,8 cv,11.2022,no,essence,2022.0
BMW,X2,124000.0,79000.0,SUV,Essence,Automatique,7 cv,11.2019,no,essence,2019.0
Mercedes-Benz,Classe C coupé,100000.0,255000.0,Coupé,Essence,Automatique,8 cv,1.2017,no,essence,2017.0
Toyota,FJ Cruiser,230000.0,32000.0,SUV,Essence,Automatique,18 cv,6.2017,no,essence,2017.0
Isuzu,D-Max Double Cabine,67000.0,297000.0,Pick up,Diesel,Manuelle,8 cv,9.2014,no,diesel,2014.0
Peugeot,508,34000.0,120000.0,Berline,Essence,Automatique,7 cv,12.2014,no,essence,2014.0
Peugeot,308 GT,114990.0,18100.0,Compacte,Hybride rechargeable essence,Automatique,7 cv,9.2024,no,hybride,2024.0
Toyota,Yaris,35000.0,80000.0,Citadine,Essence,Manuelle,4 cv,10.2017,no,essence,2017.0
Seat,Leon SC,43000.0,228000.0,Compacte,Essence,Manuelle,6 cv,5.2016,no,essence,2016.0
Peugeot,2008,40500.0,128000.0,SUV,Essence,Manuelle,5 cv,3.2016,no,essence,2016.0
KIA,XCeed,93000.0,80000.0,SUV,Hybride rechargeable essence,Automatique,8 cv,4.2022,no,hybride,2022.0
Mercedes-Benz,Classe E,155000.0,130000.0,Berline,Diesel,Automatique,8 cv,3.2021,no,diesel,2021.0
Volkswagen,Polo Sedan,58000.0,53000.0,Berline,Essence,Manuelle,5 cv,6.2022,no,essence,2022.0
KIA,Stonic,67000.0,73000.0,SUV,Essence,Manuelle,5 cv,7.2021,no,essence,2021.0
Fiat,500,44500.0,69000.0,Citadine,Essence,Automatique,4 cv,3.2021,no,essence,2021.0
Peugeot,208,24000.0,230000.0,Citadine,Essence,Manuelle,5 cv,3.2015,no,essence,2015.0
Volkswagen,Polo,22000.0,240000.0,Citadine,Essence,Automatique,5 cv,10.2008,no,essence,2008.0
Audi,Q5,119000.0,32000.0,SUV,Diesel,Manuelle,8 cv,7.2014,no,diesel,2014.0
BMW,Série 5,134500.0,129000.0,Berline,Essence,Automatique,10 cv,4.2019,no,essence,2019.0
Mercedes-Benz,Classe C,77000.0,296000.0,Berline,Essence,Automatique,8 cv,6.2015,no,essence,2015.0
Volkswagen,Polo,86000.0,37600.0,Citadine,Essence,Manuelle,5 cv,5.2023,no,essence,2023.0
Chery,QQ,21800.0,130000.0,Citadine,Essence,Manuelle,5 cv,7.2018,no,essence,2018.0
Audi,Q3,85000.0,104000.0,SUV,Essence,Automatique,8 cv,8.2017,no,essence,2017.0
Mercedes-Benz,Classe C,70000.0,300000.0,Berline,Essence,Automatique,9 cv,11.2012,no,essence,2012.0
MG,ZS,48000.0,134000.0,SUV,Essence,Manuelle,7 cv,10.2018,no,essence,2018.0
Renault,Kwid Populaire,33000.0,5000.0,SUV,Essence,Manuelle,4 cv,11.2024,no,essence,2024.0
KIA,Sportage,118000.0,66000.0,SUV,Essence,Automatique,10 cv,8.2022,no,essence,2022.0
Ford,Ecosport,71000.0,42000.0,SUV,Essence,Manuelle,7 cv,8.2023,no,essence,2023.0
Mercedes-Benz,GLC Coupé,232000.0,55000.0,SUV,Hybride rechargeable essence,Automatique,12 cv,3.2021,no,hybride,2021.0
BMW,X5,135000.0,185000.0,SUV,Diesel,Automatique,13 cv,6.2015,no,diesel,2015.0
Porsche,Macan,260000.0,80000.0,SUV,Essence,Automatique,15 cv,7.2020,no,essence,2020.0
BMW,Série 4 Gran Coupé,85000.0,175000.0,Berline,Essence,Automatique,10 cv,7.2015,no,essence,2015.0
KIA,Stonic,75000.0,18000.0,SUV,Essence,Manuelle,5 cv,11.2024,no,essence,2024.0
KIA,Rio 5p,55000.0,140000.0,Citadine,Essence,Manuelle,5 cv,12.2020,no,essence,2020.0
Volkswagen,Polo,25500.0,162000.0,Citadine,Essence,Manuelle,5 cv,4.2013,no,essence,2013.0
MG,ZS,53500.0,80000.0,SUV,Essence,Manuelle,7 cv,8.2020,no,essence,2020.0
KIA,Rio Berline,38000.0,157000.0,Berline,Essence,Manuelle,5 cv,6.2016,no,essence,2016.0
Peugeot,301,27900.0,128000.0,Berline,Essence,Manuelle,5 cv,6.2018,no,essence,2018.0
Mahindra,KUV 100,30000.0,58000.0,SUV,Essence,Manuelle,5 cv,8.2020,no,essence,2020.0
Land Rover,Freelander,59000.0,199000.0,SUV,Diesel,Automatique,11 cv,9.2009,no,diesel,2009.0
MG,ZS,55000.0,145000.0,SUV,Essence,Automatique,7 cv,5.2021,no,essence,2021.0
BMW,Série 3,65000.0,195000.0,Berline,Essence,Automatique,7 cv,4.2015,no,essence,2015.0
Mercedes-Benz,Classe B,58000.0,190000.0,Monospace,Essence,Manuelle,7 cv,11.2016,no,essence,2016.0
BMW,Série 3,129000.0,130000.0,Berline,Essence,Automatique,10 cv,4.2020,no,essence,2020.0
Seat,Ateca,112000.0,34000.0,SUV,Essence,Automatique,8 cv,1.2021,no,essence,2021.0
GWM,Haval Jolion,76000.0,80000.0,SUV,Essence,Automatique,9 cv,11.2021,no,essence,2021.0
Seat,Leon,81000.0,83000.0,Compacte,Essence,Automatique,8 cv,10.2021,no,essence,2021.0
Dacia,Logan MCV,38500.0,187000.0,Monospace,Essence,Manuelle,5 cv,5.2015,no,essence,2015.0
KIA,Rio 5p,54000.0,120000.0,Citadine,Essence,Manuelle,5 cv,9.2020,no,essence,2020.0
Volkswagen,Passat,102000.0,88000.0,Berline,Hybride rechargeable essence,Automatique,8 cv,3.2021,no,hybride,2021.0
Volkswagen,T-roc,83500.0,95000.0,SUV,Essence,Manuelle,6 cv,1.2023,no,essence,2023.0
Volkswagen,Golf 8,78000.0,79000.0,Compacte,Essence,Manuelle,5 cv,1.2021,no,essence,2021.0
Peugeot,Landtrek Double Cabine,72000.0,73000.0,Pick up,Diesel,Manuelle,6 cv,7.2021,no,diesel,2021.0
Peugeot,308,39500.0,114000.0,Compacte,Essence,Manuelle,6 cv,7.2021,no,essence,2021.0
Mercedes-Benz,Classe A,109000.0,32000.0,Compacte,Essence,Automatique,9 cv,6.2019,no,essence,2019.0
Nissan,Qashqai,49000.0,134000.0,SUV,Essence,Automatique,6 cv,1.2016,no,essence,2016.0
Land Rover,Range Rover Evoque,79500.0,132000.0,SUV,Diesel,Manuelle,8 cv,3.2016,no,diesel,2016.0
Volkswagen,Golf 8,138000.0,23000.0,Compacte,Hybride rechargeable essence,Automatique,8 cv,1.2023,no,hybride,2023.0
Mercedes-Benz,GLA,156000.0,61000.0,SUV,Hybride rechargeable essence,Automatique,8 cv,4.2021,no,hybride,2021.0
BMW,X5,123000.0,152000.0,SUV,Diesel,Automatique,13 cv,1.2015,no,diesel,2015.0
KIA,Sportage,77000.0,226000.0,SUV,Diesel,Automatique,10 cv,10.2018,no,diesel,2018.0
Volkswagen,Golf 7,48000.0,220000.0,Compacte,Diesel,Manuelle,5 cv,8.2014,no,diesel,2014.0
Renault,Clio,39500.0,77000.0,Citadine,Essence,Manuelle,5 cv,6.2019,no,essence,2019.0
Volkswagen,Tiguan,72000.0,71000.0,SUV,Essence,Automatique,9 cv,6.2015,no,essence,2015.0
Mercedes-Benz,Classe E,50000.0,221000.0,Berline,Essence,Automatique,15 cv,8.2013,no,essence,2013.0
Volkswagen,Jetta,32000.0,219000.0,Berline,Essence,Manuelle,7 cv,3.2011,no,essence,2011.0
Hyundai,Grand i10,50000.0,74000.0,Citadine,Essence,Automatique,5 cv,10.2021,no,essence,2021.0
Suzuki,Swift,37500.0,136000.0,Citadine,Essence,Manuelle,5 cv,1.2022,no,essence,2022.0
Chery,Arrizo 3,32000.0,130000.0,Berline,Essence,Manuelle,6 cv,4.2019,no,essence,2019.0
KIA,Picanto,41000.0,59000.0,Citadine,Essence,Manuelle,4 cv,1.2022,no,essence,2022.0
Citroën,C3,33000.0,81000.0,Citadine,Essence,Manuelle,4 cv,5.2019,no,essence,2019.0
Chery,Arrizo 5,80000.0,36582.0,Berline,Essence,Automatique,7 cv,1.2025,no,essence,2025.0
Hyundai,i20,49000.0,100500.0,Citadine,Essence,Manuelle,5 cv,11.2021,no,essence,2021.0
KIA,Sportage,95000.0,113000.0,SUV,Diesel,Automatique,10 cv,10.2016,no,diesel,2016.0
Hyundai,Grand i10,49800.0,57000.0,Citadine,Essence,Automatique,5 cv,5.2021,no,essence,2021.0
Citroën,C4,25000.0,200000.0,Compacte,Essence,Manuelle,6 cv,10.2014,no,essence,2014.0
Toyota,C-HR,91000.0,54000.0,SUV,Essence,Automatique,6 cv,10.2022,no,essence,2022.0
BMW,Série 5,42500.0,216000.0,Berline,Diesel,Automatique,10 cv,12.2007,no,diesel,2007.0
BMW,Série 1,56000.0,150000.0,Compacte,Essence,Manuelle,7 cv,1.2017,no,essence,2017.0
Mercedes-Benz,Classe B,155000.0,43000.0,Monospace,Hybride rechargeable essence,Automatique,8 cv,7.2021,no,hybride,2021.0
GWM,Haval H6,89000.0,65000.0,SUV,Essence,Automatique,8 cv,6.2022,no,essence,2022.0
Seat,Ibiza,52000.0,28700.0,Citadine,Essence,Manuelle,4 cv,11.2021,no,essence,2021.0
MG,HS,80000.0,65000.0,SUV,Essence,Automatique,9 cv,5.2022,no,essence,2022.0
GWM,Poer AT,112000.0,13000.0,Pick up,Diesel,Automatique,7 cv,4.2024,no,diesel,2024.0
KIA,Sportage,62000.0,298000.0,SUV,Diesel,Automatique,11 cv,9.2014,no,diesel,2014.0
Seat,Leon,62000.0,103000.0,Compacte,Essence,Manuelle,6 cv,1.2020,no,essence,2020.0
Peugeot,208,46000.0,49000.0,Citadine,Essence,Manuelle,5 cv,2.2021,no,essence,2021.0
Volkswagen,Golf 7,60000.0,80000.0,Compacte,Essence,Manuelle,5 cv,6.2016,no,essence,2016.0
Mercedes-Benz,GLC Coupé,229000.0,33000.0,SUV,Hybride léger essence,Automatique,16 cv,11.2021,no,hybride,2021.0
Citroën,Berlingo Van,55000.0,155000.0,Utilitaire,Diesel,Manuelle,5 cv,2.2022,no,diesel,2022.0
Mercedes-Benz,EQB,175000.0,6000.0,SUV,Electrique,Automatique,7 cv,3.2025,no,electrique,2025.0
BMW,X3,195000.0,56000.0,SUV,Diesel,Automatique,11 cv,8.2019,no,diesel,2019.0
BMW,Série 3,60000.0,174000.0,Berline,Essence,Automatique,7 cv,1.2013,no,essence,2013.0
Renault,Kadjar,55000.0,91000.0,SUV,Essence,Manuelle,7 cv,7.2019,no,essence,2019.0
KIA,Rio 5p,52000.0,73000.0,Citadine,Essence,Manuelle,5 cv,1.2019,no,essence,2019.0
Audi,A4,73000.0,160000.0,Berline,Essence,Automatique,8 cv,9.2019,no,essence,2019.0
Audi,A5 Sportback,95000.0,160000.0,Berline,Essence,Automatique,8 cv,1.2021,no,essence,2021.0
Audi,A4,82000.0,97000.0,Berline,Essence,Automatique,8 cv,8.2018,no,essence,2018.0
Mahindra,KUV 100,28500.0,25000.0,SUV,Essence,Manuelle,5 cv,8.2020,no,essence,2020.0
BMW,Série 3,78000.0,135000.0,Berline,Essence,Automatique,7 cv,12.2018,no,essence,2018.0
Mercedes-Benz,Classe E,140000.0,168000.0,Berline,Diesel,Automatique,10 cv,10.2017,no,diesel,2017.0
Hyundai,i20,77500.0,49100.0,Citadine,Essence,Automatique,5 cv,5.2024,no,essence,2024.0
Renault,Kadjar,55000.0,160000.0,SUV,Essence,Manuelle,7 cv,2.2017,no,essence,2017.0
Suzuki,Swift,43500.0,86000.0,Citadine,Essence,Automatique,5 cv,5.2022,no,essence,2022.0
GWM,Haval Jolion,81000.0,55090.0,SUV,Essence,Automatique,9 cv,6.2022,no,essence,2022.0
KIA,Rio 5p,49500.0,83000.0,Citadine,Essence,Manuelle,5 cv,7.2022,no,essence,2022.0
Renault,Megane Sedan,53000.0,56000.0,Berline,Essence,Manuelle,7 cv,7.2019,no,essence,2019.0
Ford,Ecosport,74000.0,25000.0,SUV,Essence,Manuelle,7 cv,11.2022,no,essence,2022.0
Hyundai,ix35,43500.0,175208.0,SUV,Diesel,Automatique,11 cv,11.2013,no,diesel,2013.0
Citroën,C-Elysée,25000.0,164000.0,Berline,Essence,Manuelle,5 cv,1.2015,no,essence,2015.0
Toyota,C-HR,89000.0,50200.0,SUV,Essence,Automatique,6 cv,12.2020,no,essence,2020.0
Peugeot,3008,87000.0,116000.0,SUV,Essence,Automatique,9 cv,1.2018,no,essence,2018.0
Honda,City,65000.0,78000.0,Berline,Essence,Automatique,6 cv,12.2021,no,essence,2021.0
Peugeot,Partner,38000.0,156000.0,Utilitaire,Diesel,Manuelle,5 cv,8.2016,no,diesel,2016.0
KIA,Picanto,35000.0,130000.0,Citadine,Essence,Manuelle,4 cv,2.2018,no,essence,2018.0
Ford,Fiesta,28000.0,166000.0,Citadine,Essence,Manuelle,5 cv,3.2013,no,essence,2013.0
Renault,Captur,39900.0,96000.0,SUV,Essence,Manuelle,5 cv,4.2015,no,essence,2015.0
Seat,Leon,98000.0,100000.0,Compacte,Essence,Automatique,8 cv,1.2023,no,essence,2023.0
Peugeot,208,40900.0,48750.0,Citadine,Essence,Manuelle,4 cv,8.2023,no,essence,2023.0
Mercedes-Benz,Classe E,65000.0,120000.0,Berline,Diesel,Automatique,10 cv,3.2011,no,diesel,2011.0
Honda,Civic,85000.0,75000.0,Berline,Essence,Automatique,10 cv,7.2020,no,essence,2020.0
Mercedes-Benz,Classe C coupé,90000.0,100000.0,Coupé,Essence,Automatique,12 cv,12.2012,no,essence,2012.0
Peugeot,2008,85000.0,96000.0,SUV,Diesel,Automatique,7 cv,11.2021,no,diesel,2021.0
Audi,A3 Berline,68000.0,97000.0,Berline,Essence,Manuelle,6 cv,3.2019,no,essence,2019.0
Porsche,Panamera,195000.0,54000.0,Berline,Essence,Automatique,27 cv,6.2012,no,essence,2012.0
Audi,A3 Sportback,70000.0,160000.0,Compacte,Essence,Manuelle,6 cv,6.2020,no,essence,2020.0
KIA,Rio 5p,55000.0,93000.0,Citadine,Essence,Manuelle,5 cv,2.2020,no,essence,2020.0
Volkswagen,Polo,60000.0,95000.0,Citadine,Essence,Manuelle,4 cv,1.2020,no,essence,2020.0
Audi,A1 Sportback,35900.0,270000.0,Citadine,Diesel,Automatique,5 cv,10.2012,no,diesel,2012.0
Chery,Tiggo 3X,56000.0,29000.0,SUV,Essence,Automatique,6 cv,12.2021,no,essence,2021.0
BMW,Série 3,138000.0,73400.0,Berline,Essence,Automatique,9 cv,3.2021,no,essence,2021.0
BMW,Série 1,32000.0,194000.0,Compacte,Essence,Manuelle,8 cv,10.2009,no,essence,2009.0
Audi,A3,45500.0,243000.0,Compacte,Essence,Automatique,5 cv,11.2014,no,essence,2014.0
Volkswagen,Golf 6,39900.0,182000.0,Compacte,Essence,Manuelle,7 cv,4.2010,no,essence,2010.0
Renault,Megane,49000.0,94000.0,Compacte,Essence,Manuelle,7 cv,4.2021,no,essence,2021.0
Audi,Q3 Sportback,160000.0,51000.0,SUV,Hybride rechargeable essence,Automatique,8 cv,9.2021,no,hybride,2021.0
Mazda,CX-9,91000.0,163000.0,SUV,Essence,Automatique,15 cv,9.2019,no,essence,2019.0
KIA,Rio 5p,54000.0,124000.0,Citadine,Essence,Manuelle,5 cv,9.2019,no,essence,2019.0
Toyota,Corolla,61000.0,84914.0,Compacte,Essence,Automatique,6 cv,7.2020,no,essence,2020.0
Volkswagen,Golf 8,81000.0,59000.0,Compacte,Essence,Manuelle,6 cv,1.2022,no,essence,2022.0
Mercedes-Benz,Classe A,90000.0,123000.0,Compacte,Diesel,Automatique,6 cv,5.2019,no,diesel,2019.0
Peugeot,2008,63000.0,65000.0,SUV,Essence,Manuelle,6 cv,7.2020,no,essence,2020.0
Mercedes-Benz,Classe C,195000.0,38000.0,Berline,Hybride léger essence,Automatique,10 cv,3.2022,no,hybride,2022.0
Seat,Leon,70000.0,59000.0,Compacte,Essence,Manuelle,6 cv,4.2017,no,essence,2017.0
Peugeot,5008,79900.0,110000.0,SUV,Essence,Manuelle,7 cv,12.2019,no,essence,2019.0
Audi,A3 Sportback,77000.0,200000.0,Compacte,Diesel,Manuelle,6 cv,1.2019,no,diesel,2019.0
MG,GT,83000.0,20000.0,Berline,Essence,Automatique,9 cv,9.2023,no,essence,2023.0
Ford,Figo,25500.0,122000.0,Citadine,Essence,Manuelle,5 cv,10.2013,no,essence,2013.0
MG,GT,82000.0,29000.0,Berline,Essence,Automatique,7 cv,9.2024,no,essence,2024.0
Volkswagen,Caddy,42000.0,238000.0,Utilitaire,Diesel,Manuelle,5 cv,7.2020,no,diesel,2020.0
Ford,Ecosport,43000.0,230000.0,SUV,Essence,Automatique,7 cv,11.2018,no,essence,2018.0
GWM,Haval H6,62000.0,211780.0,SUV,Essence,Automatique,9 cv,11.2019,no,essence,2019.0
Mitsubishi,Pajero,135000.0,75000.0,SUV,Diesel,Manuelle,11 cv,6.2019,no,diesel,2019.0
Mercedes-Benz,GLB,180000.0,50000.0,SUV,Essence,Automatique,9 cv,8.2022,no,essence,2022.0
Audi,A3 Berline,54000.0,156000.0,Berline,Essence,Manuelle,5 cv,12.2014,no,essence,2014.0
Audi,A3 Sportback,49500.0,194000.0,Compacte,Essence,Manuelle,5 cv,4.2014,no,essence,2014.0
Volkswagen,Tiguan,100000.0,169000.0,SUV,Diesel,Automatique,8 cv,5.2017,no,diesel,2017.0
Volkswagen,Golf 7,69500.0,152500.0,Berline,Essence,Manuelle,6 cv,11.2018,no,essence,2018.0
Mercedes-Benz,GLK,80000.0,71000.0,SUV,Essence,Automatique,16 cv,2.2009,no,essence,2009.0
Mercedes-Benz,Classe A,66000.0,146000.0,Compacte,Diesel,Manuelle,5 cv,10.2017,no,diesel,2017.0
MG,HS,93000.0,52000.0,SUV,Essence,Automatique,9 cv,4.2022,no,essence,2022.0
Volkswagen,T-Cross,89000.0,43000.0,SUV,Essence,Automatique,7 cv,9.2023,no,essence,2023.0
BMW,Série 1,99500.0,110000.0,Compacte,Essence,Automatique,8 cv,6.2020,no,essence,2020.0
Skoda,Octavia,55000.0,230000.0,Berline,Essence,Automatique,6 cv,1.2020,no,essence,2020.0
Mercedes-Benz,GLC,178500.0,130000.0,SUV,Hybride rechargeable essence,Automatique,10 cv,7.2018,no,hybride,2018.0
Volkswagen,Golf 7,58500.0,169000.0,Compacte,Essence,Manuelle,6 cv,1.2019,no,essence,2019.0
Mercedes-Benz,GLC Coupé,220000.0,96000.0,SUV,Diesel,Automatique,12 cv,11.2019,no,diesel,2019.0
Peugeot,3008,70000.0,50000.0,SUV,Essence,Automatique,7 cv,1.2021,no,essence,2021.0
Mazda,6,41000.0,190000.0,Berline,Essence,Automatique,9 cv,1.2015,no,essence,2015.0
Peugeot,2008,48000.0,32500.0,SUV,Essence,Manuelle,5 cv,2.2017,no,essence,2017.0
Volkswagen,Golf 7,69000.0,62000.0,Compacte,Essence,Manuelle,6 cv,11.2019,no,essence,2019.0
Nissan,Micra,28500.0,143000.0,Citadine,Essence,Manuelle,5 cv,5.2017,no,essence,2017.0
MG,One,132240.0,22000.0,SUV,Essence,Automatique,10 cv,8.2024,no,essence,2024.0
MG,ZS,55000.0,165000.0,SUV,Essence,Manuelle,7 cv,4.2019,no,essence,2019.0
Volkswagen,Polo Sedan,56000.0,74000.0,Berline,Essence,Manuelle,5 cv,8.2022,no,essence,2022.0
BMW,Série 3,65000.0,230000.0,Berline,Essence,Automatique,7 cv,11.2014,no,essence,2014.0
Ford,Ecosport,68000.0,100000.0,SUV,Essence,Manuelle,7 cv,8.2019,no,essence,2019.0
Mercedes-Benz,Classe C coupé,170000.0,39000.0,Coupé,Hybride léger essence,Automatique,11 cv,2.2020,no,hybride,2020.0
Mercedes-Benz,Classe E,220000.0,30000.0,Berline,Hybride rechargeable essence,Automatique,12 cv,11.2021,no,hybride,2021.0
Mercedes-Benz,CLS,240000.0,45000.0,Berline,Diesel,Automatique,14 cv,2.2019,no,diesel,2019.0
Mazda,2,39000.0,250000.0,Citadine,Essence,Manuelle,6 cv,4.2017,no,essence,2017.0
Volkswagen,Tiguan,168000.0,42000.0,SUV,Essence,Automatique,8 cv,9.2024,no,essence,2024.0
Volkswagen,Golf 7,54000.0,196000.0,Compacte,Essence,Manuelle,5 cv,8.2014,no,essence,2014.0
KIA,Picanto,40000.0,94469.0,Citadine,Essence,Automatique,5 cv,3.2022,no,essence,2022.0
Mazda,2 Sedan,42000.0,146000.0,Berline,Essence,Manuelle,6 cv,2.2017,no,essence,2017.0
Chery,Tiggo 7 Pro,75000.0,85000.0,SUV,Essence,Automatique,9 cv,2.2022,no,essence,2022.0
Ssangyong,Actyon Sports,36500.0,260000.0,Pick up,Diesel,Manuelle,7 cv,11.2014,no,diesel,2014.0
Mercedes-Benz,Classe C,125000.0,130000.0,Berline,Diesel,Automatique,11 cv,7.2019,no,diesel,2019.0
Mercedes-Benz,Classe C,150000.0,56500.0,Berline,Hybride léger essence,Automatique,10 cv,9.2018,no,hybride,2018.0
Hyundai,Grand i10,47500.0,60000.0,Citadine,Essence,Manuelle,5 cv,4.2023,no,essence,2023.0
Seat,Ibiza,75000.0,39000.0,Citadine,Essence,Automatique,6 cv,1.2023,no,essence,2023.0
KIA,Rio 5p,52000.0,140000.0,Citadine,Essence,Manuelle,5 cv,3.2021,no,essence,2021.0
KIA,Sportage,66000.0,120000.0,SUV,Essence,Manuelle,8 cv,6.2017,no,essence,2017.0
Ford,Focus,70000.0,99000.0,Compacte,Essence,Automatique,6 cv,10.2020,no,essence,2020.0
KIA,Rio 5p,65000.0,75000.0,Citadine,Essence,Manuelle,5 cv,9.2022,no,essence,2022.0
Suzuki,Celerio,35500.0,97000.0,Citadine,Essence,Manuelle,4 cv,11.2023,no,essence,2023.0
Jeep,Renegade,74800.0,79000.0,SUV,Essence,Automatique,8 cv,1.2020,no,essence,2020.0
Ford,Focus,40000.0,112000.0,Compacte,Essence,Manuelle,6 cv,1.2016,no,essence,2016.0
Mercedes-Benz,GLA,161000.0,79000.0,SUV,Hybride rechargeable essence,Automatique,8 cv,4.2021,no,hybride,2021.0
Mercedes-Benz,GLA,82000.0,150000.0,SUV,Diesel,Manuelle,5 cv,1.2016,no,diesel,2016.0
Renault,Fluence,26500.0,290000.0,Berline,Essence,Manuelle,7 cv,6.2012,no,essence,2012.0
KIA,Rio Berline,38500.0,230000.0,Berline,Essence,Manuelle,5 cv,6.2016,no,essence,2016.0
Peugeot,2008,30000.0,161761.0,SUV,Essence,Manuelle,5 cv,5.2014,no,essence,2014.0
Ssangyong,Tivoli,64000.0,59000.0,SUV,Essence,Manuelle,6 cv,8.2022,no,essence,2022.0
Chery,Arrizo 5,53500.0,10000.0,Berline,Essence,Manuelle,7 cv,5.2024,no,essence,2024.0
Volkswagen,Golf 7,63000.0,150000.0,Compacte,Essence,Automatique,6 cv,10.2019,no,essence,2019.0
Audi,Q3,80000.0,160000.0,SUV,Essence,Automatique,8 cv,8.2018,no,essence,2018.0
KIA,Sportage,87000.0,102000.0,SUV,Essence,Automatique,8 cv,2.2019,no,essence,2019.0
Seat,Leon SC,47000.0,270330.0,Compacte,Essence,Manuelle,6 cv,7.2018,no,essence,2018.0
Mercedes-Benz,Classe A,125000.0,70000.0,Compacte,Essence,Automatique,9 cv,1.2020,no,essence,2020.0
Fiat,Doblo,43800.0,38000.0,Utilitaire,Diesel,Manuelle,5 cv,10.2023,no,diesel,2023.0
Audi,Q3 Sportback,162000.0,45000.0,SUV,Hybride rechargeable essence,Automatique,8 cv,1.2022,no,hybride,2022.0
Ssangyong,Tivoli,55000.0,108000.0,SUV,Essence,Manuelle,6 cv,12.2020,no,essence,2020.0
Mercedes-Benz,Classe C,110000.0,150000.0,Berline,Essence,Automatique,8 cv,4.2017,no,essence,2017.0
Volkswagen,Golf 5,35000.0,192000.0,Compacte,Essence,Manuelle,5 cv,5.2007,no,essence,2007.0
Seat,Leon,51000.0,120000.0,Compacte,Essence,Manuelle,6 cv,8.2019,no,essence,2019.0
Fiat,Tipo 5 portes,70000.0,32721.0,Compacte,Essence,Manuelle,5 cv,7.2023,no,essence,2023.0
BMW,Série 1,50000.0,208000.0,Compacte,Essence,Automatique,7 cv,5.2012,no,essence,2012.0
Nissan,Qashqai,78000.0,33000.0,SUV,Essence,Automatique,6 cv,12.2020,no,essence,2020.0
Fiat,Fiorino,27500.0,200000.0,Utilitaire,Diesel,Manuelle,5 cv,11.2020,no,diesel,2020.0
Fiat,Fiorino,31000.0,112000.0,Utilitaire,Diesel,Manuelle,5 cv,1.2020,no,diesel,2020.0
Renault,Kadjar,75000.0,112000.0,SUV,Essence,Automatique,7 cv,5.2018,no,essence,2018.0
Mercedes-Benz,GLC,120000.0,53000.0,SUV,Essence,Automatique,12 cv,11.2017,no,essence,2017.0
Honda,HR-V,47000.0,122000.0,SUV,Essence,Automatique,19 cv,5.2010,no,essence,2010.0
KIA,Sorento,60000.0,224800.0,SUV,Diesel,Automatique,12 cv,10.2014,no,diesel,2014.0
Renault,Clio,32000.0,200000.0,Citadine,Essence,Manuelle,5 cv,6.2014,no,essence,2014.0
BMW,Série 3,58000.0,216000.0,Berline,Essence,Automatique,7 cv,7.2015,no,essence,2015.0
Peugeot,3008,74000.0,222000.0,SUV,Essence,Automatique,9 cv,8.2017,no,essence,2017.0
Mahindra,KUV 100,33000.0,60000.0,SUV,Essence,Manuelle,5 cv,12.2022,no,essence,2022.0
Suzuki,Swift,38500.0,170000.0,Citadine,Essence,Manuelle,5 cv,7.2021,no,essence,2021.0
KIA,Picanto,32200.0,99200.0,Citadine,Essence,Manuelle,4 cv,3.2014,no,essence,2014.0
KIA,Stonic,79500.0,44500.0,SUV,Essence,Manuelle,5 cv,9.2022,no,essence,2022.0
Fiat,500,53000.0,59500.0,Citadine,Essence,Automatique,4 cv,2.2022,no,essence,2022.0
Peugeot,2008,46000.0,98000.0,SUV,Essence,Manuelle,5 cv,12.2019,no,essence,2019.0
Hyundai,Creta,81000.0,35000.0,SUV,Essence,Automatique,7 cv,9.2019,no,essence,2019.0
Fiat,Fiorino,32500.0,123350.0,Utilitaire,Diesel,Manuelle,5 cv,9.2021,no,diesel,2021.0
Mercedes-Benz,Classe C,44500.0,286000.0,Berline,Diesel,Manuelle,6 cv,10.2010,no,diesel,2010.0
Porsche,Cayenne,53000.0,97600.0,SUV,Essence,Automatique,20 cv,6.2006,no,essence,2006.0
KIA,Rio 5p,73000.0,10000.0,Citadine,Essence,Manuelle,5 cv,5.2022,no,essence,2022.0
KIA,Picanto,49000.0,31000.0,Citadine,Essence,Automatique,4 cv,8.2021,no,essence,2021.0
Seat,Ibiza,49000.0,43000.0,Citadine,Essence,Manuelle,4 cv,7.2018,no,essence,2018.0
Dacia,Dokker Van,27500.0,215000.0,Utilitaire,Diesel,Manuelle,6 cv,3.2016,no,diesel,2016.0
Audi,A6,46000.0,240000.0,Berline,Essence,Automatique,10 cv,12.2011,no,essence,2011.0
Volkswagen,Golf 8,97000.0,115000.0,Compacte,Essence,Manuelle,6 cv,4.2021,no,essence,2021.0
Mercedes-Benz,EQA,185000.0,52.0,SUV,Electrique,Automatique,7 cv,8.2025,no,electrique,2025.0
Audi,Q3,82500.0,125000.0,SUV,Essence,Automatique,8 cv,11.2017,no,essence,2017.0
Land Rover,Range Rover Velar,262000.0,40000.0,SUV,Essence,Automatique,16 cv,8.2021,no,essence,2021.0
Mercedes-Benz,GLA,137000.0,119000.0,SUV,Hybride rechargeable essence,Automatique,8 cv,5.2021,no,hybride,2021.0
BMW,i4,176000.0,7800.0,Berline,Electrique,Automatique,6 cv,9.2023,no,electrique,2023.0
Mercedes-Benz,CLA,136000.0,90000.0,Berline,Essence,Automatique,7 cv,7.2022,no,essence,2022.0
Renault,Clio,50000.0,67000.0,Citadine,Essence,Manuelle,4 cv,7.2021,no,essence,2021.0
Mercedes-Benz,Classe C,152000.0,72000.0,Berline,Hybride léger essence,Automatique,9 cv,11.2021,no,hybride,2021.0
MG,5,38000.0,168000.0,Berline,Essence,Manuelle,6 cv,12.2020,no,essence,2020.0
Chevrolet,Aveo,22000.0,159000.0,Compacte,Essence,Manuelle,5 cv,9.2008,no,essence,2008.0
Mercedes-Benz,Classe C,205000.0,18000.0,Berline,Hybride léger essence,Automatique,9 cv,1.2024,no,hybride,2024.0
Peugeot,206+,16000.0,120000.0,Citadine,Diesel,Manuelle,4 cv,5.2012,no,diesel,2012.0
Peugeot,2008,34000.0,103000.0,SUV,Essence,Manuelle,5 cv,7.2015,no,essence,2015.0
Chery,Tiggo 8 Pro,83000.0,100500.0,SUV,Essence,Automatique,11 cv,11.2022,no,essence,2022.0
Chery,Tiggo 7 Pro,85972.0,66000.0,SUV,Essence,Automatique,9 cv,1.2023,no,essence,2023.0
Fiat,Grande Punto,22800.0,291000.0,Citadine,Essence,Manuelle,5 cv,8.2009,no,essence,2009.0
MG,ZS,47500.0,182000.0,SUV,Essence,Automatique,7 cv,4.2019,no,essence,2019.0
BMW,Série 4 Gran Coupé,95000.0,130000.0,Berline,Essence,Automatique,10 cv,10.2015,no,essence,2015.0
Nissan,Qashqai,77000.0,89000.0,SUV,Essence,Manuelle,6 cv,8.2018,no,essence,2018.0
KIA,Rio 5p,49000.0,71500.0,Citadine,Essence,Manuelle,5 cv,9.2021,no,essence,2021.0
BMW,X6,80000.0,291582.0,SUV,Diesel,Automatique,11 cv,5.2008,no,diesel,2008.0
Honda,Civic,76000.0,54000.0,Berline,Essence,Automatique,7 cv,11.2019,no,essence,2019.0
Renault,Clio,33500.0,163000.0,Citadine,Essence,Manuelle,5 cv,3.2017,no,essence,2017.0
Seat,Tarraco,97000.0,140000.0,SUV,Essence,Automatique,9 cv,10.2020,no,essence,2020.0
Land Rover,Range Rover Sport,190000.0,125000.0,SUV,Diesel,Automatique,16 cv,1.2017,no,diesel,2017.0
Seat,Ateca,97000.0,102000.0,SUV,Essence,Automatique,8 cv,7.2021,no,essence,2021.0
Ford,Fiesta,36500.0,180000.0,Citadine,Essence,Manuelle,4 cv,5.2020,no,essence,2020.0
Land Rover,Range Rover Evoque,100000.0,133000.0,SUV,Diesel,Automatique,10 cv,12.2015,no,diesel,2015.0
KIA,Sportage,120000.0,65000.0,SUV,Essence,Automatique,10 cv,4.2023,no,essence,2023.0
Fiat,500,53000.0,79000.0,Citadine,Hybride léger essence,Manuelle,4 cv,4.2021,no,hybride,2021.0
Renault,Clio,23000.0,279000.0,Citadine,Essence,Manuelle,5 cv,1.2006,no,essence,2006.0
BMW,Série 5,205000.0,84000.0,Berline,Hybride rechargeable essence,Automatique,10 cv,9.2021,no,hybride,2021.0
Peugeot,208,44000.0,29500.0,Citadine,Essence,Manuelle,4 cv,7.2022,no,essence,2022.0
Fiat,Grande Punto,20000.0,257000.0,Citadine,Essence,Manuelle,5 cv,12.2008,no,essence,2008.0
Citroën,C5,31000.0,288000.0,Berline,Diesel,Manuelle,6 cv,4.2010,no,diesel,2010.0
Mercedes-Benz,Classe C,148000.0,71000.0,Berline,Diesel,Automatique,9 cv,6.2019,no,diesel,2019.0
Nissan,Qashqai,89000.0,112000.0,SUV,Essence,Automatique,8 cv,4.2022,no,essence,2022.0
Audi,A4,40000.0,218000.0,Berline,Essence,Manuelle,7 cv,10.2011,no,essence,2011.0
BMW,Série 3,68000.0,220000.0,Berline,Essence,Automatique,15 cv,10.2013,no,essence,2013.0
Suzuki,Celerio,29000.0,139000.0,Citadine,Essence,Manuelle,4 cv,12.2017,no,essence,2017.0
GWM,Haval Jolion,83000.0,64500.0,SUV,Essence,Automatique,9 cv,1.2022,no,essence,2022.0
Toyota,RAV 4,133000.0,71000.0,SUV,Hybride essence,Automatique,9 cv,2.2022,no,hybride,2022.0
BMW,Série 5,70000.0,202000.0,Berline,Essence,Automatique,10 cv,4.2012,no,essence,2012.0
Audi,Q7,260000.0,175000.0,SUV,Diesel,Automatique,15 cv,6.2019,no,diesel,2019.0
Mercedes-Benz,EQA,129500.0,40000.0,SUV,Electrique,Automatique,8 cv,11.2021,no,electrique,2021.0
BMW,X6,95000.0,175000.0,SUV,Essence,Automatique,22 cv,12.2008,no,essence,2008.0
Peugeot,308,37500.0,195000.0,Compacte,Essence,Manuelle,5 cv,3.2017,no,essence,2017.0
Volkswagen,Polo,33900.0,268666.0,Citadine,Essence,Manuelle,5 cv,10.2011,no,essence,2011.0
Peugeot,208,40000.0,45000.0,Citadine,Essence,Manuelle,4 cv,5.2022,no,essence,2022.0
Renault,Captur,46800.0,66000.0,SUV,Essence,Manuelle,6 cv,6.2015,no,essence,2015.0
BMW,Série 1,84000.0,124000.0,Compacte,Essence,Automatique,8 cv,7.2020,no,essence,2020.0
MG,ZS,75000.0,60000.0,SUV,Essence,Automatique,9 cv,9.2022,no,essence,2022.0
Mercedes-Benz,GLA,148000.0,90000.0,SUV,Hybride rechargeable essence,Automatique,8 cv,2.2022,no,hybride,2022.0
Mercedes-Benz,Classe C,90000.0,225000.0,Berline,Essence,Automatique,8 cv,5.2015,no,essence,2015.0
MG,GT,35500.0,150000.0,Berline,Essence,Manuelle,6 cv,3.2017,no,essence,2017.0
Mahindra,XUV 300,46500.0,62000.0,SUV,Essence,Manuelle,6 cv,5.2024,no,essence,2024.0
Mercedes-Benz,Classe C,165000.0,60000.0,Berline,Essence,Automatique,9 cv,6.2019,no,essence,2019.0
Volkswagen,Golf 7,69000.0,61000.0,Compacte,Essence,Manuelle,6 cv,11.2019,no,essence,2019.0
Volkswagen,Golf 8,112000.0,92000.0,Compacte,Hybride léger essence,Automatique,8 cv,1.2021,no,hybride,2021.0
Jeep,Wrangler Unlimited,290000.0,17000.0,SUV,Hybride rechargeable essence,Automatique,17 cv,5.2022,no,hybride,2022.0
Mercedes-Benz,Classe C,85000.0,194000.0,Berline,Essence,Automatique,8 cv,7.2017,no,essence,2017.0
KIA,Sportage,95000.0,100000.0,SUV,Diesel,Manuelle,7 cv,6.2020,no,diesel,2020.0
Chery,Arrizo 5,28000.0,270000.0,Berline,Essence,Manuelle,7 cv,3.2019,no,essence,2019.0
Hyundai,i20,51500.0,100000.0,Citadine,Essence,Manuelle,5 cv,10.2021,no,essence,2021.0
Land Rover,Range Rover Evoque,90000.0,160000.0,SUV,Diesel,Automatique,11 cv,9.2013,no,diesel,2013.0
Seat,Ibiza Populaire,42500.0,100000.0,Citadine,Essence,Manuelle,4 cv,11.2019,no,essence,2019.0
Fiat,Doblo Maxi,35500.0,90000.0,Utilitaire,Diesel,Manuelle,5 cv,9.2021,no,diesel,2021.0
Mercedes-Benz,Classe A,53000.0,229000.0,Compacte,Essence,Automatique,6 cv,6.2014,no,essence,2014.0
Mitsubishi,ASX,75000.0,198370.0,SUV,Essence,Manuelle,6 cv,10.2015,no,essence,2015.0
Dacia,Duster,40000.0,175048.0,SUV,Essence,Manuelle,7 cv,12.2014,no,essence,2014.0
GWM,Haval H6,90000.0,144000.0,SUV,Essence,Automatique,8 cv,3.2022,no,essence,2022.0
Mercedes-Benz,Classe C,185000.0,38000.0,Berline,Hybride léger essence,Automatique,10 cv,7.2021,no,hybride,2021.0
Ssangyong,Tivoli,71000.0,60000.0,SUV,Essence,Manuelle,6 cv,9.2022,no,essence,2022.0
Skoda,Scala,69000.0,70000.0,Compacte,Essence,Automatique,6 cv,6.2021,no,essence,2021.0
Nissan,Qashqai,52000.0,165000.0,SUV,Essence,Automatique,6 cv,8.2015,no,essence,2015.0
GWM,Haval H6,76000.0,62000.0,SUV,Essence,Automatique,9 cv,3.2020,no,essence,2020.0
Opel,Vivaro,42000.0,82000.0,Utilitaire,Diesel,Manuelle,7 cv,11.2010,no,diesel,2010.0
Ssangyong,Rexton,49000.0,199000.0,SUV,Diesel,Automatique,11 cv,12.2011,no,diesel,2011.0
Toyota,Agya,35000.0,90000.0,Citadine,Essence,Manuelle,4 cv,9.2021,no,essence,2021.0
Mercedes-Benz,Classe A,130000.0,55000.0,Compacte,Essence,Automatique,9 cv,11.2021,no,essence,2021.0
Toyota,RAV 4,125000.0,110000.0,SUV,Essence,Automatique,9 cv,10.2020,no,essence,2020.0
Jeep,Renegade,80000.0,43754.0,SUV,Essence,Automatique,8 cv,11.2020,no,essence,2020.0
Mercedes-Benz,Classe E,57000.0,247000.0,Berline,Essence,Automatique,11 cv,6.2012,no,essence,2012.0
Seat,Leon,48000.0,192000.0,Compacte,Essence,Manuelle,5 cv,1.2015,no,essence,2015.0
Mercedes-Benz,Classe C,130000.0,35000.0,Berline,Essence,Automatique,9 cv,8.2020,no,essence,2020.0
Peugeot,301,27500.0,220000.0,Berline,Essence,Manuelle,5 cv,11.2019,no,essence,2019.0
Dongfeng,SX3,56000.0,67000.0,SUV,Essence,Manuelle,8 cv,5.2022,no,essence,2022.0
Peugeot,208,29500.0,135000.0,Citadine,Essence,Manuelle,4 cv,6.2018,no,essence,2018.0
Mercedes-Benz,Classe A,112000.0,59000.0,Compacte,Essence,Manuelle,8 cv,12.2018,no,essence,2018.0
Volkswagen,Caddy,59000.0,82000.0,Utilitaire,Diesel,Manuelle,7 cv,1.2023,no,diesel,2023.0
Audi,A3 Berline,55000.0,139000.0,Berline,Essence,Manuelle,5 cv,9.2015,no,essence,2015.0
Toyota,Corolla,75000.0,8400.0,Compacte,Essence,Manuelle,6 cv,11.2019,no,essence,2019.0
Opel,Mokka,72000.0,67396.0,SUV,Essence,Automatique,7 cv,8.2022,no,essence,2022.0
Audi,Q8 Sportback e-tron,300000.0,214.0,SUV,Electrique,Automatique,12 cv,5.2025,no,electrique,2025.0
Mazda,2,45000.0,142000.0,Citadine,Essence,Automatique,6 cv,8.2016,no,essence,2016.0
KIA,XCeed,95000.0,84000.0,SUV,Essence,Automatique,9 cv,5.2022,no,essence,2022.0
Mercedes-Benz,CLA,120000.0,105000.0,Berline,Essence,Automatique,7 cv,11.2020,no,essence,2020.0
Fiat,Doblo,33000.0,110000.0,Utilitaire,Diesel,Manuelle,5 cv,12.2021,no,diesel,2021.0
KIA,Picanto,45000.0,33800.0,Citadine,Essence,Automatique,4 cv,9.2021,no,essence,2021.0
Peugeot,508,42000.0,98960.0,Berline,Essence,Automatique,7 cv,5.2015,no,essence,2015.0
KIA,Rio 5p,83000.0,8500.0,Citadine,Essence,Automatique,5 cv,8.2023,no,essence,2023.0
KIA,Picanto,31000.0,138000.0,Citadine,Essence,Automatique,5 cv,7.2013,no,essence,2013.0
Peugeot,Rifter,65000.0,152000.0,Monospace,Diesel,Manuelle,6 cv,4.2019,no,diesel,2019.0
Toyota,Corolla,70000.0,80000.0,Compacte,Essence,Automatique,6 cv,7.2020,no,essence,2020.0
Mercedes-Benz,Classe E,168000.0,43000.0,Berline,Essence,Automatique,9 cv,8.2019,no,essence,2019.0
GWM,Haval Jolion,78000.0,72000.0,SUV,Essence,Automatique,9 cv,9.2022,no,essence,2022.0
Jeep,Renegade,72000.0,68000.0,SUV,Essence,Automatique,8 cv,5.2020,no,essence,2020.0
Dacia,Dokker Van,27000.0,225000.0,Utilitaire,Diesel,Manuelle,6 cv,4.2019,no,diesel,2019.0
Hyundai,ix35,49000.0,220000.0,SUV,Diesel,Manuelle,7 cv,6.2012,no,diesel,2012.0
Chery,Tiggo 4,58000.0,120000.0,SUV,Essence,Manuelle,9 cv,2.2019,no,essence,2019.0
Opel,Corsa,39000.0,121000.0,Citadine,Essence,Manuelle,5 cv,7.2021,no,essence,2021.0
Seat,Leon,65000.0,68000.0,Compacte,Essence,Manuelle,6 cv,7.2019,no,essence,2019.0
Audi,Q5,78000.0,260000.0,SUV,Diesel,Manuelle,8 cv,1.2014,no,diesel,2014.0
Peugeot,508,40000.0,167000.0,Berline,Essence,Automatique,7 cv,1.2012,no,essence,2012.0
Toyota,RAV 4,135000.0,10850.0,SUV,Diesel,Manuelle,7 cv,10.2018,no,diesel,2018.0
Mercedes-Benz,Classe C,192000.0,55000.0,Berline,Hybride léger essence,Automatique,9 cv,11.2023,no,hybride,2023.0
Ford,Ecosport,52000.0,129000.0,SUV,Essence,Automatique,7 cv,3.2020,no,essence,2020.0
KIA,Picanto,32000.0,163560.0,Citadine,Essence,Automatique,5 cv,2.2012,no,essence,2012.0
Ssangyong,Tivoli,49000.0,140000.0,SUV,Essence,Automatique,7 cv,5.2016,no,essence,2016.0
Peugeot,508,30000.0,170000.0,Berline,Essence,Automatique,7 cv,5.2013,no,essence,2013.0
Jeep,Grand Cherokee,178000.0,140000.0,SUV,Essence,Automatique,20 cv,4.2018,no,essence,2018.0
Mercedes-Benz,Classe C,255000.0,6388.0,Berline,Hybride léger essence,Automatique,12 cv,11.2022,no,hybride,2022.0
Audi,Q3,150000.0,45069.0,SUV,Hybride léger essence,Automatique,9 cv,3.2020,no,hybride,2020.0
Mercedes-Benz,Classe C,172000.0,38000.0,Berline,Hybride léger essence,Automatique,9 cv,7.2021,no,hybride,2021.0
Suzuki,Swift,38500.0,119899.0,Citadine,Essence,Automatique,5 cv,1.2022,no,essence,2022.0
Volkswagen,Polo Sedan,43000.0,136334.0,Berline,Essence,Manuelle,5 cv,5.2022,no,essence,2022.0
Volkswagen,Polo Sedan,43000.0,143163.0,Berline,Essence,Manuelle,5 cv,5.2022,no,essence,2022.0
Audi,A7 Sportback,140000.0,112968.0,Berline,Essence,Automatique,23 cv,6.2022,no,essence,2022.0
KIA,Sorento,51800.0,207000.0,SUV,Diesel,Automatique,12 cv,4.2010,no,diesel,2010.0
MG,ZS,62000.0,67500.0,SUV,Essence,Automatique,7 cv,10.2020,no,essence,2020.0
KIA,Picanto,29500.0,155000.0,Citadine,Essence,Manuelle,4 cv,10.2017,no,essence,2017.0
Ford,Kuga,72000.0,150000.0,SUV,Essence,Manuelle,8 cv,10.2020,no,essence,2020.0
BMW,Série 3,59000.0,142000.0,Berline,Essence,Automatique,7 cv,4.2015,no,essence,2015.0
Chery,Tiggo 2,37000.0,96000.0,SUV,Essence,Manuelle,6 cv,9.2019,no,essence,2019.0
KIA,Sportage,70000.0,160000.0,SUV,Essence,Automatique,8 cv,4.2018,no,essence,2018.0
Toyota,RAV 4,67000.0,170000.0,SUV,Essence,Automatique,9 cv,6.2014,no,essence,2014.0
Toyota,Aygo,28500.0,154000.0,Citadine,Essence,Manuelle,4 cv,1.2018,no,essence,2018.0
KIA,Picanto,42500.0,83000.0,Citadine,Essence,Automatique,5 cv,3.2020,no,essence,2020.0
Volkswagen,Polo,59000.0,56000.0,Citadine,Essence,Manuelle,4 cv,1.2020,no,essence,2020.0
Ford,Ecosport,58000.0,54000.0,SUV,Essence,Manuelle,7 cv,1.2021,no,essence,2021.0
Jaguar,XJL,110000.0,155000.0,Berline,Essence,Automatique,16 cv,10.2017,no,essence,2017.0
Peugeot,208,32500.0,132500.0,Citadine,Essence,Manuelle,5 cv,5.2013,no,essence,2013.0
Fiat,500,31000.0,126000.0,Citadine,Essence,Manuelle,4 cv,9.2014,no,essence,2014.0
Chevrolet,Aveo,22000.0,159000.0,Compacte,Essence,Manuelle,5 cv,1.2008,no,essence,2008.0
Renault,Megane,35500.0,254000.0,Compacte,Diesel,Manuelle,5 cv,11.2009,no,diesel,2009.0
Mercedes-Benz,CLA,77000.0,128000.0,Berline,Essence,Manuelle,7 cv,11.2015,no,essence,2015.0
Peugeot,Partner,44000.0,128000.0,Utilitaire,Diesel,Manuelle,5 cv,1.2021,no,diesel,2021.0
Peugeot,308,37500.0,130000.0,Compacte,Essence,Manuelle,5 cv,12.2014,no,essence,2014.0
Fiat,Grande Punto,21500.0,207000.0,Citadine,Essence,Manuelle,4 cv,8.2010,no,essence,2010.0
Mercedes-Benz,Classe A,120000.0,69000.0,Compacte,Hybride rechargeable essence,Automatique,8 cv,6.2021,no,hybride,2021.0
Volkswagen,Passat,50000.0,200000.0,Berline,Essence,Manuelle,7 cv,3.2016,no,essence,2016.0
Volkswagen,Tiguan,99000.0,88500.0,SUV,Essence,Automatique,8 cv,11.2017,no,essence,2017.0
Citroën,C3,34000.0,105000.0,Citadine,Essence,Manuelle,4 cv,2.2020,no,essence,2020.0
Fiat,Fiorino,34000.0,165000.0,Utilitaire,Diesel,Manuelle,6 cv,9.2018,no,diesel,2018.0
Land Rover,Range Rover Evoque,160000.0,32875.0,SUV,Diesel,Automatique,8 cv,5.2018,no,diesel,2018.0
Ford,Ecosport,50000.0,136000.0,SUV,Essence,Manuelle,7 cv,4.2021,no,essence,2021.0
Land Rover,Discovery Sport,120000.0,81000.0,SUV,Diesel,Automatique,11 cv,11.2014,no,diesel,2014.0
Volkswagen,Amarok,65000.0,257000.0,Pick up,Diesel,Manuelle,8 cv,6.2011,no,diesel,2011.0
Volkswagen,Golf 7,63000.0,128000.0,Compacte,Essence,Manuelle,6 cv,5.2018,no,essence,2018.0
Peugeot,508,32500.0,229000.0,Berline,Essence,Automatique,7 cv,6.2011,no,essence,2011.0
Citroën,Berlingo Van,50000.0,154539.0,Utilitaire,Diesel,Manuelle,5 cv,3.2023,no,diesel,2023.0
KIA,Sorento,45000.0,295233.0,SUV,Essence,Automatique,12 cv,6.2014,no,essence,2014.0
Land Rover,Range Rover Evoque,80000.0,153000.0,SUV,Essence,Automatique,15 cv,9.2014,no,essence,2014.0
Ssangyong,Tivoli,64000.0,64000.0,SUV,Essence,Manuelle,6 cv,5.2022,no,essence,2022.0
Ford,Fiesta,32500.0,200000.0,Citadine,Essence,Manuelle,5 cv,2.2017,no,essence,2017.0
Peugeot,Partner,36000.0,190464.0,Utilitaire,Diesel,Manuelle,5 cv,10.2020,no,diesel,2020.0
Hyundai,i20,49000.0,64594.0,Citadine,Essence,Automatique,5 cv,12.2021,no,essence,2021.0
Ford,Ecosport,62000.0,70000.0,SUV,Essence,Automatique,7 cv,7.2019,no,essence,2019.0
Mercedes-Benz,GLA,130000.0,67500.0,SUV,Essence,Automatique,8 cv,4.2018,no,essence,2018.0
KIA,Cerato,50000.0,58000.0,Berline,Essence,Automatique,7 cv,1.2017,no,essence,2017.0
Dacia,Dokker Van,35000.0,135687.0,Utilitaire,Diesel,Manuelle,6 cv,3.2021,no,diesel,2021.0
Citroën,C3,23000.0,210000.0,Citadine,Essence,Manuelle,5 cv,9.2009,no,essence,2009.0
Citroën,Berlingo Van,65000.0,140000.0,Utilitaire,Diesel,Automatique,7 cv,1.2021,no,diesel,2021.0
Audi,A4,55000.0,111000.0,Berline,Essence,Manuelle,7 cv,10.2015,no,essence,2015.0
Mercedes-Benz,CLA,153000.0,89000.0,Berline,Hybride rechargeable essence,Automatique,8 cv,1.2022,no,hybride,2022.0
Peugeot,2008,50000.0,48000.0,SUV,Essence,Manuelle,5 cv,10.2017,no,essence,2017.0
Mercedes-Benz,Classe B,48900.0,198500.0,Monospace,Diesel,Manuelle,6 cv,1.2015,no,diesel,2015.0
Citroën,DS5,11000.0,200000.0,Berline,Diesel,Automatique,9 cv,4.2012,no,diesel,2012.0
Mercedes-Benz,GLC Coupé,240000.0,85000.0,SUV,Hybride léger essence,Automatique,15 cv,4.2020,no,hybride,2020.0
Mercedes-Benz,GLA,182000.0,32000.0,SUV,Hybride rechargeable essence,Automatique,8 cv,1.2022,no,hybride,2022.0
Peugeot,5008,150000.0,180000.0,Citadine,Diesel,Automatique,7 cv,2.2021,no,diesel,2021.0
Audi,A3,39000.0,120000.0,Compacte,Diesel,Manuelle,6 cv,4.2008,no,diesel,2008.0
Mercedes-Benz,ML,110000.0,155000.0,SUV,Diesel,Automatique,12 cv,6.2013,no,diesel,2013.0
Mercedes-Benz,Classe E,98000.0,225000.0,Berline,Essence,Automatique,9 cv,7.2017,no,essence,2017.0
Nissan,Qashqai,64000.0,53600.0,SUV,Diesel,Manuelle,7 cv,9.2015,no,diesel,2015.0
Honda,Brio Amaze,31000.0,83000.0,Berline,Essence,Manuelle,5 cv,9.2017,no,essence,2017.0
Porsche,Cayenne,185000.0,130000.0,SUV,Diesel,Automatique,28 cv,6.2017,no,diesel,2017.0
BMW,Autre,45000.0,179000.0,Cabriolet,Essence,Automatique,7 cv,3.2012,no,essence,2012.0
GWM,Haval H6,85000.0,120000.0,SUV,Essence,Automatique,8 cv,3.2023,no,essence,2023.0
Hyundai,Creta,86000.0,20000.0,SUV,Essence,Automatique,6 cv,10.2021,no,essence,2021.0
Volkswagen,Golf 7,56000.0,153000.0,Compacte,Essence,Manuelle,5 cv,9.2015,no,essence,2015.0
Citroën,C5,31000.0,290000.0,Berline,Diesel,Manuelle,6 cv,12.2010,no,diesel,2010.0
BMW,iX,239000.0,32000.0,SUV,Electrique,Automatique,7 cv,1.2023,no,electrique,2023.0
Mercedes-Benz,Classe A,56000.0,166000.0,Compacte,Essence,Manuelle,7 cv,1.2014,no,essence,2014.0
Mercedes-Benz,Classe C,81000.0,217000.0,Berline,Diesel,Automatique,7 cv,2.2015,no,diesel,2015.0
Mercedes-Benz,Classe E,119000.0,271000.0,Berline,Essence,Automatique,10 cv,4.2016,no,essence,2016.0
Chevrolet,Camaro,154600.0,30000.0,Coupé,Essence,Automatique,21 cv,11.2014,no,essence,2014.0
Mercedes-Benz,Classe E,79900.0,120000.0,Berline,Diesel,Automatique,14 cv,7.2011,no,diesel,2011.0
Mercedes-Benz,ML,99000.0,185000.0,SUV,Essence,Automatique,20 cv,8.2013,no,essence,2013.0
BMW,Série 3,75000.0,101000.0,Berline,Essence,Automatique,7 cv,6.2016,no,essence,2016.0
Volkswagen,Scirocco,35000.0,174000.0,Coupé,Essence,Automatique,8 cv,6.2011,no,essence,2011.0
KIA,Stonic,74500.0,58000.0,SUV,Essence,Manuelle,5 cv,11.2021,no,essence,2021.0
Volkswagen,Golf 7,61000.0,130000.0,Compacte,Essence,Automatique,6 cv,10.2019,no,essence,2019.0
Volkswagen,Golf 6,35000.0,190000.0,Compacte,Essence,Manuelle,9 cv,9.2009,no,essence,2009.0
Hyundai,Tucson,85000.0,28000.0,SUV,Essence,Automatique,8 cv,11.2019,no,essence,2019.0
BMW,Série 4 Coupé,88000.0,140000.0,Coupé,Essence,Automatique,10 cv,11.2014,no,essence,2014.0
MG,6,80000.0,41000.0,Berline,Essence,Automatique,8 cv,5.2021,no,essence,2021.0
Audi,Q4 E-tron,170000.0,40000.0,SUV,Electrique,Automatique,11 cv,5.2022,no,electrique,2022.0
Mercedes-Benz,Classe C,77000.0,105600.0,Berline,Essence,Manuelle,8 cv,5.2015,no,essence,2015.0
KIA,Sportage,103000.0,81900.0,SUV,Diesel,Automatique,10 cv,10.2018,no,diesel,2018.0
Ford,Fusion,99000.0,27000.0,Berline,Essence,Automatique,9 cv,9.2021,no,essence,2021.0
Mercedes-Benz,GLC Coupé,195000.0,1580.0,SUV,Essence,Automatique,13 cv,10.2018,no,essence,2018.0
Land Rover,Discovery Sport,265000.0,63000.0,SUV,Diesel,Automatique,8 cv,2.2021,no,diesel,2021.0
Peugeot,3008,70000.0,85000.0,SUV,Essence,Automatique,7 cv,3.2020,no,essence,2020.0
Mercedes-Benz,Classe E,235000.0,49000.0,Berline,Hybride rechargeable essence,Automatique,10 cv,3.2022,no,hybride,2022.0
Peugeot,3008,91000.0,24500.0,SUV,Essence,Automatique,9 cv,9.2020,no,essence,2020.0
Citroën,Berlingo,80000.0,57000.0,Monospace,Essence,Manuelle,6 cv,9.2020,no,essence,2020.0
Chevrolet,Sonic 4p,29000.0,133000.0,Citadine,Essence,Manuelle,5 cv,2.2016,no,essence,2016.0
Mercedes-Benz,Classe C,75000.0,286000.0,Berline,Essence,Automatique,8 cv,8.2014,no,essence,2014.0
BMW,X1,105000.0,79500.0,SUV,Essence,Automatique,7 cv,11.2019,no,essence,2019.0
Renault,Megane,31000.0,271000.0,Compacte,Diesel,Manuelle,5 cv,12.2011,no,diesel,2011.0
Volkswagen,Polo,45000.0,142411.0,Citadine,Essence,Manuelle,4 cv,3.2022,no,essence,2022.0
Volkswagen,Polo,45000.0,157041.0,Citadine,Essence,Manuelle,4 cv,3.2022,no,essence,2022.0
Citroën,C3 Aircross,56000.0,61000.0,SUV,Essence,Automatique,7 cv,7.2020,no,essence,2020.0
Mercedes-Benz,Classe A,52000.0,201000.0,Compacte,Essence,Manuelle,6 cv,4.2015,no,essence,2015.0
Ford,Ranger,55000.0,200000.0,Pick up,Diesel,Manuelle,7 cv,1.2014,no,diesel,2014.0
Toyota,C-HR,84000.0,81000.0,SUV,Essence,Automatique,6 cv,2.2020,no,essence,2020.0
Volkswagen,Polo,45000.0,114818.0,Citadine,Essence,Manuelle,4 cv,3.2022,no,essence,2022.0
Peugeot,Boxer,70000.0,110000.0,Utilitaire,Diesel,Manuelle,7 cv,11.2022,no,diesel,2022.0
Volkswagen,Polo,45000.0,110240.0,Citadine,Essence,Manuelle,4 cv,4.2022,no,essence,2022.0
Citroën,C4 Cactus,41000.0,114000.0,Compacte,Essence,Manuelle,5 cv,4.2018,no,essence,2018.0
Volkswagen,Polo,45000.0,117741.0,Citadine,Essence,Manuelle,4 cv,3.2022,no,essence,2022.0
Volkswagen,Polo,45000.0,121348.0,Citadine,Essence,Manuelle,4 cv,3.2022,no,essence,2022.0
Citroën,C3,35000.0,78000.0,Citadine,Essence,Manuelle,4 cv,8.2018,no,essence,2018.0
Mercedes-Benz,Classe E,51000.0,173647.0,Berline,Diesel,Automatique,10 cv,10.2010,no,diesel,2010.0
Audi,A4,68000.0,126958.0,Berline,Essence,Automatique,8 cv,8.2018,no,essence,2018.0
Fiat,Fiorino,29000.0,62000.0,Utilitaire,Diesel,Manuelle,5 cv,4.2022,no,diesel,2022.0
Mazda,BT-50,55000.0,178000.0,Pick up,Diesel,Manuelle,9 cv,12.2015,no,diesel,2015.0
Mahindra,Pick-up SC,19000.0,275000.0,Pick up,Diesel,Manuelle,7 cv,12.2014,no,diesel,2014.0
Volkswagen,Golf 7,64000.0,92000.0,Compacte,Essence,Manuelle,6 cv,2.2017,no,essence,2017.0
Peugeot,208,28500.0,166000.0,Citadine,Essence,Manuelle,4 cv,8.2019,no,essence,2019.0
Volkswagen,Golf 8,110000.0,60000.0,Compacte,Essence,Manuelle,8 cv,3.2021,no,essence,2021.0
Mercedes-Benz,CLA,152000.0,42000.0,Berline,Hybride rechargeable essence,Automatique,8 cv,9.2021,no,hybride,2021.0
Fiat,Panda City Cross,39000.0,60000.0,Citadine,Essence,Manuelle,4 cv,8.2021,no,essence,2021.0
Mercedes-Benz,GLA,155000.0,77000.0,SUV,Hybride rechargeable essence,Automatique,8 cv,6.2021,no,hybride,2021.0
BMW,Série 3 coupé,57000.0,236000.0,Coupé,Essence,Manuelle,7 cv,9.2011,no,essence,2011.0
Volkswagen,Golf 6,35500.0,200000.0,Compacte,Essence,Automatique,7 cv,6.2010,no,essence,2010.0
Jeep,Renegade,54000.0,160000.0,SUV,Essence,Automatique,8 cv,10.2017,no,essence,2017.0
Citroën,Jumpy Fourgon,88000.0,58000.0,Utilitaire,Diesel,Automatique,6 cv,11.2020,no,diesel,2020.0
KIA,Rio 5p,49500.0,128000.0,Citadine,Essence,Manuelle,5 cv,6.2022,no,essence,2022.0
GWM,Haval H6,70000.0,114000.0,SUV,Essence,Automatique,9 cv,2.2020,no,essence,2020.0
Audi,Q2,85000.0,75625.0,SUV,Essence,Automatique,6 cv,6.2019,no,essence,2019.0
Mercedes-Benz,Classe A,130000.0,46000.0,Compacte,Essence,Automatique,7 cv,6.2022,no,essence,2022.0
Audi,Q3 Sportback,135000.0,135898.0,SUV,Hybride rechargeable essence,Automatique,8 cv,1.2022,no,hybride,2022.0
Skoda,Octavia,65000.0,132005.0,Berline,Essence,Automatique,8 cv,11.2019,no,essence,2019.0
Mercedes-Benz,GLA,158000.0,57700.0,SUV,Essence,Automatique,7 cv,1.2023,no,essence,2023.0
Audi,A3 Berline,81000.0,122000.0,Berline,Essence,Automatique,6 cv,5.2019,no,essence,2019.0
Audi,Q3,115000.0,112000.0,SUV,Essence,Automatique,9 cv,12.2019,no,essence,2019.0
Audi,A5 Sportback,175000.0,79241.0,Berline,Essence,Automatique,8 cv,1.2021,no,essence,2021.0
Audi,A5 Sportback,129000.0,75000.0,Berline,Essence,Automatique,8 cv,7.2019,no,essence,2019.0
BMW,Série 5,160000.0,71254.0,Berline,Essence,Automatique,10 cv,7.2020,no,essence,2020.0
Audi,Q2,116000.0,46000.0,SUV,Essence,Automatique,8 cv,11.2021,no,essence,2021.0
Audi,Q3 Sportback,168000.0,62000.0,SUV,Essence,Automatique,9 cv,9.2020,no,essence,2020.0
BMW,Série 4 Coupé,99000.0,62000.0,Coupé,Essence,Automatique,7 cv,1.2020,no,essence,2020.0
Audi,A3 Berline,85000.0,90000.0,Berline,Essence,Automatique,6 cv,11.2019,no,essence,2019.0
Audi,A5 Sportback,138000.0,125500.0,Berline,Essence,Automatique,8 cv,10.2020,no,essence,2020.0
Audi,A5 Sportback,119000.0,115254.0,Berline,Essence,Automatique,8 cv,11.2018,no,essence,2018.0
Volkswagen,Passat,99000.0,118000.0,Berline,Essence,Automatique,8 cv,12.2020,no,essence,2020.0
Peugeot,5008,130000.0,16463.0,SUV,Essence,Manuelle,7 cv,12.2022,no,essence,2022.0
BMW,Série 1,111000.0,50000.0,Compacte,Essence,Automatique,8 cv,1.2021,no,essence,2021.0
Peugeot,3008,73000.0,90000.0,SUV,Essence,Manuelle,7 cv,7.2019,no,essence,2019.0
Jeep,Renegade,76000.0,105660.0,SUV,Essence,Automatique,8 cv,8.2021,no,essence,2021.0
BMW,Série 5,197000.0,30000.0,Berline,Essence,Automatique,10 cv,1.2024,no,essence,2024.0
Mazda,3,40000.0,200000.0,Compacte,Essence,Manuelle,6 cv,9.2014,no,essence,2014.0
Volkswagen,Passat,47000.0,231000.0,Berline,Essence,Manuelle,7 cv,10.2015,no,essence,2015.0
Mercedes-Benz,Classe C,110000.0,105000.0,Berline,Essence,Automatique,9 cv,12.2016,no,essence,2016.0
Nissan,Qashqai,50000.0,180000.0,SUV,Essence,Manuelle,6 cv,3.2015,no,essence,2015.0
KIA,Sportage,85000.0,106776.0,SUV,Diesel,Manuelle,7 cv,12.2018,no,diesel,2018.0
Jeep,Wrangler Unlimited,260000.0,132729.0,SUV,Essence,Automatique,17 cv,12.2021,no,essence,2021.0
BMW,Série 3 cabriolet,85000.0,126000.0,Cabriolet,Essence,Manuelle,19 cv,6.2010,no,essence,2010.0
GWM,Haval H6,100000.0,85000.0,SUV,Essence,Automatique,8 cv,8.2022,no,essence,2022.0
KIA,Sportage,72000.0,175500.0,SUV,Diesel,Manuelle,6 cv,2.2017,no,diesel,2017.0
KIA,Sportage,99000.0,87000.0,SUV,Essence,Automatique,8 cv,6.2021,no,essence,2021.0
GWM,Haval H6,94000.0,50000.0,SUV,Essence,Automatique,8 cv,7.2022,no,essence,2022.0
Peugeot,208,31000.0,116000.0,Citadine,Essence,Manuelle,4 cv,8.2019,no,essence,2019.0
Isuzu,NKR 66 Simple Cabine,115000.0,80000.0,Utilitaire,Diesel,Manuelle,17 cv,3.2023,no,diesel,2023.0
Peugeot,Partner,41990.0,289990.0,Utilitaire,Diesel,Manuelle,5 cv,12.2020,no,diesel,2020.0
Toyota,Prado,240000.0,140000.0,SUV,Diesel,Automatique,11 cv,10.2019,no,diesel,2019.0
Ford,Fiesta,42000.0,78000.0,Citadine,Essence,Manuelle,4 cv,1.2020,no,essence,2020.0
Dacia,Dokker Van,29500.0,145000.0,Utilitaire,Diesel,Manuelle,6 cv,8.2019,no,diesel,2019.0
Peugeot,Landtrek Simple Cabine,56500.0,83932.0,Pick up,Diesel,Manuelle,6 cv,10.2022,no,diesel,2022.0
Skoda,Kamiq,70000.0,94000.0,SUV,Essence,Automatique,6 cv,6.2022,no,essence,2022.0
Geely,Coolray,80000.0,17000.0,SUV,Essence,Automatique,10 cv,10.2024,no,essence,2024.0
Hyundai,Tucson,113000.0,92000.0,SUV,Diesel,Automatique,7 cv,11.2021,no,diesel,2021.0
Porsche,Cayenne,112000.0,250000.0,SUV,Essence,Automatique,30 cv,9.2011,no,essence,2011.0
Peugeot,208,39000.0,62000.0,Citadine,Essence,Manuelle,4 cv,9.2023,no,essence,2023.0
KIA,Rio 5p,35000.0,200000.0,Citadine,Essence,Manuelle,5 cv,2.2015,no,essence,2015.0
Fiat,Doblo,50500.0,51500.0,Utilitaire,Essence,Manuelle,6 cv,7.2021,no,essence,2021.0
Land Rover,Range Rover Velar,175000.0,122000.0,SUV,Diesel,Automatique,10 cv,3.2018,no,diesel,2018.0
Toyota,RAV 4,65000.0,272000.0,SUV,Essence,Automatique,9 cv,8.2015,no,essence,2015.0
Land Rover,Range Rover Evoque,96000.0,176000.0,SUV,Essence,Automatique,15 cv,3.2014,no,essence,2014.0
BMW,Série 5,76000.0,193351.0,Berline,Diesel,Automatique,12 cv,10.2015,no,diesel,2015.0
Mercedes-Benz,GLA,84000.0,185000.0,SUV,Essence,Automatique,8 cv,7.2016,no,essence,2016.0
Mercedes-Benz,Classe C,75000.0,253000.0,Berline,Essence,Automatique,8 cv,9.2016,no,essence,2016.0
KIA,Optima,54000.0,124000.0,Berline,Essence,Automatique,10 cv,8.2012,no,essence,2012.0
Peugeot,208,29500.0,78000.0,Citadine,Essence,Manuelle,4 cv,7.2020,no,essence,2020.0
Nissan,Qashqai,52400.0,141000.0,SUV,Essence,Automatique,6 cv,12.2015,no,essence,2015.0
Jaguar,E-Pace,155000.0,120000.0,SUV,Essence,Automatique,12 cv,12.2020,no,essence,2020.0
Volkswagen,Golf 8,107000.0,58000.0,Compacte,Essence,Automatique,8 cv,12.2022,no,essence,2022.0
Volkswagen,Golf 7,70000.0,57000.0,Compacte,Essence,Automatique,6 cv,12.2018,no,essence,2018.0
Audi,Q5,205000.0,74000.0,SUV,Hybride rechargeable essence,Automatique,15 cv,9.2020,no,hybride,2020.0
MG,One,70000.0,31000.0,SUV,Essence,Automatique,9 cv,12.2024,no,essence,2024.0
GWM,H5,55000.0,163000.0,SUV,Diesel,Manuelle,9 cv,5.2018,no,diesel,2018.0
Mercedes-Benz,Classe A,120000.0,56000.0,Compacte,Essence,Automatique,8 cv,9.2019,no,essence,2019.0
Hyundai,i20,62000.0,62000.0,Citadine,Essence,Automatique,5 cv,9.2021,no,essence,2021.0
Isuzu,D-Max Simple Cabine,130000.0,0.0,Pick up,Diesel,Manuelle,10 cv,10.2025,no,diesel,2025.0
Audi,Q3 Sportback,158000.0,71550.0,SUV,Hybride rechargeable essence,Automatique,8 cv,6.2022,no,hybride,2022.0
Volkswagen,Golf 7,56000.0,185000.0,Compacte,Essence,Automatique,6 cv,7.2018,no,essence,2018.0
Volkswagen,Touareg,38000.0,255000.0,SUV,Diesel,Automatique,17 cv,2.2009,no,diesel,2009.0
BMW,X1,60000.0,260000.0,SUV,Diesel,Manuelle,6 cv,3.2017,no,diesel,2017.0
Nissan,Qashqai,56000.0,138000.0,SUV,Essence,Manuelle,6 cv,2.2015,no,essence,2015.0
Peugeot,Partner Origin Utilitaire,52000.0,200000.0,Utilitaire,Diesel,Manuelle,5 cv,1.2020,no,diesel,2020.0
Peugeot,208,42000.0,115000.0,Citadine,Essence,Manuelle,5 cv,6.2020,no,essence,2020.0
Jaguar,XF,78000.0,137000.0,Berline,Diesel,Automatique,11 cv,5.2012,no,diesel,2012.0
BMW,Série 3,179000.0,49000.0,Berline,Hybride rechargeable essence,Automatique,9 cv,5.2023,no,hybride,2023.0
Audi,A4,69000.0,215000.0,Berline,Essence,Automatique,8 cv,6.2017,no,essence,2017.0
Jeep,Compass,83000.0,60000.0,SUV,Essence,Automatique,10 cv,12.2016,no,essence,2016.0
BMW,X3,170000.0,80500.0,SUV,Diesel,Automatique,8 cv,12.2020,no,diesel,2020.0
Seat,Ibiza,59000.0,125000.0,Citadine,Essence,Manuelle,6 cv,7.2020,no,essence,2020.0
GWM,Haval H6,74000.0,79600.0,SUV,Essence,Automatique,9 cv,9.2019,no,essence,2019.0
Seat,Arona,65000.0,53000.0,SUV,Essence,Manuelle,6 cv,9.2021,no,essence,2021.0
Citroën,C4 Picasso,45000.0,235000.0,Monospace,Diesel,Manuelle,6 cv,3.2014,no,diesel,2014.0
Audi,Q3,99000.0,71000.0,SUV,Essence,Automatique,8 cv,11.2018,no,essence,2018.0
Mazda,6,28000.0,170000.0,Berline,Essence,Automatique,9 cv,5.2012,no,essence,2012.0
Volkswagen,Polo,68000.0,21150.0,Citadine,Essence,Manuelle,4 cv,3.2022,no,essence,2022.0
Jeep,Compass,100000.0,31000.0,SUV,Diesel,Manuelle,8 cv,2.2020,no,diesel,2020.0
Mercedes-Benz,CLA,185000.0,30100.0,Berline,Hybride rechargeable essence,Automatique,9 cv,8.2022,no,hybride,2022.0
Toyota,RAV 4,36800.0,300000.0,SUV,Diesel,Manuelle,8 cv,1.2010,no,diesel,2010.0
Mercedes-Benz,Classe C,245000.0,15000.0,Berline,Hybride rechargeable essence,Automatique,11 cv,4.2025,no,hybride,2025.0
Seat,Ateca,105000.0,47300.0,SUV,Essence,Automatique,8 cv,12.2022,no,essence,2022.0
Seat,Ibiza,59000.0,127000.0,Citadine,Essence,Manuelle,6 cv,7.2020,no,essence,2020.0
Seat,Ibiza,59000.0,127000.0,Citadine,Essence,Manuelle,6 cv,7.2020,no,essence,2020.0
KIA,Seltos,89000.0,72500.0,SUV,Essence,Automatique,8 cv,3.2022,no,essence,2022.0
Citroën,C5 Aircross,70000.0,200000.0,SUV,Diesel,Manuelle,7 cv,7.2019,no,diesel,2019.0
Chery,Tiggo 8 Pro,87000.0,12900.0,SUV,Essence,Automatique,11 cv,7.2023,no,essence,2023.0
Ford,Ranger Raptor,115000.0,200000.0,Pick up,Diesel,Manuelle,7 cv,1.2017,no,diesel,2017.0
Jeep,Wrangler Unlimited,350000.0,30000.0,SUV,Essence,Automatique,19 cv,1.2021,no,essence,2021.0
Seat,Ibiza,61000.0,65000.0,Citadine,Essence,Manuelle,4 cv,5.2021,no,essence,2021.0
Peugeot,301,23000.0,160000.0,Berline,Essence,Manuelle,5 cv,4.2016,no,essence,2016.0
Opel,Corsa,40000.0,115000.0,Citadine,Essence,Manuelle,5 cv,5.2022,no,essence,2022.0
Renault,Rafale,185000.0,3600.0,SUV,Hybride essence,Automatique,7 cv,5.2025,no,hybride,2025.0
Mazda,BT-50,48500.0,126000.0,Pick up,Diesel,Manuelle,10 cv,11.2007,no,diesel,2007.0
Fiat,Panda,34000.0,61000.0,Citadine,Essence,Manuelle,4 cv,3.2017,no,essence,2017.0
MG,ZS,54000.0,116000.0,SUV,Essence,Manuelle,7 cv,10.2019,no,essence,2019.0
Mercedes-Benz,EQA,147000.0,43000.0,SUV,Electrique,Automatique,6 cv,9.2022,no,electrique,2022.0
Hyundai,Tucson,93000.0,140000.0,SUV,Diesel,Automatique,7 cv,10.2020,no,diesel,2020.0
Mazda,3 sedan,39000.0,230000.0,Berline,Essence,Manuelle,6 cv,2.2016,no,essence,2016.0
Mazda,3 sedan,49000.0,190000.0,Berline,Essence,Manuelle,6 cv,10.2017,no,essence,2017.0
Mercedes-Benz,CLA,112000.0,80000.0,Berline,Diesel,Automatique,8 cv,8.2020,no,diesel,2020.0
KIA,Rio 5p,48000.0,162000.0,Citadine,Essence,Manuelle,5 cv,10.2020,no,essence,2020.0
Mercedes-Benz,CLA,110000.0,42000.0,Berline,Essence,Automatique,13 cv,5.2017,no,essence,2017.0
Suzuki,Celerio,30000.0,75000.0,Citadine,Essence,Manuelle,4 cv,10.2019,no,essence,2019.0
Peugeot,407,30000.0,230000.0,Berline,Essence,Manuelle,9 cv,11.2009,no,essence,2009.0
Mercedes-Benz,Classe C,38000.0,280000.0,Berline,Essence,Automatique,9 cv,10.2010,no,essence,2010.0
Jeep,Wrangler,125000.0,210000.0,SUV,Diesel,Automatique,13 cv,2.2011,no,diesel,2011.0
Chery,Tiggo 2,41000.0,120000.0,SUV,Essence,Manuelle,6 cv,1.2020,no,essence,2020.0
KIA,Sportage,45000.0,274000.0,SUV,Diesel,Automatique,11 cv,6.2013,no,diesel,2013.0
Peugeot,308,48000.0,50000.0,Compacte,Essence,Manuelle,6 cv,10.2018,no,essence,2018.0
KIA,Rio 5p,52000.0,120000.0,Citadine,Essence,Manuelle,5 cv,2.2022,no,essence,2022.0
Jeep,Wrangler,350000.0,23000.0,SUV,Hybride rechargeable essence,Automatique,16 cv,2.2022,no,hybride,2022.0
Peugeot,108,33000.0,94000.0,Citadine,Essence,Manuelle,4 cv,11.2016,no,essence,2016.0
Mercedes-Benz,GLC Coupé,238000.0,50000.0,SUV,Hybride rechargeable essence,Automatique,12 cv,8.2020,no,hybride,2020.0
Land Rover,Range Rover Sport,350000.0,70000.0,SUV,Diesel,Automatique,21 cv,8.2019,no,diesel,2019.0
GWM,Wingle 5 Double Cabine,47500.0,190000.0,Pick up,Diesel,Manuelle,7 cv,1.2018,no,diesel,2018.0
Mercedes-Benz,Classe E,124000.0,68000.0,Berline,Essence,Automatique,10 cv,3.2017,no,essence,2017.0
BMW,X1,188200.0,3400.0,SUV,Essence,Automatique,9 cv,6.2025,no,essence,2025.0
Peugeot,2008,42500.0,160000.0,SUV,Essence,Manuelle,5 cv,11.2016,no,essence,2016.0
BMW,Série 5,145000.0,140000.0,Berline,Hybride rechargeable essence,Automatique,10 cv,11.2020,no,hybride,2020.0
Volkswagen,Golf 8,105000.0,65000.0,Compacte,Hybride léger essence,Automatique,8 cv,7.2020,no,hybride,2020.0
Dongfeng,SX3,52000.0,43000.0,SUV,Essence,Manuelle,8 cv,6.2021,no,essence,2021.0
Hyundai,Grand i10,30000.0,115000.0,Citadine,Essence,Manuelle,5 cv,5.2015,no,essence,2015.0
Mercedes-Benz,GLE Coupé,310000.0,40000.0,SUV,Essence,Automatique,26 cv,12.2017,no,essence,2017.0
Peugeot,Landtrek Double Cabine,83000.0,100000.0,Pick up,Diesel,Manuelle,6 cv,11.2022,no,diesel,2022.0
Audi,Q3,117000.0,129000.0,SUV,Essence,Automatique,9 cv,10.2019,no,essence,2019.0
Audi,Q2,119000.0,30000.0,SUV,Essence,Automatique,8 cv,10.2022,no,essence,2022.0
Volkswagen,Golf 6,37000.0,180000.0,Compacte,Essence,Manuelle,6 cv,6.2010,no,essence,2010.0
Seat,Leon,41000.0,195000.0,Compacte,Essence,Manuelle,5 cv,6.2015,no,essence,2015.0
Audi,Q3 Sportback,140000.0,59000.0,SUV,Essence,Automatique,9 cv,3.2021,no,essence,2021.0
Ford,Focus sedan,83448.0,33500.0,Berline,Essence,Automatique,7 cv,7.2023,no,essence,2023.0
MG,5,43000.0,83000.0,Berline,Essence,Manuelle,6 cv,9.2020,no,essence,2020.0
Mercedes-Benz,Classe C,155000.0,120000.0,Berline,Hybride léger essence,Automatique,10 cv,4.2021,no,hybride,2021.0
Mahindra,KUV 100,29000.0,105000.0,SUV,Essence,Manuelle,5 cv,6.2021,no,essence,2021.0
MG,5,48500.0,85000.0,Berline,Essence,Manuelle,6 cv,1.2021,no,essence,2021.0
KIA,Rio 5p,53000.0,35000.0,Citadine,Essence,Manuelle,5 cv,6.2019,no,essence,2019.0
Audi,A3 Berline,55500.0,200000.0,Berline,Essence,Manuelle,6 cv,1.2015,no,essence,2015.0
Suzuki,Swift,38500.0,117000.0,Citadine,Essence,Manuelle,5 cv,6.2021,no,essence,2021.0
Alfa Romeo,Mito,26000.0,245000.0,Citadine,Essence,Manuelle,5 cv,7.2010,no,essence,2010.0
Volkswagen,Golf 8,91000.0,65000.0,Compacte,Essence,Manuelle,7 cv,6.2021,no,essence,2021.0
Mercedes-Benz,Classe A,68000.0,125000.0,Compacte,Essence,Automatique,6 cv,8.2015,no,essence,2015.0
Volkswagen,Golf 8,85000.0,51000.0,Compacte,Essence,Manuelle,6 cv,7.2023,no,essence,2023.0
Toyota,C-HR,87000.0,40000.0,SUV,Essence,Automatique,6 cv,10.2022,no,essence,2022.0
KIA,Picanto,35000.0,126000.0,Citadine,Essence,Manuelle,4 cv,5.2018,no,essence,2018.0
Mercedes-Benz,Classe A,120000.0,50000.0,Compacte,Essence,Automatique,7 cv,7.2019,no,essence,2019.0
Peugeot,301,25000.0,170000.0,Berline,Essence,Manuelle,5 cv,4.2014,no,essence,2014.0
Toyota,RAV 4,65000.0,155000.0,SUV,Diesel,Manuelle,8 cv,11.2012,no,diesel,2012.0
Peugeot,508,33000.0,197000.0,Berline,Essence,Automatique,7 cv,2.2015,no,essence,2015.0
Hyundai,i10,28000.0,200000.0,Citadine,Essence,Manuelle,4 cv,12.2016,no,essence,2016.0
Volkswagen,Tiguan,90000.0,107000.0,SUV,Essence,Automatique,8 cv,8.2021,no,essence,2021.0
BMW,Série 1,59000.0,140000.0,Compacte,Essence,Automatique,7 cv,6.2018,no,essence,2018.0
Citroën,Berlingo Utilitaire,48000.0,64400.0,Utilitaire,Diesel,Manuelle,5 cv,9.2016,no,diesel,2016.0
KIA,Sportage,52000.0,80000.0,SUV,Essence,Manuelle,8 cv,10.2012,no,essence,2012.0
Volkswagen,Golf 7,54000.0,277000.0,Compacte,Essence,Automatique,6 cv,8.2017,no,essence,2017.0
Ford,Mondeo,30000.0,237000.0,Berline,Essence,Manuelle,9 cv,2.2013,no,essence,2013.0
Mercedes-Benz,Classe C,70000.0,265000.0,Berline,Essence,Automatique,9 cv,2.2016,no,essence,2016.0
Jeep,Renegade,70000.0,65000.0,SUV,Essence,Automatique,8 cv,8.2021,no,essence,2021.0
GWM,Haval H6,70000.0,64000.0,SUV,Essence,Automatique,9 cv,4.2019,no,essence,2019.0
Volkswagen,Jetta,34500.0,270000.0,Berline,Essence,Manuelle,7 cv,11.2008,no,essence,2008.0
Ford,Mondeo,40000.0,193000.0,Berline,Essence,Manuelle,9 cv,4.2013,no,essence,2013.0
Ford,Fiesta,25000.0,208000.0,Citadine,Essence,Manuelle,5 cv,9.2009,no,essence,2009.0
Nissan,Qashqai,78000.0,107800.0,SUV,Essence,Automatique,6 cv,9.2021,no,essence,2021.0
Ford,Focus,41000.0,160000.0,Compacte,Essence,Manuelle,6 cv,9.2017,no,essence,2017.0
Peugeot,Landtrek Double Cabine,99000.0,17000.0,Pick up,Diesel,Manuelle,6 cv,4.2025,no,diesel,2025.0
Chevrolet,Aveo,24000.0,200000.0,Berline,Essence,Manuelle,5 cv,6.2012,no,essence,2012.0
Peugeot,308,85000.0,15000.0,Compacte,Essence,Automatique,7 cv,1.2024,no,essence,2024.0
Audi,A3 Sportback,57000.0,162000.0,Compacte,Essence,Manuelle,6 cv,10.2014,no,essence,2014.0
Mazda,CX-9,145000.0,64500.0,SUV,Essence,Automatique,15 cv,1.2021,no,essence,2021.0
Ford,Ecosport,59000.0,73000.0,SUV,Essence,Manuelle,7 cv,10.2022,no,essence,2022.0
KIA,Sportage,128000.0,34000.0,SUV,Essence,Automatique,10 cv,12.2022,no,essence,2022.0
Mercedes-Benz,CLA,169000.0,9000.0,Berline,Essence,Automatique,9 cv,10.2023,no,essence,2023.0
Mercedes-Benz,Classe E,190000.0,39000.0,Berline,Essence,Automatique,9 cv,6.2022,no,essence,2022.0
Mercedes-Benz,CLA,175000.0,34000.0,Berline,Hybride rechargeable essence,Automatique,9 cv,12.2023,no,hybride,2023.0
Audi,E-tron Sportback,180000.0,70000.0,SUV,Electrique,Automatique,12 cv,3.2020,no,electrique,2020.0
Porsche,Panamera,155000.0,108000.0,Berline,Essence,Automatique,20 cv,12.2013,no,essence,2013.0
Audi,A3 Berline,55000.0,272000.0,Berline,Essence,Manuelle,5 cv,6.2015,no,essence,2015.0
Suzuki,Celerio,38500.0,33000.0,Citadine,Essence,Manuelle,4 cv,6.2023,no,essence,2023.0
Mercedes-Benz,Classe C,68000.0,130000.0,Berline,Diesel,Manuelle,6 cv,6.2013,no,diesel,2013.0
Nissan,Qashqai,78000.0,63000.0,SUV,Essence,Automatique,6 cv,8.2018,no,essence,2018.0
Suzuki,Baleno,50000.0,101200.0,Compacte,Essence,Automatique,5 cv,11.2018,no,essence,2018.0
Seat,Leon,60000.0,147000.0,Compacte,Essence,Manuelle,6 cv,8.2017,no,essence,2017.0
Ford,Ecosport,65000.0,130000.0,SUV,Essence,Automatique,7 cv,3.2021,no,essence,2021.0
Seat,Ateca,83000.0,160000.0,SUV,Diesel,Manuelle,6 cv,10.2018,no,diesel,2018.0
Toyota,RAV 4,35000.0,193000.0,SUV,Essence,Automatique,10 cv,1.2011,no,essence,2011.0
Peugeot,Landtrek Double Cabine,83000.0,125000.0,Pick up,Diesel,Manuelle,6 cv,9.2022,no,diesel,2022.0
Citroën,C3,33900.0,147000.0,Citadine,Essence,Manuelle,4 cv,8.2018,no,essence,2018.0
Ford,Focus sedan,23000.0,250000.0,Berline,Essence,Manuelle,6 cv,4.2012,no,essence,2012.0
Nissan,Navara,46500.0,237000.0,Pick up,Diesel,Manuelle,10 cv,5.2012,no,diesel,2012.0
Mercedes-Benz,Classe E,180000.0,160000.0,Berline,Hybride rechargeable diesel,Automatique,9 cv,5.2019,no,hybride,2019.0
Mazda,CX-5,89000.0,118000.0,SUV,Essence,Automatique,9 cv,12.2018,no,essence,2018.0
Volkswagen,Amarok,124000.0,141000.0,Pick up,Diesel,Automatique,7 cv,8.2021,no,diesel,2021.0
Volkswagen,Jetta,76000.0,89000.0,Berline,Essence,Automatique,8 cv,10.2017,no,essence,2017.0
BMW,Série 5,160000.0,14500.0,Berline,Hybride rechargeable essence,Automatique,10 cv,8.2019,no,hybride,2019.0
Mercedes-Benz,Classe C,70000.0,199000.0,Berline,Essence,Automatique,8 cv,10.2015,no,essence,2015.0
KIA,Sportage,118000.0,113000.0,SUV,Essence,Automatique,10 cv,1.2024,no,essence,2024.0
Porsche,Panamera,129000.0,150000.0,Berline,Essence,Automatique,20 cv,5.2013,no,essence,2013.0
Peugeot,Partner,47000.0,127000.0,Utilitaire,Diesel,Manuelle,5 cv,2.2023,no,diesel,2023.0
Honda,Jazz,77000.0,53000.0,Citadine,Hybride essence,Automatique,5 cv,5.2024,no,hybride,2024.0
Hyundai,Grand i10,40500.0,51000.0,Citadine,Essence,Manuelle,4 cv,9.2022,no,essence,2022.0
KIA,Seltos,75000.0,116476.0,SUV,Essence,Automatique,8 cv,6.2021,no,essence,2021.0
Audi,S5,95000.0,148000.0,Coupé,Essence,Manuelle,27 cv,1.2010,no,essence,2010.0
Audi,A4,30000.0,177000.0,Berline,Essence,Manuelle,7 cv,11.2011,no,essence,2011.0
Nissan,Micra,30000.0,115000.0,Citadine,Essence,Manuelle,5 cv,11.2018,no,essence,2018.0
MG,ZS,67000.0,73000.0,SUV,Essence,Automatique,7 cv,8.2022,no,essence,2022.0
Mercedes-Benz,Classe A,67500.0,154000.0,Compacte,Essence,Automatique,6 cv,4.2013,no,essence,2013.0
Mercedes-Benz,Classe A,61000.0,137000.0,Compacte,Essence,Manuelle,7 cv,9.2012,no,essence,2012.0
Seat,Ibiza,30500.0,181000.0,Citadine,Essence,Manuelle,4 cv,1.2018,no,essence,2018.0
GWM,Haval H6,78000.0,80000.0,SUV,Essence,Automatique,9 cv,4.2021,no,essence,2021.0
Peugeot,308,39000.0,134000.0,Compacte,Essence,Manuelle,6 cv,12.2020,no,essence,2020.0
Ford,Fusion,47000.0,243801.0,Berline,Essence,Manuelle,9 cv,1.2016,no,essence,2016.0
Mazda,BT-50,50000.0,162000.0,Pick up,Diesel,Manuelle,9 cv,9.2014,no,diesel,2014.0
Peugeot,301,19000.0,237000.0,Berline,Essence,Manuelle,5 cv,12.2013,no,essence,2013.0
Hyundai,i20,68000.0,76000.0,Citadine,Essence,Manuelle,5 cv,8.2023,no,essence,2023.0
Dongfeng,SX3,49000.0,177000.0,SUV,Essence,Manuelle,8 cv,8.2021,no,essence,2021.0
Mahindra,KUV 100,26000.0,72200.0,SUV,Essence,Manuelle,5 cv,9.2020,no,essence,2020.0
Volkswagen,Golf 8,82000.0,110000.0,Compacte,Essence,Manuelle,6 cv,7.2021,no,essence,2021.0
Jeep,Wrangler Unlimited,175000.0,79000.0,SUV,Essence,Automatique,20 cv,8.2017,no,essence,2017.0
Mercedes-Benz,Classe A,99000.0,69300.0,Compacte,Essence,Manuelle,7 cv,7.2019,no,essence,2019.0
Mercedes-Benz,Classe E,51000.0,270000.0,Berline,Diesel,Manuelle,10 cv,5.2012,no,diesel,2012.0
Peugeot,3008,88000.0,75500.0,SUV,Essence,Automatique,7 cv,12.2020,no,essence,2020.0
Volkswagen,Golf 7,73000.0,169000.0,Compacte,Diesel,Automatique,6 cv,1.2018,no,diesel,2018.0
Volkswagen,Polo,46000.0,93000.0,Citadine,Essence,Manuelle,4 cv,2.2022,no,essence,2022.0
Mercedes-Benz,ML,125000.0,146000.0,SUV,Diesel,Automatique,12 cv,1.2014,no,diesel,2014.0
Land Rover,Range Rover Velar,250000.0,55000.0,SUV,Hybride rechargeable essence,Automatique,19 cv,11.2022,no,hybride,2022.0
Ford,Focus,36500.0,156000.0,Compacte,Essence,Automatique,7 cv,2.2018,no,essence,2018.0
Chery,Arrizo 5,30000.0,123000.0,Berline,Essence,Automatique,7 cv,11.2017,no,essence,2017.0
Audi,Q3,78000.0,142000.0,SUV,Essence,Automatique,8 cv,5.2017,no,essence,2017.0
Audi,A3 Sportback,63000.0,200000.0,Compacte,Essence,Manuelle,6 cv,1.2017,no,essence,2017.0
Volkswagen,Golf 7,50000.0,139000.0,Compacte,Essence,Manuelle,5 cv,3.2017,no,essence,2017.0
Renault,Captur,36000.0,183000.0,SUV,Essence,Manuelle,6 cv,5.2015,no,essence,2015.0
Mercedes-Benz,Classe E,225000.0,70000.0,Berline,Diesel,Automatique,9 cv,3.2021,no,diesel,2021.0
Volkswagen,Tiguan,59800.0,128000.0,SUV,Essence,Automatique,11 cv,5.2014,no,essence,2014.0
Audi,A7 Sportback,270000.0,63000.0,Berline,Hybride léger essence,Automatique,23 cv,4.2019,no,hybride,2019.0
Volkswagen,Golf 6,41000.0,298000.0,Compacte,Essence,Manuelle,7 cv,3.2010,no,essence,2010.0
Chery,Tiggo 3X,47000.0,60000.0,SUV,Essence,Manuelle,6 cv,9.2022,no,essence,2022.0
Ford,Ecosport,63000.0,48000.0,SUV,Essence,Manuelle,7 cv,2.2020,no,essence,2020.0
MG,GT,83000.0,52000.0,Berline,Essence,Automatique,9 cv,3.2024,no,essence,2024.0
Chery,Tiggo 2,37500.0,157000.0,SUV,Essence,Manuelle,6 cv,3.2021,no,essence,2021.0
Renault,Clio,45500.0,32300.0,Citadine,Essence,Manuelle,5 cv,6.2021,no,essence,2021.0
Volkswagen,Passat,110000.0,93000.0,Berline,Hybride rechargeable essence,Automatique,8 cv,8.2020,no,hybride,2020.0
Renault,Clio,50000.0,46214.0,Citadine,Essence,Manuelle,5 cv,9.2021,no,essence,2021.0
Citroën,C4,44000.0,70000.0,Compacte,Essence,Manuelle,6 cv,8.2016,no,essence,2016.0
Mercedes-Benz,GLC Coupé,162900.0,92000.0,SUV,Essence,Automatique,13 cv,11.2018,no,essence,2018.0
Mercedes-Benz,Classe C,103000.0,125000.0,Berline,Diesel,Automatique,6 cv,4.2015,no,diesel,2015.0
Peugeot,508,49000.0,176000.0,Berline,Diesel,Automatique,6 cv,5.2017,no,diesel,2017.0
BMW,Série 3,59000.0,211000.0,Berline,Essence,Automatique,7 cv,1.2017,no,essence,2017.0
Audi,A4,73000.0,168500.0,Berline,Essence,Automatique,8 cv,5.2017,no,essence,2017.0
Mercedes-Benz,CLA,70000.0,185000.0,Berline,Essence,Automatique,6 cv,12.2014,no,essence,2014.0
MG,HS,73000.0,142000.0,SUV,Essence,Automatique,9 cv,8.2022,no,essence,2022.0
Mercedes-Benz,Classe E coupé,56900.0,199000.0,Coupé,Essence,Automatique,11 cv,7.2010,no,essence,2010.0
Volkswagen,Passat,136000.0,0.0,Berline,Essence,Automatique,8 cv,8.2022,no,essence,2022.0
KIA,Sportage,95000.0,12910.0,SUV,Essence,Automatique,8 cv,2.2021,no,essence,2021.0
Chery,Tiggo 2,39000.0,105000.0,SUV,Essence,Manuelle,6 cv,7.2020,no,essence,2020.0
MG,5,43500.0,72000.0,Berline,Essence,Manuelle,6 cv,5.2020,no,essence,2020.0
Seat,Ateca,69000.0,153000.0,SUV,Essence,Manuelle,8 cv,5.2017,no,essence,2017.0
Hyundai,Tucson,158000.0,85000.0,SUV,Essence,Automatique,10 cv,9.2022,no,essence,2022.0
Peugeot,Partner,47800.0,40000.0,Utilitaire,Diesel,Manuelle,5 cv,10.2022,no,diesel,2022.0
Volkswagen,Tiguan,59000.0,215000.0,SUV,Essence,Automatique,12 cv,5.2014,no,essence,2014.0
Hyundai,Creta,67000.0,122000.0,SUV,Essence,Manuelle,7 cv,5.2018,no,essence,2018.0
Mercedes-Benz,Classe C,308000.0,1008.0,Berline,Hybride rechargeable essence,Automatique,12 cv,6.2025,no,hybride,2025.0
KIA,Seltos,83000.0,108200.0,SUV,Essence,Automatique,6 cv,7.2021,no,essence,2021.0
Jaguar,XF,190000.0,27000.0,Berline,Essence,Automatique,16 cv,5.2022,no,essence,2022.0
Peugeot,3008,85000.0,127600.0,SUV,Diesel,Manuelle,6 cv,8.2018,no,diesel,2018.0
Mercedes-Benz,Classe C,145000.0,50570.0,Berline,Diesel,Automatique,8 cv,11.2015,no,diesel,2015.0
Hyundai,Grand i10 Sedan,35000.0,137000.0,Berline,Essence,Manuelle,5 cv,12.2015,no,essence,2015.0
Porsche,Cayenne,128000.0,130000.0,SUV,Diesel,Automatique,15 cv,3.2012,no,diesel,2012.0
Citroën,C3 Populaire,45000.0,19500.0,Citadine,Essence,Manuelle,4 cv,10.2024,no,essence,2024.0
skoda,fabia,66980.0,0.0,Citadine,Essence,Manuelle,4 CV,12.2025,yes,essence,2025.0
skoda,fabia,72980.0,0.0,Citadine,Essence,Manuelle,4 CV,12.2025,yes,essence,2025.0
skoda,fabia,85980.0,0.0,Citadine,Essence,Manuelle,4 CV,12.2025,yes,essence,2025.0
skoda,kushaq,78980.0,0.0,SUV,Essence,Manuelle,6 CV,12.2025,yes,essence,2025.0
skoda,kushaq,85980.0,0.0,SUV,Essence,Automatique,7 CV,12.2025,yes,essence,2025.0
skoda,kushaq,92980.0,0.0,SUV,Essence,Automatique,7 CV,12.2025,yes,essence,2025.0
skoda,scala,86980.0,0.0,Compacte,Essence,Automatique,6 CV,12.2025,yes,essence,2025.0
skoda,scala,100980.0,0.0,Compacte,Essence,Automatique,6 CV,12.2025,yes,essence,2025.0
skoda,scala,109980.0,0.0,Compacte,Essence,Automatique,6 CV,12.2025,yes,essence,2025.0
skoda,kamiq,89980.0,0.0,SUV,Essence,Automatique,6 CV,12.2025,yes,essence,2025.0
skoda,kamiq,102980.0,0.0,SUV,Essence,Automatique,6 CV,12.2025,yes,essence,2025.0
skoda,kamiq,107980.0,0.0,SUV,Essence,Automatique,6 CV,12.2025,yes,essence,2025.0
skoda,octavia,114980.0,0.0,Berline,Essence,Automatique,8 CV,12.2025,yes,essence,2025.0
skoda,octavia,124980.0,0.0,Berline,Essence,Automatique,8 CV,12.2025,yes,essence,2025.0
skoda,octavia,144980.0,0.0,Berline,Essence,Automatique,8 CV,12.2025,yes,essence,2025.0
suzuki,celerio-populaire,28935.0,0.0,Citadine,Essence,Manuelle,4 CV,12.2025,yes,essence,2025.0
renault,kwid,30095.0,0.0,SUV,Essence,Manuelle,4 CV,12.2025,yes,essence,2025.0
kia,picanto-populaire,32190.0,0.0,Citadine,Essence,Manuelle,4 CV,12.2025,yes,essence,2025.0
dfsk,k01s,32900.0,0.0,Pick up,Essence,Manuelle,5 CV,12.2025,yes,essence,2025.0
dfsk,k01s,34900.0,0.0,Pick up,Essence,Manuelle,5 CV,12.2025,yes,essence,2025.0
citroen,c3-populaire,34626.0,0.0,Citadine,Essence,Manuelle,4 CV,12.2025,yes,essence,2025.0
hyundai,grand-i10-populaire,34805.0,0.0,Citadine,Essence,Manuelle,4 CV,12.2025,yes,essence,2025.0
dfsk,k01h,35900.0,0.0,Pick up,Essence,Manuelle,6 CV,12.2025,yes,essence,2025.0
dfsk,k01h,37900.0,0.0,Pick up,Essence,Manuelle,6 CV,12.2025,yes,essence,2025.0
dfsk,k02s,40900.0,0.0,Pick up,Essence,Manuelle,5 CV,12.2025,yes,essence,2025.0
dfsk,k02s,42900.0,0.0,Pick up,Essence,Manuelle,5 CV,12.2025,yes,essence,2025.0
dfsk,c31,44900.0,0.0,Pick up,Essence,Manuelle,7 CV,12.2025,yes,essence,2025.0
dfsk,c32,52900.0,0.0,Pick up,Essence,Manuelle,7 CV,12.2025,yes,essence,2025.0
kia,picanto,53480.0,0.0,Citadine,Essence,Manuelle,5 CV,12.2025,yes,essence,2025.0
kia,picanto,56980.0,0.0,Citadine,Essence,Automatique,4 CV,12.2025,yes,essence,2025.0
kia,picanto,63480.0,0.0,Citadine,Essence,Automatique,4 CV,12.2025,yes,essence,2025.0
kia,picanto,66480.0,0.0,Citadine,Essence,Automatique,4 CV,12.2025,yes,essence,2025.0
suzuki,swift,56400.0,0.0,Citadine,Essence,Manuelle,4 CV,12.2025,yes,essence,2025.0
suzuki,swift,60400.0,0.0,Citadine,Essence,Automatique,4 CV,12.2025,yes,essence,2025.0
suzuki,swift,60400.0,0.0,Citadine,Essence,Manuelle,4 CV,12.2025,yes,essence,2025.0
suzuki,swift,65900.0,0.0,Citadine,Essence,Automatique,4 CV,12.2025,yes,essence,2025.0
hyundai,grand-i10,51950.0,0.0,Citadine,Essence,Manuelle,5 CV,12.2025,yes,essence,2025.0
hyundai,grand-i10,56450.0,0.0,Citadine,Essence,Manuelle,5 CV,12.2025,yes,essence,2025.0
hyundai,grand-i10,60950.0,0.0,Citadine,Essence,Automatique,5 CV,12.2025,yes,essence,2025.0
hyundai,grand-i10-sedan,56950.0,0.0,Berline,Essence,Manuelle,5 CV,12.2025,yes,essence,2025.0
renault,express-van,59950.0,0.0,Utilitaire,Diesel,Manuelle,5 CV,12.2025,yes,diesel,2025.0
mg,5,63950.0,0.0,Berline,Essence,Manuelle,6 CV,12.2025,yes,essence,2025.0
mg,5,68950.0,0.0,Berline,Essence,Manuelle,6 CV,12.2025,yes,essence,2025.0
mg,5,73950.0,0.0,Berline,Essence,Automatique,6 CV,12.2025,yes,essence,2025.0
peugeot,partner,63990.0,0.0,Utilitaire,Diesel,Manuelle,5 CV,12.2025,yes,diesel,2025.0
peugeot,partner,64990.0,0.0,Utilitaire,Diesel,Manuelle,5 CV,12.2025,yes,diesel,2025.0
mg,3,58950.0,0.0,Citadine,Essence,Manuelle,6 CV,12.2025,yes,essence,2025.0
mg,3,64950.0,0.0,Citadine,Essence,Manuelle,6 CV,12.2025,yes,essence,2025.0
mg,3,70950.0,0.0,Citadine,Essence,Automatique,6 CV,12.2025,yes,essence,2025.0
renault,clio,66950.0,0.0,Citadine,Essence,Manuelle,6 CV,12.2025,yes,essence,2025.0
renault,clio,82400.0,0.0,Citadine,Essence,Automatique,6 CV,12.2025,yes,essence,2025.0
renault,clio,82500.0,0.0,Citadine,Essence,Automatique,6 CV,12.2025,yes,essence,2025.0
citroen,berlingo-van,67490.0,0.0,Utilitaire,Diesel,Manuelle,5 CV,12.2025,yes,diesel,2025.0
fiat,doblo,67499.0,0.0,Utilitaire,Diesel,Manuelle,5 CV,12.2025,yes,diesel,2025.0
fiat,doblo,68990.0,0.0,Utilitaire,Diesel,Manuelle,5 CV,12.2025,yes,diesel,2025.0
geely,emgrand,67800.0,0.0,Berline,Essence,Manuelle,6 CV,12.2025,yes,essence,2025.0
geely,emgrand,74800.0,0.0,Berline,Essence,Automatique,6 CV,12.2025,yes,essence,2025.0
volkswagen,virtus,67980.0,0.0,Berline,Essence,Manuelle,6 CV,12.2025,yes,essence,2025.0
volkswagen,virtus,77980.0,0.0,Berline,Essence,Automatique,7 CV,12.2025,yes,essence,2025.0
volkswagen,virtus,87980.0,0.0,Berline,Essence,Automatique,7 CV,12.2025,yes,essence,2025.0
geely,gx3-pro,62300.0,0.0,SUV,Essence,Manuelle,5 CV,12.2025,yes,essence,2025.0
geely,gx3-pro,68800.0,0.0,SUV,Essence,Automatique,6 CV,12.2025,yes,essence,2025.0
hyundai,i20,66950.0,0.0,Citadine,Essence,Manuelle,4 CV,12.2025,yes,essence,2025.0
hyundai,i20,72950.0,0.0,Citadine,Essence,Manuelle,4 CV,12.2025,yes,essence,2025.0
hyundai,i20,83950.0,0.0,Citadine,Essence,Automatique,5 CV,12.2025,yes,essence,2025.0
hyundai,i20,85950.0,0.0,Citadine,Essence | Hybride léger,Automatique,5 CV,12.2025,yes,hybride,2025.0
peugeot,208,73900.0,0.0,Citadine,Essence,Manuelle,5 CV,12.2025,yes,essence,2025.0
seat,ibiza,75980.0,0.0,Citadine,Essence,Automatique,6 CV,12.2025,yes,essence,2025.0
seat,ibiza,75980.0,0.0,Citadine,Essence,Manuelle,6 CV,12.2025,yes,essence,2025.0
seat,ibiza,90980.0,0.0,Citadine,Essence,Automatique,6 CV,12.2025,yes,essence,2025.0
volkswagen,t-cross,75980.0,0.0,SUV,Essence,Manuelle,6 CV,12.2025,yes,essence,2025.0
volkswagen,t-cross,90980.0,0.0,SUV,Essence,Automatique,7 CV,12.2025,yes,essence,2025.0
volkswagen,t-cross,103980.0,0.0,SUV,Essence,Automatique,7 CV,12.2025,yes,essence,2025.0
suzuki,baleno,66900.0,0.0,Compacte,Essence,Manuelle,6 CV,12.2025,yes,essence,2025.0
suzuki,baleno,76900.0,0.0,Compacte,Essence,Automatique,6 CV,12.2025,yes,essence,2025.0
suzuki,fronx,76900.0,0.0,SUV,Essence,Manuelle,6 CV,12.2025,yes,essence,2025.0
suzuki,fronx,91900.0,0.0,SUV,Essence,Automatique,6 CV,12.2025,yes,essence,2025.0
mg,3-hybride,77950.0,0.0,Citadine,Essence | Hybride,Automatique,5 CV,12.2025,yes,hybride,2025.0
honda,city,78990.0,0.0,Berline,Essence,Automatique,6 CV,12.2025,yes,essence,2025.0
honda,city,82490.0,0.0,Berline,Essence,Automatique,6 CV,12.2025,yes,essence,2025.0
peugeot,landtrek-simple-cabine,75490.0,0.0,Pick up,Diesel,Manuelle,6 CV,12.2025,yes,diesel,2025.0
peugeot,landtrek-simple-cabine,79490.0,0.0,Pick up,Diesel,Manuelle,6 CV,12.2025,yes,diesel,2025.0
dfsk,glory-500,69900.0,0.0,SUV,Essence,Manuelle,7 CV,12.2025,yes,essence,2025.0
dfsk,glory-500,79900.0,0.0,SUV,Essence,Automatique,7 CV,12.2025,yes,essence,2025.0
mg,zs,79950.0,0.0,SUV,Essence,Manuelle,6 CV,12.2025,yes,essence,2025.0
mg,zs,88950.0,0.0,SUV,Essence,Automatique,6 CV,12.2025,yes,essence,2025.0
fiat,tipo-berline,78500.0,0.0,Berline,Essence,Manuelle,5 CV,12.2025,yes,essence,2025.0
fiat,tipo-berline,80500.0,0.0,Berline,Essence,Manuelle,5 CV,12.2025,yes,essence,2025.0
suzuki,ertiga,80900.0,0.0,Monospace,Essence,Manuelle,6 CV,12.2025,yes,essence,2025.0
suzuki,ertiga,86400.0,0.0,Monospace,Essence,Automatique,6 CV,12.2025,yes,essence,2025.0
fiat,fiorino-combi,81000.0,0.0,Monospace,Diesel,Manuelle,4 CV,12.2025,yes,diesel,2025.0
toyota,hiace-van,81900.0,0.0,Utilitaire,Diesel,Manuelle,10 CV,12.2025,yes,diesel,2025.0
toyota,yaris-hybride,84900.0,0.0,Citadine,Essence | Hybride,Automatique,4 CV,12.2025,yes,hybride,2025.0
renault,master,84900.0,0.0,Utilitaire,Diesel,Manuelle,8 CV,12.2025,yes,diesel,2025.0
renault,master,87950.0,0.0,Utilitaire,Diesel,Manuelle,8 CV,12.2025,yes,diesel,2025.0
renault,master,89950.0,0.0,Utilitaire,Diesel,Manuelle,8 CV,12.2025,yes,diesel,2025.0
citroen,c4-x,84900.0,0.0,Berline,Essence,Automatique,7 CV,12.2025,yes,essence,2025.0
citroen,c4-x,90900.0,0.0,Berline,Essence,Automatique,7 CV,12.2025,yes,essence,2025.0
citroen,c4-x,94900.0,0.0,Berline,Essence,Automatique,7 CV,12.2025,yes,essence,2025.0
mg,s5,84950.0,0.0,SUV,Electrique,Automatique,4 CV,12.2025,yes,electrique,2025.0
hyundai,bayon,84950.0,0.0,SUV,Essence,Manuelle,4 CV,12.2025,yes,essence,2025.0
hyundai,bayon,95950.0,0.0,SUV,Essence,Automatique,5 CV,12.2025,yes,essence,2025.0
fiat,ducato,85000.0,0.0,Utilitaire,Diesel,Manuelle,7 CV,12.2025,yes,diesel,2025.0
honda,jazz,85990.0,0.0,Citadine,Essence | Hybride,Automatique,5 CV,12.2025,yes,hybride,2025.0
fiat,scudo,86000.0,0.0,Utilitaire,Diesel,Manuelle,8 CV,12.2025,yes,diesel,2025.0
citroen,jumpy-fourgon,88900.0,0.0,Utilitaire,Diesel,Manuelle,8 CV,12.2025,yes,diesel,2025.0
renault,express-combi,88900.0,0.0,Monospace,Diesel,Manuelle,5 CV,12.2025,yes,diesel,2025.0
peugeot,expert,88900.0,0.0,Utilitaire,Diesel,Manuelle,9 CV,12.2025,yes,diesel,2025.0
kia,sonet,89480.0,0.0,SUV,Essence,Manuelle,6 CV,12.2025,yes,essence,2025.0
kia,sonet,95480.0,0.0,SUV,Essence,Automatique,6 CV,12.2025,yes,essence,2025.0
kia,sonet,101480.0,0.0,SUV,Essence,Automatique,6 CV,12.2025,yes,essence,2025.0
volkswagen,polo,89980.0,0.0,Citadine,Essence,Manuelle,5 CV,12.2025,yes,essence,2025.0
hyundai,venue,90000.0,0.0,SUV,Essence,Automatique,7 CV,12.2025,yes,essence,2025.0
peugeot,landtrek-double-cabine,92990.0,0.0,Pick up,Diesel,Manuelle,6 CV,12.2025,yes,diesel,2025.0
peugeot,landtrek-double-cabine,108900.0,0.0,Pick up,Diesel,Manuelle,8 CV,12.2025,yes,diesel,2025.0
renault,megane,94950.0,0.0,Compacte,Essence,Manuelle,8 CV,12.2025,yes,essence,2025.0
citroen,jumper,97900.0,0.0,Utilitaire,Diesel,Manuelle,7 CV,12.2025,yes,diesel,2025.0
citroen,jumper,101900.0,0.0,Utilitaire,Diesel,Manuelle,7 CV,12.2025,yes,diesel,2025.0
mg,zs-hybride,97950.0,0.0,SUV,Essence | Hybride,Automatique,5 CV,12.2025,yes,hybride,2025.0
seat,arona,90980.0,0.0,SUV,Essence,Automatique,6 CV,12.2025,yes,essence,2025.0
seat,arona,97980.0,0.0,SUV,Essence,Automatique,6 CV,12.2025,yes,essence,2025.0
seat,arona,99980.0,0.0,SUV,Essence,Automatique,6 CV,12.2025,yes,essence,2025.0
geely,coolray,72800.0,0.0,SUV,Essence,Manuelle,6 CV,12.2025,yes,essence,2025.0
geely,coolray,82800.0,0.0,SUV,Essence,Automatique,10 CV,12.2025,yes,essence,2025.0
geely,coolray,98800.0,0.0,SUV,Essence,Automatique,10 CV,12.2025,yes,essence,2025.0
peugeot,308,99900.0,0.0,Compacte,Essence,Automatique,7 CV,12.2025,yes,essence,2025.0
dfsk,glory-580,99900.0,0.0,SUV,Essence,Automatique,8 CV,12.2025,yes,essence,2025.0
peugeot,boxer,97900.0,0.0,Utilitaire,Diesel,Manuelle,7 CV,12.2025,yes,diesel,2025.0
peugeot,boxer,99900.0,0.0,Utilitaire,Diesel,Manuelle,7 CV,12.2025,yes,diesel,2025.0
renault,megane-sedan,101650.0,0.0,Berline,Essence,Manuelle,8 CV,12.2025,yes,essence,2025.0
renault,megane-sedan,109950.0,0.0,Berline,Essence,Automatique,8 CV,12.2025,yes,essence,2025.0
citroen,berlingo-multispace,101900.0,0.0,Monospace,Diesel,Manuelle,5 CV,12.2025,yes,diesel,2025.0
peugeot,2008,93900.0,0.0,SUV,Essence,Automatique,7 CV,12.2025,yes,essence,2025.0
peugeot,2008,104900.0,0.0,SUV,Essence,Automatique,7 CV,12.2025,yes,essence,2025.0
suzuki,jimny,104900.0,0.0,SUV,Essence,Automatique,6 CV,12.2025,yes,essence,2025.0
fiat,doblo-combi,104900.0,0.0,Monospace,Diesel,Manuelle,5 CV,12.2025,yes,diesel,2025.0
dfsk,glory-ix5,104900.0,0.0,SUV,Essence,Automatique,9 CV,12.2025,yes,essence,2025.0
hyundai,i30-fastback,94950.0,0.0,Berline,Essence,Automatique,6 CV,12.2025,yes,essence,2025.0
hyundai,i30-fastback,104950.0,0.0,Berline,Essence,Automatique,7 CV,12.2025,yes,essence,2025.0
mg,hs,104950.0,0.0,SUV,Essence,Automatique,9 CV,12.2025,yes,essence,2025.0
peugeot,rifter,105900.0,0.0,Monospace,Diesel,Manuelle,5 CV,12.2025,yes,diesel,2025.0
peugeot,rifter,105900.0,0.0,Monospace,Diesel,Manuelle,5 CV,12.2025,yes,diesel,2025.0
toyota,corolla,108900.0,0.0,Berline,Essence,Automatique,7 CV,12.2025,yes,essence,2025.0
seat,leon,108980.0,0.0,Compacte,Essence,Automatique,8 CV,12.2025,yes,essence,2025.0
seat,leon,121980.0,0.0,Compacte,Essence,Automatique,8 CV,12.2025,yes,essence,2025.0
seat,leon,129980.0,0.0,Compacte,Essence,Automatique,8 CV,12.2025,yes,essence,2025.0
geely,geometry,109000.0,0.0,SUV,Electrique,Automatique,4 CV,12.2025,yes,electrique,2025.0
peugeot,boxer-plateau-double-cabine,109900.0,0.0,Utilitaire,Diesel,Manuelle,7 CV,12.2025,yes,diesel,2025.0
mg,7,109950.0,0.0,Berline,Essence,Automatique,9 CV,12.2025,yes,essence,2025.0
mg,7,139950.0,0.0,Berline,Essence,Automatique,13 CV,12.2025,yes,essence,2025.0
geely,azkara,113800.0,0.0,SUV,Essence | Hybride léger,Automatique,9 CV,12.2025,yes,hybride,2025.0
mg,hs-hybridplus,114950.0,0.0,SUV,Essence | Hybride,Automatique,7 CV,12.2025,yes,hybride,2025.0
volkswagen,golf-8,117980.0,0.0,Compacte,Essence,Automatique,8 CV,12.2025,yes,essence,2025.0
volkswagen,golf-8,131980.0,0.0,Compacte,Essence,Automatique,8 CV,12.2025,yes,essence,2025.0
volkswagen,golf-8,154980.0,0.0,Compacte,Essence,Automatique,8 CV,12.2025,yes,essence,2025.0
hyundai,creta,118950.0,0.0,SUV,Essence,Automatique,6 CV,12.2025,yes,essence,2025.0
toyota,yaris-cross,119800.0,0.0,SUV,Essence | Hybride,Automatique,5 CV,12.2025,yes,hybride,2025.0
honda,hr-v,119900.0,0.0,SUV,Essence,Automatique,7 CV,12.2025,yes,essence,2025.0
kia,seltos,120980.0,0.0,SUV,Essence,Automatique,8 CV,12.2025,yes,essence,2025.0
toyota,hilux-simple-cabine,123800.0,0.0,Pick up,Diesel,Manuelle,8 CV,12.2025,yes,diesel,2025.0
hyundai,kona-ev,123900.0,0.0,SUV,Electrique,Automatique,3 CV,12.2025,yes,electrique,2025.0
toyota,corolla-sedan-hybride,124800.0,0.0,Berline,Essence | Hybride,Automatique,5 CV,12.2025,yes,hybride,2025.0
volvo,ex30,124900.0,0.0,SUV,Electrique,Automatique,5 CV,12.2025,yes,electrique,2025.0
volvo,ex30,149900.0,0.0,SUV,Electrique,Automatique,5 CV,12.2025,yes,electrique,2025.0
volvo,ex30,169900.0,0.0,SUV,Electrique,Automatique,8 CV,12.2025,yes,electrique,2025.0
seat,ateca,127980.0,0.0,SUV,Essence,Automatique,8 CV,12.2025,yes,essence,2025.0
seat,ateca,142980.0,0.0,SUV,Essence,Automatique,8 CV,12.2025,yes,essence,2025.0
seat,ateca,144980.0,0.0,SUV,Essence,Automatique,8 CV,12.2025,yes,essence,2025.0
geely,starray,129800.0,0.0,SUV,Essence,Automatique,9 CV,12.2025,yes,essence,2025.0
suzuki,jimny-5p,129900.0,0.0,SUV,Essence,Automatique,6 CV,12.2025,yes,essence,2025.0
mini,cooper-e,129900.0,0.0,Citadine,Electrique,Automatique,4 CV,12.2025,yes,electrique,2025.0
kia,niro,129980.0,0.0,SUV,Essence | Hybride,Automatique,5 CV,12.2025,yes,hybride,2025.0
kia,niro,139980.0,0.0,SUV,Essence | Hybride,Automatique,5 CV,12.2025,yes,hybride,2025.0
renault,austral,134900.0,0.0,SUV,Essence,Automatique,8 CV,12.2025,yes,essence,2025.0
hyundai,kona,137000.0,0.0,SUV,Essence,Automatique,11 CV,12.2025,yes,essence,2025.0
hyundai,kona,150000.0,0.0,SUV,Essence,Automatique,11 CV,12.2025,yes,essence,2025.0
mini,aceman,139900.0,0.0,SUV,Electrique,Automatique,4 CV,12.2025,yes,electrique,2025.0
audi,a3-sportback,139990.0,0.0,Compacte,Essence,Automatique,8 CV,12.2025,yes,essence,2025.0
audi,a3-sportback,159990.0,0.0,Compacte,Essence,Automatique,8 CV,12.2025,yes,essence,2025.0
audi,a3-sportback,179990.0,0.0,Compacte,Essence,Automatique,8 CV,12.2025,yes,essence,2025.0
peugeot,408,140900.0,0.0,Berline,Essence,Automatique,13 CV,12.2025,yes,essence,2025.0
peugeot,408,141900.0,0.0,Berline,Essence,Automatique,13 CV,12.2025,yes,essence,2025.0
toyota,hiace,142000.0,0.0,Utilitaire,Diesel,Manuelle,10 CV,12.2025,yes,diesel,2025.0
honda,zr-v,145000.0,0.0,SUV,Essence,Automatique,11 CV,12.2025,yes,essence,2025.0
honda,civic,145990.0,0.0,Berline,Essence,Automatique,10 CV,12.2025,yes,essence,2025.0
toyota,land-cruiser-79,149800.0,0.0,Pick up,Diesel,Manuelle,11 CV,12.2025,yes,diesel,2025.0
audi,q2,149990.0,0.0,SUV,Essence,Automatique,8 CV,12.2025,yes,essence,2025.0
citroen,jumpy-combi,152900.0,0.0,Monospace,Diesel,Manuelle,8 CV,12.2025,yes,diesel,2025.0
peugeot,expert-combi,152900.0,0.0,Monospace,Diesel,Manuelle,8 CV,12.2025,yes,diesel,2025.0
kia,sportage,140980.0,0.0,SUV,Essence,Automatique,10 CV,12.2025,yes,essence,2025.0
kia,sportage,152980.0,0.0,SUV,Essence,Automatique,10 CV,12.2025,yes,essence,2025.0
volkswagen,tiguan,154980.0,0.0,SUV,Essence,Automatique,8 CV,12.2025,yes,essence,2025.0
volkswagen,tiguan,178980.0,0.0,SUV,Essence,Automatique,8 CV,12.2025,yes,essence,2025.0
volkswagen,tiguan,196980.0,0.0,SUV,Essence,Automatique,8 CV,12.2025,yes,essence,2025.0
bmw,serie-1-5p,155900.0,0.0,Compacte,Essence,Automatique,8 CV,12.2025,yes,essence,2025.0
bmw,serie-1-5p,174900.0,0.0,Compacte,Essence,Automatique,8 CV,12.2025,yes,essence,2025.0
bmw,serie-1-5p,187900.0,0.0,Compacte,Essence,Automatique,8 CV,12.2025,yes,essence,2025.0
bmw,serie-1-5p,209900.0,0.0,Compacte,Essence,Automatique,8 CV,12.2025,yes,essence,2025.0
fiat,scudo-combi,159000.0,0.0,Monospace,Diesel,Manuelle,8 CV,12.2025,yes,diesel,2025.0
fiat,scudo-combi,165000.0,0.0,Monospace,Diesel,Manuelle,8 CV,12.2025,yes,diesel,2025.0
hyundai,staria,159600.0,0.0,Monospace,Diesel,Manuelle,8 CV,12.2025,yes,diesel,2025.0
toyota,hilux,159800.0,0.0,Pick up,Diesel,Manuelle,8 CV,12.2025,yes,diesel,2025.0
toyota,hilux,192900.0,0.0,Pick up,Diesel,Automatique,8 CV,12.2025,yes,diesel,2025.0
mg,rx9,164950.0,0.0,SUV,Essence,Automatique,11 CV,12.2025,yes,essence,2025.0
bmw,serie-2-gran-coupe,165900.0,0.0,Berline,Essence,Automatique,8 CV,12.2025,yes,essence,2025.0
bmw,serie-2-gran-coupe,181900.0,0.0,Berline,Essence,Automatique,8 CV,12.2025,yes,essence,2025.0
bmw,serie-2-gran-coupe,197900.0,0.0,Berline,Essence,Automatique,8 CV,12.2025,yes,essence,2025.0
bmw,serie-2-gran-coupe,203900.0,0.0,Berline,Essence,Automatique,8 CV,12.2025,yes,essence,2025.0
bmw,serie-2-gran-coupe,223900.0,0.0,Berline,Essence,Automatique,8 CV,12.2025,yes,essence,2025.0
audi,a3-berline,165990.0,0.0,Berline,Essence,Automatique,8 CV,12.2025,yes,essence,2025.0
toyota,rav-4-hybride,168500.0,0.0,SUV,Essence | Hybride,Automatique,9 CV,12.2025,yes,hybride,2025.0
hyundai,ioniq-5,168950.0,0.0,SUV,Electrique,Automatique,3 CV,12.2025,yes,electrique,2025.0
hyundai,ioniq-5,210715.0,0.0,SUV,Electrique,Automatique,6 CV,12.2025,yes,electrique,2025.0
mercedes-benz,classe-a,169000.0,0.0,Compacte,Essence,Automatique,9 CV,12.2025,yes,essence,2025.0
mercedes-benz,classe-a,182000.0,0.0,Compacte,Essence,Automatique,9 CV,12.2025,yes,essence,2025.0
mercedes-benz,classe-a,194000.0,0.0,Compacte,Essence,Automatique,9 CV,12.2025,yes,essence,2025.0
mini,countryman,169900.0,0.0,SUV,Essence,Automatique,8 CV,12.2025,yes,essence,2025.0
mini,countryman,199900.0,0.0,SUV,Essence,Automatique,8 CV,12.2025,yes,essence,2025.0
peugeot,traveller,169900.0,0.0,Monospace,Diesel,Manuelle,8 CV,12.2025,yes,diesel,2025.0
mercedes-benz,classe-a-berline,170000.0,0.0,Berline,Essence,Automatique,9 CV,12.2025,yes,essence,2025.0
mercedes-benz,classe-a-berline,182000.0,0.0,Berline,Essence,Automatique,9 CV,12.2025,yes,essence,2025.0
mercedes-benz,classe-a-berline,195000.0,0.0,Berline,Essence,Automatique,9 CV,12.2025,yes,essence,2025.0
honda,civic-hybride,171990.0,0.0,Berline,Essence | Hybride,Automatique,7 CV,12.2025,yes,hybride,2025.0
kia,sportage-hybride,174980.0,0.0,SUV,Essence | Hybride,Automatique,10 CV,12.2025,yes,hybride,2025.0
kia,sportage-hybride,189980.0,0.0,SUV,Essence | Hybride,Automatique,10 CV,12.2025,yes,hybride,2025.0
mini,5-portes,166900.0,0.0,Citadine,Essence,Automatique,,12.2025,yes,essence,2025.0
mini,5-portes,175900.0,0.0,Citadine,Essence,Automatique,,12.2025,yes,essence,2025.0
mg,cyberster,179950.0,0.0,Cabriolet,Electrique,,11 CV,12.2025,yes,electrique,2025.0
hyundai,tucson,180000.0,0.0,SUV,Essence,Automatique,10 CV,12.2025,yes,essence,2025.0
hyundai,tucson-hybride,169950.0,0.0,SUV,Essence | Hybride,Automatique,9 CV,12.2025,yes,hybride,2025.0
hyundai,tucson-hybride,185000.0,0.0,SUV,Essence | Hybride,Automatique,9 CV,12.2025,yes,hybride,2025.0
mini,3-portes,185900.0,0.0,Citadine,Essence,Automatique,8 CV,12.2025,yes,essence,2025.0
volvo,xc40,189900.0,0.0,SUV,Essence | Hybride léger,Automatique,9 CV,12.2025,yes,hybride,2025.0
volvo,xc40,209900.0,0.0,SUV,Essence | Hybride léger,Automatique,9 CV,12.2025,yes,hybride,2025.0
volvo,xc40,224900.0,0.0,SUV,Essence | Hybride léger,Automatique,9 CV,12.2025,yes,hybride,2025.0
mini,countryman-electric,189900.0,0.0,Citadine,Electrique,Automatique,N.C. CV,12.2025,yes,electrique,2025.0
honda,accord,189990.0,0.0,Berline,Essence,Automatique,10 CV,12.2025,yes,essence,2025.0
honda,cr-v,190990.0,0.0,SUV,Essence,Automatique,11 CV,12.2025,yes,essence,2025.0
volkswagen,amarok,196980.0,0.0,Pick up,Diesel,Automatique,5 CV,12.2025,yes,diesel,2025.0
volkswagen,amarok,237980.0,0.0,Pick up,Diesel,Automatique,5 CV,12.2025,yes,diesel,2025.0
audi,q3,199000.0,0.0,SUV,Essence,Automatique,9 CV,12.2025,yes,essence,2025.0
geely,tugella,199800.0,0.0,SUV,Essence,Automatique,14 CV,12.2025,yes,essence,2025.0
bmw,x1,169900.0,0.0,SUV,Essence,Automatique,9 CV,12.2025,yes,essence,2025.0
bmw,x1,199900.0,0.0,SUV,Essence,Automatique,9 CV,12.2025,yes,essence,2025.0
bmw,x1,224900.0,0.0,SUV,Essence,Automatique,9 CV,12.2025,yes,essence,2025.0
bmw,x1,229900.0,0.0,SUV,Essence,Automatique,9 CV,12.2025,yes,essence,2025.0
hyundai,staria-9-places,199950.0,0.0,Monospace,Diesel,Manuelle,11 CV,12.2025,yes,diesel,2025.0
hyundai,staria-9-places,210100.0,0.0,Monospace,Diesel,Automatique,11 CV,12.2025,yes,diesel,2025.0
hyundai,staria-9-places,280000.0,0.0,Monospace,Diesel,Automatique,11 CV,12.2025,yes,diesel,2025.0
hyundai,ioniq-6,199950.0,0.0,Berline,Electrique,Automatique,4 CV,12.2025,yes,electrique,2025.0
hyundai,ioniq-6,209950.0,0.0,Berline,Electrique,Automatique,6 CV,12.2025,yes,electrique,2025.0
kia,ev6,199980.0,0.0,SUV,Electrique,Automatique,3 CV,12.2025,yes,electrique,2025.0
kia,ev6,219980.0,0.0,SUV,Electrique,Automatique,4 CV,12.2025,yes,electrique,2025.0
kia,ev6,239980.0,0.0,SUV,Electrique,Automatique,6 CV,12.2025,yes,electrique,2025.0
mercedes-benz,cla,201900.0,0.0,Berline,Essence,Automatique,9 CV,12.2025,yes,essence,2025.0
mercedes-benz,cla,219900.0,0.0,Berline,Essence,Automatique,9 CV,12.2025,yes,essence,2025.0
mercedes-benz,gla,204900.0,0.0,SUV,Essence,Automatique,9 CV,12.2025,yes,essence,2025.0
mercedes-benz,gla,224900.0,0.0,SUV,Essence,Automatique,9 CV,12.2025,yes,essence,2025.0
honda,cr-v-hybride,204990.0,0.0,SUV,Essence | Hybride,Automatique,8 CV,12.2025,yes,hybride,2025.0
bmw,serie-3,207900.0,0.0,Berline,Essence,Automatique,9 CV,12.2025,yes,essence,2025.0
bmw,serie-3,225900.0,0.0,Berline,Essence,Automatique,9 CV,12.2025,yes,essence,2025.0
bmw,serie-3,251900.0,0.0,Berline,Essence,Automatique,9 CV,12.2025,yes,essence,2025.0
bmw,serie-3,268900.0,0.0,Berline,Essence,Automatique,9 CV,12.2025,yes,essence,2025.0
bmw,x2,179900.0,0.0,SUV,Essence,Automatique,8 CV,12.2025,yes,essence,2025.0
bmw,x2,209900.0,0.0,SUV,Essence,Automatique,8 CV,12.2025,yes,essence,2025.0
bmw,x2,237900.0,0.0,SUV,Essence,Automatique,8 CV,12.2025,yes,essence,2025.0
bmw,x2,258900.0,0.0,SUV,Essence,Automatique,8 CV,12.2025,yes,essence,2025.0
audi,q3-sportback,219000.0,0.0,SUV,Essence,Automatique,9 CV,12.2025,yes,essence,2025.0
volvo,ec40-recharge,189900.0,0.0,SUV,Electrique,Automatique,9 CV,12.2025,yes,electrique,2025.0
volvo,ec40-recharge,219900.0,0.0,SUV,Electrique,Automatique,14 CV,12.2025,yes,electrique,2025.0
mercedes-benz,classe-c,223000.0,0.0,Berline,Essence | Hybride léger,Automatique,9 CV,12.2025,yes,hybride,2025.0
mercedes-benz,classe-c,257000.0,0.0,Berline,Essence | Hybride léger,Automatique,9 CV,12.2025,yes,hybride,2025.0
mercedes-benz,classe-c,261000.0,0.0,Berline,Essence | Hybride léger,Automatique,9 CV,12.2025,yes,hybride,2025.0
mercedes-benz,classe-c,278000.0,0.0,Berline,Essence | Hybride léger,Automatique,9 CV,12.2025,yes,hybride,2025.0
bmw,ix1,223900.0,0.0,SUV,Electrique,Automatique,8 CV,12.2025,yes,electrique,2025.0
bmw,ix1,229900.0,0.0,SUV,Electrique,Automatique,8 CV,12.2025,yes,electrique,2025.0
mercedes-benz,glb,226900.0,0.0,SUV,Essence,Automatique,9 CV,12.2025,yes,essence,2025.0
geely,monjaro,235000.0,0.0,SUV,Essence,Automatique,14 CV,12.2025,yes,essence,2025.0
toyota,coaster,243000.0,0.0,Utilitaire,Diesel,Manuelle,11 CV,12.2025,yes,diesel,2025.0
toyota,land-cruiser-76,244000.0,0.0,SUV,Diesel,Manuelle,11 CV,12.2025,yes,diesel,2025.0
bmw,ix2,232900.0,0.0,SUV,Electrique,Automatique,7 CV,12.2025,yes,electrique,2025.0
bmw,ix2,246900.0,0.0,SUV,Electrique,Automatique,7 CV,12.2025,yes,electrique,2025.0
bmw,x1-hybride,229900.0,0.0,SUV,Essence | Hybride rechargeable,Automatique,8 CV,12.2025,yes,hybride,2025.0
bmw,x1-hybride,247900.0,0.0,SUV,Essence | Hybride rechargeable,Automatique,8 CV,12.2025,yes,hybride,2025.0
bmw,x1-hybride,255900.0,0.0,SUV,Essence | Hybride rechargeable,Automatique,8 CV,12.2025,yes,hybride,2025.0
mercedes-benz,eqb,249900.0,0.0,SUV,Electrique,Automatique,N.C. CV,12.2025,yes,electrique,2025.0
hyundai,azera-hybride,249950.0,0.0,Berline,Essence | Hybride,Automatique,9 CV,12.2025,yes,hybride,2025.0
hyundai,ioniq-5-n,249950.0,0.0,SUV,Electrique,Automatique,12 CV,12.2025,yes,electrique,2025.0
kia,sorento-hybride,249980.0,0.0,SUV,Essence | Hybride,Automatique,10 CV,12.2025,yes,hybride,2025.0
audi,a5-berline,259000.0,0.0,Berline,Essence,Automatique,8 CV,12.2025,yes,essence,2025.0
kia,ev6-gt,262980.0,0.0,SUV,Electrique,Automatique,11 CV,12.2025,yes,electrique,2025.0
bmw,i4,245900.0,0.0,Berline,Electrique,Automatique,7 CV,12.2025,yes,electrique,2025.0
bmw,i4,266900.0,0.0,Berline,Electrique,Automatique,7 CV,12.2025,yes,electrique,2025.0
bmw,i4,287900.0,0.0,Berline,Electrique,Automatique,7 CV,12.2025,yes,electrique,2025.0
audi,q6-e-tron,269000.0,0.0,SUV,Electrique,Automatique,9 CV,12.2025,yes,electrique,2025.0
audi,a6-sportback-e-tron,269000.0,0.0,Berline,Electrique,Automatique,9 CV,12.2025,yes,electrique,2025.0
honda,civic-type-r,274400.0,0.0,Berline,Essence,Manuelle,21 CV,12.2025,yes,essence,2025.0
toyota,fortuner,274800.0,0.0,SUV,Diesel,Automatique,8 CV,12.2025,yes,diesel,2025.0
bmw,serie-4-gran-coupe,279900.0,0.0,Berline,Essence,Automatique,10 CV,12.2025,yes,essence,2025.0
bmw,serie-4-gran-coupe,329900.0,0.0,Berline,Essence,Automatique,10 CV,12.2025,yes,essence,2025.0
audi,q6-sportback-e-tron,289000.0,0.0,SUV,Electrique,Automatique,9 CV,12.2025,yes,electrique,2025.0
porsche,macan-electric,295000.0,0.0,SUV,Electrique,Automatique,9 CV,12.2025,yes,electrique,2025.0
porsche,macan-electric,318000.0,0.0,SUV,Electrique,Automatique,11 CV,12.2025,yes,electrique,2025.0
kia,ev9,299980.0,0.0,SUV,Electrique,Automatique,7 CV,12.2025,yes,electrique,2025.0
kia,ev9,304980.0,0.0,SUV,Electrique,Automatique,7 CV,12.2025,yes,electrique,2025.0
bmw,serie-3-hybride,281900.0,0.0,Berline,Essence | Hybride rechargeable,Automatique,10 CV,12.2025,yes,hybride,2025.0
bmw,serie-3-hybride,303900.0,0.0,Berline,Essence | Hybride rechargeable,Automatique,10 CV,12.2025,yes,hybride,2025.0
bmw,serie-3-hybride,323900.0,0.0,Berline,Essence | Hybride rechargeable,Automatique,10 CV,12.2025,yes,hybride,2025.0
mercedes-benz,glc,320000.0,0.0,SUV,Essence | Hybride léger,Automatique,12 CV,12.2025,yes,hybride,2025.0
mercedes-benz,glc,360000.0,0.0,SUV,Essence | Hybride léger,Automatique,12 CV,12.2025,yes,hybride,2025.0
bmw,i5,327900.0,0.0,Berline,Electrique,Automatique,7 CV,12.2025,yes,electrique,2025.0
bmw,serie-5,334900.0,0.0,Berline,Essence | Hybride léger,Automatique,10 CV,12.2025,yes,hybride,2025.0
bmw,serie-5,359900.0,0.0,Berline,Essence | Hybride léger,Automatique,10 CV,12.2025,yes,hybride,2025.0
mercedes-benz,classe-e,334900.0,0.0,Berline,Essence | Hybride léger,Automatique,12 CV,12.2025,yes,hybride,2025.0
mercedes-benz,classe-e,339900.0,0.0,Berline,Essence | Hybride léger,Automatique,12 CV,12.2025,yes,hybride,2025.0
mercedes-benz,cle-coupe,340000.0,0.0,Coupé,Essence | Hybride léger,Automatique,12 CV,12.2025,yes,hybride,2025.0
toyota,prado,342000.0,0.0,SUV,Diesel,Automatique,11 CV,12.2025,yes,diesel,2025.0
mercedes-benz,eqe-berline,349000.0,0.0,Berline,Electrique,Automatique,8 CV,12.2025,yes,electrique,2025.0
hyundai,palisade-calligraphy,350000.0,0.0,SUV,Diesel,Automatique,12 CV,12.2025,yes,diesel,2025.0
hyundai,palisade-calligraphy,350100.0,0.0,SUV,Essence,Automatique,19 CV,12.2025,yes,essence,2025.0
mercedes-benz,classe-c-hybride,306000.0,0.0,Berline,Essence | Hybride rechargeable,Automatique,12 CV,12.2025,yes,hybride,2025.0
mercedes-benz,classe-c-hybride,333000.0,0.0,Berline,Essence | Hybride rechargeable,Automatique,12 CV,12.2025,yes,hybride,2025.0
mercedes-benz,classe-c-hybride,335000.0,0.0,Berline,Essence | Hybride rechargeable,Automatique,12 CV,12.2025,yes,hybride,2025.0
mercedes-benz,classe-c-hybride,352000.0,0.0,Berline,Essence | Hybride rechargeable,Automatique,12 CV,12.2025,yes,hybride,2025.0
volvo,xc60,299900.0,0.0,SUV,Essence | Hybride léger,Automatique,15 CV,12.2025,yes,hybride,2025.0
volvo,xc60,319900.0,0.0,SUV,Essence | Hybride léger,Automatique,15 CV,12.2025,yes,hybride,2025.0
volvo,xc60,342900.0,0.0,SUV,Essence | Hybride léger,Automatique,15 CV,12.2025,yes,hybride,2025.0
volvo,xc60,354900.0,0.0,SUV,Essence | Hybride rechargeable,Automatique,20 CV,12.2025,yes,hybride,2025.0
mercedes-benz,classe-e-plug-in-hybride,354900.0,0.0,Berline,Essence | Hybride rechargeable,Automatique,9 CV,12.2025,yes,hybride,2025.0
mercedes-benz,classe-e-plug-in-hybride,359900.0,0.0,Berline,Essence | Hybride rechargeable,Automatique,9 CV,12.2025,yes,hybride,2025.0
audi,e-tron-gt,360000.0,0.0,Berline,Electrique,Automatique,10 CV,12.2025,yes,electrique,2025.0
Mercedes-Benz,Classe CLA,85000.0,146000.0,Berline,Essence,Automatique,7.0,6.2018,no,essence,2018.0
BMW,Serie 3,52500.0,170.0,Berline,Essence,Manuelle,7.0,6.2014,no,essence,2014.0
Land Rover,Range Rover Sport,175000.0,196000.0,4 x 4,Essence,Automatique,43.0,6.2016,no,essence,2016.0
Ford,Super Duty,52000.0,119000.0,Berline,Essence,Automatique,7.0,6.2021,no,essence,2021.0
Dacia,Dokker,22500.0,250000.0,Compacte,Diesel,Manuelle,6.0,6.2014,no,diesel,2014.0
Land Rover,Range Rover Evoque,104000.0,146000.0,Berline,Essence,Automatique,8.0,6.2015,no,essence,2015.0
Mercedes-Benz,Classe C Coupe,55000.0,162000.0,Berline,Essence,Automatique,9.0,6.2011,no,essence,2011.0
Toyota,Corolla verso,73000.0,49900.0,Compacte,Essence,Automatique,6.0,6.2021,no,essence,2021.0
Audi,A6,30500.0,213000.0,Berline,Essence,Automatique,11.0,6.2009,no,essence,2009.0
Hyundai,Kona,85000.0,59400.0,4 x 4,Hybride essence,Manuelle,6.0,6.2022,no,hybride,2022.0
Porsche,Panamera,160000.0,76000.0,Berline,Essence,Automatique,20.0,6.2010,no,essence,2010.0
Kia,Cerato,28000.0,200000.0,Berline,Essence,Manuelle,7.0,6.2010,no,essence,2010.0
Land Rover,Range Rover Evoque,75000.0,240000.0,4 x 4,Diesel,Automatique,11.0,6.2014,no,diesel,2014.0
Peugeot,Partner,32000.0,236000.0,Autres,Essence,Manuelle,6.0,6.2009,no,essence,2009.0
Porsche,Cayman,260000.0,80000.0,4 x 4,Essence,Automatique,15.0,6.2020,no,essence,2020.0
Kia,Rio,38000.0,140000.0,Compacte,Essence,,5.0,6.2016,no,essence,2016.0
Hyundai,I 20,48800.0,103.0,Autres,Essence,Manuelle,5.0,6.2022,no,essence,2022.0
Hyundai,I 20,48800.0,103.0,Autres,Essence,Manuelle,5.0,6.2022,no,essence,2022.0
Fiat,500C,29000.0,176000.0,Compacte,Essence,Manuelle,4.0,6.2011,no,essence,2011.0
Fiat,500C,29000.0,176000.0,Compacte,Essence,Manuelle,4.0,6.2011,no,essence,2011.0
Volkswagen,Polo,48500.0,58000.0,Berline,Essence,Manuelle,5.0,6.2016,no,essence,2016.0
Nissan,Qashqai,43500.0,160000.0,4 x 4,Essence,Automatique,6.0,6.2012,no,essence,2012.0
Suzuki,Celerio,31500.0,53000.0,Compacte,Essence,Manuelle,4.0,6.2019,no,essence,2019.0
Volkswagen,Passat,65000.0,64.0,Berline,Essence,Manuelle,7.0,6.2017,no,essence,2017.0
Peugeot,5008,85000.0,192000.0,Monospace,Diesel,Automatique,6.0,6.2017,no,diesel,2017.0
Dacia,Sandero,53000.0,19800.0,Compacte,Diesel,Manuelle,4.0,6.2021,no,diesel,2021.0
Citroen,Jumpy,57000.0,0.0,Utilitaire,Diesel,Automatique,6.0,6.2020,no,diesel,2020.0
Seat,Ibiza,36000.0,132000.0,Autres,Essence,Manuelle,4.0,6.2017,no,essence,2017.0
Peugeot,208,30500.0,80000.0,Berline,Essence,Automatique,5.0,6.2018,no,essence,2018.0
Audi,Q3,79500.0,190000.0,4 x 4,Essence,Automatique,86500.0,6.2017,no,essence,2017.0
Volkswagen,Passat CC,68000.0,102000.0,Berline,Essence,Manuelle,7.0,6.2017,no,essence,2017.0
Peugeot,301,16500.0,200000.0,Berline,Essence,Manuelle,6.0,6.2018,no,essence,2018.0
Geely,GK-GT,48000.0,70000.0,Compacte,Essence,Automatique,6.0,6.2021,no,essence,2021.0
Volkswagen,Golf,51500.0,200000.0,Compacte,Essence,Automatique,6.0,6.2018,no,essence,2018.0
Volkswagen,Golf,46000.0,240.0,Berline,Diesel,Manuelle,5.0,6.2014,no,diesel,2014.0
Kia,Rio,36000.0,160000.0,Berline,Essence,Manuelle,5.0,6.2016,no,essence,2016.0
MG,5,41000.0,100000.0,Berline,Essence,Manuelle,6.0,6.2022,no,essence,2022.0
Kia,Picanto,55500.0,1970.0,Autres,Essence,Automatique,4.0,6.2025,no,essence,2025.0
Mercedes-Benz,Utilitaire,132000.0,170000.0,Pick up,Diesel,Manuelle,8.0,6.2018,no,diesel,2018.0
Citroen,Jumpy,57000.0,0.0,Utilitaire,Diesel,Automatique,6.0,6.2020,no,diesel,2020.0
Citroen,C-Elysée,24900.0,124000.0,Berline,Essence,Manuelle,5.0,6.2018,no,essence,2018.0
Peugeot,208,30500.0,0.0,Berline,Essence,Automatique,5.0,6.2018,no,essence,2018.0
Audi,Q5,55500.0,190000.0,4 x 4,Essence,Automatique,13.0,6.2010,no,essence,2010.0
Chevrolet,Spark,19000.0,200.0,Berline,Essence,Manuelle,4.0,6.2011,no,essence,2011.0
Peugeot,308,25800.0,195000.0,Compacte,Essence,Automatique,7.0,6.2008,no,essence,2008.0
Hyundai,Ix 35,49000.0,70000.0,Utilitaire,Diesel,Manuelle,6.0,6.2011,no,diesel,2011.0
Hyundai,Ix 35,49000.0,70000.0,Utilitaire,Diesel,Manuelle,6.0,6.2011,no,diesel,2011.0
BMW,X5,150000.0,116000.0,4 x 4,Diesel,Automatique,13.0,6.2016,no,diesel,2016.0
Volkswagen,Golf 6,43900.0,250000.0,Compacte,Essence,Manuelle,5.0,6.2012,no,essence,2012.0
Suzuki,Celerio,31500.0,100000.0,Compacte,Essence,Manuelle,4.0,6.2021,no,essence,2021.0
Mercedes-Benz,Classe E,45000.0,1234.0,Berline,Diesel,Automatique,8.0,6.2008,no,diesel,2008.0
Renault,Grand Scenic,30000.0,225285.0,Monospace,Essence,Automatique,7.0,6.2006,no,essence,2006.0
Citroen,C35,43000.0,80000.0,Berline,Essence,Manuelle,5.0,6.2022,no,essence,2022.0
Suzuki,XL7,31000.0,56000.0,Compacte,Essence,Manuelle,4.0,6.2021,no,essence,2021.0
Chery,v5,35000.0,137000.0,Autres,Essence,Automatique,7.0,6.2017,no,essence,2017.0
Chery,A3,35000.0,160000.0,Berline,Essence,,6.0,6.2019,no,essence,2019.0
Dacia,Dokker,20000.0,252000.0,Autres,Diesel,Manuelle,1.19,6.2014,no,diesel,2014.0
Ford,Fiesta,18500.0,266568.0,Berline,Essence,Manuelle,5.0,6.2007,no,essence,2007.0
Citroen,C4 Cactus,45000.0,200000.0,Compacte,Diesel,Manuelle,5.0,6.2018,no,diesel,2018.0
Citroen,C-Elysée,22500.0,164000.0,Berline,Essence,Manuelle,5.0,6.2014,no,essence,2014.0
Volkswagen,Tiguan,76000.0,156000.0,Berline,Essence,Automatique,8.0,6.2020,no,essence,2020.0
Fiat,Grande Punto,26500.0,150.0,Compacte,Essence,Manuelle,4.0,6.2011,no,essence,2011.0
Mercedes-Benz,Classe E,118000.0,140000.0,Berline,Diesel,Automatique,10.0,6.2017,no,diesel,2017.0
Audi,A3,92000.0,70000.0,Berline,Essence,Automatique,6.0,6.2022,no,essence,2022.0
Kia,Rio,33500.0,188000.0,Compacte,Essence,Manuelle,5.0,6.2013,no,essence,2013.0
Mercedes-Benz,Classe ML,45500.0,288.0,4 x 4,Diesel,Automatique,13.0,6.2008,no,diesel,2008.0
Chery,Tiggo,38500.0,106000.0,4 x 4,Essence,Manuelle,6.0,6.2021,no,essence,2021.0
Fiat,Panda,33800.0,82000.0,Berline,Essence,Manuelle,4.0,6.2021,no,essence,2021.0
Mercedes-Benz,Classe C,58000.0,133000.0,Berline,Essence,Manuelle,8.0,6.2011,no,essence,2011.0
Citroen,Nemo,21000.0,276000.0,Compacte,Diesel,Manuelle,5.0,6.2014,no,diesel,2014.0
Hyundai,Grand i10,42000.0,74632.0,Berline,Essence,Manuelle,5.0,6.2022,no,essence,2022.0
Volkswagen,Amarok,58500.0,218000.0,4 x 4,Diesel,Manuelle,8.0,6.2013,no,diesel,2013.0
Ssangyong,Tivoli,66000.0,23000.0,Compacte,Essence,Manuelle,6.0,6.2021,no,essence,2021.0
Ford,Fiesta,36500.0,200000.0,Compacte,Essence,Manuelle,5.0,6.2015,no,essence,2015.0
Land Rover,Range Rover Sport,277000.0,103000.0,4 x 4,Hybride essence,Automatique,17.0,6.2019,no,hybride,2019.0
MG,ZS,57000.0,128000.0,4 x 4,Essence,Automatique,9.0,6.2017,no,essence,2017.0
Hyundai,Tucson,130000.0,70000.0,Berline,Hybride Diesel,Automatique,7.0,6.2021,no,hybride,2021.0
Seat,Leon,42000.0,162000.0,Compacte,Essence,Manuelle,6.0,6.2016,no,essence,2016.0
Suzuki,Celerio,36500.0,108000.0,Compacte,Essence,Automatique,4.0,6.2022,no,essence,2022.0
Volkswagen,Golf 7,63000.0,155000.0,Compacte,Essence,Automatique,6.0,6.2018,no,essence,2018.0
Seat,Leon,86000.0,58000.0,Compacte,Essence,Automatique,8.0,6.2021,no,essence,2021.0
Audi,Q7,64000.0,248000.0,4 x 4,Diesel,Automatique,16.0,6.2007,no,diesel,2007.0
Audi,A4,49000.0,178000.0,Berline,Essence,Manuelle,7.0,6.2014,no,essence,2014.0
Renault,Clio,37500.0,101000.0,Compacte,Essence,Manuelle,5.0,6.2021,no,essence,2021.0
MG,ZS,62000.0,58000.0,Pick up,Essence,Automatique,6.0,6.2022,no,essence,2022.0
Mercedes-Benz,Classe E,129000.0,176000.0,Berline,Essence,Automatique,9.0,6.2018,no,essence,2018.0
Renault,Clio,39900.0,145000.0,Berline,Essence,Manuelle,5.0,6.2022,no,essence,2022.0
Fiat,500,29000.0,192000.0,Compacte,Essence,Manuelle,4.0,6.2012,no,essence,2012.0
Nissan,Qashqai,63000.0,16300.0,Compacte,Essence,Automatique,6.0,6.2017,no,essence,2017.0
Toyota,Hilux,113000.0,243000.0,4 x 4,Diesel,Manuelle,8.0,6.2019,no,diesel,2019.0
Kia,Rio,54000.0,130000.0,Compacte,Essence,Manuelle,5.0,6.2022,no,essence,2022.0
Haval,H6,77000.0,86000.0,Autres,Essence,Automatique,9.0,6.2019,no,essence,2019.0
Audi,A3,99500.0,93000.0,Berline,Essence,Manuelle,6.0,6.2020,no,essence,2020.0
Suzuki,Celerio,37500.0,34000.0,Compacte,Essence,Manuelle,4.0,6.2023,no,essence,2023.0
Kia,Picanto,54500.0,50000.0,Compacte,Essence,Automatique,4.0,6.2024,no,essence,2024.0
Land Rover,Range Rover Evoque,165000.0,49000.0,Berline,Hybride essence,Automatique,11.0,6.2020,no,hybride,2020.0
Hyundai,Grand i10,43000.0,110000.0,Compacte,Essence,Manuelle,5.0,6.2023,no,essence,2023.0
Mahindra,Hover,27500.0,100000.0,Compacte,Essence,Manuelle,5.0,6.2021,no,essence,2021.0
Toyota,Yaris,109000.0,10000.0,Berline,Hybride essence,Automatique,5.0,6.2025,no,hybride,2025.0
Volkswagen,Golf 8,56000.0,182000.0,Compacte,Essence,Manuelle,5.0,6.2013,no,essence,2013.0
Mercedes-Benz,Classe E,128000.0,174000.0,Berline,Essence,Automatique,10.0,6.2016,no,essence,2016.0
Chery,Tiggo,58000.0,33000.0,Berline,Essence,Automatique,6.0,6.2021,no,essence,2021.0
Seat,Arosa,75000.0,100000.0,Berline,Essence,Automatique,6.0,6.2023,no,essence,2023.0
Volkswagen,Golf 7,62000.0,118000.0,Berline,Essence,Automatique,6.0,6.2018,no,essence,2018.0
Nissan,Qashqai,47500.0,175000.0,Berline,Diesel,Manuelle,7.0,6.2015,no,diesel,2015.0
Audi,A4,43000.0,180000.0,Berline,Essence,Automatique,7.0,6.2012,no,essence,2012.0
Volkswagen,Passat,72000.0,280000.0,Berline,Essence,Automatique,8.0,6.2019,no,essence,2019.0
Mercedes-Benz,Classe C,82000.0,180000.0,Berline,Essence,Automatique,8.0,6.2014,no,essence,2014.0
BMW,Serie 1,36500.0,180000.0,Compacte,Essence,Manuelle,7.0,6.2010,no,essence,2010.0
Jeep,Wrangler,75000.0,103000.0,4 x 4,Diesel,Manuelle,7.0,6.2017,no,diesel,2017.0
Chery,Tiggo,77000.0,116000.0,Berline,Essence,Automatique,9.0,6.2021,no,essence,2021.0
BMW,Serie 3,74000.0,77000.0,Berline,Essence,Automatique,10.0,6.2015,no,essence,2015.0
Kia,Sportage,95000.0,70000.0,4 x 4,Essence,Automatique,11.0,6.2021,no,essence,2021.0
Mercedes-Benz,Classe C,220000.0,45000.0,Berline,Essence,Automatique,9.0,6.2022,no,essence,2022.0
MG,ZS,56000.0,161002.0,Compacte,Essence,Automatique,,6.2020,no,essence,2020.0
Seat,Ibiza,75000.0,90000.0,Compacte,Essence,Automatique,6.0,6.2023,no,essence,2023.0
BMW,Serie 4,98000.0,101000.0,Berline,Essence,Automatique,7.0,6.2019,no,essence,2019.0
Renault,Clio,38800.0,160000.0,Compacte,Essence,Manuelle,5.0,6.2020,no,essence,2020.0
Peugeot,208,30500.0,0.0,Berline,Essence,Automatique,5.0,6.2018,no,essence,2018.0
Suzuki,Celerio,29800.0,120.0,Compacte,Essence,Manuelle,5.0,6.2020,no,essence,2020.0
Kia,Sportage,84800.0,125.0,Compacte,Diesel,Automatique,7.0,6.2018,no,diesel,2018.0
Peugeot,3008,74000.0,120.0,4 x 4,Essence,Automatique,7.0,6.2021,no,essence,2021.0
BMW,Serie 2,107000.0,59000.0,Berline,Essence,Automatique,8.0,6.2022,no,essence,2022.0
Audi,Q3,160000.0,72000.0,4 x 4,Electrique,Automatique,12.0,6.2020,no,electrique,2020.0
Kia,Rio,51500.0,87000.0,Berline,Essence,Automatique,6.0,6.2020,no,essence,2020.0
Hyundai,Grand i10,32000.0,175000.0,Autres,Essence,Manuelle,5.0,6.2017,no,essence,2017.0
Kia,Sportage,94000.0,134000.0,Berline,Diesel,Automatique,8.0,6.2019,no,diesel,2019.0
Toyota,Hilux,65000.0,156000.0,4 x 4,Diesel,Manuelle,6.0,6.2021,no,diesel,2021.0
Volkswagen,Amarok,47000.0,240000.0,4 x 4,Diesel,Manuelle,7.0,6.2013,no,diesel,2013.0
Mazda,3,48500.0,122000.0,Berline,Essence,Manuelle,6.0,6.2016,no,essence,2016.0
Toyota,Yaris,39000.0,210000.0,Berline,Essence,Manuelle,6.0,6.2016,no,essence,2016.0
Mercedes-Benz,Classe E,123000.0,150000.0,Berline,Essence,Automatique,10.0,6.2017,no,essence,2017.0
Fiat,Fiat.Punto,24500.0,252.0,Compacte,Essence,Manuelle,5.0,6.2012,no,essence,2012.0
Audi,A3,59500.0,97000.0,Berline,Essence,Manuelle,6.0,6.2019,no,essence,2019.0
Renault,Megane,47000.0,78200.0,Compacte,Essence,Manuelle,5.0,6.2019,no,essence,2019.0
Volkswagen,Jetta,65000.0,20000.0,Autres,Essence,Manuelle,116.0,6.2024,no,essence,2024.0
Volkswagen,Golf 8,77000.0,79000.0,Berline,Essence,Manuelle,5.0,6.2021,no,essence,2021.0
Volkswagen,Golf 8,84000.0,89000.0,4 x 4,Essence,Automatique,6.0,6.2022,no,essence,2022.0
Volkswagen,Golf 8,81000.0,69000.0,Berline,Essence,Manuelle,5.0,6.2021,no,essence,2021.0
Volkswagen,T-ROC,83000.0,71000.0,4 x 4,Essence,Manuelle,6.0,6.2022,no,essence,2022.0
BMW,X1,89900.0,127000.0,Berline,Diesel,Manuelle,6.0,6.2017,no,diesel,2017.0
Hyundai,I 30,77000.0,94000.0,Berline,Diesel,Manuelle,6.0,6.2020,no,diesel,2020.0
Kia,Sportage,89000.0,177000.0,Compacte,Diesel,Automatique,7.0,6.2022,no,diesel,2022.0
Renault,Symbol,123456.0,123456.0,Berline,Essence,Manuelle,5.0,6.2010,no,essence,2010.0
Mitsubishi,L200,52000.0,221000.0,4 x 4,Diesel,Manuelle,10.0,6.2013,no,diesel,2013.0
Audi,A4,34000.0,200000.0,Berline,Essence,Manuelle,7.0,6.2014,no,essence,2014.0
Peugeot,407,22000.0,220000.0,Berline,Diesel,Manuelle,6.0,6.2010,no,diesel,2010.0
Ssangyong,Tivoli,57000.0,90000.0,4 x 4,Essence,Manuelle,6.0,6.2021,no,essence,2021.0
Renault,Clio,40500.0,98000.0,Autres,Essence,Manuelle,4.0,6.2021,no,essence,2021.0
Citroen,C3,22000.0,191222.0,Berline,Essence,Manuelle,4.0,6.2006,no,essence,2006.0
Citroen,Berlingo,45000.0,58000.0,Utilitaire,Diesel,Manuelle,5.0,6.2021,no,diesel,2021.0
Audi,A4,35000.0,312.0,Berline,Essence,Manuelle,7.0,6.2011,no,essence,2011.0
Citroen,C3,28500.0,19990.0,Compacte,Essence,Manuelle,5.0,6.2010,no,essence,2010.0
BMW,Serie 1,35000.0,150000.0,Compacte,Essence,Manuelle,7.0,6.2010,no,essence,2010.0
Renault,Symbol,35000.0,141000.0,Berline,Essence,Manuelle,5.0,6.2016,no,essence,2016.0
Volkswagen,Polo,24000.0,184000.0,Compacte,Essence,Manuelle,4.0,6.2009,no,essence,2009.0
Renault,Clio,26500.0,213000.0,Berline,Essence,Automatique,5.0,6.2010,no,essence,2010.0
BMW,Serie 3 GT,52500.0,295000.0,Berline,Diesel,Manuelle,6.0,6.2013,no,diesel,2013.0
Ssangyong,Korando,46500.0,290000.0,4 x 4,Diesel,Automatique,,6.2017,no,diesel,2017.0
Ford,Focus,35500.0,208000.0,Compacte,Essence,Manuelle,7.0,6.2013,no,essence,2013.0
Citroen,C1,31000.0,68000.0,Compacte,Essence,Manuelle,4.0,6.2017,no,essence,2017.0
Audi,Q5,169000.0,100000.0,4 x 4,Essence,Automatique,13.0,6.2021,no,essence,2021.0
mini,One,49500.0,81000.0,Compacte,Essence,Manuelle,6.0,6.2015,no,essence,2015.0
Hyundai,Tucson,104000.0,36000.0,Compacte,Hybride Diesel,Automatique,8.0,6.2022,no,hybride,2022.0
BMW,Serie 5,78500.0,220000.0,Berline,Diesel,Automatique,10.0,6.2015,no,diesel,2015.0
Renault,Capture,69800.0,12000.0,Berline,Hybride essence,Automatique,6.0,6.2020,no,hybride,2020.0
Haval,jolion,79000.0,50000.0,Monospace,Essence,Automatique,6.0,6.2022,no,essence,2022.0
Kia,Sportage,65000.0,149000.0,Berline,Essence,Automatique,6.0,6.2017,no,essence,2017.0
Ford,Fiesta,29800.0,157000.0,Berline,Essence,Manuelle,5.0,6.2015,no,essence,2015.0
Hyundai,Tucson,114000.0,49000.0,4 x 4,Essence,Automatique,10.0,6.2023,no,essence,2023.0
Seat,Leon,58000.0,75000.0,Compacte,Essence,Manuelle,5.0,6.2019,no,essence,2019.0
Citroen,Nemo,16500.0,200.0,Autres,Diesel,Manuelle,6.0,6.2014,no,diesel,2014.0
Volkswagen,Caddy,28000.0,240000.0,Utilitaire,Diesel,Manuelle,5.0,6.2015,no,diesel,2015.0
Citroen,C-Elysée,25000.0,105000.0,Berline,Essence,Manuelle,5.0,6.2018,no,essence,2018.0
Citroen,C5,30000.0,290000.0,Berline,Diesel,Manuelle,6.0,6.2011,no,diesel,2011.0
Peugeot,208,39500.0,48850.0,Compacte,Essence,Manuelle,4.0,6.2023,no,essence,2023.0
Renault,Clio,63000.0,102000.0,Berline,Essence,Manuelle,5.0,6.2021,no,essence,2021.0
Kia,Cerato,33900.0,145000.0,Autres,Essence,Automatique,7.0,6.2012,no,essence,2012.0
Kia,Picanto,35000.0,138.0,Compacte,Essence,Manuelle,4.0,6.2020,no,essence,2020.0
Peugeot,208,37000.0,67200.0,Berline,Essence,Manuelle,5.0,6.2022,no,essence,2022.0
Peugeot,Boxer,53000.0,193.0,Autres,Diesel,Manuelle,7.0,6.2021,no,diesel,2021.0
Alfa Romeo,Giulietta,44000.0,94000.0,Compacte,Essence,Automatique,9.0,6.2018,no,essence,2018.0
Mercedes-Benz,Classe CLA,130000.0,90000.0,Autres,Essence,Automatique,7.0,6.2021,no,essence,2021.0
Fiat,Doblo,36000.0,102000.0,Utilitaire,Diesel,Manuelle,5.0,6.2021,no,diesel,2021.0
Suzuki,Celerio,31500.0,56000.0,Compacte,Essence,Manuelle,4.0,6.2021,no,essence,2021.0
Volkswagen,Golf 7,62500.0,130000.0,Berline,Essence,Automatique,6.0,6.2019,no,essence,2019.0
mini,Cooper,21500.0,1.0,Compacte,Essence,Manuelle,7.0,6.2009,no,essence,2009.0
Hyundai,I 10,36500.0,160000.0,Berline,Essence,Manuelle,5.0,6.2022,no,essence,2022.0
Peugeot,208,27000.0,98000.0,Compacte,Essence,Manuelle,4.0,6.2019,no,essence,2019.0
Volkswagen,Golf 6,47500.0,210.0,Compacte,Essence,Manuelle,5.0,6.2012,no,essence,2012.0
Fiat,Doblo,18000.0,255000.0,Utilitaire,Diesel,Manuelle,5.0,6.2014,no,diesel,2014.0
Renault,Kangoo,65000.0,70600.0,Utilitaire,Diesel,Manuelle,5.0,6.2022,no,diesel,2022.0
Mitsubishi,Pajero Sport,115000.0,146000.0,4 x 4,Diesel,Automatique,12.0,6.2010,no,diesel,2010.0
Suzuki,Swift,26000.0,60000.0,Compacte,Essence,Automatique,241.0,6.2024,no,essence,2024.0
Kia,Rio,23000.0,200000.0,Berline,Essence,Manuelle,6.0,6.2010,no,essence,2010.0
Renault,Clio,40000.0,130.0,Compacte,Essence,Manuelle,5.0,6.2022,no,essence,2022.0
Dongfeng,s50,35000.0,97000.0,Compacte,Essence,Manuelle,6.0,6.2021,no,essence,2021.0
Peugeot,301,25500.0,143.0,Compacte,Essence,Manuelle,5.0,6.2017,no,essence,2017.0
Isuzu,D-MAX,43000.0,256000.0,Pick up,Diesel,Manuelle,12.0,6.2012,no,diesel,2012.0
Seat,Arosa,84000.0,38000.0,Autres,Essence,Automatique,6.0,6.2023,no,essence,2023.0
Kia,Sportage,65000.0,236000.0,Autres,Diesel,Manuelle,6.0,6.2016,no,diesel,2016.0
Kia,Rio,22500.0,440.0,Berline,Essence,Manuelle,6.0,6.2010,no,essence,2010.0
Kia,Picanto,41000.0,90000.0,Autres,Essence,Manuelle,5.0,6.2020,no,essence,2020.0
Seat,Leon,60000.0,98500.0,Compacte,Essence,Manuelle,6.0,6.2017,no,essence,2017.0
Toyota,Yaris,42000.0,72000.0,Compacte,Essence,Automatique,4.0,6.2022,no,essence,2022.0
Peugeot,208,44000.0,29500.0,Compacte,Essence,Manuelle,4.0,6.2022,no,essence,2022.0
Renault,Clio,41000.0,103000.0,Compacte,Essence,Manuelle,5.0,6.2022,no,essence,2022.0
Suzuki,Celerio,12345.0,85000.0,Berline,Essence,Manuelle,4.0,6.2020,no,essence,2020.0
Nissan,Juke,38900.0,173500.0,Autres,Essence,Manuelle,6.0,6.2017,no,essence,2017.0
Fiat,Panda,34500.0,115000.0,Compacte,Essence,Manuelle,4.0,6.2020,no,essence,2020.0
Autres,Autres,60000.0,104000.0,Autres,Essence,Manuelle,60000.0,6.2021,no,essence,2021.0
Hyundai,Elantra,45000.0,183000.0,Berline,Essence,Manuelle,7.0,6.2016,no,essence,2016.0
Seat,Ibiza,39500.0,91000.0,Compacte,Essence,Manuelle,4.0,6.2019,no,essence,2019.0
Peugeot,206,15000.0,0.0,Autres,Essence,Manuelle,6.0,6.2008,no,essence,2008.0
Volkswagen,Golf,41500.0,220.0,Berline,Essence,Manuelle,5.0,6.2010,no,essence,2010.0
BMW,Serie 3 GT,58500.0,134000.0,Autres,Essence,Automatique,7.0,6.2016,no,essence,2016.0
Kia,Rio,22500.0,440.0,Berline,Essence,Manuelle,6.0,6.2010,no,essence,2010.0
Mercedes-Benz,Classe A,89500.0,130.0,Autres,Diesel,Automatique,6.0,6.2019,no,diesel,2019.0
Ford,Fiesta,46000.0,150000.0,Autres,Essence,Manuelle,8.0,6.2020,no,essence,2020.0
Fiat,Siena,18000.0,240000.0,Compacte,Essence,Manuelle,5.0,6.2006,no,essence,2006.0
Hyundai,I 20,34000.0,266.0,Autres,Essence,Manuelle,,6.2017,no,essence,2017.0
Mercedes-Benz,Classe CLA,145000.0,3200.0,Berline,Essence,Automatique,7.0,6.2021,no,essence,2021.0
Citroen,Jumpy,79000.0,305.0,Monospace,Diesel,Manuelle,8.0,6.2021,no,diesel,2021.0
Citroen,C-Elysée,24500.0,96000.0,Berline,Essence,Manuelle,5.0,6.2017,no,essence,2017.0
Peugeot,Bipper,31800.0,260.0,Monospace,Diesel,Manuelle,6.0,6.2013,no,diesel,2013.0
Hyundai,I 10,28000.0,130000.0,Autres,Essence,Manuelle,5.0,6.2022,no,essence,2022.0
Volkswagen,Polo,41000.0,132000.0,Berline,Essence,Manuelle,5.0,6.2015,no,essence,2015.0
Ford,Kuga,18900.0,140000.0,Autres,Essence,Manuelle,5.0,6.2014,no,essence,2014.0
Toyota,Aygo,25900.0,140000.0,Autres,Essence,Manuelle,5.0,6.2022,no,essence,2022.0
Hyundai,I 10,28900.0,140000.0,Autres,Essence,Manuelle,5.0,6.2021,no,essence,2021.0
Jeep,Wrangler,145000.0,150000.0,4 x 4,Diesel,Automatique,13.0,6.2015,no,diesel,2015.0
Peugeot,208,44000.0,67000.0,Compacte,Essence,Manuelle,5.0,6.2022,no,essence,2022.0
Volkswagen,Golf,69000.0,132000.0,Compacte,Essence,Automatique,6.0,6.2020,no,essence,2020.0
Ford,Escape,55000.0,88000.0,4 x 4,Essence,Automatique,7.0,6.2019,no,essence,2019.0
Renault,Clio,36500.0,111111.0,Compacte,Essence,Manuelle,5.0,6.2013,no,essence,2013.0
Citroen,C3,37000.0,127000.0,Berline,Essence,Manuelle,5.0,6.2019,no,essence,2019.0
Haval,H6,79000.0,96000.0,4 x 4,Essence,Automatique,8.0,6.2021,no,essence,2021.0
Volkswagen,Polo,47500.0,90000.0,Compacte,Essence,Manuelle,4.0,6.2022,no,essence,2022.0
Suzuki,Swift,43500.0,95000.0,Compacte,Essence,Automatique,4.0,6.2022,no,essence,2022.0
Mercedes-Benz,Classe E,85003.0,140000.0,Berline,Essence,Automatique,,6.2014,no,essence,2014.0
mini,Cooper,26500.0,220000.0,Autres,Essence,Manuelle,5.0,6.2010,no,essence,2010.0
Mercedes-Benz,Classe A,95900.0,150000.0,Compacte,Essence,Automatique,9.0,6.2021,no,essence,2021.0
Suzuki,Swift,43800.0,63000.0,Compacte,Essence,Manuelle,5.0,6.2024,no,essence,2024.0
Renault,Megane,18500.0,200000.0,Compacte,Diesel,Manuelle,5.0,6.2010,no,diesel,2010.0
Peugeot,208,32900.0,80000.0,Compacte,Essence,Manuelle,5.0,6.2023,no,essence,2023.0
BMW,X3,87000.0,185000.0,4 x 4,Diesel,Automatique,10.0,6.2014,no,diesel,2014.0
Fiat,500,44000.0,140.0,Compacte,Essence,Manuelle,5.0,6.2016,no,essence,2016.0
Hyundai,Accent,33900.0,181.0,Compacte,Essence,Manuelle,6.0,6.2015,no,essence,2015.0
Autres,Autres,65000.0,57800.0,4 x 4,Essence,Automatique,7.0,6.2019,no,essence,2019.0
Honda,Civic,62000.0,200000.0,Berline,Essence,Automatique,10.0,6.2018,no,essence,2018.0
Kia,Sportage,95000.0,97000.0,4 x 4,Essence,Manuelle,8.0,6.2019,no,essence,2019.0
Kia,Sportage,95000.0,97000.0,4 x 4,Essence,Manuelle,8.0,6.2019,no,essence,2019.0
Suzuki,Swift,29000.0,167000.0,Berline,Essence,Manuelle,5.0,6.2017,no,essence,2017.0
Kia,Rio,26000.0,108.0,Compacte,Essence,Manuelle,6.0,6.2010,no,essence,2010.0
Ford,ECOSPORT,56000.0,73000.0,Berline,Essence,Manuelle,7.0,6.2019,no,essence,2019.0
Volkswagen,Golf 6,37000.0,280000.0,Autres,Diesel,Manuelle,5.0,6.2011,no,diesel,2011.0
Volkswagen,Golf,37000.0,280000.0,Autres,Diesel,Manuelle,5.0,6.2011,no,diesel,2011.0
Citroen,Nemo,16500.0,200.0,Autres,Essence,Manuelle,6.0,6.2014,no,essence,2014.0
Volkswagen,Golf,35000.0,188.0,Compacte,Diesel,,5.0,6.2011,no,diesel,2011.0
Ford,Fiesta,22000.0,276.0,Berline,Essence,Manuelle,5.0,6.2010,no,essence,2010.0
Ssangyong,Ceo,41000.0,122000.0,Utilitaire,Essence,Automatique,6.0,6.2022,no,essence,2022.0
MG,ZS,69000.0,40000.0,4 x 4,Essence,Manuelle,7.0,6.2024,no,essence,2024.0
Kia,Picanto,36000.0,130.0,Autres,Essence,Manuelle,4.0,6.2020,no,essence,2020.0
Kia,Rio,20000.0,212.0,Compacte,Essence,Manuelle,6.0,6.2010,no,essence,2010.0
Volkswagen,Polo,44000.0,136000.0,Berline,Essence,Manuelle,5.0,6.2022,no,essence,2022.0
Kia,Picanto,40000.0,90000.0,Berline,Essence,Manuelle,,6.2020,no,essence,2020.0
Citroen,DS3,30000.0,120000.0,Berline,Essence,Manuelle,5.0,6.2016,no,essence,2016.0
Toyota,RAV 4,75000.0,146000.0,4 x 4,Diesel,Automatique,9.0,6.2015,no,diesel,2015.0
Peugeot,407,19500.0,200.0,Utilitaire,Diesel,Manuelle,5.0,6.2009,no,diesel,2009.0
Dacia,Dokker,27000.0,215000.0,Utilitaire,Diesel,Manuelle,6.0,6.2016,no,diesel,2016.0
Opel,Combo,111111.0,116000.0,4 x 4,Essence,Manuelle,7.0,6.2017,no,essence,2017.0
Mercedes-Benz,Classe E,45000.0,12345.0,Berline,Diesel,Automatique,8.0,6.2008,no,diesel,2008.0
Volkswagen,Polo,48500.0,110000.0,Berline,Essence,Manuelle,5.0,6.2022,no,essence,2022.0
Mercedes-Benz,Classe E,45000.0,1234.0,Berline,Diesel,Automatique,8.0,6.2008,no,diesel,2008.0
Ford,Fiesta,31000.0,151000.0,Autres,Essence,Manuelle,5.0,6.2014,no,essence,2014.0
Hyundai,I 20,49000.0,103.0,Autres,Essence,Manuelle,5.0,6.2022,no,essence,2022.0
Volkswagen,Golf,40000.0,230000.0,Berline,Essence,Manuelle,5.0,6.2013,no,essence,2013.0
Hyundai,I 20,49000.0,103.0,Autres,Essence,Manuelle,5.0,6.2022,no,essence,2022.0
BMW,Serie 3,39000.0,190000.0,Berline,Essence,Automatique,9.0,6.2006,no,essence,2006.0
Kia,Cerato,24500.0,250000.0,Autres,Essence,Manuelle,7.0,6.2010,no,essence,2010.0
Volkswagen,Passat,43000.0,128000.0,Berline,Essence,Manuelle,7.0,6.2008,no,essence,2008.0
BMW,Serie 3,52500.0,174000.0,Berline,Essence,Manuelle,7.0,6.2014,no,essence,2014.0
Ford,Fiesta,32000.0,67600.0,Compacte,Essence,Manuelle,5.0,6.2012,no,essence,2012.0
Mercedes-Benz,Classe C,97000.0,255000.0,Autres,Essence,Automatique,8.0,6.2017,no,essence,2017.0
Peugeot,208,40999.0,54000.0,Berline,Essence,Manuelle,4.0,6.2023,no,essence,2023.0
Autres,Autres,127000.0,80.0,Compacte,Essence,Automatique,,6.2024,no,essence,2024.0
Renault,Master,42000.0,72000.0,Utilitaire,Diesel,Manuelle,10.0,6.2011,no,diesel,2011.0
Mercedes-Benz,Classe CLA,110000.0,10100.0,Berline,Essence,Automatique,7.0,6.2019,no,essence,2019.0
Peugeot,206,22500.0,170000.0,Compacte,Essence,Manuelle,4.0,6.2011,no,essence,2011.0
Dacia,Duster,71500.0,86000.0,4 x 4,Diesel,Manuelle,6.0,6.2020,no,diesel,2020.0
Mercedes-Benz,Classe CLA,153000.0,90000.0,Berline,Hybride essence,Automatique,8.0,6.2022,no,hybride,2022.0
Chevrolet,Aveo,18500.0,178000.0,Berline,Essence,Manuelle,6.0,6.2010,no,essence,2010.0
Citroen,C5,29000.0,288000.0,Berline,Diesel,Manuelle,6.0,6.2010,no,diesel,2010.0
Mercedes-Benz,Classe A,61000.0,137000.0,Compacte,Essence,Manuelle,7.0,6.2013,no,essence,2013.0
Suzuki,Celerio,38500.0,35400.0,Berline,Essence,Manuelle,,6.2023,no,essence,2023.0
Kia,Optima,42000.0,243000.0,Berline,Essence,Automatique,10.0,6.2015,no,essence,2015.0
Hyundai,I 10,36800.0,102000.0,Compacte,Essence,Manuelle,5.0,6.2022,no,essence,2022.0
Volkswagen,Polo,35500.0,200000.0,Autres,Essence,Manuelle,4.0,6.2016,no,essence,2016.0
Renault,Clio,39900.0,124000.0,Compacte,Essence,Manuelle,5.0,6.2022,no,essence,2022.0
Renault,Capture,35800.0,168.0,Autres,Essence,Manuelle,6.0,6.2014,no,essence,2014.0
Citroen,C4,36000.0,185000.0,Berline,Essence,Manuelle,6.0,6.2016,no,essence,2016.0
Peugeot,Partner,47500.0,150000.0,Compacte,Diesel,Manuelle,5.0,6.2021,no,diesel,2021.0
Hyundai,Tucson,116000.0,28000.0,4 x 4,Essence,Automatique,10.0,6.2023,no,essence,2023.0
Mitsubishi,Lancer,29000.0,216000.0,Berline,Essence,Automatique,9.0,6.2010,no,essence,2010.0
Isuzu,D-MAX,114000.0,0.0,Pick up,Diesel,Manuelle,8.0,6.2025,no,diesel,2025.0
Renault,Megane,48500.0,148.0,Autres,Diesel,Manuelle,5.0,6.2019,no,diesel,2019.0
Citroen,Berlingo,35500.0,292.0,Compacte,Diesel,Manuelle,5.0,6.2010,no,diesel,2010.0
Mercedes-Benz,Classe GLA,141000.0,59000.0,4 x 4,Hybride essence,Automatique,8.0,6.2021,no,hybride,2021.0
Citroen,C5,22900.0,207000.0,Autres,Essence,Automatique,9.0,6.2010,no,essence,2010.0
Toyota,C-HR,11111.0,66000.0,Autres,Essence,Automatique,6.0,6.2022,no,essence,2022.0
Land Rover,Range Rover Evoque,115000.0,175000.0,Berline,Diesel,Automatique,10.0,6.2018,no,diesel,2018.0
Renault,Clio,11111.0,14000.0,Compacte,Essence,Manuelle,6.0,6.2025,no,essence,2025.0
Dacia,Sandero,45000.0,158000.0,Compacte,Essence,Manuelle,5.0,6.2020,no,essence,2020.0
Audi,Q3,78998.0,104.0,Autres,Essence,Automatique,8.0,6.2017,no,essence,2017.0
Audi,Q5,105000.0,122000.0,4 x 4,Diesel,Automatique,15.0,6.2015,no,diesel,2015.0
Kia,Sportage,72000.0,134000.0,4 x 4,Essence,Automatique,8.0,6.2018,no,essence,2018.0
Peugeot,508,48000.0,270.0,Berline,Diesel,Manuelle,6.0,6.2016,no,diesel,2016.0
Renault,Clio,24000.0,300.0,Berline,Essence,Manuelle,5.0,6.2006,no,essence,2006.0
Mercedes-Benz,Classe C,97000.0,169000.0,Berline,Essence,Automatique,9.0,6.2017,no,essence,2017.0
Dacia,Lodgy,58000.0,50000.0,Monospace,Diesel,Manuelle,6.0,6.2020,no,diesel,2020.0
Chery,Tiggo,77000.0,56000.0,4 x 4,Essence,Automatique,9.0,6.2022,no,essence,2022.0
Toyota,Yaris,31500.0,200000.0,Compacte,Essence,Manuelle,5.0,6.2016,no,essence,2016.0
Fiat,Fiorino,37500.0,37000.0,Utilitaire,Diesel,Manuelle,5.0,6.2022,no,diesel,2022.0
Mazda,BT-50,11111.0,193.0,4 x 4,Diesel,Manuelle,10.0,6.2010,no,diesel,2010.0
Citroen,C4,70000.0,92000.0,Berline,Diesel,Automatique,110.0,6.2022,no,diesel,2022.0
Peugeot,308 SW,35000.0,160000.0,Berline,Essence,Automatique,6.0,6.2016,no,essence,2016.0
Fiat,500,50000.0,89000.0,Compacte,Hybride essence,Manuelle,4.0,6.2021,no,hybride,2021.0
Mercedes-Benz,Classe CLA,72000.0,165283.0,Berline,Essence,Automatique,8.0,6.2013,no,essence,2013.0
Toyota,Yaris Verso,42000.0,244000.0,Berline,Essence,Manuelle,6.0,6.2018,no,essence,2018.0
Peugeot,208,46500.0,70000.0,Compacte,Essence,Manuelle,5.0,6.2022,no,essence,2022.0
Seat,Toledo,95000.0,145000.0,Monospace,Essence,Automatique,8.0,6.2020,no,essence,2020.0
Peugeot,Expert,22000.0,200.0,Utilitaire,Diesel,Manuelle,5.0,6.2012,no,diesel,2012.0
Nissan,Juke,70000.0,112000.0,Compacte,Essence,Manuelle,6.0,6.2021,no,essence,2021.0
Opel,Vectra,23000.0,142.0,Berline,Diesel,Manuelle,6.0,6.2008,no,diesel,2008.0
Volkswagen,Golf 8,87000.0,72.0,Berline,Essence,Manuelle,6.0,6.2022,no,essence,2022.0
Volkswagen,Golf 7,46000.0,153000.0,Compacte,Essence,Manuelle,115.0,6.2015,no,essence,2015.0
MG,ZS,63000.0,95500.0,Autres,Essence,Automatique,7.0,6.2022,no,essence,2022.0
Hyundai,Grand i10,33500.0,160000.0,Compacte,Essence,Manuelle,5.0,6.2014,no,essence,2014.0
Volkswagen,Golf,72000.0,163000.0,Compacte,Essence,Manuelle,6.0,6.2016,no,essence,2016.0
Volkswagen,Caddy,31000.0,0.0,Compacte,Diesel,Manuelle,5.0,6.2012,no,diesel,2012.0
Suzuki,Celerio,123456.0,62000.0,Compacte,Essence,Automatique,4.0,6.2021,no,essence,2021.0
Geely,GK-GL,123456.0,56000.0,Berline,Essence,Manuelle,5.0,6.2021,no,essence,2021.0
Hyundai,I 20,48000.0,98.0,Berline,Essence,Manuelle,5.0,6.2022,no,essence,2022.0
Citroen,C4 Cactus,23000.0,200.0,Compacte,Essence,Manuelle,6.0,6.2008,no,essence,2008.0
Kia,Rio,44000.0,110000.0,Autres,Essence,Automatique,5.0,6.2020,no,essence,2020.0
Fiat,Punto,23500.0,200000.0,Compacte,Essence,Manuelle,4.0,6.2011,no,essence,2011.0
Chery,Tiggo,60000.0,5000.0,Autres,Essence,Automatique,5.0,6.2024,no,essence,2024.0
Kia,Sportage,51000.0,283000.0,Compacte,Diesel,Manuelle,7.0,6.2013,no,diesel,2013.0
Seat,Altea,120000.0,41000.0,Autres,Essence,Automatique,8.0,6.2024,no,essence,2024.0
Volkswagen,Caddy,59800.0,90000.0,Berline,Diesel,Manuelle,7.0,6.2019,no,diesel,2019.0
Peugeot,2008,45500.0,120000.0,Berline,Essence,Manuelle,6.0,6.2019,no,essence,2019.0
Hyundai,Bayon,119900.0,40000.0,Berline,Electrique,Automatique,4.0,6.2022,no,electrique,2022.0
Alfa Romeo,Giulietta,33000.0,240.0,Compacte,Essence,,7.0,6.2011,no,essence,2011.0
Fiat,Ducato,28000.0,180.0,Utilitaire,Diesel,Manuelle,8.0,6.2008,no,diesel,2008.0
Citroen,C5,29500.0,229300.0,Berline,Essence,Manuelle,9.0,6.2013,no,essence,2013.0
Citroen,C4 Picasso,43000.0,145000.0,Monospace,Diesel,Automatique,7.0,6.2013,no,diesel,2013.0
Peugeot,307,16800.0,210000.0,Compacte,Essence,Manuelle,7.0,6.2007,no,essence,2007.0
Kia,Rio,39500.0,165000.0,Autres,Essence,Manuelle,5.0,6.2017,no,essence,2017.0
Hyundai,I 10,37000.0,100000.0,Compacte,Essence,Manuelle,5.0,6.2021,no,essence,2021.0
Kia,Cerato,55000.0,144000.0,Autres,Essence,Automatique,7.0,6.2017,no,essence,2017.0
Citroen,DS3,33000.0,110000.0,Compacte,Diesel,Manuelle,5.0,6.2015,no,diesel,2015.0
Peugeot,206,23500.0,208000.0,Berline,Essence,Automatique,5.0,6.2008,no,essence,2008.0
Toyota,Hilux,110000.0,121000.0,4 x 4,Diesel,Manuelle,8.0,6.2017,no,diesel,2017.0
Peugeot,Boxer,65000.0,129500.0,Utilitaire,Diesel,Manuelle,7.0,6.2020,no,diesel,2020.0
Opel,GT,85000.0,109000.0,Monospace,Diesel,Automatique,7.0,6.2020,no,diesel,2020.0
Hyundai,Veloster,38000.0,152000.0,Compacte,Essence,Manuelle,8.0,6.2012,no,essence,2012.0
Toyota,Aygo,30800.0,125000.0,Utilitaire,Essence,Manuelle,4.0,6.2021,no,essence,2021.0
Peugeot,Partner,33000.0,240000.0,Autres,Diesel,Manuelle,6.0,6.2013,no,diesel,2013.0
Opel,Mokka,84550.0,45500.0,4 x 4,Essence,Manuelle,5.0,6.2023,no,essence,2023.0
MG,3,42000.0,81000.0,Berline,Essence,Manuelle,6.0,6.2021,no,essence,2021.0
Citroen,C3,29500.0,122000.0,Compacte,Essence,Manuelle,4.0,6.2018,no,essence,2018.0
Volkswagen,Golf,93000.0,127000.0,Compacte,Essence,Automatique,6.0,6.2019,no,essence,2019.0
Peugeot,508,75900.0,149000.0,Berline,Essence,Automatique,8.0,6.2019,no,essence,2019.0
Citroen,C35,21000.0,215.0,Autres,Essence,Manuelle,5.0,6.2012,no,essence,2012.0
Chery,Tiggo,75000.0,85000.0,4 x 4,Essence,Automatique,9.0,6.2022,no,essence,2022.0
Haval,H6,87000.0,60400.0,Pick up,Diesel,Manuelle,11.0,6.2021,no,diesel,2021.0
Toyota,Hilux,130000.0,15000.0,4 x 4,Diesel,Automatique,8.0,6.2017,no,diesel,2017.0
Kia,Sportage,65000.0,170000.0,Autres,Essence,Automatique,8.0,6.2018,no,essence,2018.0
Volkswagen,Tiguan,65000.0,190000.0,Autres,Essence,Automatique,9.0,6.2015,no,essence,2015.0
Opel,Vivaro,42000.0,83000.0,Utilitaire,Diesel,Automatique,7.0,6.2010,no,diesel,2010.0
Renault,Fluence,26000.0,280000.0,Berline,Essence,Manuelle,7.0,6.2012,no,essence,2012.0
Ford,Ka,26500.0,221000.0,Autres,Essence,Manuelle,4.0,6.2015,no,essence,2015.0
Mercedes-Benz,Classe E,53000.0,178000.0,Autres,Essence,Automatique,11.0,6.2010,no,essence,2010.0
Kia,Sportage,85000.0,130000.0,4 x 4,Diesel,Manuelle,8.0,6.2019,no,diesel,2019.0
Peugeot,206,22500.0,1010.0,Berline,Essence,Automatique,6.0,6.2009,no,essence,2009.0
Volkswagen,Touareg,49000.0,253000.0,4 x 4,Diesel,Automatique,13.0,6.2010,no,diesel,2010.0
Mercedes-Benz,Classe CLA,177000.0,13000.0,Berline,Essence,Automatique,9.0,6.2024,no,essence,2024.0
Kia,Rio,39000.0,160000.0,Autres,Essence,Manuelle,5.0,6.2017,no,essence,2017.0
Mercedes-Benz,Classe C,43500.0,278000.0,Autres,Diesel,Manuelle,8.0,6.2008,no,diesel,2008.0
Peugeot,301,25500.0,62500.0,Berline,Essence,Manuelle,5.0,6.2013,no,essence,2013.0
Volkswagen,Golf,72000.0,116000.0,Berline,Essence,Manuelle,6.0,6.2017,no,essence,2017.0
Nissan,Qashqai,29500.0,178000.0,4 x 4,Diesel,,10.0,6.2011,no,diesel,2011.0
Mercedes-Benz,Classe C,122000.0,180000.0,Berline,Diesel,Automatique,6.0,6.2018,no,diesel,2018.0
Mahindra,Hover,26500.0,95000.0,Autres,Essence,Automatique,5.0,6.2020,no,essence,2020.0
Kia,Sportage,68000.0,160000.0,Berline,Essence,Automatique,8.0,6.2017,no,essence,2017.0
Renault,Clio,22500.0,270000.0,Berline,Essence,Manuelle,2.0,6.2007,no,essence,2007.0
Renault,Clio,22500.0,270000.0,Berline,Essence,Manuelle,2.0,6.2007,no,essence,2007.0
Fiat,Fiorino,31000.0,190.0,Utilitaire,Diesel,Manuelle,5.0,6.2022,no,diesel,2022.0
Kia,Rio,38500.0,158000.0,Berline,Essence,Manuelle,5.0,6.2015,no,essence,2015.0
Nissan,Patrol GR,75000.0,224000.0,4 x 4,Diesel,Manuelle,15.0,6.2006,no,diesel,2006.0
Hyundai,Kona,85000.0,59400.0,4 x 4,Hybride essence,Manuelle,6.0,6.2022,no,hybride,2022.0
Volkswagen,Polo,36500.0,160000.0,Compacte,Essence,Manuelle,5.0,6.2014,no,essence,2014.0
Volkswagen,Passat,34000.0,300.0,Berline,Diesel,Manuelle,5.0,6.2010,no,diesel,2010.0
Volkswagen,Polo,44000.0,226000.0,Berline,Essence,Manuelle,5.0,6.2019,no,essence,2019.0
Peugeot,3008,75000.0,13000.0,Monospace,Diesel,Manuelle,,6.2020,no,diesel,2020.0
Renault,Symbol,123456.0,264000.0,Cabriolet,Essence,Manuelle,123.0,6.2014,no,essence,2014.0
Audi,Allroad,180000.0,69000.0,4 x 4,Electrique,Automatique,12.0,6.2020,no,electrique,2020.0
Mercedes-Benz,Classe B,15000.0,175000.0,Autres,Essence,Automatique,8.0,6.2008,no,essence,2008.0
Hyundai,I 10,37000.0,149000.0,Berline,Essence,Manuelle,5.0,6.2022,no,essence,2022.0
Mercedes-Benz,Classe E,50000.0,250000.0,Berline,Diesel,Automatique,9.0,6.2010,no,diesel,2010.0
Peugeot,Partner,52000.0,155000.0,Berline,Diesel,Automatique,7.0,6.2023,no,diesel,2023.0
Volkswagen,Golf,41000.0,218.0,Compacte,Diesel,Manuelle,5.0,6.2010,no,diesel,2010.0
Citroen,Jumpy,62000.0,147000.0,Utilitaire,Diesel,Manuelle,7.0,6.2021,no,diesel,2021.0
Suzuki,Vitara,56500.0,218000.0,4 x 4,Essence,Automatique,6.0,6.2017,no,essence,2017.0
Kia,Cerato,39000.0,190000.0,Berline,Essence,Automatique,,6.2015,no,essence,2015.0
Volkswagen,Tiguan,97000.0,159000.0,4 x 4,Diesel,Automatique,8.0,6.2019,no,diesel,2019.0
Renault,Clio,41800.0,118000.0,Berline,Essence,Manuelle,5.0,6.2022,no,essence,2022.0
Ford,Focus,33500.0,180000.0,Berline,Essence,Manuelle,6.0,6.2016,no,essence,2016.0
Dacia,Logan,39500.0,97000.0,Berline,Essence,Manuelle,5.0,6.2023,no,essence,2023.0
Mahindra,Hover,20000.0,250000.0,Pick up,Diesel,Manuelle,8.0,6.2016,no,diesel,2016.0
BMW,Serie 3,65000.0,133000.0,Berline,Essence,Automatique,7.0,6.2017,no,essence,2017.0
MG,ZS,55000.0,157000.0,Autres,Essence,Automatique,7.0,6.2019,no,essence,2019.0
Mazda,CX7,34999.0,175000.0,4 x 4,Essence,Automatique,2013.0,6.2013,no,essence,2013.0
BMW,Serie 3,63000.0,217000.0,Berline,Essence,Automatique,7.0,6.2016,no,essence,2016.0
Hyundai,Kona,85000.0,59400.0,4 x 4,Hybride essence,Manuelle,6.0,6.2022,no,hybride,2022.0
Renault,Clio,38500.0,113.0,Compacte,Essence,Manuelle,4.0,6.2017,no,essence,2017.0
Peugeot,208,41500.0,23000.0,Compacte,Essence,Manuelle,4.0,6.2023,no,essence,2023.0
Ford,Ka,26000.0,129000.0,Compacte,Essence,Manuelle,4.0,6.2014,no,essence,2014.0
Peugeot,208,42500.0,26000.0,Berline,Essence,Manuelle,4.0,6.2023,no,essence,2023.0
Haval,jolion,74500.0,29000.0,Berline,Essence,Automatique,9.0,6.2022,no,essence,2022.0
Renault,Megane,18500.0,260000.0,Compacte,Diesel,Manuelle,5.0,6.2008,no,diesel,2008.0
Ssangyong,Tivoli,51000.0,163000.0,Berline,Essence,Manuelle,7.0,6.2018,no,essence,2018.0
Audi,A3,54000.0,156000.0,Berline,Essence,Manuelle,5.0,6.2015,no,essence,2015.0
Citroen,Nemo,24000.0,182.0,Utilitaire,Diesel,Manuelle,5.0,6.2016,no,diesel,2016.0
Renault,Megane,47500.0,145000.0,Berline,Essence,Manuelle,7.0,6.2017,no,essence,2017.0
Kia,Sportage,91000.0,93000.0,4 x 4,Hybride Diesel,Manuelle,2021.0,6.2021,no,hybride,2021.0
Chery,A5,45000.0,105000.0,Berline,Essence,Manuelle,5.0,6.2020,no,essence,2020.0
Haval,H6,75000.0,112000.0,4 x 4,Essence,Automatique,9.0,6.2019,no,essence,2019.0
Mercedes-Benz,Classe CLA,112000.0,79000.0,Compacte,Essence,Manuelle,8.0,6.2020,no,essence,2020.0
MG,ZS,80000.0,129000.0,4 x 4,Essence,Automatique,9.0,6.2022,no,essence,2022.0
mini,Country Man,38000.0,198000.0,Berline,Essence,Automatique,7.0,6.2013,no,essence,2013.0
Citroen,C4 Cactus,33000.0,164000.0,Berline,Essence,Manuelle,5.0,6.2015,no,essence,2015.0
Land Rover,Range Rover Evoque,80000.0,198000.0,4 x 4,Diesel,Manuelle,11.0,6.2014,no,diesel,2014.0
Hyundai,Elantra,37000.0,163000.0,Berline,Essence,Automatique,7.0,6.2017,no,essence,2017.0
Peugeot,308,24500.0,147000.0,Berline,Essence,Manuelle,6.0,6.2011,no,essence,2011.0
Volkswagen,Beetle,36000.0,175000.0,Berline,Essence,Manuelle,5.0,6.2013,no,essence,2013.0
mini,One,26500.0,205000.0,Compacte,Essence,Manuelle,5.0,6.2010,no,essence,2010.0
Citroen,C3,36000.0,83601.0,Compacte,Essence,Manuelle,4.0,6.2018,no,essence,2018.0
Mercedes-Benz,Classe C,45000.0,150000.0,Berline,Essence,Automatique,9.0,6.2010,no,essence,2010.0
Volkswagen,Tiguan,38000.0,198000.0,Berline,Essence,Manuelle,11.0,6.2011,no,essence,2011.0
Fiat,Panda,29500.0,190.0,Compacte,Essence,Manuelle,4.0,6.2017,no,essence,2017.0
Ssangyong,Actyon,15000.0,111.0,Compacte,Essence,Manuelle,6.0,6.2019,no,essence,2019.0
Volkswagen,Polo,28500.0,170.0,Autres,Essence,Manuelle,5.0,6.2011,no,essence,2011.0
Volkswagen,Golf 8,43000.0,100000.0,Compacte,Essence,Manuelle,6.0,6.2015,no,essence,2015.0
Fiat,Panda,38800.0,93.0,Berline,Essence,Manuelle,4.0,6.2020,no,essence,2020.0
Mercedes-Benz,Classe CLA,115000.0,52000.0,Berline,Essence,Automatique,8.0,6.2021,no,essence,2021.0
Renault,Symbol,26800.0,130.0,Berline,Essence,Manuelle,5.0,6.2011,no,essence,2011.0
Mercedes-Benz,Classe A,65000.0,170000.0,Berline,Essence,Manuelle,214.0,6.2014,no,essence,2014.0
Citroen,Jumpy,49500.0,110000.0,Berline,Diesel,Manuelle,9.0,6.2021,no,diesel,2021.0
Audi,Q3,140000.0,45000.0,4 x 4,Essence,Automatique,9.0,6.2022,no,essence,2022.0
Peugeot,207,31000.0,230.0,Compacte,Diesel,Automatique,5.0,6.2012,no,diesel,2012.0
Chery,Tiggo,40000.0,70000.0,Autres,Essence,,,6.2020,no,essence,2020.0
Mercedes-Benz,Classe C,68000.0,141000.0,Berline,Essence,Automatique,12.0,6.2013,no,essence,2013.0
Kia,Rio,53000.0,47000.0,Autres,Essence,Manuelle,5.0,6.2020,no,essence,2020.0
Kia,Picanto,40500.0,59000.0,Autres,Essence,Manuelle,4.0,6.2023,no,essence,2023.0
Peugeot,3008,70000.0,88000.0,4 x 4,Diesel,Automatique,,6.2017,no,diesel,2017.0
Kia,Sportage,44500.0,280000.0,4 x 4,Diesel,Manuelle,10.0,6.2010,no,diesel,2010.0
Peugeot,Peugeot.206,19500.0,240000.0,Compacte,Essence,Manuelle,4.0,6.2006,no,essence,2006.0
Volkswagen,Golf 7,58000.0,230.0,Autres,Diesel,Manuelle,5.0,6.2017,no,diesel,2017.0
BMW,Serie 1,30000.0,220.0,Compacte,Essence,Manuelle,7.0,6.2008,no,essence,2008.0
Renault,Capture,36000.0,184000.0,Berline,Essence,Automatique,4.0,6.2014,no,essence,2014.0
Kia,Rio,52000.0,88900.0,Compacte,Essence,Manuelle,5.0,6.2021,no,essence,2021.0
Dacia,Duster,56000.0,160.0,4 x 4,Diesel,Manuelle,5.0,6.2020,no,diesel,2020.0
Mercedes-Benz,Classe C Coupe,120000.0,126000.0,Berline,Essence,Automatique,9.0,6.2018,no,essence,2018.0
Dacia,Dokker,34500.0,182.0,Utilitaire,Diesel,Manuelle,6.0,6.2021,no,diesel,2021.0
Renault,Megane,54500.0,128000.0,Berline,Diesel,Manuelle,6.0,6.2020,no,diesel,2020.0
Audi,A4,55000.0,114000.0,Berline,Essence,Manuelle,7.0,6.2015,no,essence,2015.0
Toyota,Aygo,37500.0,18000.0,Compacte,Essence,Manuelle,4.0,6.2023,no,essence,2023.0
Audi,Q7,75000.0,261000.0,4 x 4,Diesel,Automatique,,6.2010,no,diesel,2010.0
Hyundai,I 10,40000.0,83000.0,Berline,Essence,Manuelle,4.0,6.2021,no,essence,2021.0
Peugeot,Partner,55000.0,70000.0,Utilitaire,Diesel,Manuelle,5.0,6.2021,no,diesel,2021.0
Fiat,Fiat.Doblo,35000.0,82200.0,Autres,Diesel,Manuelle,5.0,6.2018,no,diesel,2018.0
Skoda,Octavia,34000.0,300000.0,Berline,Essence,Automatique,7.0,6.2016,no,essence,2016.0
Skoda,Fabia,39800.0,140.0,Compacte,Essence,Automatique,4.0,6.2018,no,essence,2018.0
Fiat,500,28000.0,105000.0,Compacte,Essence,Automatique,4.0,6.2012,no,essence,2012.0
Peugeot,3008,59000.0,122000.0,Berline,Essence,Automatique,7.0,6.2019,no,essence,2019.0
Mercedes-Benz,Classe A,66000.0,146000.0,Compacte,Diesel,Manuelle,5.0,6.2017,no,diesel,2017.0
Volkswagen,Polo,58000.0,80700.0,Berline,Essence,Manuelle,4.0,6.2022,no,essence,2022.0
Renault,Capture,33000.0,280000.0,Autres,Essence,Manuelle,6.0,6.2014,no,essence,2014.0
Fiat,500,55900.0,40000.0,Berline,Hybride essence,Manuelle,,6.2022,no,hybride,2022.0
Volkswagen,Polo,58000.0,53000.0,Berline,Essence,Manuelle,5.0,6.2022,no,essence,2022.0
Peugeot,3008,35000.0,140.0,Berline,Essence,Automatique,7.0,6.2011,no,essence,2011.0
Skoda,Fabia,36500.0,260000.0,Compacte,Essence,Manuelle,5.0,6.2018,no,essence,2018.0
BMW,X1,56000.0,200000.0,Berline,Essence,Manuelle,,6.2011,no,essence,2011.0
Renault,Megane,47800.0,132000.0,Berline,Essence,Manuelle,7.0,6.2021,no,essence,2021.0
Peugeot,508,36000.0,173000.0,Berline,Essence,Automatique,7.0,6.2015,no,essence,2015.0
MG,GT,83000.0,18000.0,Berline,Essence,Automatique,9.0,6.2023,no,essence,2023.0
MG,e-zs,72000.0,79000.0,Compacte,Essence,Automatique,9.0,6.2022,no,essence,2022.0
Citroen,C1,25000.0,297000.0,Compacte,Essence,Manuelle,118.0,6.2014,no,essence,2014.0
Hyundai,I 10,39000.0,63000.0,Compacte,Essence,Manuelle,4.0,6.2021,no,essence,2021.0
Peugeot,308,49000.0,130000.0,Compacte,Diesel,Manuelle,6.0,6.2019,no,diesel,2019.0
Toyota,Hilux,155000.0,36000.0,Pick up,Diesel,Manuelle,8.0,6.2016,no,diesel,2016.0
Peugeot,208,27500.0,207000.0,Berline,Essence,Manuelle,,6.2019,no,essence,2019.0
Citroen,C3,20800.0,189.0,Compacte,Essence,Manuelle,4.0,6.2007,no,essence,2007.0
Citroen,Berlingo,26000.0,230000.0,Utilitaire,Diesel,Manuelle,6.0,6.2009,no,diesel,2009.0
Nissan,Juke,52000.0,157000.0,Compacte,Essence,Automatique,6.0,6.2016,no,essence,2016.0
Renault,Symbol,23000.0,297000.0,Berline,Essence,Manuelle,5.0,6.2016,no,essence,2016.0
Ford,Kuga,18900.0,140000.0,Autres,Essence,Manuelle,5.0,6.2014,no,essence,2014.0
Kia,Rio,55000.0,87000.0,Autres,Essence,Manuelle,5.0,6.2021,no,essence,2021.0
Nissan,Juke,36500.0,290000.0,4 x 4,Diesel,Manuelle,6.0,6.2012,no,diesel,2012.0
Volkswagen,Polo,44000.0,157000.0,Compacte,Essence,Manuelle,4.0,6.2018,no,essence,2018.0
Toyota,Aygo,33500.0,32000.0,Berline,Essence,Automatique,4.0,6.2023,no,essence,2023.0
Kia,Sorento,53000.0,222000.0,4 x 4,Diesel,Automatique,12.0,6.2013,no,diesel,2013.0
Toyota,Aygo,33500.0,32000.0,Berline,Essence,Automatique,4.0,6.2023,no,essence,2023.0
Nissan,Qashqai,58500.0,194000.0,4 x 4,Diesel,Manuelle,5.0,6.2016,no,diesel,2016.0
Seat,Ibiza,73000.0,2.0,Berline,Diesel,Automatique,6.0,6.2019,no,diesel,2019.0
Hyundai,I 20,26000.0,270.0,Compacte,Essence,Automatique,4.0,6.2015,no,essence,2015.0
BMW,Serie 3,185000.0,63000.0,Berline,Hybride essence,Automatique,10.0,6.2022,no,hybride,2022.0
Volkswagen,Passat CC,50000.0,140000.0,Berline,Essence,Automatique,9.0,6.2013,no,essence,2013.0
Citroen,C3,27000.0,161000.0,Compacte,Essence,Automatique,5.0,6.2012,no,essence,2012.0
Kia,Picanto,31999.0,140000.0,Berline,Essence,Manuelle,4.0,6.2017,no,essence,2017.0
Audi,S2,87000.0,88000.0,Compacte,Essence,Automatique,222.0,6.2019,no,essence,2019.0
Peugeot,Partner,43000.0,94000.0,Berline,Diesel,Manuelle,22.0,6.2021,no,diesel,2021.0
Kia,Rio,55000.0,93000.0,Compacte,Essence,Manuelle,5.0,6.2020,no,essence,2020.0
Citroen,Berlingo,44500.0,109000.0,Berline,Diesel,Manuelle,8888.0,6.2019,no,diesel,2019.0
Kia,Rio,45500.0,141000.0,Berline,Essence,Manuelle,5.0,6.2022,no,essence,2022.0
Toyota,Aygo,33000.0,68400.0,Compacte,Essence,Manuelle,4.0,6.2021,no,essence,2021.0
Kia,Picanto,40500.0,50000.0,Autres,Essence,Manuelle,4.0,6.2023,no,essence,2023.0
Peugeot,208,26500.0,160.0,Autres,Essence,Manuelle,1.2,6.2016,no,essence,2016.0
Toyota,Aygo,33000.0,68400.0,Compacte,Essence,Manuelle,4.0,6.2021,no,essence,2021.0
Haval,H6,62000.0,103000.0,4 x 4,Essence,Automatique,9.0,6.2019,no,essence,2019.0
Renault,Trafic,57000.0,172000.0,Utilitaire,Diesel,Manuelle,7.0,6.2020,no,diesel,2020.0
Peugeot,3008,65000.0,149000.0,Compacte,Essence,Automatique,6.0,6.2019,no,essence,2019.0
Mercedes-Benz,Classe C,63000.0,183000.0,Berline,Essence,Automatique,9.0,6.2013,no,essence,2013.0
Volkswagen,Golf 8,69500.0,137000.0,Compacte,Essence,Manuelle,6.0,6.2021,no,essence,2021.0
Mercedes-Benz,Classe E,75000.0,130000.0,Berline,Diesel,Automatique,14.0,6.2011,no,diesel,2011.0
Citroen,C4,32000.0,135000.0,Compacte,Essence,Manuelle,6.0,6.2017,no,essence,2017.0
Toyota,Hilux,59000.0,296500.0,Pick up,Diesel,Manuelle,10.0,6.2007,no,diesel,2007.0
Volkswagen,Golf 8,95000.0,50000.0,Compacte,Essence,Manuelle,6.0,6.2023,no,essence,2023.0
Volkswagen,Golf 8,95000.0,50000.0,Compacte,Essence,Manuelle,6.0,6.2023,no,essence,2023.0
Peugeot,308,29000.0,230000.0,Berline,Diesel,Manuelle,6.0,6.2011,no,diesel,2011.0
Renault,Symbol,22000.0,293000.0,Compacte,Essence,Manuelle,5.0,6.2015,no,essence,2015.0
Suzuki,Swift,37500.0,188000.0,Compacte,Essence,Manuelle,5.0,6.2021,no,essence,2021.0
Citroen,C3,48000.0,47000.0,Autres,Diesel,Manuelle,5.0,6.2020,no,diesel,2020.0
Fiat,500,28500.0,198000.0,Compacte,Essence,Manuelle,4.0,6.2010,no,essence,2010.0
Audi,A6,72000.0,132000.0,Berline,Essence,Automatique,10.0,6.2012,no,essence,2012.0
BMW,Serie 5,78500.0,220000.0,Berline,Diesel,Automatique,10.0,6.2015,no,diesel,2015.0
Peugeot,Partner,43500.0,150000.0,Autres,Diesel,Manuelle,4.0,6.2021,no,diesel,2021.0
Volkswagen,Polo,36500.0,160000.0,Compacte,Essence,Manuelle,5.0,6.2014,no,essence,2014.0
BMW,Serie 3,52500.0,300.0,Berline,Diesel,Manuelle,6.0,6.2013,no,diesel,2013.0
Ford,Focus C-MAX,31000.0,300000.0,Compacte,Diesel,Manuelle,5.0,6.2014,no,diesel,2014.0
Chery,A3,25000.0,230000.0,Autres,Essence,Manuelle,2017.0,6.2017,no,essence,2017.0
Citroen,C5,29200.0,447.0,Berline,Diesel,Manuelle,8.0,6.2010,no,diesel,2010.0
Citroen,Jumper,39000.0,179230.0,Utilitaire,Diesel,Manuelle,7.0,6.2017,no,diesel,2017.0
Suzuki,Swift,35000.0,190000.0,Compacte,Essence,Manuelle,5.0,6.2021,no,essence,2021.0
Mercedes-Benz,Classe E,75000.0,159000.0,Berline,Diesel,Automatique,10.0,6.2010,no,diesel,2010.0
Renault,Clio,52000.0,95000.0,Berline,Diesel,Manuelle,4.0,6.2020,no,diesel,2020.0
Audi,A3,84000.0,53000.0,Berline,Essence,Automatique,6.0,6.2020,no,essence,2020.0
Peugeot,508,28000.0,229000.0,Berline,Essence,Automatique,7.0,6.2012,no,essence,2012.0
Mitsubishi,Lancer,29000.0,215000.0,Berline,Essence,Automatique,9.0,6.2010,no,essence,2010.0
MG,ZS,80000.0,35000.0,Compacte,Essence,Automatique,9.0,6.2022,no,essence,2022.0
Ford,Ranger,155000.0,183000.0,Pick up,Diesel,Automatique,11.0,6.2018,no,diesel,2018.0
Mercedes-Benz,Classe E,44000.0,195000.0,Berline,Essence,Automatique,10.0,6.2006,no,essence,2006.0
Kia,Rio,52000.0,130000.0,Compacte,Essence,Manuelle,5.0,6.2020,no,essence,2020.0
Ssangyong,Actyon,65000.0,43000.0,4 x 4,Diesel,Automatique,8.0,6.2018,no,diesel,2018.0
Ford,Ranger,144000.0,169000.0,Pick up,Diesel,Automatique,11.0,6.2018,no,diesel,2018.0
Peugeot,3008,98000.0,159000.0,4 x 4,Diesel,Automatique,7.0,6.2022,no,diesel,2022.0
Renault,Megane,27500.0,227000.0,Compacte,Essence,Manuelle,7.0,6.2010,no,essence,2010.0
Hyundai,I 10,27000.0,233.0,Autres,Essence,Manuelle,5.0,6.2015,no,essence,2015.0
Honda,City,61000.0,55000.0,Berline,Essence,Automatique,7.0,6.2021,no,essence,2021.0
Kia,Sportage,89000.0,75000.0,Compacte,Essence,Automatique,6.0,6.2023,no,essence,2023.0
BMW,Serie 4,106998.0,132000.0,Berline,Essence,Automatique,7.0,6.2020,no,essence,2020.0
Audi,Q5,117000.0,32000.0,Autres,Diesel,Manuelle,8.0,6.2014,no,diesel,2014.0
Hyundai,I 10,28900.0,17000.0,Compacte,Essence,Manuelle,5.0,6.2020,no,essence,2020.0
Mercedes-Benz,Classe A,26500.0,165.0,Autres,Diesel,Automatique,109.0,6.2007,no,diesel,2007.0
Suzuki,Swift,40500.0,119000.0,Compacte,Essence,Manuelle,5.0,6.2021,no,essence,2021.0
Jeep,Compass,48000.0,296000.0,4 x 4,Essence,Automatique,8.0,6.2016,no,essence,2016.0
Citroen,Jumpy,220000.0,900.0,Autres,Hybride essence,Automatique,2008.0,6.2025,no,hybride,2025.0
Kia,Rio,38500.0,175000.0,Autres,Essence,Manuelle,5.0,6.2020,no,essence,2020.0
Citroen,C3,33000.0,72000.0,Berline,Essence,Manuelle,4.0,6.2020,no,essence,2020.0
Peugeot,2008,60000.0,200.0,Autres,Essence,Manuelle,6.0,6.2021,no,essence,2021.0
Ssangyong,Tivoli,44000.0,175000.0,Compacte,Essence,Automatique,8.0,6.2017,no,essence,2017.0
Chery,A5,26000.0,270000.0,Autres,Essence,Manuelle,7.0,6.2019,no,essence,2019.0
Mahindra,Hover,39000.0,239000.0,4 x 4,Diesel,Manuelle,9.0,6.2018,no,diesel,2018.0
Hyundai,Santa Fe,80000.0,141000.0,4 x 4,Diesel,Automatique,12.0,6.2015,no,diesel,2015.0
BMW,Serie 1,70000.0,144000.0,Compacte,Essence,Automatique,7.0,6.2017,no,essence,2017.0
Opel,Astra,31998.0,173000.0,Berline,Essence,Automatique,8.0,6.2015,no,essence,2015.0
Hyundai,I 10,42000.0,31000.0,Compacte,Essence,Manuelle,4.0,6.2023,no,essence,2023.0
Kia,Rio,54000.0,120000.0,Compacte,Essence,Manuelle,5.0,6.2021,no,essence,2021.0
BMW,Serie 1,56000.0,150000.0,Compacte,Essence,Automatique,7.0,6.2017,no,essence,2017.0
Kia,Rio,52000.0,93000.0,Compacte,Essence,Manuelle,5.0,6.2022,no,essence,2022.0
Kia,Picanto,38500.0,99.0,Compacte,Essence,Manuelle,5.0,6.2023,no,essence,2023.0
Suzuki,Celerio,39500.0,21000.0,Autres,Essence,Manuelle,4.0,6.2023,no,essence,2023.0
Seat,AlHambra,79500.0,49000.0,Autres,Essence,Manuelle,9.0,6.2017,no,essence,2017.0
Haval,H6,89000.0,70000.0,4 x 4,Essence,Automatique,8.0,6.2022,no,essence,2022.0
Mazda,CX-5,47999.0,186000.0,4 x 4,Essence,Manuelle,9.0,6.2012,no,essence,2012.0
Hyundai,I 20,49500.0,147.0,Compacte,Essence,Manuelle,5.0,6.2022,no,essence,2022.0
Ssangyong,Tivoli,61000.0,60000.0,Autres,Essence,Manuelle,6.0,6.2021,no,essence,2021.0
Mercedes-Benz,Classe C,120000.0,120000.0,Berline,Essence,Automatique,18.0,6.2016,no,essence,2016.0
Volkswagen,Passat,32500.0,190.0,Berline,Essence,Manuelle,7.0,6.2010,no,essence,2010.0
Seat,Ibiza,43500.0,128.0,Compacte,Essence,Manuelle,4.0,6.2018,no,essence,2018.0
Renault,Kangoo,41500.0,80000.0,Monospace,Diesel,Automatique,5.0,6.2011,no,diesel,2011.0
Fiat,500X,55000.0,145000.0,Autres,Essence,Automatique,7.0,6.2018,no,essence,2018.0
Seat,Toledo,35000.0,131000.0,Berline,Essence,,7.0,6.2013,no,essence,2013.0
Mercedes-Benz,Classe C,65000.0,240000.0,Berline,Diesel,Automatique,9.0,6.2011,no,diesel,2011.0
Audi,Q3,67000.0,170000.0,Compacte,Essence,Automatique,6.0,6.2017,no,essence,2017.0
BMW,Serie 5,74000.0,22.0,Berline,Essence,Automatique,10.0,6.2013,no,essence,2013.0
Fiat,Tipo,42800.0,90000.0,Berline,Essence,Manuelle,6.0,6.2021,no,essence,2021.0
Citroen,Berlingo,64960.0,145000.0,Utilitaire,Diesel,Manuelle,5.0,6.2021,no,diesel,2021.0
Renault,Clio,40000.0,134300.0,Compacte,Essence,Manuelle,5.0,6.2020,no,essence,2020.0
Suzuki,Vitara,50000.0,142.0,4 x 4,Essence,Automatique,6.0,6.2017,no,essence,2017.0
Porsche,Porsche.Cayenne,129000.0,236000.0,4 x 4,Essence,Automatique,21.0,6.2013,no,essence,2013.0
Seat,Leon ST,81000.0,83000.0,Compacte,Essence,Automatique,8.0,6.2021,no,essence,2021.0
Mitsubishi,L200,20000.0,0.0,Utilitaire,Diesel,Manuelle,10.0,6.2010,no,diesel,2010.0
Mitsubishi,L200,15000.0,123456.0,Pick up,Diesel,Manuelle,10.0,6.2009,no,diesel,2009.0
Mercedes-Benz,Classe CLS,57000.0,169.0,Berline,Diesel,Automatique,14.0,6.2008,no,diesel,2008.0
Seat,Arosa,70000.0,62000.0,Compacte,Essence,Automatique,6.0,6.2020,no,essence,2020.0
Citroen,C3,24500.0,165999.0,Autres,Essence,Manuelle,4.0,6.2014,no,essence,2014.0
Chery,Tiggo,37000.0,200000.0,4 x 4,Essence,Manuelle,9.0,6.2019,no,essence,2019.0
Fiat,Fiorino,30000.0,136.0,Autres,Diesel,Manuelle,5.0,6.2021,no,diesel,2021.0
Kia,Rio,57000.0,58000.0,Autres,Essence,Manuelle,5.0,6.2022,no,essence,2022.0
Fiat,Tipo,37000.0,129000.0,Berline,Essence,Manuelle,6.0,6.2020,no,essence,2020.0
Peugeot,2008,45000.0,84000.0,Autres,Essence,Manuelle,5.0,6.2017,no,essence,2017.0
Toyota,Corolla,66000.0,88.0,Berline,Essence,Automatique,6.0,6.2020,no,essence,2020.0
Volkswagen,Passat,82000.0,100000.0,Berline,Essence,Manuelle,7.0,6.2019,no,essence,2019.0
Peugeot,3008,70000.0,50000.0,4 x 4,Essence,Automatique,7.0,6.2021,no,essence,2021.0
Peugeot,206+,25000.0,161000.0,Compacte,Essence,Manuelle,4.0,6.2012,no,essence,2012.0
Volkswagen,Tiguan,102000.0,169000.0,4 x 4,Diesel,Automatique,8.0,6.2017,no,diesel,2017.0
Citroen,C1,24000.0,170000.0,Compacte,Essence,Manuelle,4.0,6.2013,no,essence,2013.0
Ford,Ka,24000.0,160000.0,Autres,Essence,Manuelle,4.0,6.2018,no,essence,2018.0
Kia,Sportage,88000.0,145000.0,Berline,Essence,Automatique,8.0,6.2019,no,essence,2019.0
Seat,Ibiza,77999.0,20000.0,Berline,Essence,Manuelle,6.0,6.2023,no,essence,2023.0
Hyundai,Tucson,87000.0,136000.0,Berline,Diesel,Automatique,120.0,6.2021,no,diesel,2021.0
Volkswagen,Tiguan,37500.0,220000.0,Berline,Essence,Automatique,13.0,6.2009,no,essence,2009.0
Volkswagen,Amarok,123654.0,285.0,Compacte,Diesel,Manuelle,8.0,6.2011,no,diesel,2011.0
Mercedes-Benz,Classe E,120000.0,157000.0,Berline,Essence,Automatique,11.0,6.2018,no,essence,2018.0
Toyota,Yaris,46000.0,186000.0,Berline,Essence,Manuelle,6.0,6.2019,no,essence,2019.0
Volkswagen,Polo,39000.0,214000.0,Compacte,Essence,Manuelle,4.0,6.2019,no,essence,2019.0
BMW,Serie 3,78000.0,135000.0,Berline,Essence,Automatique,7.0,6.2018,no,essence,2018.0
Citroen,DS,72000.0,145000.0,Berline,Essence,Automatique,10.0,6.2020,no,essence,2020.0
Citroen,C3,20000.0,140000.0,Autres,Essence,Manuelle,5.0,6.2008,no,essence,2008.0
Renault,Megane,46000.0,98000.0,Berline,Essence,Manuelle,7.0,6.2020,no,essence,2020.0
Renault,Clio,50000.0,71000.0,Berline,Essence,Manuelle,4.0,6.2021,no,essence,2021.0
MG,ehs,119900.0,15000.0,4 x 4,Electrique,Automatique,5.0,6.2024,no,electrique,2024.0
Hyundai,Ix 35,55000.0,175380.0,4 x 4,Diesel,Automatique,11.0,6.2013,no,diesel,2013.0
Opel,Astra,19500.0,285000.0,Compacte,Essence,Automatique,5.0,6.2010,no,essence,2010.0
Hyundai,Ix 35,55000.0,175380.0,4 x 4,Diesel,Automatique,11.0,6.2013,no,diesel,2013.0
Kia,Picanto,39000.0,78000.0,Berline,Essence,Manuelle,5.0,6.2020,no,essence,2020.0
Toyota,Aygo,39800.0,59000.0,Compacte,Essence,Automatique,5.0,6.2023,no,essence,2023.0
Renault,Kadjar,55200.0,100.0,Autres,Essence,Automatique,7.0,6.2018,no,essence,2018.0
Citroen,Berlingo,37800.0,200000.0,Utilitaire,Diesel,Manuelle,5.0,6.2021,no,diesel,2021.0
Isuzu,D-MAX,112000.0,500.0,Autres,Diesel,Manuelle,136.0,6.2025,no,diesel,2025.0
Citroen,C4,42000.0,98000.0,Compacte,Essence,Manuelle,5.0,6.2019,no,essence,2019.0
Citroen,C3,28000.0,132500.0,Autres,Essence,Manuelle,5.0,6.2015,no,essence,2015.0
Fiat,Panda,33500.0,119000.0,Pick up,Essence,Manuelle,4.0,6.2018,no,essence,2018.0
Ford,Fiesta,19500.0,300000.0,Compacte,Essence,Manuelle,5.0,6.2007,no,essence,2007.0
Hyundai,Grand i10,39500.0,58000.0,Autres,Essence,Manuelle,5.0,6.2022,no,essence,2022.0
Peugeot,208,25900.0,108000.0,Berline,Essence,Manuelle,5.0,6.2013,no,essence,2013.0
Volkswagen,Polo,34000.0,232700.0,Berline,Essence,Manuelle,5.0,6.2013,no,essence,2013.0
Mercedes-Benz,Classe C,142000.0,30000.0,Berline,Essence,Automatique,8.0,6.2019,no,essence,2019.0
Kia,Picanto,32000.0,149000.0,Compacte,Essence,Manuelle,4.0,6.2016,no,essence,2016.0
Haval,jolion,77500.0,70000.0,4 x 4,Essence,Automatique,9.0,6.2022,no,essence,2022.0
Hyundai,I 20,45000.0,115000.0,Compacte,Essence,Manuelle,5.0,6.2019,no,essence,2019.0
Hyundai,I 20,48500.0,104000.0,Berline,Essence,Manuelle,5.0,6.2020,no,essence,2020.0
Land Rover,Range Rover Sport,280000.0,50000.0,4 x 4,Diesel,Automatique,16.0,6.2020,no,diesel,2020.0
Renault,Clio,43799.0,120000.0,Autres,Essence,Manuelle,4.0,6.2022,no,essence,2022.0
Kia,Rio,35500.0,196000.0,Berline,Essence,Manuelle,5.0,6.2016,no,essence,2016.0
Mazda,MX3,56000.0,73000.0,Autres,Essence,Manuelle,6.0,6.2017,no,essence,2017.0
Jeep,Compass,65000.0,101000.0,Pick up,Essence,Manuelle,6.0,6.2017,no,essence,2017.0
Hyundai,Tucson,90000.0,81000.0,4 x 4,Diesel,Manuelle,6.0,6.2020,no,diesel,2020.0
Fiat,500,32700.0,117000.0,Compacte,Essence,Manuelle,4.0,6.2015,no,essence,2015.0
Isuzu,D-MAX,165000.0,129.0,4 x 4,Diesel,Automatique,10.0,6.2019,no,diesel,2019.0
Hyundai,I 20,37000.0,150.0,Compacte,Essence,Manuelle,5.0,6.2019,no,essence,2019.0
Kia,Picanto,41500.0,102766.0,Compacte,Essence,Automatique,5.0,6.2018,no,essence,2018.0
Ssangyong,Korando,43000.0,155500.0,4 x 4,Diesel,Manuelle,10.0,6.2015,no,diesel,2015.0
Chevrolet,Aveo,45000.0,40.0,Berline,Essence,Manuelle,5.0,6.2021,no,essence,2021.0
Volkswagen,Polo,36500.0,160000.0,Compacte,Essence,Manuelle,5.0,6.2014,no,essence,2014.0
Mercedes-Benz,Classe C,195000.0,38000.0,Berline,Hybride,Automatique,10.0,6.2022,no,hybride,2022.0
Fiat,Grande Punto,22500.0,220000.0,Compacte,Essence,Manuelle,4.0,6.2013,no,essence,2013.0
Fiat,Panda,93000.0,93.0,Autres,Essence,Manuelle,4.0,6.2020,no,essence,2020.0
Fiat,Panda,38800.0,150.0,Autres,Essence,Manuelle,4.0,6.2020,no,essence,2020.0
Ford,ECOSPORT,43000.0,230000.0,Autres,Diesel,Automatique,7.0,6.2018,no,diesel,2018.0
Citroen,Nemo,26000.0,209000.0,Utilitaire,Diesel,Manuelle,5.0,6.2017,no,diesel,2017.0
Geely,GK-GS,80000.0,17.0,Autres,Essence,Automatique,10.0,6.2024,no,essence,2024.0
Ford,Ka,24000.0,159000.0,Utilitaire,Essence,Manuelle,4.0,6.2015,no,essence,2015.0
Volkswagen,Polo,46000.0,48000.0,Compacte,Essence,Manuelle,4.0,6.2021,no,essence,2021.0
Ford,Focus,43500.0,0.0,Berline,Essence,Automatique,6.0,6.2016,no,essence,2016.0
Citroen,C4 Cactus,45500.0,240.0,Compacte,Diesel,Manuelle,5.0,6.2017,no,diesel,2017.0
Dacia,Sandero,32000.0,250000.0,Compacte,Essence,Manuelle,4.0,6.2017,no,essence,2017.0
Ford,Focus,46000.0,157000.0,Compacte,Essence,Automatique,7.0,6.2018,no,essence,2018.0
Ford,Fiesta,25000.0,240000.0,Compacte,Essence,Manuelle,5.0,6.2011,no,essence,2011.0
Citroen,C35,33000.0,81000.0,Compacte,Essence,Manuelle,4.0,6.2019,no,essence,2019.0
Peugeot,207,26500.0,163000.0,Compacte,Essence,Manuelle,6.0,6.2010,no,essence,2010.0
Nissan,X-Trail,65000.0,180.0,Berline,Diesel,Manuelle,7.0,6.2017,no,diesel,2017.0
Kia,Rio,42000.0,160000.0,Berline,Essence,Manuelle,5.0,6.2021,no,essence,2021.0
Suzuki,Baleno,50000.0,83300.0,Compacte,Essence,Automatique,5.0,6.2019,no,essence,2019.0
Volkswagen,Passat CC,38000.0,233000.0,Berline,Essence,Automatique,9.0,6.2009,no,essence,2009.0
Hyundai,I 10,28900.0,140000.0,Autres,Essence,Manuelle,5.0,6.2021,no,essence,2021.0
Hyundai,Tucson,100000.0,41000.0,Utilitaire,Essence,Automatique,11.0,6.2018,no,essence,2018.0
Renault,Clio,23000.0,267800.0,Compacte,Essence,Manuelle,5.0,6.2007,no,essence,2007.0
Geely,GK-GL,123456.0,24000.0,Compacte,Essence,Automatique,6.0,6.2024,no,essence,2024.0
Mercedes-Benz,Classe GLC,220000.0,95000.0,4 x 4,Diesel,Automatique,12.0,6.2020,no,diesel,2020.0
Fiat,Fiorino,34500.0,65000.0,Utilitaire,Diesel,Manuelle,5.0,6.2021,no,diesel,2021.0
Ford,Fiesta,24000.0,260.0,Berline,Essence,Manuelle,5.0,6.2012,no,essence,2012.0
Ford,Puma,76000.0,90000.0,Berline,Hybride essence,Manuelle,,6.2021,no,hybride,2021.0
Citroen,C4,28900.0,265000.0,Berline,Diesel,Manuelle,6.0,6.2009,no,diesel,2009.0
Volkswagen,Golf 7,69000.0,62000.0,Compacte,Essence,Manuelle,6.0,6.2020,no,essence,2020.0
BMW,X3,50000.0,292000.0,4 x 4,Diesel,Automatique,11.0,6.2007,no,diesel,2007.0
Toyota,RAV 4,125000.0,83000.0,Berline,Hybride essence,Automatique,9.0,6.2022,no,hybride,2022.0
Suzuki,Swift,33500.0,17000.0,Autres,Essence,Manuelle,4.0,6.2019,no,essence,2019.0
Renault,Clio,45000.0,80.0,Compacte,Essence,Automatique,4.0,6.2020,no,essence,2020.0
Mercedes-Benz,Classe GLA,105000.0,190000.0,Compacte,Essence,Automatique,8.0,6.2018,no,essence,2018.0
Hyundai,Tucson,113000.0,92000.0,Berline,Diesel,Automatique,7.0,6.2022,no,diesel,2022.0
Volkswagen,Tiguan,105000.0,107000.0,Autres,Essence,Automatique,7.0,6.2021,no,essence,2021.0
Porsche,Cayenne,112000.0,200000.0,Berline,Essence,Automatique,30.0,6.2012,no,essence,2012.0
Kia,Picanto,40000.0,98.0,Autres,Essence,Manuelle,4.0,6.2022,no,essence,2022.0
Kia,Picanto,41000.0,59000.0,Compacte,Essence,Manuelle,56.0,6.2022,no,essence,2022.0
Volkswagen,Polo,24800.0,240000.0,Berline,Essence,Manuelle,5.0,6.2007,no,essence,2007.0
Renault,Fluence,26000.0,300000.0,Berline,Diesel,Manuelle,6.0,6.2011,no,diesel,2011.0
Citroen,C3,23500.0,226.0,Compacte,Essence,Manuelle,5.0,6.2011,no,essence,2011.0
Mazda,3,42000.0,88000.0,Berline,Essence,Automatique,6.0,6.2016,no,essence,2016.0
Hyundai,I 20,49000.0,100500.0,Berline,Essence,Manuelle,5.0,6.2021,no,essence,2021.0
Citroen,Nemo,24500.0,191000.0,Utilitaire,Diesel,Manuelle,5.0,6.2018,no,diesel,2018.0
Chevrolet,Optra,18000.0,0.0,Autres,Essence,Manuelle,7.0,6.2008,no,essence,2008.0
Ford,Ka,26000.0,182000.0,Compacte,Essence,Manuelle,4.0,6.2015,no,essence,2015.0
BMW,Serie 3,52000.0,200000.0,Berline,Essence,Automatique,7.0,6.2014,no,essence,2014.0
Kia,Picanto,32000.0,61000.0,Compacte,Essence,Manuelle,5.0,6.2017,no,essence,2017.0
Kia,Rio,40000.0,74000.0,Berline,Essence,Manuelle,5.0,6.2017,no,essence,2017.0
Citroen,C3,36000.0,94000.0,Berline,Essence,Manuelle,5.0,6.2018,no,essence,2018.0
Mercedes-Benz,Classe GLA,161000.0,79000.0,Berline,Hybride essence,Automatique,8.0,6.2021,no,hybride,2021.0
Mazda,2,28500.0,119000.0,Berline,Essence,Manuelle,5.0,6.2015,no,essence,2015.0
Mercedes-Benz,Classe GLC,165000.0,151000.0,4 x 4,Diesel,Automatique,11.0,6.2018,no,diesel,2018.0
Geely,GK-GL,54000.0,53000.0,Compacte,Essence,Automatique,6.0,6.2021,no,essence,2021.0
Volkswagen,Golf 5,31500.0,21200.0,Berline,Essence,Manuelle,5.0,6.2006,no,essence,2006.0
Ford,Focus,35000.0,291000.0,Berline,Essence,Automatique,7.0,6.2013,no,essence,2013.0
Fiat,Punto,24500.0,245000.0,Berline,Essence,Manuelle,5.0,6.2010,no,essence,2010.0
Citroen,C35,28000.0,159317.0,Berline,Essence,Manuelle,5.0,6.2015,no,essence,2015.0
Kia,Rio,45000.0,100000.0,Compacte,Essence,Manuelle,5.0,6.2022,no,essence,2022.0
Kia,Sportage,78000.0,100000.0,4 x 4,Essence,Automatique,8.0,6.2022,no,essence,2022.0
Peugeot,301,38500.0,200000.0,Berline,Diesel,Manuelle,5.0,6.2024,no,diesel,2024.0
Ford,F150,21000.0,2000.0,4 x 4,Essence,Manuelle,12.0,6.2014,no,essence,2014.0
Renault,Megane,18500.0,300.0,Berline,Essence,Manuelle,6.0,6.2006,no,essence,2006.0
Isuzu,D-MAX,102000.0,1500.0,Pick up,Diesel,Manuelle,7.0,6.2025,no,diesel,2025.0
Renault,Symbol,26900.0,206.0,Berline,Essence,Manuelle,5.0,6.2015,no,essence,2015.0
Renault,Clio,26500.0,230.0,Autres,Essence,Manuelle,4.0,6.2010,no,essence,2010.0
Volkswagen,Polo,33800.0,146500.0,Compacte,Essence,Manuelle,4.0,6.2015,no,essence,2015.0
Peugeot,508,35000.0,254000.0,Berline,Essence,Automatique,7.0,6.2011,no,essence,2011.0
Volkswagen,Polo,60000.0,95000.0,Compacte,Essence,Manuelle,4.0,6.2020,no,essence,2020.0
Volkswagen,Golf,138000.0,23000.0,Berline,Hybride essence,Automatique,8.0,6.2023,no,hybride,2023.0
Peugeot,Partner,40000.0,156.0,Utilitaire,Diesel,Manuelle,5.0,6.2016,no,diesel,2016.0
Chery,QQ,18000.0,76000.0,Compacte,Essence,Manuelle,4.0,6.2018,no,essence,2018.0
Chery,Tiggo,29000.0,210000.0,Autres,Essence,Manuelle,6.0,6.2020,no,essence,2020.0
Seat,Tarraco,89900.0,172500.0,Monospace,Essence,Automatique,9.0,6.2020,no,essence,2020.0
Kia,Picanto,33000.0,99200.0,Compacte,Essence,Manuelle,4.0,6.2014,no,essence,2014.0
Toyota,Avensis,26000.0,240000.0,Monospace,Essence,Manuelle,6.0,6.2013,no,essence,2013.0
Seat,Arosa,68000.0,53000.0,Compacte,Essence,Manuelle,5.0,6.2021,no,essence,2021.0
Hyundai,I 20,26600.0,270.0,Compacte,Essence,Automatique,4.0,6.2015,no,essence,2015.0
BMW,Serie 4,90000.0,230.0,Berline,Essence,Automatique,10.0,6.2015,no,essence,2015.0
Ford,Focus,32500.0,215.0,Berline,Essence,Manuelle,4.0,6.2012,no,essence,2012.0
Peugeot,208,37500.0,21000.0,Compacte,Essence,Manuelle,4.0,6.2020,no,essence,2020.0
Land Rover,Range Rover Evoque,80000.0,215000.0,4 x 4,Diesel,Automatique,9.0,6.2012,no,diesel,2012.0
Nissan,King Cab,45000.0,230000.0,Pick up,Diesel,Manuelle,8.0,6.2009,no,diesel,2009.0
Toyota,Hilux,130000.0,90000.0,Pick up,Diesel,Manuelle,8.0,6.2019,no,diesel,2019.0
Dacia,Logan,12500.0,250.0,Autres,Diesel,Manuelle,4.0,6.2011,no,diesel,2011.0
Peugeot,208,35800.0,192000.0,Compacte,Diesel,Manuelle,4.0,6.2016,no,diesel,2016.0
Mazda,3,42000.0,112000.0,Berline,Essence,Manuelle,6.0,6.2016,no,essence,2016.0
MG,5,38000.0,110000.0,Berline,Essence,Manuelle,5.0,6.2022,no,essence,2022.0
Toyota,RAV 4,38000.0,225000.0,Compacte,Diesel,Manuelle,8.0,6.2010,no,diesel,2010.0
Citroen,Grand C4 Picasso,43000.0,145000.0,Monospace,Diesel,Automatique,7.0,6.2013,no,diesel,2013.0
Renault,Clio,32000.0,200000.0,Berline,Essence,Manuelle,5.0,6.2014,no,essence,2014.0
Citroen,C4 Cactus,26500.0,200000.0,Compacte,Essence,Manuelle,6.0,6.2012,no,essence,2012.0
Citroen,C3,20600.0,186000.0,Compacte,Essence,Manuelle,4.0,6.2006,no,essence,2006.0
Audi,A5,123456.0,170000.0,Berline,Essence,Automatique,10.0,6.2018,no,essence,2018.0
Dacia,Duster,70000.0,68000.0,4 x 4,Diesel,Manuelle,6.0,6.2020,no,diesel,2020.0
BMW,Serie 1,45000.0,155000.0,Compacte,Essence,Manuelle,7.0,6.2012,no,essence,2012.0
MG,GT,76000.0,50000.0,Autres,Essence,Manuelle,7.0,6.2023,no,essence,2023.0
BMW,X3,169000.0,50.0,4 x 4,Electrique,Automatique,5.0,6.2023,no,electrique,2023.0
BMW,X4,239000.0,32.0,4 x 4,Electrique,Automatique,7.0,6.2023,no,electrique,2023.0
Toyota,Corolla verso,85000.0,40000.0,Berline,Essence,Automatique,6.0,6.2022,no,essence,2022.0
Skoda,Fabia,44000.0,126000.0,Compacte,Essence,Manuelle,4.0,6.2021,no,essence,2021.0
BMW,X1,77000.0,125000.0,4 x 4,Essence,Automatique,7.0,6.2017,no,essence,2017.0
Volkswagen,Golf,34000.0,278000.0,Compacte,Diesel,Manuelle,5.0,6.2010,no,diesel,2010.0
Peugeot,3008,95000.0,34000.0,Berline,Essence,Manuelle,7.0,6.2022,no,essence,2022.0
Autres,Autres,35000.0,130000.0,Pick up,Diesel,Manuelle,7.0,6.2018,no,diesel,2018.0
Autres,Autres,135000.0,60000.0,4 x 4,Essence,Automatique,11.0,6.2023,no,essence,2023.0
Autres,Autres,45000.0,30000.0,Berline,Essence,Manuelle,,6.2023,no,essence,2023.0
Haval,jolion,81000.0,29000.0,Autres,Essence,Automatique,9.0,6.2022,no,essence,2022.0
Volkswagen,Jetta,39500.0,300.0,Berline,Diesel,Manuelle,5.0,6.2012,no,diesel,2012.0
Ford,Fiesta,28000.0,148.0,Compacte,Essence,Automatique,5.0,6.2010,no,essence,2010.0
Kia,Rio,52000.0,144000.0,Compacte,Essence,Manuelle,5.0,6.2021,no,essence,2021.0
Ssangyong,Tivoli,49500.0,140000.0,Berline,Essence,Automatique,7.0,6.2016,no,essence,2016.0
Dacia,Sandero,32500.0,97.0,Compacte,Essence,Manuelle,5.0,6.2015,no,essence,2015.0
Audi,A3,65000.0,86000.0,Compacte,Essence,Manuelle,,6.2016,no,essence,2016.0
Fiat,Panda,23000.0,186000.0,Compacte,Essence,Manuelle,4.0,6.2009,no,essence,2009.0
Chevrolet,Aveo,22000.0,159000.0,Compacte,Essence,Manuelle,5.0,6.2008,no,essence,2008.0
Renault,Symbol,24000.0,247000.0,Berline,Essence,Manuelle,5.0,6.2013,no,essence,2013.0
Renault,Fluence,26500.0,333.0,Berline,Diesel,Manuelle,6.0,6.2011,no,diesel,2011.0
Volkswagen,T-ROC,96500.0,5000.0,4 x 4,Essence,Manuelle,6.0,6.2021,no,essence,2021.0
Renault,Clio,27000.0,260000.0,Compacte,Diesel,Manuelle,4.0,6.2012,no,diesel,2012.0
Toyota,Hi Ace,18000.0,300000.0,Autres,Diesel,Manuelle,10.0,6.2009,no,diesel,2009.0
Citroen,C35,43000.0,126000.0,Berline,Diesel,Manuelle,5.0,6.2021,no,diesel,2021.0
Dacia,Dokker,31000.0,220000.0,Utilitaire,Diesel,Manuelle,,6.2019,no,diesel,2019.0
Nissan,X-Trail,65000.0,117253.0,Berline,Diesel,Manuelle,7.0,6.2017,no,diesel,2017.0
Peugeot,508,39500.0,172000.0,Berline,Essence,Automatique,7.0,6.2015,no,essence,2015.0
Citroen,C4,34998.0,200000.0,Autres,Essence,Manuelle,5.0,6.2017,no,essence,2017.0
Suzuki,Swift,35000.0,130000.0,Berline,Essence,Manuelle,5.0,6.2020,no,essence,2020.0
Ford,Ranger,165000.0,108000.0,Pick up,Diesel,Automatique,7.0,6.2021,no,diesel,2021.0
Chevrolet,Aveo,23000.0,141000.0,Berline,Essence,Manuelle,5.0,6.2013,no,essence,2013.0
Volkswagen,Golf 8,75000.0,15500.0,Compacte,Essence,Manuelle,6.0,6.2021,no,essence,2021.0
BMW,Serie 4,95000.0,129999.0,Berline,Essence,Automatique,10.0,6.2015,no,essence,2015.0
Peugeot,208,42000.0,120000.0,Berline,Essence,Manuelle,4.0,6.2022,no,essence,2022.0
Ford,Fiesta,28500.0,188.0,Compacte,Essence,Manuelle,5.0,6.2012,no,essence,2012.0
Nissan,Qashqai,77000.0,89000.0,Autres,Essence,Manuelle,6.0,6.2018,no,essence,2018.0
Skoda,Fabia,36500.0,260000.0,Compacte,Essence,Manuelle,5.0,6.2018,no,essence,2018.0
Mercedes-Benz,Classe C,64999.0,251570.0,Berline,Essence,Automatique,8.0,6.2014,no,essence,2014.0
Seat,Altea,97000.0,102000.0,4 x 4,Essence,Automatique,8.0,6.2021,no,essence,2021.0
Kia,Sportage,119000.0,86000.0,Autres,Essence,Automatique,10.0,6.2022,no,essence,2022.0
Land Rover,Range Rover Evoque,178000.0,53000.0,4 x 4,Hybride essence,Automatique,11.0,6.2021,no,hybride,2021.0
Honda,City,57000.0,55000.0,Berline,Essence,Automatique,120.0,6.2020,no,essence,2020.0
Audi,Q5,70000.0,110853.0,4 x 4,Diesel,Manuelle,8.0,6.2013,no,diesel,2013.0
Peugeot,Partner,60000.0,128620.0,Autres,Diesel,Manuelle,5.0,6.2020,no,diesel,2020.0
Mercedes-Benz,Classe C,158000.0,82000.0,Berline,Essence,Automatique,9.0,6.2020,no,essence,2020.0
BMW,Serie 3 GT,144000.0,85000.0,Berline,Diesel,Automatique,7.0,6.2020,no,diesel,2020.0
Suzuki,Celerio,38900.0,29000.0,Compacte,Essence,Manuelle,4.0,6.2023,no,essence,2023.0
Mercedes-Benz,Classe A,47000.0,210.0,Utilitaire,Essence,Manuelle,6.0,6.2015,no,essence,2015.0
Kia,Picanto,38000.0,73000.0,Autres,Essence,Manuelle,5.0,6.2021,no,essence,2021.0
Haval,H6,61000.0,211780.0,4 x 4,Essence,Automatique,9.0,6.2019,no,essence,2019.0
Mercedes-Benz,Classe C,148000.0,71000.0,Berline,Diesel,Automatique,9.0,6.2019,no,diesel,2019.0
Opel,Corsa,27000.0,200000.0,Compacte,Essence,Manuelle,5.0,6.2014,no,essence,2014.0
Volkswagen,Polo,32000.0,200000.0,Compacte,Essence,Manuelle,5.0,6.2013,no,essence,2013.0
Audi,Q3,96000.0,123000.0,Autres,Essence,Manuelle,6.0,6.2022,no,essence,2022.0
Nissan,Micra,28500.0,143000.0,Compacte,Essence,Manuelle,5.0,6.2017,no,essence,2017.0
Citroen,C4 Cactus,38000.0,140000.0,Compacte,Essence,Manuelle,5.0,6.2016,no,essence,2016.0
BMW,Serie 5,195000.0,54000.0,Berline,Hybride essence,Automatique,10.0,6.2021,no,hybride,2021.0
Kia,Rio,49500.0,70000.0,Berline,Essence,Automatique,6.0,6.2017,no,essence,2017.0
Peugeot,301,21500.0,253000.0,Autres,Essence,Manuelle,5.0,6.2014,no,essence,2014.0
Dacia,Logan MCV,47000.0,222000.0,Berline,Essence,Automatique,5.0,6.2017,no,essence,2017.0
Ford,Focus,34000.0,172.0,Autres,Essence,Manuelle,6.0,6.2017,no,essence,2017.0
Peugeot,301,21500.0,253000.0,Autres,Essence,Manuelle,5.0,6.2014,no,essence,2014.0
Peugeot,Expert,65000.0,58000.0,Berline,Diesel,Manuelle,5.0,6.2020,no,diesel,2020.0
Nissan,Qashqai,37000.0,226000.0,4 x 4,Diesel,Manuelle,6.0,6.2011,no,diesel,2011.0
Opel,Corsa,27000.0,200000.0,Compacte,Essence,Automatique,5.0,6.2014,no,essence,2014.0
Honda,Brio Amaze,31000.0,83000.0,Berline,Essence,Manuelle,5.0,6.2017,no,essence,2017.0
Opel,Astra,33000.0,158000.0,Compacte,Essence,Automatique,8.0,6.2015,no,essence,2015.0
Citroen,Berlingo,45000.0,210000.0,Utilitaire,Diesel,Manuelle,5.0,6.2020,no,diesel,2020.0
Fiat,Doblo,19500.0,238000.0,Autres,Diesel,Manuelle,5.0,6.2014,no,diesel,2014.0
Opel,Corsa,27000.0,200000.0,Compacte,Essence,Automatique,5.0,6.2014,no,essence,2014.0
Citroen,Berlingo,45000.0,210000.0,Utilitaire,Diesel,Manuelle,5.0,6.2020,no,diesel,2020.0
MG,ZS,75000.0,60000.0,4 x 4,Essence,Automatique,9.0,6.2022,no,essence,2022.0
Fiat,Doblo,21000.0,230.0,Autres,Diesel,Manuelle,5.0,6.2017,no,diesel,2017.0
Haval,H6,45000.0,140000.0,Autres,Essence,Automatique,8.0,6.2022,no,essence,2022.0
Hyundai,I 10,34500.0,165.0,Compacte,Essence,Automatique,4.0,6.2017,no,essence,2017.0
Mahindra,Scorpion,19000.0,256.0,Autres,Diesel,Manuelle,2.5,6.2015,no,diesel,2015.0
Peugeot,3008,76000.0,72000.0,Monospace,Diesel,Automatique,7.0,6.2020,no,diesel,2020.0
Mercedes-Benz,Classe A,115000.0,86000.0,Compacte,Diesel,Automatique,5.0,6.2019,no,diesel,2019.0
Peugeot,307,22000.0,240.0,Compacte,Essence,Manuelle,5.0,6.2006,no,essence,2006.0
Mercedes-Benz,Classe C,64000.0,180000.0,Berline,Essence,Manuelle,9.0,6.2011,no,essence,2011.0
Peugeot,3008,54500.0,183000.0,Autres,Diesel,Manuelle,6.0,6.2016,no,diesel,2016.0
Mercedes-Benz,Classe E,55000.0,190000.0,Autres,Diesel,Manuelle,8.0,6.2011,no,diesel,2011.0
Citroen,Grand C4 Picasso,43000.0,145000.0,Monospace,Diesel,Automatique,7.0,6.2013,no,diesel,2013.0
Volkswagen,Golf,79000.0,60000.0,Berline,Diesel,Manuelle,6.0,6.2019,no,diesel,2019.0
Renault,Capture,60000.0,15000.0,Berline,Essence,Manuelle,5.0,6.2020,no,essence,2020.0
Ford,ECOSPORT,68000.0,65000.0,4 x 4,Essence,Automatique,7.0,6.2021,no,essence,2021.0
Volkswagen,Polo,51000.0,200000.0,Compacte,Essence,Manuelle,4.0,6.2020,no,essence,2020.0
Chery,A5,28000.0,270000.0,Berline,Essence,Manuelle,7.0,6.2019,no,essence,2019.0
Geely,GK-GL,47000.0,72000.0,Compacte,Essence,Automatique,6.0,6.2022,no,essence,2022.0
Honda,Brio Amaze,34000.0,150000.0,Autres,Essence,Manuelle,5.0,6.2019,no,essence,2019.0
Ford,Puma,80000.0,86000.0,Autres,Hybride essence,Manuelle,6.0,6.2022,no,hybride,2022.0
Volkswagen,Golf,89500.0,79000.0,Berline,Essence,Manuelle,8.0,6.2020,no,essence,2020.0
Kia,Rio,50000.0,130034.0,Berline,Essence,Automatique,,6.2018,no,essence,2018.0
Volkswagen,Passat,30000.0,292000.0,Compacte,Essence,Manuelle,7.0,6.2010,no,essence,2010.0
Mahindra,Hover,30000.0,45000.0,Utilitaire,Essence,Manuelle,588.0,6.2021,no,essence,2021.0
Toyota,Hilux,130000.0,173000.0,4 x 4,Diesel,Manuelle,150.0,6.2017,no,diesel,2017.0
Kia,Picanto,41500.0,109000.0,Compacte,Essence,Automatique,5.0,6.2021,no,essence,2021.0
Dacia,Duster,58000.0,62000.0,4 x 4,Essence,Manuelle,,6.2018,no,essence,2018.0
Ford,Focus,46000.0,157000.0,Compacte,Essence,Automatique,7.0,6.2018,no,essence,2018.0
Volkswagen,Transporter,20000.0,250000.0,Compacte,Diesel,Manuelle,7.0,6.2009,no,diesel,2009.0
Mercedes-Benz,Classe C,59900.0,178000.0,Berline,Essence,Automatique,11.0,6.2010,no,essence,2010.0
Kia,Rio,48500.0,94000.0,Utilitaire,Essence,Manuelle,5.0,6.2022,no,essence,2022.0
Peugeot,308,42000.0,250000.0,Compacte,Diesel,Manuelle,6.0,6.2013,no,diesel,2013.0
Citroen,C3 Pluriel,19500.0,103000.0,Cabriolet,Essence,Manuelle,,6.2008,no,essence,2008.0
Hyundai,I 20,40000.0,92000.0,Berline,Essence,Manuelle,5.0,6.2021,no,essence,2021.0
Toyota,C-HR,85000.0,49000.0,Autres,Essence,Manuelle,6.0,6.2020,no,essence,2020.0
Volkswagen,Golf,37000.0,182000.0,Compacte,Diesel,Manuelle,5.0,6.2011,no,diesel,2011.0
Volkswagen,Polo,32400.0,224215.0,Autres,Essence,Manuelle,,6.2010,no,essence,2010.0
Nissan,Sunny,28000.0,163000.0,Compacte,Essence,Automatique,6.0,6.2016,no,essence,2016.0
BMW,Serie 3,63000.0,195000.0,Berline,Essence,Automatique,136.0,6.2016,no,essence,2016.0
Alfa Romeo,147,28500.0,110000.0,Berline,Essence,Manuelle,7.0,6.2009,no,essence,2009.0
Hyundai,Grand i10,37000.0,12000.0,Berline,Essence,Manuelle,5.0,6.2020,no,essence,2020.0
Nissan,Qashqai,52000.0,165000.0,4 x 4,Essence,Automatique,6.0,6.2015,no,essence,2015.0
MG,ZS,72000.0,72000.0,4 x 4,Essence,Manuelle,6.0,6.2022,no,essence,2022.0
Isuzu,D-MAX,145000.0,45000.0,4 x 4,Diesel,Manuelle,10.0,6.2020,no,diesel,2020.0
Volkswagen,Golf,51000.0,147000.0,Compacte,Essence,Manuelle,7.0,6.2013,no,essence,2013.0
Renault,Clio,45000.0,74000.0,Berline,Hybride essence,,,6.2021,no,hybride,2021.0
Mercedes-Benz,Classe C,130000.0,35000.0,Berline,Essence,Automatique,9.0,6.2020,no,essence,2020.0
Chevrolet,Cruze,26500.0,250.0,Berline,Essence,Manuelle,7.0,6.2014,no,essence,2014.0
Volkswagen,Polo,51000.0,200000.0,Compacte,Essence,Manuelle,4.0,6.2020,no,essence,2020.0
Citroen,C2,20000.0,210000.0,Compacte,Essence,Manuelle,5.0,6.2007,no,essence,2007.0
Kia,Sportage,75000.0,160000.0,4 x 4,Essence,Automatique,8.0,6.2019,no,essence,2019.0
Renault,Megane,31000.0,0.0,Berline,Diesel,Manuelle,6.0,6.2010,no,diesel,2010.0
Peugeot,208,43000.0,28000.0,Compacte,Essence,Manuelle,4.0,6.2023,no,essence,2023.0
Kia,Sorento,45000.0,162000.0,4 x 4,Essence,Automatique,18.0,6.2014,no,essence,2014.0
Hyundai,I 20,49000.0,103.0,Autres,Essence,Manuelle,5.0,6.2022,no,essence,2022.0
Renault,Megane,48000.0,230.0,Compacte,Diesel,Automatique,5.0,6.2019,no,diesel,2019.0
Ford,Transit,28000.0,260.0,Compacte,Diesel,Manuelle,2556.0,6.2006,no,diesel,2006.0
Toyota,Hilux,92000.0,300.0,4 x 4,Diesel,Manuelle,10.0,6.2010,no,diesel,2010.0
Kia,Rio,32800.0,246000.0,Berline,Essence,Manuelle,5.0,6.2014,no,essence,2014.0
Volkswagen,Amarok,155000.0,56000.0,Pick up,Diesel,Automatique,7.0,6.2023,no,diesel,2023.0
Kia,Sportage,95000.0,82900.0,4 x 4,Diesel,Automatique,7.0,6.2019,no,diesel,2019.0
Audi,A4,44000.0,262000.0,Compacte,Diesel,Manuelle,7.0,6.2008,no,diesel,2008.0
Volkswagen,Caddy,59000.0,82000.0,Utilitaire,Diesel,Manuelle,7.0,6.2023,no,diesel,2023.0
Fiat,Doblo,20000.0,210000.0,Compacte,Diesel,Automatique,5.0,6.2017,no,diesel,2017.0
Volkswagen,Polo,51000.0,81000.0,Berline,Essence,Manuelle,5.0,6.2022,no,essence,2022.0
Volkswagen,Passat,74500.0,99500.0,Berline,Essence,Manuelle,8.0,6.2021,no,essence,2021.0
Peugeot,301,27900.0,128000.0,Compacte,Essence,Manuelle,5.0,6.2018,no,essence,2018.0
Renault,Clio,15999.0,350.0,Compacte,Diesel,Manuelle,4.0,6.2008,no,diesel,2008.0
BMW,Serie 1,52000.0,200.0,Compacte,Essence,Automatique,7.0,6.2013,no,essence,2013.0
Audi,A4,59000.0,150000.0,Berline,Essence,Manuelle,8.0,6.2017,no,essence,2017.0
Renault,Capture,42500.0,109000.0,Compacte,Essence,Automatique,6.0,6.2014,no,essence,2014.0
Renault,Clio,19000.0,360.0,Berline,Diesel,Manuelle,5.0,6.2006,no,diesel,2006.0
BMW,X1,128000.0,100.0,4 x 4,Hybride essence,Automatique,6.0,6.2022,no,hybride,2022.0
Kia,Rio,35000.0,196000.0,Berline,Essence,Manuelle,5.0,6.2016,no,essence,2016.0
Mazda,BT-50,50000.0,156000.0,4 x 4,Diesel,Manuelle,9.0,6.2018,no,diesel,2018.0
Mercedes-Benz,Classe C,70000.0,114000.0,Berline,Diesel,Manuelle,6.0,6.2011,no,diesel,2011.0
Dacia,Dokker,34000.0,163000.0,Utilitaire,Diesel,Manuelle,5.0,6.2022,no,diesel,2022.0
Volkswagen,Polo,23500.0,200.0,Compacte,Essence,Automatique,4.0,6.2007,no,essence,2007.0
Hyundai,I 20,26600.0,270.0,Compacte,Essence,Automatique,4.0,6.2015,no,essence,2015.0
Mahindra,Hover,30000.0,70000.0,Compacte,Essence,Manuelle,5.0,6.2022,no,essence,2022.0
Renault,Megane,21000.0,248.0,Berline,Essence,Manuelle,6.0,6.2006,no,essence,2006.0
mini,Cooper,29000.0,160000.0,Compacte,Essence,Manuelle,6.0,6.2010,no,essence,2010.0
Ssangyong,Tivoli,53500.0,59000.0,Compacte,Essence,Manuelle,6.0,6.2021,no,essence,2021.0
Mercedes-Benz,Classe CLA,62000.0,200300.0,Berline,Diesel,Manuelle,5.0,6.2014,no,diesel,2014.0
Chevrolet,Aveo,23500.0,159000.0,Compacte,Essence,Manuelle,5.0,6.2008,no,essence,2008.0
Citroen,C35,26500.0,227000.0,Compacte,Essence,Manuelle,5.0,6.2010,no,essence,2010.0
Mitsubishi,Pajero,95000.0,290000.0,4 x 4,Diesel,Manuelle,11.0,6.2008,no,diesel,2008.0
Seat,Leon,54000.0,153000.0,Compacte,Essence,Manuelle,6.0,6.2020,no,essence,2020.0
Dacia,Dokker,39500.0,44500.0,Utilitaire,Diesel,Manuelle,6.0,6.2021,no,diesel,2021.0
Kia,Sportage,82000.0,76000.0,Autres,Essence,,,6.2016,no,essence,2016.0
Renault,Fluence,26500.0,20000.0,Berline,Essence,Automatique,6.0,6.2013,no,essence,2013.0
Kia,Sportage,56000.0,190000.0,4 x 4,Essence,Automatique,11.0,6.2011,no,essence,2011.0
Ford,Fiesta,21800.0,250000.0,Compacte,Essence,Manuelle,5.0,6.2008,no,essence,2008.0
Mahindra,Hover,26000.0,101.0,4 x 4,Essence,Manuelle,5.0,6.2021,no,essence,2021.0
Mercedes-Benz,Classe C,110000.0,105000.0,Berline,Essence,Automatique,9.0,6.2017,no,essence,2017.0
Opel,Corsa,22000.0,134700.0,Compacte,Essence,Manuelle,5.0,6.2015,no,essence,2015.0
Mercedes-Benz,Classe E,95000.0,98500.0,Berline,Essence,Automatique,10.0,6.2014,no,essence,2014.0
Peugeot,208,29500.0,135000.0,Compacte,Essence,Manuelle,4.0,6.2018,no,essence,2018.0
Opel,Corsa,32000.0,100000.0,Compacte,Essence,Manuelle,5.0,6.2016,no,essence,2016.0
Kia,Picanto,36000.0,131000.0,Compacte,Essence,Manuelle,4.0,6.2021,no,essence,2021.0
Haval,H6,79000.0,96000.0,4 x 4,Essence,Automatique,8.0,6.2021,no,essence,2021.0
Citroen,C3,35000.0,178000.0,Compacte,Essence,Manuelle,5.0,6.2020,no,essence,2020.0
Peugeot,3008,71000.0,133000.0,Autres,Diesel,Automatique,6.0,6.2018,no,diesel,2018.0
Seat,Altea,70000.0,30000.0,Utilitaire,Essence,Automatique,8.0,6.2024,no,essence,2024.0
Renault,Clio,32400.0,187.0,Autres,Essence,Manuelle,3.0,6.2013,no,essence,2013.0
Citroen,C5,27000.0,250.0,Autres,Essence,Automatique,9.0,6.2011,no,essence,2011.0
Land Rover,Range Rover Sport,120000.0,81000.0,4 x 4,Diesel,Automatique,2200.0,6.2015,no,diesel,2015.0
Hyundai,Tucson,87000.0,115000.0,Autres,Hybride Diesel,Manuelle,6.0,6.2020,no,hybride,2020.0
Volkswagen,Golf,31000.0,300.0,Compacte,Diesel,Manuelle,6.0,6.2008,no,diesel,2008.0
Hyundai,I 10,39500.0,120000.0,Compacte,Essence,Manuelle,5.0,6.2022,no,essence,2022.0
Citroen,C2,20000.0,210000.0,Compacte,Essence,Manuelle,5.0,6.2007,no,essence,2007.0
Hyundai,I 20,36500.0,240.0,Compacte,Essence,Manuelle,5.0,6.2018,no,essence,2018.0
Toyota,Corolla verso,66000.0,65000.0,Compacte,Essence,Manuelle,6.0,6.2021,no,essence,2021.0
Ford,Focus,27000.0,220000.0,Autres,Essence,Manuelle,6.0,6.2010,no,essence,2010.0
Peugeot,208,31990.0,63000.0,Compacte,Essence,Manuelle,4.0,6.2020,no,essence,2020.0
Mercedes-Benz,Classe GLA,98000.0,150000.0,Compacte,Essence,Automatique,7.0,6.2020,no,essence,2020.0
Dacia,Dokker,34500.0,147000.0,Utilitaire,Diesel,Manuelle,6.0,6.2021,no,diesel,2021.0
Volkswagen,Jetta,40000.0,216000.0,Berline,Essence,Manuelle,6.0,6.2012,no,essence,2012.0
Porsche,Cayenne,264996.0,73000.0,Autres,Essence,Automatique,16.0,6.2020,no,essence,2020.0
Ford,Fiesta,28000.0,220000.0,Compacte,Essence,Automatique,5.0,6.2014,no,essence,2014.0
Suzuki,Vitara,54000.0,179099.0,4 x 4,Essence,Manuelle,7.0,6.2019,no,essence,2019.0
Haval,H6,62000.0,103000.0,4 x 4,Essence,Automatique,9.0,6.2019,no,essence,2019.0
Volkswagen,Polo,44000.0,144000.0,Compacte,Essence,Manuelle,5.0,6.2019,no,essence,2019.0
Suzuki,Baleno,145000.0,3267.0,Berline,Essence,Manuelle,4.0,6.2022,no,essence,2022.0
Kia,Ceed,93000.0,80000.0,4 x 4,Electrique,Automatique,5.0,6.2022,no,electrique,2022.0
Citroen,Nemo,30000.0,142000.0,Compacte,Diesel,Manuelle,6.0,6.2016,no,diesel,2016.0
Ford,Fiesta,35000.0,102000.0,Compacte,Essence,Automatique,5.0,6.2017,no,essence,2017.0
Hyundai,I 20,51900.0,143.0,Compacte,Essence,Manuelle,5.0,6.2022,no,essence,2022.0
Audi,A4,55000.0,200000.0,Berline,Diesel,Manuelle,7.0,6.2011,no,diesel,2011.0
Peugeot,206+,23800.0,165000.0,Compacte,Essence,Manuelle,4.0,6.2010,no,essence,2010.0
Volkswagen,Golf 7,65000.0,150000.0,Berline,Essence,Automatique,6.0,6.2019,no,essence,2019.0
Isuzu,D-MAX,85000.0,50000.0,Pick up,Diesel,Manuelle,8.0,6.2023,no,diesel,2023.0
Citroen,C5,33000.0,217000.0,Autres,Diesel,Manuelle,6.0,6.2013,no,diesel,2013.0
Autres,Autres,39000.0,137000.0,Autres,Essence,Manuelle,6.0,6.2019,no,essence,2019.0
Audi,A4,37500.0,240.0,Berline,Essence,Manuelle,7.0,6.2013,no,essence,2013.0
Peugeot,5008,73000.0,209000.0,Berline,Essence,Manuelle,7.0,6.2021,no,essence,2021.0
Skoda,Octavia,83000.0,86000.0,Berline,Essence,Automatique,6.0,6.2021,no,essence,2021.0
Citroen,C35,48000.0,67000.0,Berline,Essence,Manuelle,83.0,6.2022,no,essence,2022.0
Audi,A3,74000.0,140000.0,Berline,Diesel,Automatique,8.0,6.2017,no,diesel,2017.0
Mercedes-Benz,Classe C Coupe,70000.0,300000.0,Berline,Essence,Automatique,9.0,6.2012,no,essence,2012.0
Hyundai,Creta,67000.0,166000.0,Compacte,Essence,Automatique,7.0,6.2018,no,essence,2018.0
Hyundai,I 20,35500.0,210000.0,Berline,Essence,Manuelle,5.0,6.2020,no,essence,2020.0
Seat,Seat.Leon,46000.0,106.0,Compacte,Essence,Manuelle,5.0,6.2013,no,essence,2013.0
Citroen,Berlingo,50000.0,154539.0,Utilitaire,Diesel,Manuelle,5.0,6.2023,no,diesel,2023.0
Volkswagen,Golf 5,28000.0,288000.0,Berline,Diesel,Manuelle,6.0,6.2006,no,diesel,2006.0
Citroen,C2,20000.0,200000.0,Compacte,Essence,Manuelle,5.0,6.2007,no,essence,2007.0
Fiat,Doblo,61800.0,7000.0,Utilitaire,Diesel,Manuelle,5.0,6.2025,no,diesel,2025.0
Mazda,E2000,45000.0,142000.0,Compacte,Essence,Automatique,6.0,6.2016,no,essence,2016.0
Peugeot,208,37000.0,190000.0,Berline,Essence,Manuelle,5.0,6.2022,no,essence,2022.0
Ford,Focus,35555.0,266000.0,Compacte,Diesel,Manuelle,6.0,6.2018,no,diesel,2018.0
Citroen,C-Elysée,28000.0,64000.0,Berline,Essence,Manuelle,5.0,6.2017,no,essence,2017.0
Mahindra,Hover,29000.0,8500.0,Compacte,Essence,Manuelle,5.0,6.2020,no,essence,2020.0
Volkswagen,Touran,95000.0,225000.0,Monospace,Diesel,Manuelle,6.0,6.2021,no,diesel,2021.0
Ford,Fiesta,42000.0,78000.0,Compacte,Essence,Manuelle,1.0,6.2020,no,essence,2020.0
Renault,Megane,31000.0,271000.0,Compacte,Diesel,Manuelle,5.0,6.2011,no,diesel,2011.0
Chery,Tiggo,40000.0,73000.0,Berline,Essence,Manuelle,6.0,6.2020,no,essence,2020.0
Ford,Fiesta,21800.0,250000.0,Compacte,Essence,Manuelle,5.0,6.2008,no,essence,2008.0
Mercedes-Benz,Classe E,60000.0,300000.0,Cabriolet,Diesel,Automatique,14.0,6.2010,no,diesel,2010.0
Mahindra,Hover,28000.0,58000.0,Autres,Essence,Manuelle,5.0,6.2020,no,essence,2020.0
Hyundai,Creta,65000.0,92000.0,Compacte,Essence,Manuelle,7.0,6.2018,no,essence,2018.0
Volkswagen,Golf,55000.0,200000.0,Berline,Essence,Automatique,6.0,6.2018,no,essence,2018.0
Ssangyong,Tivoli,81000.0,56000.0,Compacte,Essence,Automatique,8.0,6.2022,no,essence,2022.0
Kia,Rio,49500.0,83000.0,Compacte,Essence,Manuelle,5.0,6.2022,no,essence,2022.0
Volkswagen,Touareg,280000.0,3100.0,4 x 4,Essence,Automatique,24.0,6.2025,no,essence,2025.0
Mercedes-Benz,Classe CLA,60000.0,240000.0,Berline,Essence,Automatique,7.0,6.2014,no,essence,2014.0
Mercedes-Benz,Classe GLA,147000.0,170000.0,4 x 4,Essence,Automatique,7.0,6.2021,no,essence,2021.0
Fiat,Fiorino,30000.0,140.0,Berline,Diesel,Manuelle,5.0,6.2021,no,diesel,2021.0
Audi,A3,39000.0,120000.0,Compacte,Diesel,Manuelle,6.0,6.2008,no,diesel,2008.0
Peugeot,806,55000.0,90000.0,Pick up,Diesel,Manuelle,6.0,6.2022,no,diesel,2022.0
Ford,ECOSPORT,65000.0,75000.0,Autres,Diesel,Manuelle,5.0,6.2018,no,diesel,2018.0
Kia,Rio,48900.0,130000.0,Compacte,Essence,Manuelle,5.0,6.2019,no,essence,2019.0
MG,HS,57000.0,128000.0,4 x 4,Essence,Automatique,9.0,6.2017,no,essence,2017.0
Volkswagen,Golf 8,87900.0,100000.0,Autres,Essence,Manuelle,7.0,6.2021,no,essence,2021.0
Renault,Clio,47800.0,97000.0,Autres,Essence,Manuelle,5.0,6.2021,no,essence,2021.0
Nissan,Qashqai,64000.0,53000.0,4 x 4,Diesel,Manuelle,7.0,6.2015,no,diesel,2015.0
Kia,Optima,43500.0,300.0,Berline,Essence,Automatique,10.0,6.2014,no,essence,2014.0
BMW,X1,79900.0,188000.0,4 x 4,Diesel,Manuelle,6.0,6.2016,no,diesel,2016.0
Citroen,C3,53000.0,67000.0,Berline,Essence,Manuelle,4.0,6.2022,no,essence,2022.0
Mercedes-Benz,Classe E,155000.0,130000.0,Berline,Diesel,Automatique,8.0,6.2021,no,diesel,2021.0
Volkswagen,Golf,70000.0,37000.0,Compacte,Essence,Manuelle,6.0,6.2018,no,essence,2018.0
Kia,Sportage,120000.0,65000.0,4 x 4,Essence,Automatique,10.0,6.2023,no,essence,2023.0
Citroen,C5,30000.0,290000.0,Berline,Diesel,Manuelle,6.0,6.2011,no,diesel,2011.0
Suzuki,Celerio,35000.0,32000.0,Autres,Essence,Manuelle,68.0,6.2023,no,essence,2023.0
Volkswagen,Jetta,25000.0,200.0,Compacte,Diesel,Manuelle,6.0,6.2012,no,diesel,2012.0
Renault,Clio,48000.0,48000.0,Berline,Essence,Manuelle,5.0,6.2020,no,essence,2020.0
Skoda,Fabia,44000.0,158.0,Compacte,Essence,Manuelle,5.0,6.2018,no,essence,2018.0
Ford,Fiesta,21000.0,180000.0,Berline,Essence,Manuelle,5.0,6.2006,no,essence,2006.0
Ssangyong,Tivoli,62000.0,75554.0,Autres,Essence,Manuelle,6.0,6.2022,no,essence,2022.0
Mercedes-Benz,Classe C,81000.0,217000.0,Berline,Diesel,Automatique,7.0,6.2015,no,diesel,2015.0
Peugeot,3008,79500.0,150.0,Monospace,Essence,Manuelle,7.0,6.2022,no,essence,2022.0
Citroen,C3,28000.0,92000.0,Monospace,Essence,Manuelle,5.0,6.2011,no,essence,2011.0
Citroen,C4 Cactus,33000.0,132000.0,Autres,Essence,Manuelle,5.0,6.2016,no,essence,2016.0
Hyundai,Accent,68000.0,44000.0,Berline,Essence,Automatique,6.0,6.2022,no,essence,2022.0
MG,ZS,53500.0,80000.0,Berline,Essence,Manuelle,7.0,6.2020,no,essence,2020.0
Peugeot,508,32000.0,290.0,Autres,Diesel,Manuelle,6.0,6.2011,no,diesel,2011.0
Citroen,C3,37000.0,40000.0,Berline,Essence,Manuelle,4.0,6.2019,no,essence,2019.0
Citroen,Berlingo,46000.0,165000.0,Utilitaire,Diesel,Manuelle,5.0,6.2021,no,diesel,2021.0
Mercedes-Benz,Classe A,68000.0,128500.0,Compacte,Essence,Manuelle,8.0,6.2014,no,essence,2014.0
Kia,Sportage,150000.0,11000.0,Utilitaire,Essence,Automatique,2000.0,6.2024,no,essence,2024.0
Volkswagen,Polo,37500.0,215000.0,Autres,Essence,Manuelle,65.0,6.2016,no,essence,2016.0
Kia,Sportage,103000.0,81900.0,4 x 4,Diesel,Automatique,,6.2018,no,diesel,2018.0
Peugeot,3008,73000.0,220000.0,Autres,Essence,Automatique,7.0,6.2021,no,essence,2021.0
Peugeot,208,39500.0,42500.0,Compacte,Essence,Manuelle,4.0,6.2022,no,essence,2022.0
Citroen,Jumpy,48000.0,175.9,Autres,Diesel,Manuelle,6.0,6.2017,no,diesel,2017.0
Volkswagen,Polo,61500.0,83000.0,Compacte,Essence,Manuelle,4.0,6.2021,no,essence,2021.0
Peugeot,Partner,65000.0,230000.0,Berline,Diesel,Manuelle,6.0,6.2015,no,diesel,2015.0
Haval,H6,69800.0,110000.0,Monospace,Essence,Automatique,9.0,6.2020,no,essence,2020.0
Citroen,C1,26000.0,67000.0,Utilitaire,Essence,Manuelle,,6.2011,no,essence,2011.0
BMW,Serie 1,84000.0,124000.0,Compacte,Essence,Automatique,8.0,6.2020,no,essence,2020.0
mini,Country Man,42000.0,143000.0,4 x 4,Essence,Manuelle,6.0,6.2014,no,essence,2014.0
Mercedes-Benz,Classe E,235000.0,49000.0,Berline,Hybride essence,Automatique,10.0,6.2022,no,hybride,2022.0
Volkswagen,Golf,73000.0,74000.0,Berline,Essence,Automatique,6.0,6.2017,no,essence,2017.0
Mahindra,Hover,24500.0,93000.0,Compacte,Essence,Manuelle,5.0,6.2018,no,essence,2018.0
Renault,Clio,40800.0,117000.0,Compacte,Essence,Manuelle,5.0,6.2022,no,essence,2022.0
Opel,Mokka,48500.0,215000.0,Autres,Diesel,Manuelle,7.0,6.2015,no,diesel,2015.0
Volkswagen,Passat,105000.0,88000.0,Berline,Hybride essence,Automatique,8.0,6.2021,no,hybride,2021.0
Mercedes-Benz,Classe CLA,75000.0,280000.0,Utilitaire,Essence,Automatique,8.0,6.2013,no,essence,2013.0
Kia,Sportage,55000.0,192000.0,Autres,Essence,Automatique,10.0,6.2015,no,essence,2015.0
Volkswagen,T-ROC,84500.0,95000.0,4 x 4,Essence,Manuelle,6.0,6.2023,no,essence,2023.0
Honda,City,49000.0,80000.0,Berline,Essence,Automatique,7.0,6.2021,no,essence,2021.0
Toyota,Corolla,75000.0,8400.0,Compacte,Essence,Automatique,6.0,6.2019,no,essence,2019.0
Seat,Ibiza,34500.0,140000.0,Compacte,Essence,Manuelle,5.0,6.2012,no,essence,2012.0
Volkswagen,Tiguan,60000.0,265000.0,Compacte,Diesel,Manuelle,8.0,6.2014,no,diesel,2014.0
BMW,Serie 3,62000.0,152000.0,Berline,Essence,Automatique,7.0,6.2016,no,essence,2016.0
Volkswagen,Passat,29500.0,297.0,Autres,Essence,Manuelle,7.0,6.2007,no,essence,2007.0
Citroen,C-Elysée,26000.0,144000.0,Autres,Essence,Manuelle,5.0,6.2016,no,essence,2016.0
Nissan,Juke,52000.0,157000.0,Compacte,Essence,Automatique,6.0,6.2016,no,essence,2016.0
MG,ZS,49500.0,182000.0,Autres,Essence,Automatique,7.0,6.2019,no,essence,2019.0
BMW,X1,105000.0,79500.0,Autres,Essence,Automatique,8.0,6.2019,no,essence,2019.0
Volkswagen,Polo,33500.0,268000.0,Compacte,Essence,Manuelle,5.0,6.2011,no,essence,2011.0
Fiat,Doblo,20800.0,360.0,Compacte,Diesel,Automatique,5.0,6.2018,no,diesel,2018.0
BMW,Serie 3,43900.0,167000.0,Berline,Essence,Manuelle,7.0,6.2009,no,essence,2009.0
BMW,Serie 3,43900.0,128000.0,Berline,Essence,Manuelle,7.0,6.2010,no,essence,2010.0
MG,5,60000.0,0.0,Berline,Essence,Manuelle,6.0,6.2025,no,essence,2025.0
Volkswagen,Jetta,12345.0,168000.0,Berline,Diesel,Automatique,8.0,6.2017,no,diesel,2017.0
Citroen,C3,56000.0,61000.0,Berline,Essence,Automatique,7.0,6.2020,no,essence,2020.0
Hyundai,I 20,38500.0,150000.0,Berline,Essence,Manuelle,5.0,6.2018,no,essence,2018.0
Fiat,500,32500.0,182000.0,Compacte,Essence,Manuelle,4.0,6.2015,no,essence,2015.0
Mazda,3,44000.0,110000.0,Berline,Essence,Manuelle,6.0,6.2016,no,essence,2016.0
Volkswagen,Polo,22000.0,190000.0,Berline,Essence,Manuelle,4.0,6.2007,no,essence,2007.0
Kia,Ceed,95000.0,84000.0,Autres,Essence,Automatique,9.0,6.2022,no,essence,2022.0
Kia,Cerato,38500.0,286000.0,Berline,Essence,Automatique,7.0,6.2013,no,essence,2013.0
Volkswagen,Golf 6,36000.0,252000.0,Compacte,Essence,Manuelle,5.0,6.2011,no,essence,2011.0
Suzuki,Celerio,35000.0,30.0,Compacte,Essence,Manuelle,3.0,6.2021,no,essence,2021.0
Peugeot,3008,30000.0,156400.0,Autres,Essence,Manuelle,7.0,6.2010,no,essence,2010.0
Ssangyong,Tivoli,54000.0,111000.0,Berline,Essence,Manuelle,6.0,6.2020,no,essence,2020.0
Peugeot,301,28500.0,170000.0,Berline,Essence,Manuelle,5.0,6.2018,no,essence,2018.0
Isuzu,D-MAX,165000.0,129000.0,4 x 4,Diesel,Automatique,10.0,6.2019,no,diesel,2019.0
Chery,Tiggo,80000.0,40000.0,4 x 4,Essence,Automatique,9.0,6.2022,no,essence,2022.0
Peugeot,Partner,68000.0,78000.0,Berline,Diesel,Manuelle,5.0,6.2022,no,diesel,2022.0
Mercedes-Benz,Classe CLA,79000.0,190000.0,Berline,Essence,Automatique,7.0,6.2015,no,essence,2015.0
Seat,Ibiza,32500.0,183000.0,Compacte,Essence,Automatique,5.0,6.2015,no,essence,2015.0
Hyundai,I 20,65000.0,59000.0,Autres,Essence,Automatique,,6.2022,no,essence,2022.0
Volkswagen,Golf,63000.0,157000.0,Berline,Essence,Manuelle,6.0,6.2016,no,essence,2016.0
Ford,Ranger,55000.0,200000.0,Pick up,Diesel,Manuelle,7.0,6.2014,no,diesel,2014.0
Opel,Astra,52000.0,70000.0,Berline,Essence,Manuelle,6.0,6.2022,no,essence,2022.0
Citroen,C3,34000.0,105000.0,Compacte,Essence,Manuelle,4.0,6.2020,no,essence,2020.0
BMW,Serie 1,120000.0,50000.0,Berline,Diesel,Automatique,,6.2021,no,diesel,2021.0
Opel,Astra,53000.0,90000.0,Berline,Essence,Manuelle,6.0,6.2022,no,essence,2022.0
Volkswagen,Polo,49000.0,91000.0,Compacte,Essence,Manuelle,4.0,6.2021,no,essence,2021.0
Chery,A3,32500.0,150000.0,Berline,Essence,Manuelle,6.0,6.2018,no,essence,2018.0
Peugeot,407,21000.0,300000.0,Berline,Diesel,Manuelle,6.0,6.2007,no,diesel,2007.0
Mercedes-Benz,Classe C,85000.0,225000.0,Berline,Diesel,Manuelle,6.0,6.2019,no,diesel,2019.0
Kia,Rio,50500.0,125000.0,Compacte,Essence,Manuelle,5.0,6.2022,no,essence,2022.0
Renault,Clio,43300.0,10000.0,Berline,Diesel,Manuelle,4.0,6.2019,no,diesel,2019.0
Peugeot,Partner,36000.0,137058.0,Utilitaire,Diesel,Manuelle,5.0,6.2014,no,diesel,2014.0
Audi,A4,38000.0,240.0,Compacte,Essence,Manuelle,7.0,6.2013,no,essence,2013.0
Honda,Civic,57000.0,200000.0,Berline,Essence,Automatique,10.0,6.2017,no,essence,2017.0
BMW,Serie 3,67000.0,140000.0,Berline,Essence,Automatique,7.0,6.2015,no,essence,2015.0
BMW,Serie 5,70000.0,202575.0,Berline,Diesel,Manuelle,190.0,6.2016,no,diesel,2016.0
Ssangyong,Actyon,32800.0,190000.0,4 x 4,Diesel,Automatique,8.0,6.2013,no,diesel,2013.0
Volkswagen,Golf 7,66000.0,110000.0,Berline,Essence,Manuelle,6.0,6.2020,no,essence,2020.0
Kia,Ceed,72000.0,0.0,4 x 4,Essence,Manuelle,6.0,6.2021,no,essence,2021.0
Fiat,Panda,30000.0,155000.0,Berline,Essence,Manuelle,4.0,6.2016,no,essence,2016.0
Kia,Ceed,65000.0,100000.0,Compacte,Essence,Manuelle,5.0,6.2021,no,essence,2021.0
Renault,Capture,74000.0,31000.0,Autres,Essence,Automatique,7.0,6.2020,no,essence,2020.0
Audi,Q3,60000.0,61000.0,Berline,Essence,Automatique,8.0,6.2023,no,essence,2023.0
Skoda,Octavia,63000.0,103000.0,Berline,Essence,Automatique,7.0,6.2020,no,essence,2020.0
Fiat,Fiorino,41000.0,40000.0,Autres,Diesel,Manuelle,5.0,6.2024,no,diesel,2024.0
Volkswagen,T-ROC,120000.0,50000.0,4 x 4,Essence,Automatique,19.0,6.2022,no,essence,2022.0
Mercedes-Benz,Classe GL,12345.0,234000.0,4 x 4,Diesel,Automatique,14.0,6.2012,no,diesel,2012.0
Citroen,DS3,26000.0,181000.0,Compacte,Essence,Manuelle,5.0,6.2014,no,essence,2014.0
BMW,Serie 1,36000.0,160000.0,Berline,Essence,Manuelle,7.0,6.2010,no,essence,2010.0
Audi,A5,62000.0,14000.0,Berline,Essence,Automatique,10.0,6.2015,no,essence,2015.0
Fiat,Grande Punto,26000.0,159000.0,Compacte,Essence,Automatique,4.0,6.2011,no,essence,2011.0
BMW,X1,125000.0,50000.0,Autres,Essence,Automatique,13.0,6.2019,no,essence,2019.0
Citroen,DS3,27600.0,181000.0,Compacte,Essence,Manuelle,5.0,6.2014,no,essence,2014.0
Kia,Sportage,85000.0,106776.0,4 x 4,Diesel,Manuelle,6.0,6.2018,no,diesel,2018.0
Mercedes-Benz,Classe C,54000.0,255000.0,Berline,Essence,Automatique,9.0,6.2010,no,essence,2010.0
Volkswagen,Passat,32000.0,237651.0,Berline,Diesel,Manuelle,6.0,6.2009,no,diesel,2009.0
Volkswagen,Caddy,22500.0,285000.0,Utilitaire,Diesel,Manuelle,8.0,6.2010,no,diesel,2010.0
Mercedes-Benz,Classe B,175000.0,17000.0,Berline,Essence,Automatique,9.0,6.2021,no,essence,2021.0
Volkswagen,Golf 7,65000.0,137000.0,Autres,Essence,Manuelle,6.0,6.2019,no,essence,2019.0
Opel,Astra,22000.0,245000.0,Compacte,Essence,Manuelle,5.0,6.2008,no,essence,2008.0
Dacia,Dokker,18000.0,40000.0,Autres,Diesel,Manuelle,5.0,6.2014,no,diesel,2014.0
BMW,Serie 2,63997.0,220000.0,Monospace,Diesel,Manuelle,6.0,6.2017,no,diesel,2017.0
Citroen,Nemo,21500.0,210.0,Berline,Diesel,Manuelle,5.0,6.2014,no,diesel,2014.0
Renault,Megane,32000.0,151000.0,Monospace,Diesel,Manuelle,5.0,6.2011,no,diesel,2011.0
Citroen,C3,36000.0,13000.0,Berline,Essence,Manuelle,4.0,6.2020,no,essence,2020.0
Volkswagen,Tiguan,67000.0,185000.0,4 x 4,Essence,Automatique,8.0,6.2016,no,essence,2016.0
Citroen,C-Elysée,25000.0,197000.0,Berline,Essence,Manuelle,5.0,6.2015,no,essence,2015.0
Renault,Fluence,39000.0,110000.0,Berline,Essence,Manuelle,7.0,6.2015,no,essence,2015.0
Audi,A3,55000.0,210000.0,Berline,Essence,Manuelle,5.0,6.2015,no,essence,2015.0
Volkswagen,Golf 8,83500.0,150.0,Compacte,Essence,Automatique,6.0,6.2022,no,essence,2022.0
Peugeot,Partner,35999.0,137058.0,Utilitaire,Diesel,Manuelle,5.0,6.2014,no,diesel,2014.0
Seat,Leon ST,41000.0,178500.0,Compacte,Essence,Manuelle,6.0,6.2016,no,essence,2016.0
Dacia,Dokker,29500.0,145000.0,Autres,Diesel,Manuelle,6.0,6.2019,no,diesel,2019.0
Citroen,Berlingo,19500.0,228.0,Utilitaire,Diesel,Manuelle,7.0,6.2011,no,diesel,2011.0
Audi,Q5,83000.0,330.0,4 x 4,Diesel,Automatique,10.0,6.2013,no,diesel,2013.0
Chery,Tiggo,75000.0,32000.0,4 x 4,Essence,Automatique,9.0,6.2022,no,essence,2022.0
Citroen,C-Elysée,123456.0,164000.0,Autres,Essence,Manuelle,5.0,6.2019,no,essence,2019.0
Peugeot,2008,45000.0,32500.0,Compacte,Essence,Manuelle,5.0,6.2017,no,essence,2017.0
BMW,Serie 5,94000.0,185000.0,Berline,Essence,Automatique,9.0,6.2014,no,essence,2014.0
Porsche,Cayenne,125000.0,230000.0,4 x 4,Diesel,Automatique,15.0,6.2010,no,diesel,2010.0
Citroen,C3,37000.0,77000.0,Berline,Essence,Manuelle,5.0,6.2020,no,essence,2020.0
Peugeot,Partner,55000.0,152000.0,Autres,Diesel,Manuelle,110.0,6.2022,no,diesel,2022.0
Peugeot,308,38000.0,123400.0,Berline,Essence,Manuelle,5.0,6.2014,no,essence,2014.0
Dacia,Dokker,35000.0,136000.0,Utilitaire,Diesel,Manuelle,6.0,6.2021,no,diesel,2021.0
Volkswagen,Passat,48000.0,167.0,Berline,Essence,Automatique,7.0,6.2011,no,essence,2011.0
Haval,H6,95000.0,65000.0,4 x 4,Essence,Automatique,9.0,6.2022,no,essence,2022.0
Peugeot,206,18500.0,300.0,Compacte,Essence,Automatique,4.0,6.2008,no,essence,2008.0
Seat,Leon,44000.0,290000.0,Berline,Essence,Manuelle,5.0,6.2015,no,essence,2015.0
Suzuki,Swift,54500.0,25000.0,Autres,Essence,Manuelle,5.0,6.2024,no,essence,2024.0
Volkswagen,Golf,61500.0,117.0,Berline,Essence,Automatique,6.0,6.2018,no,essence,2018.0
Volkswagen,Polo,19200.0,320.0,Berline,Essence,Manuelle,4.0,6.2006,no,essence,2006.0
Peugeot,2008,65000.0,88000.0,Autres,Essence,Manuelle,6.0,6.2020,no,essence,2020.0
Citroen,Grand C4 Picasso,70000.0,191000.0,Monospace,Diesel,Automatique,7.0,6.2021,no,diesel,2021.0
Kia,Picanto,34500.0,150000.0,Compacte,Essence,Automatique,5.0,6.2015,no,essence,2015.0
Autres,Autres,135000.0,26000.0,Autres,Essence,Automatique,11.0,6.2024,no,essence,2024.0
Kia,Soul,44000.0,88000.0,Autres,Essence,Automatique,8.0,6.2013,no,essence,2013.0
Fiat,Doblo,64000.0,17000.0,Utilitaire,Diesel,Manuelle,5.0,6.2025,no,diesel,2025.0
Jaguar,F-Type,125000.0,159000.0,Autres,Diesel,Manuelle,9.0,6.2018,no,diesel,2018.0
Peugeot,2008,55000.0,161000.0,Compacte,Diesel,Manuelle,5.0,6.2018,no,diesel,2018.0
Renault,Capture,46000.0,140000.0,Autres,Essence,Manuelle,6.0,6.2014,no,essence,2014.0
MG,ZS,69499.0,51000.0,Autres,Essence,Automatique,7.0,6.2022,no,essence,2022.0
Suzuki,Vitara,64500.0,93000.0,4 x 4,Essence,Automatique,6.0,6.2017,no,essence,2017.0
BMW,Serie 3,68500.0,141000.0,Berline,Essence,Automatique,7.0,6.2015,no,essence,2015.0
MG,ZS,54000.0,177359.0,4 x 4,Essence,Automatique,9.0,6.2017,no,essence,2017.0
Renault,Megane,98000.0,42000.0,Compacte,Essence,Automatique,,6.2017,no,essence,2017.0
Volkswagen,Golf,107000.0,59000.0,Berline,Hybride essence,Automatique,6.0,6.2021,no,hybride,2021.0
Volkswagen,Golf 7,65000.0,137455.0,Autres,Essence,Manuelle,6.0,6.2019,no,essence,2019.0
Fiat,500X,51800.0,93000.0,Compacte,Essence,Manuelle,4.0,6.2021,no,essence,2021.0
Citroen,C3,48500.0,146000.0,Berline,Diesel,Manuelle,5.0,6.2021,no,diesel,2021.0
Volkswagen,Polo,46000.0,77000.0,Autres,Essence,Manuelle,4.0,6.2019,no,essence,2019.0
Peugeot,208,29500.0,78000.0,Compacte,Essence,Manuelle,4.0,6.2020,no,essence,2020.0
Fiat,Doblo,24000.0,46000.0,Autres,Diesel,Manuelle,6.0,6.2025,no,diesel,2025.0
Citroen,C4,60000.0,100000.0,Compacte,Essence,Manuelle,,6.2020,no,essence,2020.0
Hyundai,Tucson,35000.0,230000.0,4 x 4,Diesel,Manuelle,9.0,6.2010,no,diesel,2010.0
Kia,Rio,54000.0,123000.0,Compacte,Essence,Manuelle,5.0,6.2019,no,essence,2019.0
Mercedes-Benz,Utilitaire,54000.0,57000.0,Utilitaire,Diesel,Manuelle,5.0,6.2022,no,diesel,2022.0
Toyota,Hilux,132000.0,120000.0,4 x 4,Diesel,Manuelle,8.0,6.2018,no,diesel,2018.0
Citroen,C5,22000.0,570.0,Berline,Diesel,Manuelle,5.0,6.2010,no,diesel,2010.0
Peugeot,2008,50000.0,180.0,4 x 4,Diesel,Manuelle,5.0,6.2016,no,diesel,2016.0
Kia,Optima,41500.0,173000.0,Berline,Essence,Manuelle,10.0,6.2011,no,essence,2011.0
Fiat,Palio,19400.0,2.0,Compacte,Essence,Automatique,4.0,6.2010,no,essence,2010.0
Renault,Kadjar,63000.0,116.0,4 x 4,Essence,Automatique,7.0,6.2019,no,essence,2019.0
Volkswagen,Touareg,220000.0,63000.0,4 x 4,Diesel,Automatique,18.0,6.2019,no,diesel,2019.0
Kia,Sportage,51000.0,182000.0,Berline,Diesel,Manuelle,7.0,6.2013,no,diesel,2013.0
Mercedes-Benz,Classe A,125000.0,90000.0,Berline,Hybride essence,Automatique,8.0,6.2021,no,hybride,2021.0
Volkswagen,Caddy,41000.0,240.0,Utilitaire,Diesel,Manuelle,5.0,6.2020,no,diesel,2020.0
Mercedes-Benz,Classe C,98000.0,135000.0,Berline,Essence,Automatique,8.0,6.2015,no,essence,2015.0
Kia,Sportage,77000.0,30000.0,4 x 4,Essence,Automatique,9.0,6.2020,no,essence,2020.0
Peugeot,3008,29000.0,220000.0,Autres,Essence,Manuelle,7.0,6.2011,no,essence,2011.0
Peugeot,207,28000.0,145.0,Berline,Diesel,Automatique,5.0,6.2011,no,diesel,2011.0
Isuzu,D-MAX,130000.0,0.0,Pick up,Diesel,Manuelle,10.0,6.2025,no,diesel,2025.0
Kia,Rio,59900.0,78000.0,Compacte,Essence,Manuelle,5.0,6.2021,no,essence,2021.0
Mercedes-Benz,Classe C,58000.0,115500.0,Berline,Essence,Manuelle,9.0,6.2012,no,essence,2012.0
Ford,Fiesta,26000.0,240.0,Compacte,Essence,Manuelle,5.0,6.2011,no,essence,2011.0
Jeep,Cherokee,88000.0,75000.0,4 x 4,Essence,Automatique,8.0,6.2021,no,essence,2021.0
Mercedes-Benz,Classe CLA,89000.0,66000.0,Berline,Essence,Automatique,6.0,6.2018,no,essence,2018.0
Fiat,Doblo,44000.0,90000.0,Utilitaire,Diesel,,4.0,6.2022,no,diesel,2022.0
Ford,ECOSPORT,61000.0,109000.0,4 x 4,Essence,Manuelle,7.0,6.2021,no,essence,2021.0
Fiat,Grande Punto,24000.0,291000.0,Berline,Essence,Manuelle,5.0,6.2009,no,essence,2009.0
Kia,Sportage,75000.0,98000.0,4 x 4,Diesel,,7.0,6.2018,no,diesel,2018.0
Fiat,Grande Punto,24000.0,291000.0,Berline,Essence,Manuelle,5.0,6.2010,no,essence,2010.0
Chery,QQ,26000.0,36070.0,Berline,Essence,Manuelle,4.0,6.2019,no,essence,2019.0
Volkswagen,Passat,122000.0,100000.0,Berline,Essence,Manuelle,8.0,6.2020,no,essence,2020.0
Nissan,Micra,23000.0,180000.0,Compacte,Essence,Manuelle,5.0,6.2014,no,essence,2014.0
Peugeot,308,47000.0,154000.0,Berline,Diesel,Manuelle,5.0,6.2016,no,diesel,2016.0
Citroen,C35,52000.0,116000.0,Berline,Diesel,Manuelle,5.0,6.2021,no,diesel,2021.0
Peugeot,3008,37000.0,270000.0,Monospace,Diesel,Automatique,6.0,6.2011,no,diesel,2011.0
Citroen,C-Elysée,24800.0,0.0,Compacte,Essence,Manuelle,5.0,6.2016,no,essence,2016.0
Volkswagen,Golf,69500.0,152500.0,Berline,Essence,Manuelle,6.0,6.2018,no,essence,2018.0
Chery,QQ,22000.0,86000.0,Berline,Essence,Manuelle,4.0,6.2018,no,essence,2018.0
Kia,Rio,48000.0,72500.0,Berline,Essence,Manuelle,5.0,6.2022,no,essence,2022.0
Mazda,CX-5,48000.0,157000.0,4 x 4,Essence,Automatique,9.0,6.2014,no,essence,2014.0
Suzuki,Vitara,54000.0,179000.0,4 x 4,Essence,Manuelle,6.0,6.2019,no,essence,2019.0
Volkswagen,Tiguan,99000.0,88500.0,Autres,Essence,Automatique,8.0,6.2017,no,essence,2017.0
Honda,City,39000.0,148000.0,Autres,Essence,Automatique,7.0,6.2017,no,essence,2017.0
Mercedes-Benz,Classe A,94000.0,162000.0,Berline,Essence,Automatique,7.0,6.2020,no,essence,2020.0
Citroen,Berlingo,46000.0,124000.0,Utilitaire,Diesel,Manuelle,6.0,6.2020,no,diesel,2020.0
Peugeot,3008,69000.0,150000.0,Monospace,Essence,Automatique,9.0,6.2019,no,essence,2019.0
Renault,Laguna,27500.0,0.0,Berline,Diesel,Manuelle,6.0,6.2008,no,diesel,2008.0
Jeep,Patriot,54000.0,160000.0,Monospace,Essence,Automatique,8.0,6.2017,no,essence,2017.0
Peugeot,5008,88000.0,38000.0,Autres,Essence,Automatique,7.0,6.2022,no,essence,2022.0
Peugeot,2008,85000.0,118000.0,4 x 4,Diesel,Automatique,7.0,6.2021,no,diesel,2021.0
Isuzu,D-MAX,122000.0,100000.0,4 x 4,Diesel,Automatique,10.0,6.2015,no,diesel,2015.0
Peugeot,3008,37000.0,270000.0,Monospace,Diesel,Automatique,6.0,6.2011,no,diesel,2011.0
Citroen,C4 Aircross,34000.0,116000.0,Compacte,Essence,Manuelle,4.0,6.2017,no,essence,2017.0
BMW,Serie 3,87000.0,105257.0,Berline,Essence,Automatique,7.0,6.2019,no,essence,2019.0
Mitsubishi,Pajero Sport,220000.0,10000.0,4 x 4,Essence,Automatique,15.0,6.2022,no,essence,2022.0
Volkswagen,Polo,37500.0,200000.0,Autres,Essence,Manuelle,60.0,6.2016,no,essence,2016.0
Nissan,Qashqai,53000.0,205000.0,Autres,Diesel,Manuelle,6.0,6.2018,no,diesel,2018.0
Mercedes-Benz,Classe C,47500.0,325.0,Autres,Essence,Automatique,11.0,6.2007,no,essence,2007.0
Kia,Sportage,71000.0,102000.0,Compacte,Essence,Automatique,8.0,6.2017,no,essence,2017.0
Kia,Sportage,70000.0,90000.0,4 x 4,Essence,Automatique,12.0,6.2014,no,essence,2014.0
Nissan,Micra,27000.0,170000.0,Compacte,Essence,Manuelle,5.0,6.2016,no,essence,2016.0
Citroen,Jumpy,65000.0,128000.0,Autres,Diesel,Manuelle,6.0,6.2021,no,diesel,2021.0
Kia,Sportage,79000.0,115000.0,4 x 4,Essence,Automatique,9.0,6.2017,no,essence,2017.0
Dacia,Dokker,34000.0,73000.0,Utilitaire,Diesel,Manuelle,5.0,6.2022,no,diesel,2022.0
Renault,Kadjar,60000.0,89000.0,4 x 4,Essence,,7.0,6.2018,no,essence,2018.0
Volkswagen,Polo,29500.0,147500.0,Compacte,Essence,Manuelle,,6.2012,no,essence,2012.0
Renault,Clio,39000.0,79000.0,Berline,Essence,Manuelle,4.0,6.2021,no,essence,2021.0
Chevrolet,Optra,25000.0,350.0,Berline,Essence,Manuelle,6.0,6.2006,no,essence,2006.0
Citroen,C5,28500.0,230.0,Autres,Diesel,Manuelle,6.0,6.2011,no,diesel,2011.0
Jeep,Compass,130900.0,124000.0,4 x 4,Essence,Automatique,7.0,6.2022,no,essence,2022.0
Seat,Leon,50000.0,200.0,Compacte,Essence,Manuelle,6.0,6.2018,no,essence,2018.0
Suzuki,Celerio,29700.0,129000.0,Compacte,Essence,Manuelle,4.0,6.2018,no,essence,2018.0
Mercedes-Benz,Classe GLA,94000.0,66000.0,Compacte,Essence,Automatique,12.0,6.2018,no,essence,2018.0
Chevrolet,Aveo,25000.0,190000.0,Berline,Essence,Manuelle,5.0,6.2015,no,essence,2015.0
Fiat,500,39000.0,160000.0,Compacte,Essence,Manuelle,5.0,6.2014,no,essence,2014.0
Peugeot,308,51000.0,145.0,Compacte,Diesel,Manuelle,5.0,6.2021,no,diesel,2021.0
Mercedes-Benz,Classe CLA,72000.0,162000.0,Berline,Essence,Automatique,8.0,6.2013,no,essence,2013.0
Fiat,500,22500.0,200000.0,Autres,Essence,,4.0,6.2009,no,essence,2009.0
Ford,Fiesta,20000.0,180000.0,Compacte,Essence,Manuelle,5.0,6.2006,no,essence,2006.0
Volkswagen,Passat,46000.0,180000.0,Berline,Essence,Automatique,7.0,6.2018,no,essence,2018.0
Mitsubishi,L200,11000.0,1111.0,Compacte,Diesel,Manuelle,10.0,6.2013,no,diesel,2013.0
Toyota,Hilux,70000.0,220000.0,4 x 4,Diesel,Manuelle,10.0,6.2008,no,diesel,2008.0
Peugeot,Expert,52000.0,150000.0,Compacte,Diesel,Manuelle,9.0,6.2022,no,diesel,2022.0
Renault,Megane,24000.0,180000.0,Compacte,Essence,Manuelle,6.0,6.2008,no,essence,2008.0
Mercedes-Benz,Classe C,75000.0,253000.0,Berline,Essence,Automatique,8.0,6.2016,no,essence,2016.0
Suzuki,Swift,42000.0,61000.0,Berline,Essence,Automatique,5.0,6.2021,no,essence,2021.0
Volkswagen,Golf,48000.0,130000.0,Berline,Essence,Manuelle,5.0,6.2015,no,essence,2015.0
Chevrolet,Spark,25800.0,150.0,Compacte,Essence,Manuelle,4.0,6.2016,no,essence,2016.0
Isuzu,D-MAX,40000.0,1000.0,Pick up,Diesel,Manuelle,20.0,6.2011,no,diesel,2011.0
Peugeot,208,39000.0,45000.0,Compacte,Essence,Automatique,4.0,6.2013,no,essence,2013.0
Mercedes-Benz,Classe ML,89500.0,267000.0,4 x 4,Diesel,Automatique,11.0,6.2011,no,diesel,2011.0
Renault,Symbol,22000.0,300000.0,Berline,Essence,Manuelle,5.0,6.2010,no,essence,2010.0
Peugeot,3008,32500.0,277000.0,Autres,Diesel,Manuelle,6.0,6.2010,no,diesel,2010.0
Mercedes-Benz,Classe C Coupe,58000.0,150.0,Berline,Essence,Automatique,9.0,6.2011,no,essence,2011.0
Peugeot,208,31000.0,116000.0,Compacte,Essence,Manuelle,4.0,6.2019,no,essence,2019.0
Mercedes-Benz,Classe B,77000.0,132500.0,Monospace,Diesel,Manuelle,5.0,6.2018,no,diesel,2018.0
Hyundai,Tucson,110000.0,99000.0,4 x 4,Hybride essence,Automatique,10.0,6.2021,no,hybride,2021.0
Haval,H6,94000.0,49800.0,4 x 4,Essence,Automatique,8.0,6.2022,no,essence,2022.0
Toyota,Yaris,45000.0,100000.0,Compacte,Essence,Automatique,5.0,6.2022,no,essence,2022.0
Peugeot,206,22500.0,136000.0,Berline,Essence,Manuelle,6.0,6.2008,no,essence,2008.0
Seat,Ibiza,40300.0,110.0,Compacte,Essence,Manuelle,4.0,6.2018,no,essence,2018.0
BMW,X1,86000.0,92000.0,Berline,Diesel,Automatique,8.0,6.2016,no,diesel,2016.0
Dacia,Logan,11000.0,250000.0,Autres,Diesel,Manuelle,5.0,6.2008,no,diesel,2008.0
Ssangyong,Tivoli,50000.0,124000.0,Autres,Essence,Manuelle,7.0,6.2017,no,essence,2017.0
Audi,A3,37500.0,300000.0,Autres,Diesel,Manuelle,6.0,6.2010,no,diesel,2010.0
Mercedes-Benz,Classe A,52000.0,201000.0,Compacte,Essence,Manuelle,6.0,6.2015,no,essence,2015.0
Peugeot,308,37000.0,125000.0,Berline,Essence,Manuelle,6.0,6.2019,no,essence,2019.0
Volkswagen,Jetta,49000.0,180000.0,Berline,Essence,Automatique,7.0,6.2017,no,essence,2017.0
Kia,Sportage,100000.0,85000.0,Compacte,Essence,Automatique,8.0,6.2021,no,essence,2021.0
BMW,Serie 3,140000.0,73400.0,Berline,Essence,Automatique,9.0,6.2021,no,essence,2021.0
Seat,Leon ST,59000.0,132000.0,Compacte,Essence,Manuelle,6.0,6.2020,no,essence,2020.0
Citroen,Berlingo,40000.0,120000.0,Berline,Diesel,Manuelle,4.0,6.2015,no,diesel,2015.0
Renault,Koleos,56000.0,100000.0,Compacte,Essence,Automatique,7.0,6.2020,no,essence,2020.0
Toyota,Previa,41000.0,110000.0,Monospace,Essence,Automatique,14.0,6.2012,no,essence,2012.0
Nissan,Navara,51000.0,180000.0,Pick up,Diesel,Manuelle,8.0,6.2010,no,diesel,2010.0
Nissan,Qashqai,87000.0,52000.0,Berline,Diesel,Manuelle,6.0,6.2021,no,diesel,2021.0
Renault,Clio,59000.0,130000.0,Compacte,Hybride essence,Automatique,5.0,6.2020,no,hybride,2020.0
Mercedes-Benz,Classe E,58000.0,270000.0,Compacte,Diesel,Automatique,10.0,6.2009,no,diesel,2009.0
Mercedes-Benz,Classe CLA,165000.0,62000.0,Berline,Essence,Automatique,,6.2021,no,essence,2021.0
BMW,Serie 3 GT,53000.0,160000.0,Berline,Diesel,Automatique,6.0,6.2014,no,diesel,2014.0
Volkswagen,Golf 6,34999.0,190000.0,Compacte,Essence,Manuelle,9.0,6.2009,no,essence,2009.0
Renault,Capture,11111.0,123000.0,Autres,Essence,Manuelle,6.0,6.2016,no,essence,2016.0
Renault,Megane,53000.0,42000.0,Berline,Essence,Manuelle,7.0,6.2019,no,essence,2019.0
Citroen,Nemo,24000.0,260.0,Utilitaire,Diesel,Manuelle,5.0,6.2017,no,diesel,2017.0
Citroen,C3,19500.0,230000.0,Compacte,Essence,Manuelle,5.0,6.2010,no,essence,2010.0
Audi,A3,64500.0,209000.0,Compacte,Diesel,Manuelle,6.0,6.2019,no,diesel,2019.0
Hyundai,I 10,30500.0,160000.0,Autres,Essence,Manuelle,,6.2016,no,essence,2016.0
Volkswagen,Golf 7,55000.0,188200.0,Compacte,Essence,Manuelle,6.0,6.2017,no,essence,2017.0
Peugeot,206,19500.0,240000.0,Compacte,Essence,Automatique,10000.0,6.2006,no,essence,2006.0
Renault,Clio,23000.0,279000.0,Berline,Essence,Manuelle,5.0,6.2006,no,essence,2006.0
Volkswagen,T-ROC,84500.0,95000.0,4 x 4,Essence,Manuelle,6.0,6.2023,no,essence,2023.0
Ssangyong,Tivoli,64000.0,60000.0,Autres,Essence,Manuelle,6.0,6.2022,no,essence,2022.0
Audi,A5,97000.0,164000.0,Berline,Essence,Automatique,8.0,6.2020,no,essence,2020.0
Nissan,Juke,34800.0,115.0,4 x 4,Essence,Manuelle,7.0,6.2013,no,essence,2013.0
Citroen,Berlingo,41000.0,160000.0,Utilitaire,Diesel,Manuelle,110.0,6.2018,no,diesel,2018.0
Volkswagen,Polo,28000.0,149000.0,Berline,Essence,Manuelle,5.0,6.2011,no,essence,2011.0
Suzuki,Swift,39800.0,91.0,Compacte,Essence,Manuelle,5.0,6.2021,no,essence,2021.0
Ssangyong,Tivoli,64000.0,58000.0,Autres,Essence,Manuelle,6.0,6.2022,no,essence,2022.0
Mazda,CX-5,48000.0,157000.0,4 x 4,Essence,Automatique,9.0,6.2014,no,essence,2014.0
Hyundai,Creta,77000.0,87000.0,Compacte,Essence,Automatique,7.0,6.2020,no,essence,2020.0
Skoda,Fabia,42000.0,118.0,Compacte,Essence,Manuelle,4.0,6.2022,no,essence,2022.0
Volkswagen,Golf 8,65000.0,108.0,Compacte,Essence,Manuelle,0.0,6.2018,no,essence,2018.0
BMW,Serie 1,29500.0,225000.0,Berline,Essence,Manuelle,7.0,6.2011,no,essence,2011.0
Mercedes-Benz,Classe GLE,12345.0,65000.0,Autres,Diesel,Automatique,18.0,6.2020,no,diesel,2020.0
Nissan,Qashqai,55000.0,160000.0,Autres,Essence,Manuelle,5.0,6.2016,no,essence,2016.0
Kia,Rio,28000.0,197.0,Autres,Essence,Manuelle,6.0,6.2011,no,essence,2011.0
Mercedes-Benz,220,67997.0,208000.0,Berline,Essence,Manuelle,8.0,6.2014,no,essence,2014.0
Volkswagen,Tiguan,87000.0,232000.0,4 x 4,Diesel,Manuelle,8.0,6.2017,no,diesel,2017.0
Citroen,C35,38500.0,47740.0,Compacte,Essence,Manuelle,4.0,6.2020,no,essence,2020.0
Renault,Megane,24000.0,200.0,Autres,Diesel,Manuelle,5.0,6.2009,no,diesel,2009.0
Kia,Sportage,119000.0,99000.0,4 x 4,Essence,Automatique,9.0,6.2017,no,essence,2017.0
Kia,Sportage,95000.0,87000.0,Berline,Diesel,Automatique,7.0,6.2020,no,diesel,2020.0
Kia,Rio,46500.0,106000.0,Compacte,Essence,Manuelle,5.0,6.2018,no,essence,2018.0
Volkswagen,Passat,63000.0,224000.0,Berline,Essence,Manuelle,,6.2019,no,essence,2019.0
Volkswagen,Golf 7,62000.0,209000.0,Compacte,Essence,Manuelle,5.0,6.2017,no,essence,2017.0
Isuzu,D-MAX,100000.0,137000.0,4 x 4,Diesel,Automatique,8.0,6.2016,no,diesel,2016.0
Volkswagen,Golf,37499.0,280.0,Compacte,Essence,Manuelle,5.0,6.2012,no,essence,2012.0
Peugeot,J9,82000.0,19000.0,4 x 4,Diesel,Manuelle,7.0,6.2024,no,diesel,2024.0
Peugeot,208,28500.0,166000.0,Autres,Essence,Manuelle,4.0,6.2019,no,essence,2019.0
Chery,Tiggo,58900.0,59000.0,Autres,Essence,Automatique,9.0,6.2021,no,essence,2021.0
Autres,Autres,40000.0,1000.0,Autres,Essence,Manuelle,1.0,6.2025,no,essence,2025.0
Hyundai,I 20,59000.0,71000.0,Berline,Essence,Manuelle,84.0,6.2022,no,essence,2022.0
Chery,A5,34000.0,168000.0,Berline,Essence,Manuelle,7.0,6.2018,no,essence,2018.0
Suzuki,Celerio,37000.0,95000.0,Compacte,Essence,Manuelle,5.0,6.2022,no,essence,2022.0
Volkswagen,Caddy,49500.0,75000.0,Utilitaire,Diesel,Manuelle,5.0,6.2020,no,diesel,2020.0
Opel,Astra,44500.0,132314.0,Berline,Diesel,Manuelle,136.0,6.2019,no,diesel,2019.0
Renault,Capture,80000.0,9400.0,4 x 4,Essence,Manuelle,6.0,6.2023,no,essence,2023.0
Mazda,6,31000.0,260000.0,Berline,Diesel,Manuelle,7.0,6.2010,no,diesel,2010.0
Citroen,Berlingo,17800.0,300.0,Utilitaire,Diesel,Manuelle,7.0,6.2008,no,diesel,2008.0
Suzuki,Celerio,37000.0,151000.0,Berline,Essence,Manuelle,5.0,6.2023,no,essence,2023.0
Skoda,Fabia,81800.0,98000.0,Autres,Essence,Manuelle,6.0,6.2021,no,essence,2021.0
Renault,Clio,30500.0,230.0,Compacte,Essence,Manuelle,5.0,6.2014,no,essence,2014.0
Citroen,C4,69900.0,142000.0,Berline,Diesel,Manuelle,6.0,6.2022,no,diesel,2022.0
Chery,QQ,23000.0,81500.0,Compacte,Essence,Manuelle,3.0,6.2020,no,essence,2020.0
BMW,Serie 5,209000.0,70000.0,Berline,Hybride Diesel,Automatique,10.0,6.2022,no,hybride,2022.0
Volkswagen,Golf 8,115000.0,73000.0,Berline,Hybride essence,Automatique,6.0,6.2022,no,hybride,2022.0
BMW,Serie 5,145000.0,140000.0,Berline,Hybride essence,Automatique,10.0,6.2021,no,hybride,2021.0
Hyundai,I 10,30000.0,115000.0,Berline,Essence,Manuelle,5.0,6.2015,no,essence,2015.0
Fiat,Tipo,40000.0,115000.0,Berline,Essence,Manuelle,5.0,6.2022,no,essence,2022.0
Peugeot,208,36000.0,110000.0,Compacte,Essence,Manuelle,5.0,6.2022,no,essence,2022.0
Peugeot,208,36000.0,126.0,Autres,Essence,Manuelle,5.0,6.2022,no,essence,2022.0
Seat,Leon,38000.0,161000.0,Compacte,Essence,Manuelle,,6.2013,no,essence,2013.0
Citroen,C4,21000.0,228900.0,Berline,Diesel,Manuelle,5.0,6.2006,no,diesel,2006.0
Citroen,C3,38500.0,160.0,Compacte,Essence,Automatique,4.0,6.2017,no,essence,2017.0
Audi,Q7,37500.0,300.0,4 x 4,Diesel,Automatique,16.0,6.2009,no,diesel,2009.0
Citroen,Jumpy,25000.0,100000.0,Autres,Diesel,Manuelle,5.0,6.2008,no,diesel,2008.0
Volkswagen,Tiguan,59000.0,215000.0,4 x 4,Essence,Automatique,12.0,6.2014,no,essence,2014.0
Skoda,Fabia,40000.0,170000.0,Berline,Essence,Manuelle,4.0,6.2021,no,essence,2021.0
Dacia,Duster,21000.0,220000.0,Utilitaire,Diesel,Manuelle,5.0,6.2013,no,diesel,2013.0
Renault,Clio,49000.0,100000.0,Compacte,Essence,Manuelle,5.0,6.2021,no,essence,2021.0
Ford,ECOSPORT,74000.0,18000.0,Autres,Essence,Manuelle,7.0,6.2022,no,essence,2022.0
Mahindra,Hover,27000.0,111500.0,Berline,Essence,Manuelle,5.0,6.2018,no,essence,2018.0
Volkswagen,UP,38000.0,39000.0,Compacte,Essence,Manuelle,4.0,6.2019,no,essence,2019.0
Citroen,C3,20500.0,254000.0,Berline,Essence,Manuelle,5.0,6.2006,no,essence,2006.0
Audi,A7,275000.0,63000.0,Berline,Essence,Automatique,23.0,6.2019,no,essence,2019.0
Volkswagen,Polo,56000.0,83000.0,Berline,Essence,Manuelle,5.0,6.2020,no,essence,2020.0
Chevrolet,Optra,17000.0,250000.0,Berline,Essence,Manuelle,1660.0,6.2007,no,essence,2007.0
Renault,Kangoo,30000.0,162000.0,Autres,Diesel,Manuelle,4.0,6.2009,no,diesel,2009.0
Volkswagen,Touran,80000.0,260.0,Berline,Diesel,Manuelle,7.0,6.2017,no,diesel,2017.0
Peugeot,206,17700.0,190000.0,Autres,Essence,Manuelle,6.0,6.2009,no,essence,2009.0
Citroen,C-Elysée,27500.0,136000.0,Monospace,Essence,Manuelle,5.0,6.2017,no,essence,2017.0
Suzuki,Celerio,35000.0,30000.0,Compacte,Essence,Manuelle,3.0,6.2021,no,essence,2021.0
Peugeot,301,25000.0,170000.0,Berline,Essence,Manuelle,,6.2014,no,essence,2014.0
Kia,Rio,44000.0,159000.0,Compacte,Essence,Manuelle,5.0,6.2022,no,essence,2022.0
Ford,Focus,31500.0,275000.0,Berline,Essence,Manuelle,6.0,6.2017,no,essence,2017.0
Volkswagen,Passat,43000.0,207000.0,Berline,Essence,Manuelle,9.0,6.2013,no,essence,2013.0
BMW,Serie 3,39500.0,244699.0,Berline,Essence,Manuelle,6.0,6.2011,no,essence,2011.0
Hyundai,I 10,47000.0,20000.0,Autres,Essence,Manuelle,5.0,6.2022,no,essence,2022.0
Mazda,CX-5,78000.0,210000.0,4 x 4,Essence,Automatique,9.0,6.2018,no,essence,2018.0
Skoda,Octavia,57000.0,135000.0,Berline,Essence,Automatique,6.0,6.2021,no,essence,2021.0
Mahindra,Hover,34000.0,75623.0,Compacte,Essence,Manuelle,5.0,6.2023,no,essence,2023.0
Mercedes-Benz,Classe A,30000.0,109000.0,Compacte,Essence,Manuelle,6.0,6.2012,no,essence,2012.0
Audi,Q5,55500.0,190000.0,4 x 4,Essence,Automatique,13.0,6.2010,no,essence,2010.0
Citroen,C-Elysée,30500.0,186000.0,Utilitaire,Essence,Manuelle,5.0,6.2015,no,essence,2015.0
Peugeot,208,29000.0,170000.0,Compacte,Essence,Manuelle,5.0,6.2014,no,essence,2014.0
BMW,X1,69000.0,69800.0,4 x 4,Essence,Manuelle,7.0,6.2016,no,essence,2016.0
Peugeot,208,28500.0,141000.0,Compacte,Essence,Manuelle,5.0,6.2017,no,essence,2017.0
Renault,Clio,37000.0,37000.0,Compacte,Essence,Manuelle,4.0,6.2023,no,essence,2023.0
Chevrolet,Aveo,22500.0,250.0,Berline,Essence,Manuelle,5.0,6.2014,no,essence,2014.0
Suzuki,Celerio,30000.0,70000.0,Compacte,Essence,Manuelle,3.0,6.2019,no,essence,2019.0
Mercedes-Benz,Classe A,88000.0,87000.0,Compacte,Essence,Automatique,,6.2020,no,essence,2020.0
Fiat,Grande Punto,25000.0,200000.0,Compacte,Essence,Manuelle,4.0,6.2011,no,essence,2011.0
Ford,Fiesta,28500.0,123000.0,Compacte,Essence,Manuelle,5.0,6.2010,no,essence,2010.0
Chery,QQ,23000.0,81200.0,Compacte,Essence,Manuelle,4.0,6.2017,no,essence,2017.0
Volkswagen,Golf 6,41000.0,225000.0,Berline,Diesel,Manuelle,5.0,6.2011,no,diesel,2011.0
Skoda,Fabia,44800.0,100000.0,Compacte,Essence,Manuelle,4.0,6.2022,no,essence,2022.0
Toyota,RAV 4,136000.0,71000.0,Autres,Hybride,Automatique,9.0,6.2022,no,hybride,2022.0
Peugeot,301,13500.0,800.0,Berline,Diesel,Manuelle,7.0,6.2012,no,diesel,2012.0
Ford,Mondeo,37000.0,193000.0,Berline,Essence,Manuelle,9.0,6.2013,no,essence,2013.0
Volkswagen,Golf 7,64000.0,129500.0,Compacte,Essence,Manuelle,6.0,6.2018,no,essence,2018.0
Peugeot,207,25000.0,185.0,Cabriolet,Essence,Manuelle,6.0,6.2011,no,essence,2011.0
MG,3,35000.0,190000.0,Compacte,Essence,Manuelle,6.0,6.2019,no,essence,2019.0
Hyundai,I 20,56500.0,87000.0,Compacte,Essence,Manuelle,5.0,6.2022,no,essence,2022.0
Seat,Ibiza,28000.0,218000.0,Compacte,Essence,Manuelle,4.0,6.2019,no,essence,2019.0
Chevrolet,Cruze,38000.0,165.0,Berline,Essence,Manuelle,7.0,6.2018,no,essence,2018.0
Volkswagen,Golf,113000.0,80000.0,Compacte,Hybride essence,Automatique,8.0,6.2021,no,hybride,2021.0
Volkswagen,Golf,36700.0,256018.0,Berline,Diesel,Manuelle,6.0,6.2007,no,diesel,2007.0
Dacia,Dokker,40000.0,66000.0,Utilitaire,Essence,Manuelle,5.0,6.2021,no,essence,2021.0
Mercedes-Benz,Classe CLA,72500.0,135000.0,Berline,Essence,Manuelle,7.0,6.2014,no,essence,2014.0
Mercedes-Benz,Classe A,28000.0,195000.0,Compacte,Essence,Manuelle,6.0,6.2010,no,essence,2010.0
BMW,Serie 3,69000.0,137000.0,Berline,Essence,Automatique,10.0,6.2013,no,essence,2013.0
Seat,Arosa,78000.0,48835.0,Autres,Essence,Automatique,6.0,6.2022,no,essence,2022.0
Ford,Ka,27500.0,100000.0,Compacte,Essence,Manuelle,4.0,6.2016,no,essence,2016.0
Volkswagen,Polo,43500.0,280.0,Berline,Essence,Manuelle,11111.0,6.2022,no,essence,2022.0
Kia,Sportage,105000.0,98000.0,4 x 4,Hybride Diesel,Automatique,7.0,6.2021,no,hybride,2021.0
Ford,Focus,51000.0,70000.0,Compacte,Essence,Manuelle,7.0,6.2018,no,essence,2018.0
Dacia,Sandero,55000.0,39200.0,Berline,Essence,Manuelle,,6.2022,no,essence,2022.0
Kia,Picanto,35000.0,126000.0,Compacte,Essence,Manuelle,4.0,6.2018,no,essence,2018.0
Toyota,C-HR,87000.0,40000.0,Compacte,Essence,Automatique,6.0,6.2022,no,essence,2022.0
Chery,Tiggo,58000.0,110000.0,Autres,Essence,Automatique,6.0,6.2022,no,essence,2022.0
Land Rover,Range Rover Evoque,120000.0,160.0,Autres,Diesel,Automatique,8.0,6.2018,no,diesel,2018.0
Chery,Tiggo,58000.0,110000.0,Autres,Essence,Automatique,6.0,6.2022,no,essence,2022.0
BMW,X1,60000.0,127000.0,Autres,Essence,Automatique,9.0,6.2010,no,essence,2010.0
Mahindra,Hover,28000.0,92000.0,Compacte,Essence,Manuelle,5.0,6.2022,no,essence,2022.0
Chery,Tiggo,43000.0,41000.0,Monospace,Essence,Manuelle,6.0,6.2021,no,essence,2021.0
Jeep,Wrangler,59000.0,129000.0,4 x 4,Essence,Manuelle,6.0,6.2016,no,essence,2016.0
Citroen,C3,30000.0,190.0,Compacte,Essence,Manuelle,5.0,6.2018,no,essence,2018.0
Dongfeng,s50,55000.0,68000.0,4 x 4,Essence,Manuelle,8.0,6.2021,no,essence,2021.0
Citroen,C3,34000.0,130000.0,Utilitaire,Essence,Manuelle,1.0,6.2018,no,essence,2018.0
Volkswagen,Golf 7,69000.0,102282.0,Berline,Essence,Manuelle,6.0,6.2017,no,essence,2017.0
Fiat,Tipo,45000.0,108.0,Berline,Essence,Manuelle,5.0,6.2022,no,essence,2022.0
Ford,Fiesta,22800.0,253041.0,Berline,Essence,Manuelle,5.0,6.2006,no,essence,2006.0
Volkswagen,Golf,55000.0,277000.0,Compacte,Essence,Manuelle,6.0,6.2017,no,essence,2017.0
MG,ZS,34000.0,42500.0,4 x 4,Essence,Automatique,7.0,6.2024,no,essence,2024.0
Toyota,Yaris Verso,27000.0,290.0,Compacte,Essence,Manuelle,4.0,6.2017,no,essence,2017.0
Citroen,C4 Picasso,25500.0,400.0,4 x 4,Diesel,Automatique,0.0,6.2013,no,diesel,2013.0
Volkswagen,Tiguan,72000.0,185.0,Autres,Diesel,Automatique,8.0,6.2014,no,diesel,2014.0
Hyundai,I 20,39000.0,92000.0,Compacte,Essence,Manuelle,5.0,6.2021,no,essence,2021.0
Chery,QQ6,22500.0,79.0,Compacte,Essence,Manuelle,0.0,6.2020,no,essence,2020.0
Suzuki,Celerio,38000.0,30000.0,Autres,Essence,Manuelle,,6.2023,no,essence,2023.0
Toyota,Yaris,22500.0,193.0,Compacte,Essence,Automatique,4.0,6.2007,no,essence,2007.0
Autres,Autres,37000.0,119000.0,Autres,Essence,Manuelle,6.0,6.2017,no,essence,2017.0
Peugeot,301,38000.0,19500.0,Berline,Essence,Manuelle,5.0,6.2022,no,essence,2022.0
Kia,Cerato,43800.0,148000.0,Berline,Essence,Automatique,7.0,6.2017,no,essence,2017.0
Mercedes-Benz,Classe CLA,140000.0,78000.0,Berline,Hybride essence,Automatique,8.0,6.2021,no,hybride,2021.0
Mercedes-Benz,Classe C,180000.0,138000.0,Berline,Hybride essence,Automatique,11.0,6.2022,no,hybride,2022.0
Peugeot,208,38000.0,43000.0,Compacte,Essence,Manuelle,4.0,6.2022,no,essence,2022.0
Land Rover,Range Rover Evoque,100000.0,131000.0,4 x 4,Diesel,Automatique,10.0,6.2016,no,diesel,2016.0
Ford,Focus,36000.0,165000.0,Compacte,Essence,Manuelle,6.0,6.2016,no,essence,2016.0
Skoda,Octavia,85000.0,59000.0,Berline,Essence,Automatique,8.0,6.2022,no,essence,2022.0
Renault,Clio,38800.0,102000.0,Compacte,Essence,Manuelle,5.0,6.2020,no,essence,2020.0
Citroen,C-Elysée,20500.0,310.0,Compacte,Essence,Manuelle,5.0,6.2015,no,essence,2015.0
Mahindra,Hover,36000.0,60000.0,Autres,Essence,Manuelle,5.0,6.2018,no,essence,2018.0
BMW,X1,188200.0,3400.0,Autres,Essence,Automatique,9.0,6.2025,no,essence,2025.0
Seat,Ibiza,29000.0,220000.0,Compacte,Essence,Manuelle,4.0,6.2019,no,essence,2019.0
Hyundai,Grand i10,45000.0,120000.0,Autres,Essence,Manuelle,5.0,6.2023,no,essence,2023.0
Hyundai,Grand i10,35500.0,123000.0,Compacte,Essence,Automatique,4.0,6.2020,no,essence,2020.0
Peugeot,Partner,42500.0,90000.0,Utilitaire,Diesel,Manuelle,4.0,6.2020,no,diesel,2020.0
Peugeot,2008,75499.0,43000.0,Autres,Essence,Manuelle,5.0,6.2020,no,essence,2020.0
Mahindra,Hover,27000.0,111500.0,Berline,Essence,Manuelle,5.0,6.2018,no,essence,2018.0
Kia,Picanto,40000.0,100000.0,Autres,Essence,Automatique,4.0,6.2021,no,essence,2021.0
Geely,GK-GL,47000.0,73000.0,Autres,Essence,Manuelle,6.0,6.2021,no,essence,2021.0
Renault,Capture,64000.0,82000.0,Compacte,Essence,Manuelle,5.0,6.2020,no,essence,2020.0
Volkswagen,Golf,88000.0,65500.0,Compacte,Hybride essence,Automatique,6.0,6.2022,no,hybride,2022.0
Volkswagen,Polo,53000.0,120000.0,Compacte,Essence,Manuelle,4.0,6.2022,no,essence,2022.0
Peugeot,208,38000.0,180000.0,Compacte,Diesel,Manuelle,5.0,6.2020,no,diesel,2020.0
Kia,Ceed,90000.0,83000.0,Compacte,Hybride essence,Automatique,5.0,6.2022,no,hybride,2022.0
Toyota,Prado,145000.0,230000.0,4 x 4,Diesel,Manuelle,11.0,6.2014,no,diesel,2014.0
Toyota,Yaris,39000.0,162000.0,Compacte,Essence,Manuelle,4.0,6.2022,no,essence,2022.0
MG,ZS,57000.0,163500.0,4 x 4,Essence,Manuelle,7.0,6.2019,no,essence,2019.0
Citroen,C4 Aircross,63950.0,127039.0,Autres,Essence,Manuelle,7.0,6.2019,no,essence,2019.0
Citroen,C4 Cactus,44800.0,86000.0,Compacte,Essence,Automatique,5.0,6.2021,no,essence,2021.0
Mahindra,Scorpion,28500.0,100.0,Compacte,Essence,Manuelle,5.0,6.2022,no,essence,2022.0
BMW,Serie 1,34000.0,180000.0,Compacte,Essence,Manuelle,,6.2010,no,essence,2010.0
Seat,Ibiza,34000.0,190000.0,Compacte,Essence,Manuelle,5.0,6.2013,no,essence,2013.0
Opel,Mokka,25000.0,16000.0,4 x 4,Essence,Automatique,7.0,6.2025,no,essence,2025.0
Peugeot,308 SW,25000.0,210000.0,Compacte,Essence,Automatique,7.0,6.2009,no,essence,2009.0
Volkswagen,Golf 8,40000.0,250000.0,Compacte,Essence,Manuelle,5.0,6.2013,no,essence,2013.0
Honda,CR-V,96000.0,123000.0,4 x 4,Essence,Automatique,11.0,6.2019,no,essence,2019.0
Peugeot,208,28000.0,38700.0,Berline,Essence,Manuelle,4.0,6.2019,no,essence,2019.0
Citroen,C3,19500.0,160000.0,Compacte,Essence,Manuelle,4.0,6.2006,no,essence,2006.0
Volkswagen,T-ROC,79200.0,85000.0,Autres,Essence,Manuelle,6.0,6.2021,no,essence,2021.0
BMW,Serie 3,75000.0,110000.0,Berline,Essence,Automatique,10.0,6.2012,no,essence,2012.0
Ford,Fusion,22500.0,0.0,Berline,Essence,Manuelle,5.0,6.2011,no,essence,2011.0
Land Rover,Range Rover Sport,170000.0,173000.0,Pick up,Diesel,Automatique,16.0,6.2017,no,diesel,2017.0
Peugeot,3008,65000.0,74000.0,4 x 4,Essence,Automatique,9.0,6.2018,no,essence,2018.0
Peugeot,3008,79000.0,145000.0,Berline,Diesel,Manuelle,7.0,6.2021,no,diesel,2021.0
Citroen,C3,49000.0,122000.0,Berline,Diesel,Manuelle,5.0,6.2021,no,diesel,2021.0
Kia,Picanto,39500.0,54000.0,Berline,Essence,Manuelle,4.0,6.2023,no,essence,2023.0
Volkswagen,Passat,50000.0,176000.0,Berline,Essence,Manuelle,7.0,6.2017,no,essence,2017.0
Volkswagen,Golf 8,56000.0,151000.0,Compacte,Essence,Manuelle,6.0,6.2016,no,essence,2016.0
Citroen,C-Elysée,25000.0,126000.0,Berline,Essence,Manuelle,5.0,6.2013,no,essence,2013.0
Ford,Transit,20000.0,400.0,Autres,Diesel,Manuelle,7.0,6.2011,no,diesel,2011.0
Ford,Fiesta,27000.0,180000.0,Compacte,Essence,Manuelle,5.0,6.2016,no,essence,2016.0
Mercedes-Benz,Classe CL,280000.0,12000.0,Berline,Hybride essence,Automatique,9.0,6.2024,no,hybride,2024.0
Audi,A3,92000.0,55000.0,Compacte,Essence,Automatique,6.0,6.2022,no,essence,2022.0
Renault,Grand Scenic,46000.0,207.0,Monospace,Diesel,Automatique,1.5,6.2014,no,diesel,2014.0
Volkswagen,T-ROC,93999.0,30000.0,Autres,Essence,Manuelle,6.0,6.2022,no,essence,2022.0
Toyota,Hi Ace,27000.0,580.0,Berline,Diesel,Manuelle,10.0,6.2007,no,diesel,2007.0
BMW,X3,175000.0,80000.0,Autres,Diesel,Automatique,8.0,6.2020,no,diesel,2020.0
Chery,Tiggo,40000.0,120000.0,Autres,Essence,Manuelle,6.0,6.2021,no,essence,2021.0
Hyundai,Accent,33500.0,200000.0,Compacte,Essence,Manuelle,5.0,6.2017,no,essence,2017.0
Peugeot,3008,68000.0,130000.0,Monospace,Essence,Automatique,7.0,6.2021,no,essence,2021.0
Seat,Ibiza,30500.0,181000.0,Berline,Essence,Manuelle,4.0,6.2018,no,essence,2018.0
Volkswagen,T-ROC,94000.0,14000.0,Compacte,Essence,Automatique,6.0,6.2024,no,essence,2024.0
Volkswagen,Amarok,50000.0,281000.0,Pick up,Diesel,Manuelle,8.0,6.2012,no,diesel,2012.0
Volkswagen,Golf Plus,75000.0,251000.0,Compacte,Diesel,Manuelle,6.0,6.2019,no,diesel,2019.0
Mercedes-Benz,Classe CLA,139000.0,68000.0,Autres,Essence,Automatique,9.0,6.2022,no,essence,2022.0
Volkswagen,Polo,22800.0,200.0,Compacte,Essence,Manuelle,5.0,6.2007,no,essence,2007.0
Peugeot,308 SW,39000.0,134000.0,Compacte,Essence,Manuelle,6.0,6.2021,no,essence,2021.0
Mercedes-Benz,Classe A,61000.0,137000.0,Compacte,Essence,Manuelle,7.0,6.2013,no,essence,2013.0
BMW,Serie 1,62000.0,164000.0,Compacte,Essence,Manuelle,6.0,6.2016,no,essence,2016.0
Kia,Cerato,50000.0,58000.0,Berline,Essence,Automatique,7.0,6.2017,no,essence,2017.0
Fiat,Doblo,22000.0,272000.0,Utilitaire,Essence,Manuelle,8.0,6.2012,no,essence,2012.0
Opel,Corsa,25500.0,130.0,Autres,Essence,Manuelle,5.0,6.2017,no,essence,2017.0
Audi,A3,68000.0,140000.0,Compacte,Essence,Automatique,6.0,6.2018,no,essence,2018.0
Hyundai,I 20,54500.0,66.0,Berline,Essence,Manuelle,5.0,6.2021,no,essence,2021.0
Citroen,Jumpy,57000.0,120000.0,Utilitaire,Diesel,Manuelle,,6.2021,no,diesel,2021.0
Ford,Fusion,46997.0,243801.0,Berline,Essence,Manuelle,9.0,6.2016,no,essence,2016.0
Hyundai,Tucson,95000.0,110000.0,Berline,Hybride essence,Automatique,7.0,6.2020,no,hybride,2020.0
Hyundai,I 20,49000.0,65000.0,Compacte,Essence,Automatique,5.0,6.2021,no,essence,2021.0
Peugeot,Partner,36000.0,165000.0,Compacte,Diesel,Manuelle,5.0,6.2020,no,diesel,2020.0
BMW,X1,90000.0,150000.0,Monospace,Diesel,Automatique,8.0,6.2019,no,diesel,2019.0
Volkswagen,Tiguan,195500.0,19500.0,Autres,Essence,Automatique,,6.2025,no,essence,2025.0
Toyota,Yaris,40000.0,140000.0,Compacte,Essence,Manuelle,5.0,6.2016,no,essence,2016.0
Volkswagen,Golf 8,82000.0,110000.0,Compacte,Essence,Manuelle,6.0,6.2021,no,essence,2021.0
Renault,Clio,32000.0,200000.0,Berline,Essence,Manuelle,5.0,6.2014,no,essence,2014.0
Volkswagen,Jetta,37500.0,240.0,Autres,Essence,Automatique,8.0,6.2011,no,essence,2011.0
Renault,Clio,34000.0,175.0,Berline,Essence,Manuelle,5.0,6.2017,no,essence,2017.0
Nissan,Qashqai,65000.0,200000.0,Compacte,Diesel,Manuelle,5.0,6.2017,no,diesel,2017.0
Hyundai,Tucson,45000.0,162000.0,Berline,Diesel,Automatique,9.0,6.2008,no,diesel,2008.0
Seat,Ibiza,44900.0,112000.0,Compacte,Essence,Manuelle,4.0,6.2021,no,essence,2021.0
Volkswagen,Golf 7,48500.0,220000.0,Compacte,Essence,Automatique,6.0,6.2014,no,essence,2014.0
Fiat,Fiorino,24000.0,208000.0,Utilitaire,Diesel,Manuelle,5.0,6.2019,no,diesel,2019.0
Peugeot,207,25500.0,270000.0,Compacte,Essence,Automatique,6.0,6.2010,no,essence,2010.0
Peugeot,2008,50500.0,123000.0,Autres,Essence,Manuelle,5.0,6.2021,no,essence,2021.0
Ford,Ranger,160000.0,129000.0,4 x 4,Diesel,Automatique,11.0,6.2018,no,diesel,2018.0
Mercedes-Benz,AMG GT,55000.0,270000.0,Berline,Essence,Automatique,11.0,6.2011,no,essence,2011.0
Mercedes-Benz,Classe A,67500.0,154000.0,Compacte,Essence,Automatique,6.0,6.2013,no,essence,2013.0
BMW,Serie 5,72000.0,300000.0,Berline,Essence,Automatique,10.0,6.2013,no,essence,2013.0
Volkswagen,Polo,46000.0,93000.0,Compacte,Essence,Manuelle,4.0,6.2022,no,essence,2022.0
Seat,Ibiza,34000.0,169400.0,Autres,Essence,Manuelle,4.0,6.2017,no,essence,2017.0
Ford,Ranger,15000.0,300.0,Utilitaire,Diesel,Manuelle,10.0,6.2009,no,diesel,2009.0
Volkswagen,Golf,73000.0,169000.0,Compacte,Diesel,Automatique,6.0,6.2018,no,diesel,2018.0
Volkswagen,Golf,41500.0,145000.0,Compacte,Essence,Manuelle,5.0,6.2013,no,essence,2013.0
Ford,Fiesta,25000.0,134000.0,Compacte,Essence,Manuelle,4.0,6.2012,no,essence,2012.0
Hyundai,Tucson,44000.0,162000.0,Berline,Diesel,Automatique,9.0,6.2008,no,diesel,2008.0
Hyundai,I 20,40000.0,155000.0,Compacte,Essence,Manuelle,5.0,6.2019,no,essence,2019.0
Citroen,C3,19800.0,160000.0,Compacte,Essence,Manuelle,4.0,6.2006,no,essence,2006.0
BMW,Serie 5,195000.0,18000.0,Berline,Essence,Automatique,10.0,6.2021,no,essence,2021.0
Seat,Ibiza,47000.0,190000.0,Autres,Essence,Manuelle,4.0,6.2018,no,essence,2018.0
Hyundai,Bayon,73000.0,25000.0,Berline,Essence,Manuelle,5.0,6.2022,no,essence,2022.0
Suzuki,Swift,32000.0,165000.0,Compacte,Essence,Manuelle,5.0,6.2017,no,essence,2017.0
Renault,Clio,40000.0,124000.0,Berline,Essence,Manuelle,5.0,6.2019,no,essence,2019.0
Mercedes-Benz,Classe E,67000.0,270000.0,Berline,Essence,Automatique,11.0,6.2011,no,essence,2011.0
Nissan,X-Trail,37000.0,180000.0,4 x 4,Diesel,Manuelle,9.0,6.2013,no,diesel,2013.0
Nissan,Micra,31500.0,123000.0,Cabriolet,Essence,Manuelle,5.0,6.2017,no,essence,2017.0
Renault,Symbol,22800.0,0.0,Berline,Essence,Manuelle,5.0,6.2013,no,essence,2013.0
Volkswagen,Golf,50000.0,139000.0,Berline,Essence,Manuelle,5.0,6.2017,no,essence,2017.0
Fiat,Doblo,26000.0,182000.0,Utilitaire,Diesel,Manuelle,5.0,6.2018,no,diesel,2018.0
Mercedes-Benz,Classe E,137000.0,150000.0,Berline,Essence,Automatique,11.0,6.2018,no,essence,2018.0
Citroen,Berlingo,25000.0,350.0,Autres,Diesel,Manuelle,6.0,6.2014,no,diesel,2014.0
Isuzu,D-MAX,64997.0,222222.0,Berline,Diesel,Manuelle,10.0,6.2008,no,diesel,2008.0
Citroen,C4,35000.0,200.0,Berline,Essence,Manuelle,5.0,6.2015,no,essence,2015.0
Fiat,Panda,40000.0,97000.0,Compacte,Essence,Manuelle,5.0,6.2022,no,essence,2022.0
Honda,HR-V,57000.0,107540.0,Autres,Essence,Manuelle,7.0,6.2019,no,essence,2019.0
Volkswagen,Golf,36000.0,252000.0,Compacte,Essence,Manuelle,5.0,6.2010,no,essence,2010.0
Mercedes-Benz,Classe GLA,115000.0,58000.0,Compacte,Essence,Automatique,8.0,6.2016,no,essence,2016.0
Toyota,Yaris,36500.0,117000.0,Compacte,Essence,Manuelle,4.0,6.2017,no,essence,2017.0
Kia,Picanto,42000.0,40000.0,Compacte,Essence,Manuelle,4.0,6.2023,no,essence,2023.0
Volkswagen,Golf,41000.0,298000.0,Compacte,Essence,Manuelle,,6.2010,no,essence,2010.0
Hyundai,I 20,73000.0,33000.0,Compacte,Essence,Automatique,5.0,6.2023,no,essence,2023.0
Peugeot,208,30000.0,53000.0,Autres,Essence,Manuelle,4.0,6.2019,no,essence,2019.0
Peugeot,Partner,11111.0,170000.0,4 x 4,Diesel,Manuelle,8.0,6.2020,no,diesel,2020.0
Fiat,Grande Punto,21000.0,270.0,Compacte,Essence,Manuelle,5.0,6.2010,no,essence,2010.0
Seat,Ibiza,123456.0,53000.0,Berline,Essence,Manuelle,5.0,6.2021,no,essence,2021.0
Kia,Ceed,99000.0,26000.0,Autres,Essence,Automatique,9.0,6.2022,no,essence,2022.0
Kia,Sorento,81500.0,82000.0,Compacte,Essence,Automatique,8.0,6.2021,no,essence,2021.0
Volkswagen,Passat,57500.0,150.0,Berline,Essence,Automatique,7.0,6.2017,no,essence,2017.0
Hyundai,I 10,37000.0,120.0,Berline,Essence,Automatique,5.0,6.2019,no,essence,2019.0
Chevrolet,Aveo,19999.0,200000.0,Compacte,Essence,Manuelle,5.0,6.2010,no,essence,2010.0
MG,5,56000.0,107000.0,Berline,Essence,Automatique,7.0,6.2020,no,essence,2020.0
Volkswagen,Polo,38300.0,151.0,Compacte,Essence,Manuelle,4.0,6.2021,no,essence,2021.0
Seat,Ibiza,80000.0,19000.0,Berline,Essence,Manuelle,6.0,6.2023,no,essence,2023.0
Mitsubishi,L200,110000.0,140000.0,Pick up,Diesel,Manuelle,180.0,6.2018,no,diesel,2018.0
Land Rover,Range Rover Evoque,95000.0,167000.0,4 x 4,Diesel,Automatique,8.0,6.2018,no,diesel,2018.0
Hyundai,Kona,90000.0,88000.0,4 x 4,Essence,Automatique,11.0,6.2022,no,essence,2022.0
Volkswagen,Golf,42500.0,199000.0,Berline,Essence,Manuelle,5.0,6.2013,no,essence,2013.0
Kia,Rio,42000.0,160000.0,Pick up,Essence,Automatique,6.0,6.2016,no,essence,2016.0
Citroen,C35,42000.0,80000.0,Compacte,Essence,Manuelle,4.0,6.2020,no,essence,2020.0
Peugeot,Partner,52000.0,201000.0,Berline,Diesel,Manuelle,5.0,6.2020,no,diesel,2020.0
Honda,City,66600.0,93000.0,Compacte,Essence,Automatique,6.0,6.2021,no,essence,2021.0
Land Rover,Range Rover Sport,65000.0,257000.0,4 x 4,Essence,Automatique,32.0,6.2009,no,essence,2009.0
Mitsubishi,Outlander,48000.0,188000.0,4 x 4,Essence,Manuelle,9.0,6.2012,no,essence,2012.0
Kia,Sportage,54000.0,230000.0,4 x 4,Essence,Automatique,10.0,6.2014,no,essence,2014.0
MG,3,45000.0,95000.0,Compacte,Essence,Automatique,7.0,6.2021,no,essence,2021.0
Dacia,Logan MCV,40000.0,187000.0,Berline,Essence,Manuelle,5.0,6.2015,no,essence,2015.0
Renault,Clio,60000.0,12000.0,Autres,Essence,Manuelle,5.0,6.2025,no,essence,2025.0
Volkswagen,Passat,47000.0,225000.0,Compacte,Diesel,Manuelle,6.0,6.2012,no,diesel,2012.0
Opel,Antara,49000.0,152.0,4 x 4,Diesel,Automatique,11.0,6.2016,no,diesel,2016.0
BMW,X6,85000.0,120000.0,4 x 4,Diesel,Automatique,20.0,6.2012,no,diesel,2012.0
Fiat,Doblo,32500.0,122000.0,Utilitaire,Diesel,Manuelle,6.0,6.2019,no,diesel,2019.0
Opel,Corsa,51000.0,67000.0,Compacte,Essence,Manuelle,5.0,6.2021,no,essence,2021.0
Peugeot,207,27000.0,122000.0,Berline,Essence,Manuelle,6.0,6.2008,no,essence,2008.0
Citroen,Jumpy,55000.0,205000.0,Utilitaire,Diesel,Manuelle,6.0,6.2022,no,diesel,2022.0
Hyundai,I 20,55000.0,167000.0,Compacte,Essence,Automatique,5.0,6.2021,no,essence,2021.0
Hyundai,I 20,33000.0,116000.0,Compacte,Essence,Automatique,6.0,6.2013,no,essence,2013.0
Volkswagen,Caddy,70000.0,24000.0,Utilitaire,Diesel,Manuelle,7.0,6.2022,no,diesel,2022.0
Kia,Rio,60000.0,68000.0,Autres,Essence,Manuelle,,6.2019,no,essence,2019.0
Mercedes-Benz,Classe E,95500.0,52500.0,Berline,Essence,Automatique,10.0,6.2015,no,essence,2015.0
Peugeot,208,49000.0,52000.0,Berline,Diesel,Manuelle,,6.2021,no,diesel,2021.0
Mercedes-Benz,Classe E,85000.0,232.0,Compacte,Diesel,Automatique,7.0,6.2014,no,diesel,2014.0
Dongfeng,s50,39499.0,24000.0,Berline,Essence,Automatique,6.0,6.2019,no,essence,2019.0
Mercedes-Benz,Classe CLA,155000.0,120000.0,Berline,Essence,Automatique,9.0,6.2021,no,essence,2021.0
Kia,Rio,39800.0,170000.0,Berline,Essence,Automatique,5.0,6.2018,no,essence,2018.0
Kia,Sportage,75000.0,143000.0,4 x 4,Essence,Automatique,8.0,6.2020,no,essence,2020.0
Hyundai,Tucson,87000.0,105000.0,Berline,Diesel,Automatique,7.0,6.2021,no,diesel,2021.0
Chevrolet,Optra,19500.0,0.0,Berline,Hybride essence,Manuelle,5.0,6.2006,no,hybride,2006.0
Fiat,Doblo,21000.0,245000.0,Utilitaire,Diesel,Manuelle,5.0,6.2015,no,diesel,2015.0
Peugeot,3008,72000.0,112000.0,Berline,Diesel,Manuelle,6.0,6.2021,no,diesel,2021.0
Suzuki,SX4,53000.0,72000.0,Berline,Essence,Automatique,6.0,6.2020,no,essence,2020.0
Land Rover,Range Rover Sport,65000.0,257000.0,4 x 4,Essence,Automatique,32.0,6.2009,no,essence,2009.0
Kia,Sportage,84000.0,60000.0,4 x 4,Essence,Automatique,7.0,6.2022,no,essence,2022.0
Peugeot,J9,78000.0,122000.0,4 x 4,Diesel,Automatique,6.0,6.2021,no,diesel,2021.0
Peugeot,107,23500.0,270.0,Compacte,Essence,Manuelle,,6.2011,no,essence,2011.0
Volkswagen,Jetta,48000.0,222500.0,Berline,Essence,Manuelle,7.0,6.2016,no,essence,2016.0
Geely,GK-GL,51000.0,72000.0,4 x 4,Essence,Automatique,6.0,6.2021,no,essence,2021.0
Chery,Tiggo,46000.0,54000.0,Compacte,Essence,Automatique,5.0,6.2021,no,essence,2021.0
Volkswagen,Golf,59000.0,175.0,Berline,Essence,Manuelle,,6.2016,no,essence,2016.0
Mercedes-Benz,Classe A,12345.0,60000.0,Compacte,Essence,Manuelle,8.0,6.2018,no,essence,2018.0
Kia,Picanto,42000.0,99.0,Compacte,Essence,Manuelle,5.0,6.2024,no,essence,2024.0
Volkswagen,Golf,41000.0,256000.0,Compacte,Essence,Manuelle,,6.2012,no,essence,2012.0
Volkswagen,Amarok,42800.0,226500.0,Autres,Diesel,Manuelle,7.0,6.2011,no,diesel,2011.0
Chery,Tiggo,53000.0,28.0,Pick up,Essence,Automatique,6.0,6.2021,no,essence,2021.0
Peugeot,301,22000.0,1.0,Berline,Essence,Manuelle,5.0,6.2013,no,essence,2013.0
Peugeot,3008,78000.0,139000.0,Berline,Diesel,Automatique,6.0,6.2020,no,diesel,2020.0
Seat,Leon ST,41000.0,178500.0,Compacte,Essence,Manuelle,6.0,6.2016,no,essence,2016.0
Alfa Romeo,Gt,27000.0,243000.0,Autres,Essence,Manuelle,9.0,6.2008,no,essence,2008.0
Renault,Clio,41000.0,118000.0,Compacte,Diesel,Manuelle,4.0,6.2019,no,diesel,2019.0
Citroen,C3,40000.0,121000.0,Berline,Essence,Manuelle,4.0,6.2018,no,essence,2018.0
Volkswagen,Golf 7,62000.0,151000.0,Compacte,Essence,Manuelle,5.0,6.2019,no,essence,2019.0
Mercedes-Benz,Classe C,57000.0,270000.0,Berline,Diesel,Automatique,8.0,6.2007,no,diesel,2007.0
Peugeot,206+,24500.0,178000.0,Compacte,Essence,Manuelle,4.0,6.2012,no,essence,2012.0
Suzuki,Baleno,51000.0,93000.0,Berline,Essence,Automatique,6.0,6.2019,no,essence,2019.0
Renault,Clio,44500.0,140000.0,Compacte,Essence,Manuelle,4.0,6.2021,no,essence,2021.0
Peugeot,508,70000.0,140000.0,Berline,Diesel,Automatique,6.0,6.2020,no,diesel,2020.0
Volkswagen,Polo,24000.0,228000.0,Autres,Essence,Manuelle,5.0,6.2007,no,essence,2007.0
Citroen,C-Elysée,25500.0,174000.0,Berline,Essence,Manuelle,5.0,6.2018,no,essence,2018.0
Ford,Kuga,96000.0,52000.0,4 x 4,Essence,Automatique,8.0,6.2022,no,essence,2022.0
Volkswagen,Polo,33500.0,162.0,Compacte,Essence,Manuelle,4.0,6.2017,no,essence,2017.0
Opel,Corsa,25500.0,115000.0,Berline,Essence,Manuelle,5.0,6.2017,no,essence,2017.0
Opel,Corsa,25500.0,130.0,Autres,Essence,Manuelle,5.0,6.2017,no,essence,2017.0
Kia,Rio,62000.0,1.0,Autres,Essence,Automatique,6.0,6.2020,no,essence,2020.0
Nissan,Qashqai,57000.0,198307.0,Autres,Essence,Manuelle,6.0,6.2015,no,essence,2015.0
Volkswagen,Golf 7,48500.0,217000.0,Compacte,Essence,Manuelle,5.0,6.2016,no,essence,2016.0
Volkswagen,Golf 8,66500.0,128000.0,Compacte,Diesel,Manuelle,6.0,6.2020,no,diesel,2020.0
Hyundai,I 10,41000.0,142000.0,Autres,Essence,Automatique,0.0,6.2019,no,essence,2019.0
Suzuki,Alto,33000.0,179000.0,Compacte,Essence,Automatique,0.0,6.2019,no,essence,2019.0
Chery,Tiggo,58000.0,29000.0,Berline,Essence,Automatique,6.0,6.2022,no,essence,2022.0
Renault,Clio,51000.0,116000.0,Berline,Diesel,Manuelle,4.0,6.2020,no,diesel,2020.0
Land Rover,Range Rover Sport,125000.0,300.0,Autres,Diesel,Automatique,8.0,6.2017,no,diesel,2017.0
Audi,A4,52000.0,220000.0,Berline,Diesel,Manuelle,6.0,6.2013,no,diesel,2013.0
Peugeot,2008,42500.0,160000.0,Autres,Essence,Manuelle,5.0,6.2017,no,essence,2017.0
Volkswagen,Golf 7,52000.0,87000.0,Compacte,Essence,Manuelle,6.0,6.2015,no,essence,2015.0
Chery,Tiggo,45000.0,54000.0,Compacte,Essence,Automatique,5.0,6.2021,no,essence,2021.0
Kia,Sportage,117400.0,17080.0,Autres,Essence,Automatique,8.0,6.2024,no,essence,2024.0
Kia,Picanto,42000.0,41000.0,Compacte,Essence,Manuelle,4.0,6.2023,no,essence,2023.0
Mercedes-Benz,220,250000.0,100000.0,Berline,Diesel,Automatique,12.0,6.2022,no,diesel,2022.0
Hyundai,Grand i10,40000.0,87000.0,Berline,Essence,Manuelle,5.0,6.2023,no,essence,2023.0
Dacia,Dokker,26000.0,250000.0,Autres,Diesel,Manuelle,5.0,6.2018,no,diesel,2018.0
Audi,Q7,60000.0,210000.0,4 x 4,Diesel,Automatique,16.0,6.2008,no,diesel,2008.0
Peugeot,5008,38000.0,188000.0,Berline,Diesel,Manuelle,6.0,6.2011,no,diesel,2011.0
Peugeot,406,24500.0,300000.0,Berline,Essence,Manuelle,8.0,6.2006,no,essence,2006.0
Peugeot,4008,63000.0,155600.0,Autres,Diesel,Manuelle,8.0,6.2012,no,diesel,2012.0
Suzuki,Vitara,67000.0,64700.0,4 x 4,Essence,Automatique,6.0,6.2018,no,essence,2018.0
Kia,Sportage,75000.0,135000.0,Autres,Essence,Automatique,7.0,6.2021,no,essence,2021.0
Opel,Corsa,25500.0,130.0,Autres,Essence,Manuelle,5.0,6.2015,no,essence,2015.0
Peugeot,208,39800.0,42000.0,Compacte,Essence,Manuelle,4.0,6.2023,no,essence,2023.0
Peugeot,Boxer,17500.0,400.0,Autres,Diesel,Manuelle,7.0,6.2006,no,diesel,2006.0
Audi,A5,89999.0,98947.0,Berline,Essence,Automatique,8.0,6.2018,no,essence,2018.0
Opel,Corsa,55000.0,42500.0,Compacte,Essence,Manuelle,5.0,6.2022,no,essence,2022.0
Suzuki,Swift,39800.0,91.0,Compacte,Essence,Automatique,5.0,6.2021,no,essence,2021.0
Kia,Rio,57500.0,95000.0,Compacte,Essence,Manuelle,5.0,6.2021,no,essence,2021.0
Toyota,Hilux,250000.0,18000.0,4 x 4,Diesel,Automatique,11.0,6.2025,no,diesel,2025.0
Volkswagen,Golf,43000.0,184000.0,Autres,Essence,Manuelle,5.0,6.2013,no,essence,2013.0
Ford,Fiesta,25000.0,208000.0,Berline,Essence,Manuelle,5.0,6.2009,no,essence,2009.0
BMW,Serie 5,72000.0,258000.0,Berline,Essence,Automatique,9.0,6.2017,no,essence,2017.0
Peugeot,508,49000.0,176000.0,Berline,Diesel,Automatique,6.0,6.2017,no,diesel,2017.0
Toyota,Prado,118000.0,287000.0,4 x 4,Diesel,Manuelle,9.0,6.2010,no,diesel,2010.0
Mazda,2,40000.0,114000.0,Berline,Essence,Manuelle,6.0,6.2017,no,essence,2017.0
Mercedes-Benz,Classe SLS,150000.0,230.0,Berline,Diesel,Automatique,15.0,6.2009,no,diesel,2009.0
Citroen,Berlingo,43000.0,255.0,Utilitaire,Diesel,Manuelle,5.0,6.2013,no,diesel,2013.0
Fiat,Tipo,43000.0,87000.0,Autres,Essence,Manuelle,5.0,6.2017,no,essence,2017.0
Peugeot,Partner,22222.0,108650.0,Autres,Diesel,Manuelle,4.0,6.2020,no,diesel,2020.0
Audi,A3,75000.0,95000.0,Berline,Essence,Automatique,125.0,6.2015,no,essence,2015.0
Renault,Clio,45500.0,32000.0,Berline,Essence,Manuelle,4.0,6.2021,no,essence,2021.0
Mercedes-Benz,Classe C,48500.0,221.0,Berline,Essence,Automatique,9.0,6.2010,no,essence,2010.0
Mercedes-Benz,Classe E,130000.0,195000.0,Berline,Hybride Diesel,Automatique,11.0,6.2021,no,hybride,2021.0
Peugeot,208,31000.0,121.0,Autres,Essence,Manuelle,4.0,6.2019,no,essence,2019.0
Peugeot,301,23000.0,162000.0,Autres,Essence,Manuelle,5.0,6.2013,no,essence,2013.0
Citroen,C3,35750.0,13000.0,Berline,Essence,Manuelle,4.0,6.2020,no,essence,2020.0
Dacia,Duster,11111.0,46000.0,Pick up,Diesel,Automatique,6.0,6.2024,no,diesel,2024.0
Renault,Clio,31000.0,250000.0,Compacte,Essence,Manuelle,5.0,6.2017,no,essence,2017.0
Mahindra,Hover,56000.0,50000.0,Compacte,Essence,Manuelle,6.0,6.2023,no,essence,2023.0
Fiat,500X,53000.0,79000.0,Compacte,Hybride essence,Manuelle,4.0,6.2021,no,hybride,2021.0
Volkswagen,Passat,32000.0,300000.0,Berline,Essence,Manuelle,7.0,6.2009,no,essence,2009.0
MG,3,46000.0,78000.0,Compacte,Essence,Manuelle,6.0,6.2020,no,essence,2020.0
Peugeot,208,46800.0,73000.0,Autres,Essence,Manuelle,5.0,6.2022,no,essence,2022.0
Peugeot,308,48000.0,153000.0,Berline,Diesel,Manuelle,5.0,6.2016,no,diesel,2016.0
Renault,Capture,47000.0,200000.0,Compacte,Diesel,Manuelle,4.0,6.2017,no,diesel,2017.0
Volkswagen,Tiguan,36000.0,310.0,4 x 4,Essence,Manuelle,9.0,6.2009,no,essence,2009.0
BMW,X6,130000.0,95000.0,Berline,Essence,Automatique,48.0,6.2010,no,essence,2010.0
Honda,Civic,57000.0,195000.0,Berline,Essence,Automatique,9.0,6.2015,no,essence,2015.0
Ford,ECOSPORT,58000.0,37500.0,Monospace,Essence,Manuelle,7.0,6.2020,no,essence,2020.0
Kia,Picanto,31000.0,138000.0,Compacte,Essence,Automatique,5.0,6.2013,no,essence,2013.0
Toyota,Corolla,77000.0,50000.0,Autres,Essence,Automatique,,6.2021,no,essence,2021.0
Seat,Ibiza,32000.0,250000.0,Monospace,Essence,Manuelle,5.0,6.2014,no,essence,2014.0
Citroen,Berlingo,65000.0,192000.0,Compacte,Diesel,Manuelle,5.0,6.2020,no,diesel,2020.0
Audi,Q5,100000.0,160000.0,4 x 4,Diesel,Manuelle,8.0,6.2016,no,diesel,2016.0
Fiat,Tipo,51000.0,70000.0,Berline,Essence,Manuelle,,6.2021,no,essence,2021.0
Toyota,Corolla,135000.0,37500.0,Autres,Hybride essence,Automatique,5.0,6.2023,no,hybride,2023.0
Volkswagen,Polo,27500.0,137.0,Compacte,Essence,Manuelle,5.0,6.2013,no,essence,2013.0
Jeep,Grand Cherokee,178000.0,140000.0,4 x 4,Essence,Automatique,20.0,6.2018,no,essence,2018.0
Ssangyong,Tivoli,38000.0,201.0,4 x 4,Essence,Automatique,7.0,6.2017,no,essence,2017.0
Citroen,C3,35750.0,1000.0,Berline,Essence,Manuelle,4.0,6.2020,no,essence,2020.0
Volkswagen,Golf,60500.0,117900.0,Autres,Essence,Automatique,0.0,6.2020,no,essence,2020.0
Renault,Megane,59000.0,102750.0,Berline,Diesel,Manuelle,130.0,6.2010,no,diesel,2010.0
Audi,A5,122000.0,96000.0,Berline,Essence,Automatique,8.0,6.2018,no,essence,2018.0
Peugeot,208,39500.0,41000.0,Compacte,Essence,Manuelle,4.0,6.2022,no,essence,2022.0
Audi,A4,30000.0,0.0,Berline,Diesel,Manuelle,0.0,6.2006,no,diesel,2006.0
Seat,Leon,83000.0,31000.0,4 x 4,Essence,Automatique,6.0,6.2024,no,essence,2024.0
Volkswagen,Golf 7,48000.0,200.0,Berline,Essence,Automatique,6.0,6.2013,no,essence,2013.0
Ford,Fiesta,32500.0,179500.0,Compacte,Essence,Manuelle,5.0,6.2014,no,essence,2014.0
Peugeot,2008,42990.0,122000.0,Monospace,Essence,Manuelle,5.0,6.2018,no,essence,2018.0
Audi,Q5,42000.0,230000.0,Autres,Essence,Automatique,13.0,6.2012,no,essence,2012.0
Renault,Clio,16500.0,125000.0,Berline,Essence,Manuelle,4.0,6.2022,no,essence,2022.0
Renault,Clio,41500.0,180.0,Compacte,Diesel,Manuelle,4.0,6.2016,no,diesel,2016.0
Geely,GK-GS,47000.0,83600.0,4 x 4,Essence,Manuelle,6.0,6.2021,no,essence,2021.0
Kia,Rio,34500.0,202000.0,Berline,Essence,Manuelle,5.0,6.2014,no,essence,2014.0
Ford,Fiesta,37000.0,163.0,Autres,Essence,Manuelle,0.0,6.2007,no,essence,2007.0
Toyota,C-HR,69900.0,174000.0,Autres,Essence,Automatique,6.0,6.2020,no,essence,2020.0
Renault,Clio,42000.0,125000.0,Compacte,Essence,Manuelle,,6.2019,no,essence,2019.0
Geely,GK-GS,78000.0,17000.0,Autres,Essence,Automatique,10.0,6.2024,no,essence,2024.0
Volkswagen,Golf 8,127000.0,28000.0,Compacte,Hybride essence,Automatique,8.0,6.2024,no,hybride,2024.0
Kia,Sportage,85000.0,290000.0,Pick up,Diesel,Automatique,7.0,6.2018,no,diesel,2018.0
Peugeot,Partner,45000.0,165000.0,Utilitaire,Diesel,Manuelle,,6.2021,no,diesel,2021.0
Suzuki,Swift,37000.0,140000.0,Utilitaire,Essence,Manuelle,5.0,6.2020,no,essence,2020.0
Ford,Fiesta,18500.0,255.0,Compacte,Essence,Manuelle,5.0,6.2009,no,essence,2009.0
Hyundai,I 10,32500.0,200.0,Autres,Essence,Automatique,5.0,6.2017,no,essence,2017.0
Suzuki,Baleno,34000.0,99000.0,Berline,Essence,Automatique,5.0,6.2018,no,essence,2018.0
Mahindra,Hover,25000.0,144000.0,Autres,Essence,Manuelle,5.0,6.2019,no,essence,2019.0
Hyundai,Ix 35,49000.0,120000.0,4 x 4,Essence,Automatique,11.0,6.2014,no,essence,2014.0
Ssangyong,Actyon,36000.0,300000.0,4 x 4,Diesel,Manuelle,7.0,6.2013,no,diesel,2013.0
Fiat,Punto,28200.0,120000.0,Berline,Essence,Manuelle,5.0,6.2012,no,essence,2012.0
Peugeot,2008,37900.0,104000.0,Autres,Essence,Manuelle,5.0,6.2018,no,essence,2018.0
Toyota,Hi Ace,18000.0,1.0,Autres,Diesel,Manuelle,5.0,6.2010,no,diesel,2010.0
Kia,Sportage,134900.0,39000.0,4 x 4,Essence,Automatique,10.0,6.2023,no,essence,2023.0
BMW,X5,297000.0,70000.0,4 x 4,Essence,Automatique,49.0,6.2016,no,essence,2016.0
Toyota,RAV 4,89900.0,171000.0,4 x 4,Essence,Automatique,9.0,6.2017,no,essence,2017.0
Ford,Fiesta,24000.0,290000.0,Utilitaire,Essence,Manuelle,5.0,6.2012,no,essence,2012.0
Citroen,C3,35750.0,1000.0,Berline,Essence,Manuelle,4.0,6.2020,no,essence,2020.0
Mercedes-Benz,Classe C,107000.0,98000.0,Berline,Diesel,Automatique,6.0,6.2016,no,diesel,2016.0
Peugeot,RCZ,39900.0,92000.0,Compacte,Essence,Manuelle,9.0,6.2011,no,essence,2011.0
Fiat,Fiorino,28500.0,127000.0,Utilitaire,Diesel,Manuelle,5.0,6.2021,no,diesel,2021.0
Fiat,Doblo,38500.0,110000.0,Berline,Diesel,Manuelle,4.0,6.2023,no,diesel,2023.0
Volkswagen,Caddy,25000.0,197.0,Autres,Diesel,Manuelle,5.0,6.2012,no,diesel,2012.0
Volkswagen,Passat CC,32500.0,252000.0,Berline,Essence,Automatique,9.0,6.2011,no,essence,2011.0
Ford,Fiesta,38000.0,109000.0,Berline,Essence,Manuelle,5.0,6.2016,no,essence,2016.0
Renault,Kangoo,35000.0,166000.0,Utilitaire,Diesel,Manuelle,5.0,6.2020,no,diesel,2020.0
Hyundai,I 10,25000.0,190000.0,Berline,Essence,Manuelle,4.0,6.2017,no,essence,2017.0
Renault,Fluence,33500.0,180000.0,Berline,Diesel,Manuelle,6.0,6.2013,no,diesel,2013.0
Suzuki,Celerio,35000.0,75000.0,Compacte,Essence,Manuelle,4.0,6.2022,no,essence,2022.0
Peugeot,107,25500.0,140000.0,Berline,Essence,Manuelle,4.0,6.2011,no,essence,2011.0
Peugeot,301,24500.0,159000.0,Berline,Essence,Manuelle,5.0,6.2015,no,essence,2015.0
Citroen,C3,25000.0,180000.0,Autres,Essence,Manuelle,,6.2013,no,essence,2013.0
Fiat,Panda,26000.0,184000.0,Utilitaire,Essence,Manuelle,4.0,6.2012,no,essence,2012.0
Volkswagen,Tiguan,98000.0,138000.0,Autres,Essence,Automatique,8.0,6.2020,no,essence,2020.0
Citroen,C3,48000.0,96550.0,Berline,Essence,Manuelle,82.0,6.2021,no,essence,2021.0
Peugeot,301,24500.0,159000.0,Autres,Essence,Manuelle,5.0,6.2016,no,essence,2016.0
Fiat,Grande Punto,24500.0,173000.0,Berline,Essence,Manuelle,4.0,6.2011,no,essence,2011.0
Peugeot,3008,73000.0,167400.0,Monospace,Diesel,Manuelle,,6.2019,no,diesel,2019.0
Fiat,Punto,24500.0,170000.0,Autres,Essence,Manuelle,4.0,6.2011,no,essence,2011.0
Volkswagen,Polo,68000.0,21150.0,Compacte,Essence,Manuelle,4.0,6.2022,no,essence,2022.0
Peugeot,3008,81000.0,145000.0,Autres,Diesel,Automatique,6.0,6.2020,no,diesel,2020.0
Volkswagen,Polo,31500.0,170.0,Autres,Essence,Automatique,7.0,6.2006,no,essence,2006.0
Peugeot,301,25997.0,150.0,Berline,Essence,Manuelle,5.0,6.2015,no,essence,2015.0
Peugeot,208,54000.0,27000.0,Autres,Essence,Manuelle,5.0,6.2022,no,essence,2022.0
Peugeot,2008,39000.0,125000.0,Autres,Essence,Manuelle,5.0,6.2017,no,essence,2017.0
Peugeot,206,21200.0,229000.0,Berline,Essence,Manuelle,4.0,6.2012,no,essence,2012.0
Kia,Cerato,45000.0,200000.0,Berline,Essence,Automatique,8.0,6.2014,no,essence,2014.0
Hyundai,I 20,28000.0,217.0,Compacte,Essence,Manuelle,4.0,6.2014,no,essence,2014.0
Suzuki,Celerio,35000.0,75000.0,Compacte,Essence,Manuelle,4.0,6.2022,no,essence,2022.0
Volkswagen,Polo,22500.0,272000.0,Berline,Essence,Manuelle,5.0,6.2010,no,essence,2010.0
Renault,Twingo,37000.0,57000.0,Compacte,Essence,Automatique,4.0,6.2023,no,essence,2023.0
Kia,Sportage,42000.0,198264.0,4 x 4,Essence,Automatique,11.0,6.2011,no,essence,2011.0
Mercedes-Benz,Classe GLC,255000.0,40000.0,4 x 4,Hybride Diesel,Automatique,,6.2020,no,hybride,2020.0
Jeep,Commander,80000.0,43755.0,Utilitaire,Essence,Automatique,8.0,6.2020,no,essence,2020.0
Volkswagen,Transporter,33000.0,560.0,Utilitaire,Diesel,Manuelle,7.0,6.2014,no,diesel,2014.0
Audi,A4,39500.0,190000.0,Berline,Essence,Manuelle,7.0,6.2014,no,essence,2014.0
Suzuki,Celerio,35000.0,75000.0,Compacte,Essence,Manuelle,4.0,6.2022,no,essence,2022.0
Seat,Ibiza,29000.0,193500.0,Compacte,Essence,Manuelle,5.0,6.2014,no,essence,2014.0
Citroen,DS23,85000.0,135000.0,Pick up,Essence,Automatique,165.0,6.2020,no,essence,2020.0
Peugeot,3008,70000.0,133000.0,4 x 4,Essence,Automatique,9.0,6.2018,no,essence,2018.0
Chery,Tiggo,69500.0,67000.0,Autres,Essence,Automatique,9.0,6.2023,no,essence,2023.0
Volkswagen,Caddy,38000.0,224700.0,Utilitaire,Diesel,Manuelle,6.0,6.2020,no,diesel,2020.0
Audi,Q3,78000.0,142000.0,Autres,Essence,Automatique,8.0,6.2017,no,essence,2017.0
Audi,A4,36000.0,172000.0,Berline,Essence,Manuelle,7.0,6.2012,no,essence,2012.0
Hyundai,I 20,70500.0,11900.0,Compacte,Essence,Manuelle,4.0,6.2024,no,essence,2024.0
Hyundai,I 10,48500.0,16000.0,Compacte,Essence,Automatique,5.0,6.2023,no,essence,2023.0
Peugeot,208,28000.0,141000.0,Berline,Essence,Manuelle,5.0,6.2016,no,essence,2016.0
Chery,Tiggo,46000.0,46000.0,4 x 4,Essence,Manuelle,6.0,6.2020,no,essence,2020.0
Haval,jolion,90000.0,60000.0,4 x 4,Essence,Automatique,9.0,6.2022,no,essence,2022.0
Volkswagen,Golf,47000.0,250000.0,Compacte,Essence,Manuelle,5.0,6.2016,no,essence,2016.0
Mercedes-Benz,Classe E,54999.0,230895.0,Berline,Diesel,Automatique,10.0,6.2009,no,diesel,2009.0
Mercedes-Benz,Classe C,140000.0,50701.0,Berline,Diesel,Automatique,9.0,6.2019,no,diesel,2019.0
BMW,Serie 1,36000.0,182000.0,Compacte,Essence,Manuelle,7.0,6.2010,no,essence,2010.0
MG,ZS,55000.0,116000.0,Berline,Essence,Manuelle,7.0,6.2019,no,essence,2019.0
Kia,Sportage,67000.0,120000.0,Compacte,Essence,Manuelle,7.0,6.2017,no,essence,2017.0
Peugeot,207,23800.0,240000.0,Compacte,Essence,Manuelle,6.0,6.2010,no,essence,2010.0
Mercedes-Benz,Classe C,86000.0,177000.0,Berline,Diesel,Automatique,6.0,6.2016,no,diesel,2016.0
Opel,Corsa,55000.0,86000.0,Compacte,Essence,Manuelle,5.0,6.2022,no,essence,2022.0
Peugeot,107,25500.0,140000.0,Berline,Essence,Manuelle,4.0,6.2011,no,essence,2011.0
Kia,Sportage,73000.0,41000.0,4 x 4,Essence,Automatique,11.0,6.2015,no,essence,2015.0
Hyundai,I 20,56500.0,87000.0,Berline,Essence,Manuelle,5.0,6.2021,no,essence,2021.0
Renault,Clio,39900.0,109000.0,Compacte,Essence,Manuelle,4.0,6.2017,no,essence,2017.0
Nissan,Juke,35000.0,48000.0,Compacte,Essence,Manuelle,6.0,6.2025,no,essence,2025.0
Porsche,Cayenne,95000.0,125000.0,Compacte,Essence,Automatique,21.0,6.2009,no,essence,2009.0
Ford,Focus,38000.0,138.0,Autres,Essence,Manuelle,6.0,6.2015,no,essence,2015.0
Volkswagen,Amarok,58500.0,270.0,4 x 4,Diesel,Manuelle,8.0,6.2012,no,diesel,2012.0
Citroen,C3,34000.0,74000.0,Compacte,Essence,Manuelle,82.0,6.2020,no,essence,2020.0
Peugeot,Partner,43000.0,190000.0,Compacte,Diesel,Manuelle,5.0,6.2018,no,diesel,2018.0
Seat,Arosa,65000.0,52000.0,Utilitaire,Essence,Manuelle,6.0,6.2021,no,essence,2021.0
Volkswagen,T-ROC,85000.0,103000.0,Compacte,Essence,Manuelle,6.0,6.2019,no,essence,2019.0
Renault,Clio,11111.0,126.0,Compacte,Essence,Manuelle,5.0,6.2021,no,essence,2021.0
Renault,Clio,56000.0,77000.0,Compacte,Essence,Manuelle,5.0,6.2022,no,essence,2022.0
Hyundai,I 20,45000.0,146188.0,Compacte,Essence,Manuelle,5.0,6.2019,no,essence,2019.0
Porsche,Cayenne,95000.0,150000.0,4 x 4,Essence,Automatique,21.0,6.2009,no,essence,2009.0
MG,HS,89000.0,70000.0,Autres,Essence,Automatique,9.0,6.2022,no,essence,2022.0
Hyundai,I 20,70500.0,11900.0,Compacte,Essence,Manuelle,4.0,6.2024,no,essence,2024.0
Volkswagen,Polo,12121.0,120000.0,Compacte,Essence,Automatique,4.0,6.2022,no,essence,2022.0
Ford,ECOSPORT,62001.0,77000.0,Autres,Essence,Automatique,7.0,6.2021,no,essence,2021.0
Peugeot,207 CC,23000.0,261.0,Cabriolet,Essence,Manuelle,95.0,6.2011,no,essence,2011.0
Mahindra,Scorpion,27500.0,100000.0,Pick up,Diesel,Manuelle,8.0,6.2015,no,diesel,2015.0
Ford,Fiesta,26500.0,0.0,Autres,Essence,Manuelle,5.0,6.2011,no,essence,2011.0
Volkswagen,Golf,85000.0,124000.0,Compacte,Essence,Automatique,5.0,6.2021,no,essence,2021.0
Volkswagen,Polo,29000.0,230000.0,Compacte,Essence,Manuelle,5.0,6.2011,no,essence,2011.0
Volkswagen,Golf 7,67000.0,179000.0,Berline,Essence,Manuelle,8.0,6.2018,no,essence,2018.0
mini,Cooper,57000.0,150000.0,Autres,Essence,Manuelle,7.0,6.2014,no,essence,2014.0
MG,5,43497.0,72000.0,Berline,Essence,Manuelle,6.0,6.2020,no,essence,2020.0
Ford,Fiesta,25000.0,194000.0,4 x 4,Essence,Manuelle,5.0,6.2012,no,essence,2012.0
Hyundai,Elantra,46000.0,216466.0,Berline,Essence,Manuelle,7.0,6.2015,no,essence,2015.0
Isuzu,D-MAX,120000.0,220.0,4 x 4,Diesel,Manuelle,8.0,6.2020,no,diesel,2020.0
Volkswagen,Passat,52000.0,198000.0,Berline,Essence,Manuelle,7.0,6.2016,no,essence,2016.0
Peugeot,208,35500.0,99000.0,Autres,Essence,Manuelle,5.0,6.2022,no,essence,2022.0
Citroen,Jumpy,55000.0,247000.0,Autres,Diesel,Manuelle,7.0,6.2017,no,diesel,2017.0
Dacia,Sandero,43000.0,144.0,Berline,Essence,Manuelle,6.0,6.2019,no,essence,2019.0
Kia,Rio,43000.0,116000.0,Compacte,Essence,Manuelle,4.0,6.2017,no,essence,2017.0
Kia,Sportage,12345.0,108000.0,Berline,Diesel,Automatique,7.0,6.2021,no,diesel,2021.0
Renault,Clio,34900.0,130000.0,Compacte,Essence,Manuelle,5.0,6.2022,no,essence,2022.0
Chery,Tiggo,39000.0,77000.0,Berline,Essence,Manuelle,6.0,6.2020,no,essence,2020.0
Kia,Rio,36000.0,148000.0,Berline,Essence,Automatique,5.0,6.2013,no,essence,2013.0
Nissan,Juke,35000.0,48000.0,Compacte,Essence,Manuelle,6.0,6.2025,no,essence,2025.0
Volkswagen,Tiguan,67000.0,215000.0,Monospace,Essence,Automatique,9.0,6.2014,no,essence,2014.0
Hyundai,I 20,53000.0,62000.0,Compacte,Essence,Manuelle,5.0,6.2022,no,essence,2022.0
BMW,Serie 7,140000.0,117000.0,Berline,Essence,Automatique,31.0,6.2011,no,essence,2011.0
Citroen,C3,21700.0,185000.0,Compacte,Essence,Manuelle,4.0,6.2006,no,essence,2006.0
Volkswagen,Golf,48000.0,234500.0,Compacte,Essence,Manuelle,5.0,6.2011,no,essence,2011.0
Volkswagen,Passat CC,34500.0,186000.0,Compacte,Essence,Automatique,9.0,6.2012,no,essence,2012.0
Ford,Escort,53000.0,56000.0,Pick up,Essence,Manuelle,7.0,6.2018,no,essence,2018.0
Citroen,Berlingo,44000.0,160.0,Utilitaire,Diesel,Manuelle,4.0,6.2021,no,diesel,2021.0
Nissan,Juke,35000.0,48000.0,Compacte,Essence,Manuelle,6.0,6.2025,no,essence,2025.0
Isuzu,D-MAX,111000.0,3000.0,Pick up,Diesel,Manuelle,9.0,6.2025,no,diesel,2025.0
Peugeot,3008,35000.0,157000.0,Autres,Essence,Manuelle,7.0,6.2012,no,essence,2012.0
Kia,Sorento,57000.0,210000.0,4 x 4,Diesel,Automatique,12.0,6.2011,no,diesel,2011.0
Geely,GK-GS,80000.0,17.0,Autres,Essence,Automatique,10.0,6.2024,no,essence,2024.0
Dongfeng,s50,35500.0,95000.0,Berline,Essence,Manuelle,6.0,6.2019,no,essence,2019.0
Ford,Fiesta,29700.0,158000.0,Autres,Essence,Manuelle,5.0,6.2014,no,essence,2014.0
Volkswagen,Golf 8,70000.0,176.0,Autres,Diesel,Automatique,6.0,6.2019,no,diesel,2019.0
Ford,Fiesta,18500.0,222.0,Compacte,Essence,Manuelle,5.0,6.2008,no,essence,2008.0
Peugeot,207,24500.0,247000.0,Autres,Essence,Manuelle,6.0,6.2006,no,essence,2006.0
Autres,Autres,23000.0,110000.0,4 x 4,Essence,Manuelle,7.0,6.2018,no,essence,2018.0
Renault,Clio,44000.0,75000.0,Autres,Essence,Manuelle,4.0,6.2020,no,essence,2020.0
Audi,A3,42000.0,229000.0,Autres,Diesel,Automatique,8.0,6.2010,no,diesel,2010.0
Audi,A3,39500.0,213.0,Compacte,Essence,Manuelle,6.0,6.2010,no,essence,2010.0
Volkswagen,Polo,49500.0,118000.0,Compacte,Essence,Manuelle,4.0,6.2022,no,essence,2022.0
Renault,Express,16000.0,66000.0,Utilitaire,Diesel,Manuelle,5.0,6.2024,no,diesel,2024.0
Suzuki,Wagon R,49500.0,153000.0,Monospace,Essence,Automatique,6.0,6.2021,no,essence,2021.0
Chery,QQ,26000.0,43000.0,Compacte,Essence,Manuelle,4.0,6.2022,no,essence,2022.0
Ford,Fiesta,26800.0,184000.0,Autres,Essence,Manuelle,5.0,6.2012,no,essence,2012.0
Mercedes-Benz,E Coupé,172000.0,91000.0,Berline,Essence,Automatique,10.0,6.2018,no,essence,2018.0
Mercedes-Benz,Classe A,90000.0,79214.0,Berline,Diesel,Automatique,7.0,6.2017,no,diesel,2017.0
Audi,A4,35900.0,298000.0,Berline,Essence,Manuelle,7.0,6.2011,no,essence,2011.0
BMW,Serie 3,74000.0,105000.0,Berline,Diesel,Automatique,,6.2017,no,diesel,2017.0
Peugeot,301,23000.0,160000.0,Compacte,Essence,Manuelle,1199.0,6.2016,no,essence,2016.0
Opel,Corsa,30500.0,127000.0,Compacte,Essence,Manuelle,5.0,6.2017,no,essence,2017.0
Suzuki,Celerio,41000.0,32000.0,Autres,Essence,Manuelle,4.0,6.2023,no,essence,2023.0
Citroen,Berlingo,50000.0,120000.0,Utilitaire,Diesel,Manuelle,5.0,6.2021,no,diesel,2021.0
Peugeot,508,30000.0,170000.0,Berline,Essence,Automatique,7.0,6.2013,no,essence,2013.0
Volkswagen,Passat,112000.0,93000.0,Berline,Hybride essence,Automatique,8.0,6.2020,no,hybride,2020.0
Fiat,Doblo,35000.0,110724.0,Utilitaire,Diesel,Manuelle,,6.2020,no,diesel,2020.0
Kia,Carens,42000.0,183000.0,Berline,Essence,Automatique,7.0,6.2016,no,essence,2016.0
Kia,Rio,52000.0,162000.0,Berline,Essence,Manuelle,5.0,6.2020,no,essence,2020.0
Hyundai,I 10,38500.0,129.0,Compacte,Essence,Manuelle,5.0,6.2021,no,essence,2021.0
Kia,Sorento,57000.0,210000.0,4 x 4,Diesel,Automatique,12.0,6.2011,no,diesel,2011.0
MG,ZS,47500.0,59000.0,Compacte,Essence,Manuelle,5.0,6.2024,no,essence,2024.0
Peugeot,508,90000.0,140000.0,Berline,Essence,Automatique,6.0,6.2020,no,essence,2020.0
Kia,Sportage,140000.0,31000.0,Autres,Essence,Automatique,10.0,6.2023,no,essence,2023.0
Volkswagen,Golf 8,111000.0,34000.0,Berline,Essence,Automatique,8.0,6.2021,no,essence,2021.0
Peugeot,2008,56000.0,106000.0,Autres,Essence,Manuelle,6.0,6.2020,no,essence,2020.0
MG,ZS,56000.0,79500.0,Berline,Essence,Manuelle,7.0,6.2020,no,essence,2020.0
Renault,Twingo,23500.0,198000.0,Compacte,Essence,Manuelle,,6.2014,no,essence,2014.0
Opel,Corsa,30500.0,170000.0,Berline,Essence,Manuelle,5.0,6.2017,no,essence,2017.0
Haval,H6,94500.0,49800.0,4 x 4,Essence,Automatique,8.0,6.2022,no,essence,2022.0
Citroen,Berlingo,19000.0,999.0,Berline,Diesel,Manuelle,7.0,6.2010,no,diesel,2010.0
Autres,Autres,31800.0,97000.0,Compacte,Essence,Manuelle,6.0,6.2021,no,essence,2021.0
Fiat,Fiorino,39000.0,40000.0,Utilitaire,Diesel,Manuelle,5.0,6.2021,no,diesel,2021.0
Fiat,Doblo,18000.0,0.0,Utilitaire,Diesel,Manuelle,5.0,6.2012,no,diesel,2012.0
Suzuki,Celerio,32000.0,95000.0,Compacte,Essence,Manuelle,4.0,6.2019,no,essence,2019.0
Ford,Focus,79000.0,33000.0,Berline,Essence,Automatique,7.0,6.2023,no,essence,2023.0
Renault,Clio,31500.0,190.0,Utilitaire,Essence,Automatique,5.0,6.2011,no,essence,2011.0
Autres,Autres,37000.0,57000.0,4 x 4,Essence,Manuelle,11.0,6.2009,no,essence,2009.0
Ford,Fiesta,18500.0,225.0,Compacte,Essence,Manuelle,5.0,6.2008,no,essence,2008.0
Hyundai,Tucson,110000.0,62400.0,Compacte,Hybride Diesel,Automatique,7.0,6.2021,no,hybride,2021.0
Isuzu,D-MAX,58000.0,310.0,Pick up,Diesel,Manuelle,8.0,6.2016,no,diesel,2016.0
Peugeot,Bipper,75000.0,90000.0,Autres,Diesel,Manuelle,7.0,6.2022,no,diesel,2022.0
Citroen,Berlingo,35000.0,380.0,Autres,Diesel,Manuelle,5.0,6.2010,no,diesel,2010.0
Peugeot,2008,62000.0,42000.0,Autres,Essence,Automatique,4.0,6.2021,no,essence,2021.0
Land Rover,Range Rover Evoque,84000.0,152000.0,4 x 4,Essence,Automatique,15.0,6.2014,no,essence,2014.0
Ssangyong,Rexton,56000.0,200000.0,4 x 4,Diesel,Automatique,11.0,6.2012,no,diesel,2012.0
Kia,Cerato,50600.0,112000.0,Berline,Essence,Automatique,8.0,6.2017,no,essence,2017.0
Fiat,Doblo,21500.0,245000.0,Utilitaire,Diesel,Manuelle,5.0,6.2015,no,diesel,2015.0
Nissan,Qashqai,60000.0,147000.0,Berline,Essence,Automatique,6.0,6.2017,no,essence,2017.0
Kia,Picanto,42800.0,78000.0,Compacte,Essence,Automatique,5.0,6.2021,no,essence,2021.0
Nissan,Micra,28200.0,189000.0,Compacte,Essence,Manuelle,5.0,6.2016,no,essence,2016.0
Alfa Romeo,Giulietta,35000.0,251000.0,Autres,Essence,Manuelle,7.0,6.2011,no,essence,2011.0
Kia,Picanto,32000.0,180000.0,Compacte,Essence,Manuelle,5.0,6.2015,no,essence,2015.0
Citroen,C-Elysée,25000.0,300000.0,Autres,Essence,Manuelle,5.0,6.2015,no,essence,2015.0
Volkswagen,Golf 7,56000.0,180000.0,Compacte,Essence,Automatique,6.0,6.2020,no,essence,2020.0
Fiat,Doblo,30000.0,11000.0,Utilitaire,Diesel,Manuelle,5.0,6.2025,no,diesel,2025.0
MG,ZS,58000.0,98000.0,Autres,Essence,Manuelle,5.0,6.2021,no,essence,2021.0
Kia,Rio,48000.0,127.0,Compacte,Essence,Manuelle,5.0,6.2020,no,essence,2020.0
Renault,Clio,42000.0,140.0,Berline,Essence,Manuelle,5.0,6.2021,no,essence,2021.0
Volkswagen,Golf 8,78000.0,106000.0,Berline,Essence,Manuelle,6.0,6.2021,no,essence,2021.0
Peugeot,Partner,42000.0,212.278,Berline,Diesel,Manuelle,155.0,6.2017,no,diesel,2017.0
Renault,Kadjar,60000.0,152000.0,4 x 4,Essence,Manuelle,7.0,6.2018,no,essence,2018.0
Citroen,Berlingo,45000.0,196500.0,Utilitaire,Diesel,Manuelle,75.0,6.2021,no,diesel,2021.0
Mercedes-Benz,Classe CLA,123000.0,80000.0,Berline,Essence,Automatique,180.0,6.2020,no,essence,2020.0
Volkswagen,Passat,37500.0,280.0,Monospace,Diesel,Manuelle,6.0,6.2008,no,diesel,2008.0
Peugeot,308,41000.0,123000.0,Autres,Essence,Manuelle,6.0,6.2019,no,essence,2019.0
Hyundai,I 10,39500.0,139.0,Compacte,Essence,Manuelle,5.0,6.2021,no,essence,2021.0
Kia,Sportage,76000.0,140000.0,Autres,Essence,Automatique,8.0,6.2018,no,essence,2018.0
Renault,Symbol,30000.0,207.0,Berline,Essence,Manuelle,6.0,6.2011,no,essence,2011.0
Seat,Ibiza,32500.0,170000.0,Autres,Essence,Manuelle,4.0,6.2016,no,essence,2016.0
Ford,Ranger,50000.0,220000.0,4 x 4,Diesel,Manuelle,8.0,6.2013,no,diesel,2013.0
Peugeot,Boxer,20000.0,250.0,Utilitaire,Diesel,Manuelle,7.0,6.2008,no,diesel,2008.0
Chevrolet,Spark,33500.0,40373.0,Compacte,Essence,Automatique,9.0,6.2012,no,essence,2012.0
Volkswagen,Golf 6,37000.0,225000.0,Compacte,Essence,Manuelle,7.0,6.2009,no,essence,2009.0
Ford,F150,160000.0,140000.0,Pick up,Essence,Automatique,32.0,6.2017,no,essence,2017.0
Peugeot,308 SW,36000.0,105.0,Berline,Essence,Manuelle,6.0,6.2018,no,essence,2018.0
Citroen,Berlingo,41900.0,220600.0,Utilitaire,Diesel,Manuelle,5.0,6.2018,no,diesel,2018.0
Peugeot,Boxer,60000.0,83649.0,Autres,Diesel,Manuelle,7.0,6.2019,no,diesel,2019.0
Hyundai,Tucson,87000.0,140000.0,Berline,Essence,Automatique,9.0,6.2019,no,essence,2019.0
Citroen,C-Elysée,24000.0,160000.0,Autres,Essence,Manuelle,65.0,6.2014,no,essence,2014.0
Ford,Fiesta,21000.0,132000.0,Berline,Essence,Manuelle,5.0,6.2009,no,essence,2009.0
Mercedes-Benz,Classe GLC,175000.0,116000.0,4 x 4,Diesel,Automatique,,6.2020,no,diesel,2020.0
Peugeot,208,31700.0,79000.0,Compacte,Essence,Manuelle,5.0,6.2017,no,essence,2017.0
Peugeot,206,17500.0,320.0,Autres,Essence,Manuelle,6.0,6.2008,no,essence,2008.0
Chery,Tiggo,91998.0,12000.0,4 x 4,Essence,Automatique,11.0,6.2023,no,essence,2023.0
Volkswagen,Tiguan,120000.0,140000.0,Berline,Diesel,Manuelle,115.0,6.2018,no,diesel,2018.0
Mitsubishi,L200,38000.0,0.0,4 x 4,Diesel,Manuelle,10.0,6.2008,no,diesel,2008.0
Toyota,Yaris,60000.0,42000.0,Compacte,Essence,Manuelle,6.0,6.2021,no,essence,2021.0
Volkswagen,Tiguan,29999.0,230000.0,4 x 4,Essence,Manuelle,7.0,6.2007,no,essence,2007.0
Peugeot,2008,33000.0,240.0,Berline,Essence,Manuelle,5.0,6.2014,no,essence,2014.0
Volkswagen,T-ROC,160000.0,90000.0,4 x 4,Essence,Automatique,19.0,6.2020,no,essence,2020.0
Chery,Tiggo,40000.0,88500.0,Autres,Essence,Manuelle,6.0,6.2020,no,essence,2020.0
Chery,Tiggo,47500.0,45000.0,4 x 4,Essence,Manuelle,6.0,6.2020,no,essence,2020.0
Suzuki,Swift,41500.0,76000.0,Compacte,Essence,Manuelle,5.0,6.2020,no,essence,2020.0
Citroen,C5,88000.0,144000.0,4 x 4,Essence,Manuelle,7.0,6.2020,no,essence,2020.0
Kia,Sportage,77000.0,161000.0,Compacte,Essence,Automatique,8.0,6.2020,no,essence,2020.0
Volkswagen,Touareg,220000.0,63000.0,4 x 4,Diesel,Automatique,18.0,6.2019,no,diesel,2019.0
Fiat,Doblo,32500.0,110000.0,Utilitaire,Diesel,Manuelle,5.0,6.2020,no,diesel,2020.0
Peugeot,206,18500.0,265000.0,Berline,Essence,Manuelle,6.0,6.2007,no,essence,2007.0
Peugeot,308,11111.0,158.0,Berline,Diesel,Automatique,5.0,6.2021,no,diesel,2021.0
Renault,Master,32000.0,172000.0,4 x 4,Essence,Automatique,1.6,6.2015,no,essence,2015.0
Citroen,Nemo,22000.0,210.0,Pick up,Diesel,Manuelle,1.3,6.2017,no,diesel,2017.0
Kia,Sportage,72000.0,151000.0,Autres,Essence,Automatique,8.0,6.2016,no,essence,2016.0
Ford,Focus,40500.0,219000.0,Berline,Diesel,Manuelle,6.0,6.2014,no,diesel,2014.0
Peugeot,3008,87000.0,75.5,Autres,Essence,Automatique,7.0,6.2020,no,essence,2020.0
Ssangyong,Tivoli,48000.0,196000.0,Autres,Essence,Automatique,8.0,6.2018,no,essence,2018.0
Chery,QQ,27200.0,16400.0,Compacte,Essence,Manuelle,4.0,6.2020,no,essence,2020.0
Volkswagen,Golf 7,47000.0,226000.0,Compacte,Essence,Manuelle,5.0,6.2012,no,essence,2012.0
Volkswagen,Golf 7,47500.0,147000.0,Autres,Essence,Manuelle,5.0,6.2013,no,essence,2013.0
Renault,Symbol,23999.0,0.0,Autres,Essence,Manuelle,5.0,6.2010,no,essence,2010.0
Fiat,Fiorino,27000.0,200000.0,Berline,Diesel,Manuelle,1.3,6.2018,no,diesel,2018.0
Mazda,6,43000.0,200000.0,Berline,Essence,Manuelle,8.0,6.2017,no,essence,2017.0
Autres,Autres,37000.0,57000.0,4 x 4,Essence,Manuelle,11.0,6.2009,no,essence,2009.0
Seat,Ibiza,47000.0,72000.0,Compacte,Essence,Manuelle,4.0,6.2021,no,essence,2021.0
Citroen,Nemo,30000.0,152000.0,Compacte,Diesel,Manuelle,6.0,6.2016,no,diesel,2016.0
Citroen,C3,26000.0,165.0,Autres,Essence,Manuelle,4.0,6.2014,no,essence,2014.0
Volkswagen,Golf,115000.0,85000.0,Compacte,Essence,Automatique,2.0,6.2022,no,essence,2022.0
Citroen,DS3,33500.0,117000.0,Compacte,Essence,Manuelle,5.0,6.2015,no,essence,2015.0
Toyota,Hi Ace,34998.0,300000.0,Utilitaire,Diesel,Manuelle,10.0,6.2013,no,diesel,2013.0
Ssangyong,Tivoli,58000.0,156000.0,Berline,Essence,Manuelle,7.0,6.2019,no,essence,2019.0
Audi,A4,75000.0,196000.0,Berline,Essence,Automatique,8.0,6.2018,no,essence,2018.0
Citroen,C3,42000.0,50000.0,Compacte,Essence,Manuelle,4.0,6.2020,no,essence,2020.0
Peugeot,308,119000.0,12000.0,Compacte,Hybride essence,Automatique,7.0,6.2024,no,hybride,2024.0
Audi,A4,62000.0,190000.0,Berline,Essence,Manuelle,8.0,6.2016,no,essence,2016.0
Audi,Q3,140000.0,59000.0,Compacte,Essence,Automatique,9.0,6.2021,no,essence,2021.0
Volkswagen,Golf,48000.0,234500.0,Compacte,Essence,Manuelle,5.0,6.2011,no,essence,2011.0
Citroen,Berlingo,73500.0,111000.0,Autres,Diesel,Manuelle,5.0,6.2021,no,diesel,2021.0
Dongfeng,s50,38000.0,93300.0,Berline,Essence,Manuelle,6.0,6.2019,no,essence,2019.0
Mercedes-Benz,Classe A,129000.0,50000.0,Berline,Essence,Automatique,8.0,6.2021,no,essence,2021.0
Kia,Rio,59900.0,78000.0,Compacte,Essence,Manuelle,5.0,6.2021,no,essence,2021.0
BMW,Serie 5,67000.0,200000.0,Berline,Diesel,Manuelle,10.0,6.2012,no,diesel,2012.0
Peugeot,208,27000.0,179000.0,Compacte,Essence,Manuelle,5.0,6.2015,no,essence,2015.0
Ford,Mondeo,25000.0,289000.0,Berline,Essence,Manuelle,7.0,6.2011,no,essence,2011.0
Dacia,Dokker,24000.0,200000.0,Utilitaire,Diesel,Manuelle,6.0,6.2016,no,diesel,2016.0
Hyundai,Accent,40000.0,190000.0,Utilitaire,Essence,Automatique,6.0,6.2014,no,essence,2014.0
Peugeot,2008,88000.0,41000.0,Autres,Essence,Automatique,,6.2023,no,essence,2023.0
Renault,Clio,39800.0,165000.0,Compacte,Essence,Manuelle,5.0,6.2020,no,essence,2020.0
Dacia,Sandero,54000.0,58000.0,Compacte,Essence,Automatique,6.0,6.2022,no,essence,2022.0
Renault,Symbol,27000.0,220000.0,Berline,Essence,Manuelle,5.0,6.2011,no,essence,2011.0
BMW,Serie 3 GT,62000.0,165000.0,Berline,Essence,Automatique,7.0,6.2014,no,essence,2014.0
Volkswagen,Golf 7,60000.0,238000.0,Compacte,Essence,Automatique,6.0,6.2019,no,essence,2019.0
Mercedes-Benz,AMG GT,145000.0,156000.0,4 x 4,Diesel,Automatique,9.0,6.2016,no,diesel,2016.0
Mahindra,Hover,38500.0,145000.0,Pick up,Diesel,Manuelle,7.0,6.2021,no,diesel,2021.0
Peugeot,3008,105000.0,86000.0,Compacte,Diesel,Automatique,7.0,6.2022,no,diesel,2022.0
Volkswagen,Golf,43000.0,250000.0,Berline,Essence,Automatique,14.0,6.2008,no,essence,2008.0
Chery,Tiggo,67000.0,5000.0,Compacte,Essence,Automatique,6.0,6.2024,no,essence,2024.0
Land Rover,Range Rover Evoque,110000.0,84000.0,Autres,Essence,Automatique,14.0,6.2016,no,essence,2016.0
Audi,Q3,73000.0,100000.0,Pick up,Essence,Automatique,7.0,6.2018,no,essence,2018.0
Volkswagen,Passat,118000.0,75000.0,Berline,Essence,Automatique,8.0,6.2021,no,essence,2021.0
Renault,Clio,23500.0,233.0,Berline,Essence,Manuelle,5.0,6.2009,no,essence,2009.0
Mercedes-Benz,Classe E,159000.0,120000.0,Berline,Diesel,Automatique,10.0,6.2019,no,diesel,2019.0
Mercedes-Benz,Classe GLC,147000.0,150000.0,4 x 4,Essence,Automatique,13.0,6.2019,no,essence,2019.0
Peugeot,2008,37000.0,100000.0,Monospace,Essence,Manuelle,5.0,6.2017,no,essence,2017.0
Renault,Clio,25000.0,150000.0,Compacte,Essence,Manuelle,5.0,6.2008,no,essence,2008.0
Kia,Picanto,38700.0,75000.0,Autres,Essence,Manuelle,4.0,6.2019,no,essence,2019.0
Peugeot,2008,71000.0,85000.0,Autres,Diesel,Automatique,6.0,6.2022,no,diesel,2022.0
Honda,HR-V,68000.0,180000.0,Autres,Essence,Automatique,7.0,6.2020,no,essence,2020.0
Kia,Picanto,38500.0,120000.0,Berline,Essence,Manuelle,4.0,6.2022,no,essence,2022.0
Audi,A1,53500.0,95000.0,Berline,Essence,Manuelle,6.0,6.2017,no,essence,2017.0
Audi,A4,32000.0,290.0,Berline,Essence,Automatique,10.0,6.2008,no,essence,2008.0
Nissan,Qashqai,38000.0,240.0,Berline,Diesel,Manuelle,6.0,6.2012,no,diesel,2012.0
Audi,Q3,68000.0,150000.0,4 x 4,Diesel,Automatique,,6.2014,no,diesel,2014.0
Renault,Clio,23499.0,233.0,Berline,Essence,Manuelle,,6.2009,no,essence,2009.0
Renault,Clio,43000.0,119.0,Autres,Essence,Manuelle,4.0,6.2020,no,essence,2020.0
Volkswagen,Golf 8,105000.0,47000.0,Compacte,Essence,Automatique,7.0,6.2023,no,essence,2023.0
Volkswagen,Caddy,41500.0,160.0,Autres,Diesel,Manuelle,5.0,6.2017,no,diesel,2017.0
Kia,Sportage,83000.0,129.0,4 x 4,Essence,Automatique,8.0,6.2019,no,essence,2019.0
Kia,Sportage,83000.0,129.0,4 x 4,Essence,Automatique,8.0,6.2019,no,essence,2019.0
Kia,Rio,58000.0,52300.0,Compacte,Essence,Manuelle,5.0,6.2022,no,essence,2022.0
Mercedes-Benz,Classe C,110000.0,72000.0,Autres,Essence,Automatique,8.0,6.2018,no,essence,2018.0
Renault,Kadjar,185000.0,3600.0,4 x 4,Hybride,Automatique,200.0,6.2025,no,hybride,2025.0
Mahindra,Hover,25000.0,90000.0,Autres,Essence,Manuelle,5.0,6.2021,no,essence,2021.0
Mercedes-Benz,Classe CLA,71000.0,154500.0,Utilitaire,Essence,Automatique,8.0,6.2013,no,essence,2013.0
Mahindra,Hover,27000.0,200000.0,Autres,Essence,Manuelle,5.0,6.2018,no,essence,2018.0
Ford,Focus,43900.0,170000.0,Compacte,Essence,Automatique,7.0,6.2018,no,essence,2018.0
Seat,Altea,36000.0,229700.0,Berline,Diesel,Manuelle,5.0,6.2017,no,diesel,2017.0
BMW,Serie 4,74000.0,135000.0,Berline,Essence,Automatique,7.0,6.2017,no,essence,2017.0
Audi,A4,52000.0,220000.0,Berline,Diesel,Manuelle,6.0,6.2013,no,diesel,2013.0
MG,3,48000.0,69519.0,Autres,Essence,Manuelle,6.0,6.2021,no,essence,2021.0
BMW,X1,104000.0,63680.0,Berline,Essence,Automatique,7.0,6.2020,no,essence,2020.0
Hyundai,I 10,39800.0,120000.0,Compacte,Essence,Manuelle,5.0,6.2022,no,essence,2022.0
Volkswagen,Golf,48000.0,234500.0,Compacte,Essence,Manuelle,5.0,6.2011,no,essence,2011.0
Opel,Corsa,55000.0,42500.0,Compacte,Essence,Manuelle,5.0,6.2022,no,essence,2022.0
Renault,Clio,41500.0,189000.0,Compacte,Essence,Manuelle,5.0,6.2019,no,essence,2019.0
Peugeot,308,28000.0,187000.0,Berline,Essence,Manuelle,6.0,6.2012,no,essence,2012.0
Volkswagen,Polo,28500.0,135.0,Berline,Essence,Manuelle,4.0,6.2011,no,essence,2011.0
Kia,Rio,33500.0,200.0,Compacte,Essence,Manuelle,5.0,6.2012,no,essence,2012.0
Fiat,Fiorino,37000.0,75000.0,Utilitaire,Diesel,Manuelle,5.0,6.2022,no,diesel,2022.0
Audi,A3,63000.0,141000.0,Berline,Essence,Manuelle,6.0,6.2017,no,essence,2017.0
Peugeot,208,24000.0,95000.0,Compacte,Essence,Manuelle,5.0,6.2014,no,essence,2014.0
Peugeot,Partner,52000.0,150000.0,Compacte,Diesel,Manuelle,,6.2021,no,diesel,2021.0
Suzuki,Swift,52500.0,39000.0,Autres,Essence,Automatique,5.0,6.2023,no,essence,2023.0
Autres,Autres,38000.0,60000.0,Autres,Essence,Manuelle,6.0,6.2019,no,essence,2019.0
BMW,X3,220000.0,70000.0,4 x 4,Essence,,15.0,6.2019,no,essence,2019.0
Kia,Sportage,83000.0,90000.0,Autres,Essence,Automatique,8.0,6.2019,no,essence,2019.0
Dacia,Dokker,35000.0,246000.0,Utilitaire,Diesel,Manuelle,,6.2021,no,diesel,2021.0
Peugeot,206+,24900.0,221400.0,Compacte,Essence,Manuelle,,6.2011,no,essence,2011.0
Toyota,RAV 4,78000.0,268000.0,4 x 4,Essence,Automatique,9.0,6.2016,no,essence,2016.0
Renault,Master,14000.0,200.0,Compacte,Diesel,Manuelle,7.0,6.2006,no,diesel,2006.0
Peugeot,Partner,42000.0,151000.0,Utilitaire,Diesel,Manuelle,5.0,6.2020,no,diesel,2020.0
Jeep,Patriot,11111.0,280000.0,4 x 4,Diesel,Manuelle,9.0,6.2009,no,diesel,2009.0
Haval,H6,86000.0,14000.0,4 x 4,Essence,Automatique,9.0,6.2020,no,essence,2020.0
Citroen,Berlingo,36000.0,122000.0,Utilitaire,Diesel,Manuelle,5.0,6.2015,no,diesel,2015.0
Haval,jolion,28000.0,3000.0,Compacte,Essence,Automatique,9.0,6.2025,no,essence,2025.0
Kia,Rio,24200.0,295000.0,Autres,Essence,Manuelle,6.0,6.2010,no,essence,2010.0
MG,ZS,62000.0,85000.0,4 x 4,Essence,Automatique,9.0,6.2019,no,essence,2019.0
Citroen,C1,23500.0,213000.0,Autres,Essence,Manuelle,4.0,6.2013,no,essence,2013.0
MG,GT,63000.0,123000.0,Autres,Essence,Automatique,9.0,6.2018,no,essence,2018.0
Hyundai,I 20,65000.0,60000.0,Compacte,Essence,Automatique,5.0,6.2022,no,essence,2022.0
Citroen,Berlingo,55000.0,75000.0,Utilitaire,Diesel,Manuelle,,6.2021,no,diesel,2021.0
Ssangyong,Tivoli,60000.0,120000.0,Autres,Essence,Automatique,8.0,6.2017,no,essence,2017.0
Toyota,Hi Ace,47000.0,609.0,Autres,Essence,Manuelle,2.0,6.2020,no,essence,2020.0
Renault,Megane Estate,33000.0,220000.0,Compacte,Diesel,Manuelle,6.0,6.2009,no,diesel,2009.0
Citroen,C4,23500.0,262000.0,Berline,Diesel,Manuelle,5.0,6.2010,no,diesel,2010.0
Seat,Leon,42000.0,159000.0,Compacte,Essence,Manuelle,5.0,6.2014,no,essence,2014.0
Mercedes-Benz,Classe CLS,59000.0,292000.0,Berline,Diesel,Automatique,14.0,6.2009,no,diesel,2009.0
Mercedes-Benz,Classe E,55000.0,214.0,Compacte,Diesel,Automatique,9.0,6.2011,no,diesel,2011.0
Kia,Picanto,37000.0,126000.0,Compacte,Essence,Manuelle,5.0,6.2022,no,essence,2022.0
Hyundai,Santa Fe,70000.0,150000.0,Compacte,Diesel,Automatique,12.0,6.2017,no,diesel,2017.0
Peugeot,508,50000.0,165000.0,Berline,Diesel,Automatique,7.0,6.2021,no,diesel,2021.0
Chery,A3,35000.0,85000.0,Autres,Essence,Manuelle,6.0,6.2021,no,essence,2021.0
Citroen,C5,70000.0,200000.0,Autres,Diesel,Manuelle,7.0,6.2019,no,diesel,2019.0
Mazda,3,47500.0,180.0,Compacte,Essence,Manuelle,6.0,6.2019,no,essence,2019.0
Seat,Leon ST,75000.0,135000.0,Compacte,Essence,Automatique,17.0,6.2018,no,essence,2018.0
Ssangyong,Tivoli,53000.0,156000.0,4 x 4,Essence,Automatique,7.0,6.2015,no,essence,2015.0
BMW,Serie 3,59000.0,171000.0,Berline,Essence,Automatique,7.0,6.2015,no,essence,2015.0
Kia,Sportage,79000.0,187000.0,Compacte,Essence,Automatique,11.0,6.2020,no,essence,2020.0
Fiat,Grande Punto,23500.0,220.0,Berline,Essence,Manuelle,5.0,6.2010,no,essence,2010.0
Volkswagen,Amarok,59000.0,252000.0,Pick up,Diesel,Manuelle,8.0,6.2011,no,diesel,2011.0
Peugeot,J9,78000.0,122850.0,4 x 4,Diesel,Manuelle,6.0,6.2021,no,diesel,2021.0
Citroen,C3,50000.0,90000.0,Compacte,Essence,Automatique,6.0,6.2020,no,essence,2020.0
Citroen,C4 Cactus,36900.0,148000.0,Berline,Essence,Manuelle,5.0,6.2016,no,essence,2016.0
Peugeot,2008,42500.0,126000.0,Compacte,Essence,Manuelle,5.0,6.2017,no,essence,2017.0
Suzuki,Baleno,49990.0,100700.0,Berline,Essence,Automatique,5.0,6.2019,no,essence,2019.0
Citroen,C3,20500.0,226400.0,Compacte,Essence,Manuelle,4.0,6.2007,no,essence,2007.0
BMW,X6,78000.0,250000.0,4 x 4,Diesel,Automatique,19.0,6.2009,no,diesel,2009.0
Audi,A3,35000.0,297000.0,Compacte,Essence,Automatique,7.0,6.2008,no,essence,2008.0
Kia,Rio,64500.0,49500.0,Compacte,Essence,Manuelle,5.0,6.2023,no,essence,2023.0
Kia,Sportage,79500.0,80000.0,4 x 4,Essence,Automatique,8.0,6.2021,no,essence,2021.0
Peugeot,2008,75000.0,50000.0,4 x 4,Essence,Automatique,7.0,6.2022,no,essence,2022.0
Peugeot,407 SW,22500.0,294.0,Autres,Diesel,Manuelle,110.0,6.2006,no,diesel,2006.0
Porsche,Cayenne,115000.0,155000.0,Berline,Essence,Automatique,30.0,6.2012,no,essence,2012.0
Suzuki,Celerio,31000.0,69.0,Compacte,Essence,Manuelle,1.0,6.2021,no,essence,2021.0
Dacia,Logan,14000.0,300000.0,Utilitaire,Diesel,Manuelle,6.0,6.2012,no,diesel,2012.0
Kia,Sportage,82000.0,102.0,Autres,Essence,Automatique,8.0,6.2017,no,essence,2017.0
Citroen,C-Elysée,19000.0,140.0,Berline,Essence,Manuelle,5.0,6.2014,no,essence,2014.0
Haval,H6,70500.0,170.0,4 x 4,Essence,Automatique,9.0,6.2019,no,essence,2019.0
Peugeot,206,12000.0,239000.0,Berline,Essence,Manuelle,6.0,6.2007,no,essence,2007.0
Seat,Arosa,72500.0,102000.0,Compacte,Essence,Automatique,6.0,6.2023,no,essence,2023.0
Citroen,C4,22000.0,300.0,Berline,Essence,Automatique,6.0,6.2008,no,essence,2008.0
Ssangyong,Tivoli,55000.0,71500.0,Autres,Essence,Manuelle,7.0,6.2018,no,essence,2018.0
Nissan,Micra,31500.0,130.0,Compacte,Essence,Manuelle,5.0,6.2020,no,essence,2020.0
Audi,A5,145000.0,41000.0,Berline,Essence,Automatique,8.0,6.2021,no,essence,2021.0
Land Rover,Range Rover Evoque,100000.0,205000.0,4 x 4,Diesel,Automatique,11.0,6.2016,no,diesel,2016.0
Volkswagen,Tiguan,110000.0,141000.0,4 x 4,Diesel,Manuelle,,6.2018,no,diesel,2018.0
Opel,Astra,28000.0,160000.0,Compacte,Essence,Automatique,5.0,6.2006,no,essence,2006.0
Peugeot,2008,44900.0,87000.0,Monospace,Essence,Manuelle,4.0,6.2018,no,essence,2018.0
Citroen,C5,27000.0,250.0,Autres,Essence,Automatique,9.0,6.2011,no,essence,2011.0
Volkswagen,Golf,90000.0,90000.0,Compacte,Essence,Manuelle,7.0,6.2020,no,essence,2020.0
Fiat,500,39500.0,129000.0,Berline,Essence,Manuelle,4.0,6.2017,no,essence,2017.0
Hyundai,I 20,49000.0,106.0,Autres,Essence,Manuelle,5.0,6.2022,no,essence,2022.0
Hyundai,I 20,49000.0,106.0,Autres,Essence,Manuelle,5.0,6.2022,no,essence,2022.0
Suzuki,Vitara,63000.0,56000.0,Autres,Essence,Manuelle,6.0,6.2016,no,essence,2016.0
Dacia,Dokker,36000.0,220.0,Utilitaire,Diesel,Manuelle,6.0,6.2019,no,diesel,2019.0
Suzuki,Maruti,290000.0,60000.0,Autres,Essence,Manuelle,4.0,6.2021,no,essence,2021.0
Volkswagen,Passat,40000.0,230000.0,Autres,Diesel,Manuelle,7.0,6.2010,no,diesel,2010.0
Peugeot,3008,85000.0,140000.0,Berline,Diesel,Automatique,7.0,6.2021,no,diesel,2021.0
BMW,M6,148000.0,75000.0,4 x 4,Essence,Automatique,11.0,6.2019,no,essence,2019.0
Volkswagen,Jetta,45000.0,190000.0,Compacte,Essence,Manuelle,6.0,6.2012,no,essence,2012.0
Citroen,DS4,36500.0,142500.0,Berline,Essence,Automatique,7.0,6.2015,no,essence,2015.0
Mercedes-Benz,Classe CLA,90000.0,163000.0,Berline,Diesel,Automatique,6.0,6.2017,no,diesel,2017.0
Audi,A5,55000.0,235000.0,Berline,Essence,Manuelle,10.0,6.2008,no,essence,2008.0
BMW,Serie 3,70000.0,189000.0,Berline,Diesel,Manuelle,15.0,6.2009,no,diesel,2009.0
Fiat,Punto,25000.0,165.0,Compacte,Essence,Manuelle,5.0,6.2012,no,essence,2012.0
Kia,Picanto,39000.0,75000.0,Autres,Essence,Manuelle,4.0,6.2020,no,essence,2020.0
Chery,Tiggo,88999.0,29000.0,4 x 4,Essence,Automatique,9.0,6.2022,no,essence,2022.0
Ssangyong,Tivoli,43000.0,230000.0,Autres,Essence,Manuelle,7.0,6.2017,no,essence,2017.0
Dacia,Logan MCV,41000.0,156400.0,Autres,Essence,Manuelle,5.0,6.2019,no,essence,2019.0
Mercedes-Benz,E Coupé,265000.0,61000.0,Autres,Essence,Automatique,12.0,6.2022,no,essence,2022.0
Geely,GK-GT,52000.0,67000.0,Compacte,Essence,Automatique,6.0,6.2021,no,essence,2021.0
Fiat,Doblo,31000.0,101000.0,Utilitaire,Diesel,Manuelle,5.0,6.2020,no,diesel,2020.0
Kia,Sportage,84900.0,60000.0,4 x 4,Essence,Automatique,8.0,6.2019,no,essence,2019.0
Peugeot,508,34000.0,210000.0,Compacte,Essence,Manuelle,5.0,6.2013,no,essence,2013.0
Citroen,C3,25800.0,220.0,Compacte,Essence,Manuelle,5.0,6.2010,no,essence,2010.0
Hyundai,I 10,60950.0,5000.0,Compacte,Essence,Automatique,5.0,6.2025,no,essence,2025.0
Ford,Fiesta,29500.0,202000.0,Compacte,Essence,Manuelle,5.0,6.2011,no,essence,2011.0
Peugeot,3008,73500.0,179.0,4 x 4,Diesel,Manuelle,6.0,6.2018,no,diesel,2018.0
Fiat,Panda,34000.0,61000.0,Compacte,Essence,Manuelle,4.0,6.2017,no,essence,2017.0
Land Rover,Range Rover Evoque,150000.0,120000.0,4 x 4,Diesel,Automatique,150.0,6.2020,no,diesel,2020.0
Audi,A4,36000.0,230.0,Berline,Essence,Manuelle,7.0,6.2012,no,essence,2012.0
Citroen,C4 Picasso,35000.0,140000.0,Berline,Essence,Automatique,9.0,6.2009,no,essence,2009.0
BMW,Serie 2,140000.0,51000.0,Berline,Essence,Automatique,8.0,6.2020,no,essence,2020.0
Peugeot,301,28000.0,60.0,Berline,Essence,Manuelle,5.0,6.2014,no,essence,2014.0
Peugeot,301,24000.0,182000.0,Berline,Essence,Manuelle,5.0,6.2014,no,essence,2014.0
Peugeot,301,21000.0,240000.0,Berline,Essence,Manuelle,5.0,6.2015,no,essence,2015.0
Citroen,C15,255000.0,128.0,Utilitaire,Essence,Manuelle,150.0,6.2012,no,essence,2012.0
Fiat,Tipo,43000.0,96000.0,Berline,Essence,Manuelle,6.0,6.2020,no,essence,2020.0
Hyundai,I 10,41000.0,62000.0,Berline,Essence,Manuelle,5.0,6.2022,no,essence,2022.0
Volkswagen,Golf,61000.0,115000.0,Compacte,Essence,Automatique,7.0,6.2017,no,essence,2017.0
Geely,GK-GL,32000.0,80000.0,Compacte,Essence,Manuelle,6.0,6.2022,no,essence,2022.0
Peugeot,206+,22000.0,171240.0,Compacte,Essence,Manuelle,5.0,6.2010,no,essence,2010.0
Audi,A3,40000.0,170000.0,Compacte,Essence,Manuelle,5.0,6.2014,no,essence,2014.0
Peugeot,308 SW,36000.0,105.0,Berline,Essence,Manuelle,6.0,6.2018,no,essence,2018.0
Toyota,Aygo,25500.0,180000.0,Compacte,Essence,Manuelle,4.0,6.2018,no,essence,2018.0
Fiat,Doblo,16000.0,288000.0,Autres,Diesel,Manuelle,5.0,6.2014,no,diesel,2014.0
Volkswagen,Golf,40000.0,220000.0,Compacte,Essence,Manuelle,5.0,6.2009,no,essence,2009.0
Ford,Kuga,54600.0,110000.0,4 x 4,Essence,Automatique,11.0,6.2017,no,essence,2017.0
Kia,Sportage,80000.0,125000.0,4 x 4,Essence,Automatique,8.0,6.2018,no,essence,2018.0
Fiat,Grande Punto,22000.0,200000.0,Compacte,Essence,Manuelle,5.0,6.2012,no,essence,2012.0
Kia,Rio,45000.0,137450.0,Berline,Essence,Manuelle,6.0,6.2020,no,essence,2020.0
Renault,Symbol,16000.0,300000.0,Autres,Essence,Manuelle,5.0,6.2012,no,essence,2012.0
Audi,Q3,78000.0,192000.0,Autres,Essence,Automatique,8.0,6.2017,no,essence,2017.0
Citroen,C4,27200.0,194000.0,Compacte,Essence,Automatique,6.0,6.2012,no,essence,2012.0
Audi,Q3,93000.0,70000.0,4 x 4,Essence,Automatique,7.0,6.2016,no,essence,2016.0
Peugeot,2008,47000.0,106000.0,4 x 4,Essence,Manuelle,5.0,6.2017,no,essence,2017.0
Mazda,2,41000.0,263000.0,Berline,Essence,Automatique,6.0,6.2019,no,essence,2019.0
Renault,Clio,48500.0,121000.0,Compacte,Essence,Manuelle,5.0,6.2021,no,essence,2021.0
Ford,Kuga,97000.0,77.0,Autres,Essence,Automatique,8.0,6.2022,no,essence,2022.0
Mahindra,Hover,40000.0,8887.0,Berline,Essence,Manuelle,5.0,6.2025,no,essence,2025.0
Peugeot,206,21500.0,193430.0,Berline,Essence,Manuelle,6.0,6.2008,no,essence,2008.0
Volkswagen,Golf,79900.0,55000.0,Berline,Essence,Manuelle,,6.2020,no,essence,2020.0
Volkswagen,Golf 7,84000.0,118000.0,Berline,Diesel,Manuelle,1600.0,6.2018,no,diesel,2018.0
Volkswagen,Polo,27000.0,1000.0,Autres,Essence,Manuelle,5.0,6.2011,no,essence,2011.0
Audi,A6,150000.0,24000.0,Berline,Essence,Automatique,16.0,6.2025,no,essence,2025.0
Fiat,Punto,20000.0,211000.0,Utilitaire,Essence,Manuelle,5.0,6.2009,no,essence,2009.0
Ford,Fiesta,33000.0,202000.0,Compacte,Essence,Manuelle,5.0,6.2012,no,essence,2012.0
Hyundai,I 10,44900.0,105000.0,Berline,Essence,Manuelle,5.0,6.2021,no,essence,2021.0
Dacia,Sandero,30000.0,218000.0,Compacte,Essence,Manuelle,5.0,6.2013,no,essence,2013.0
Suzuki,Baleno,42500.0,133.0,Berline,Essence,Automatique,5.0,6.2019,no,essence,2019.0
Citroen,C3,35000.0,134000.0,Compacte,Essence,Manuelle,,6.2017,no,essence,2017.0
Hyundai,I 10,42000.0,87000.0,Compacte,Essence,Manuelle,5.0,6.2023,no,essence,2023.0
Chery,Tiggo,41000.0,120000.0,4 x 4,Essence,Manuelle,6.0,6.2020,no,essence,2020.0
Renault,Clio,40000.0,147.0,Autres,Essence,Manuelle,5.0,6.2018,no,essence,2018.0
Volkswagen,Golf 6,40500.0,228.0,Compacte,Diesel,Manuelle,6.0,6.2010,no,diesel,2010.0
BMW,Serie 3,60000.0,200000.0,Berline,Essence,Automatique,7.0,6.2014,no,essence,2014.0
Seat,Ibiza,30000.0,188000.0,Compacte,Essence,Automatique,5.0,6.2014,no,essence,2014.0
Peugeot,Expert,23000.0,300000.0,Monospace,Diesel,Manuelle,6.0,6.2007,no,diesel,2007.0
Ssangyong,Tivoli,59500.0,84000.0,Autres,Essence,Manuelle,6.0,6.2021,no,essence,2021.0
Fiat,Fiorino,30500.0,178.0,Utilitaire,Diesel,Manuelle,5.0,6.2022,no,diesel,2022.0
Kia,Sportage,78000.0,48800.0,4 x 4,Essence,Automatique,8.0,6.2018,no,essence,2018.0
Toyota,RAV 4,65000.0,172000.0,4 x 4,Essence,Automatique,9.0,6.2015,no,essence,2015.0
Volkswagen,Polo,39000.0,120000.0,Berline,Essence,Manuelle,5.0,6.2014,no,essence,2014.0
Geely,GK-GS,47000.0,100000.0,Utilitaire,Essence,Automatique,6.0,6.2021,no,essence,2021.0
Chery,QQ,20000.0,100.0,Compacte,Essence,Manuelle,5.0,6.2017,no,essence,2017.0
Seat,Arosa,70000.0,86000.0,Compacte,Essence,Automatique,6.0,6.2021,no,essence,2021.0
Kia,Rio,37000.0,175000.0,Autres,Essence,Manuelle,,6.2015,no,essence,2015.0
Chevrolet,Captiva,75000.0,70000.0,Autres,Essence,,,6.2023,no,essence,2023.0
Volkswagen,Polo,60000.0,63000.0,Berline,Essence,Manuelle,4.0,6.2021,no,essence,2021.0
Kia,Sportage,140000.0,0.0,Monospace,Electrique,Automatique,8.0,6.2025,no,electrique,2025.0
Dacia,Dokker,21500.0,238000.0,Autres,Diesel,Manuelle,6.0,6.2015,no,diesel,2015.0
Citroen,C4 Aircross,99999.0,198459.0,Utilitaire,Essence,Manuelle,6.0,6.2013,no,essence,2013.0
Kia,Sportage,52000.0,215000.0,Utilitaire,Diesel,Manuelle,6.0,6.2012,no,diesel,2012.0
BMW,X1,52000.0,170000.0,Autres,Diesel,Manuelle,10.0,6.2011,no,diesel,2011.0
Geely,GK-GT,48000.0,68800.0,Autres,Essence,Manuelle,6.0,6.2022,no,essence,2022.0
Kia,Rio,66500.0,40050.0,Compacte,Essence,Manuelle,5.0,6.2022,no,essence,2022.0
Citroen,Berlingo,33000.0,230000.0,Autres,Diesel,Manuelle,6.0,6.2018,no,diesel,2018.0
Ford,Fiesta,32000.0,244000.0,Berline,Essence,Manuelle,5.0,6.2013,no,essence,2013.0
Audi,Q3,144000.0,45.0,4 x 4,Hybride essence,Automatique,9.0,6.2020,no,hybride,2020.0
Nissan,Micra,28500.0,191700.0,Compacte,Essence,Manuelle,5.0,6.2018,no,essence,2018.0
Audi,A3,53000.0,217000.0,Berline,Essence,Manuelle,6.0,6.2015,no,essence,2015.0
Audi,A3,64500.0,154000.0,Compacte,Essence,Manuelle,6.0,6.2016,no,essence,2016.0
Mercedes-Benz,Classe ML,79000.0,190000.0,Berline,Essence,Automatique,30.0,6.2009,no,essence,2009.0
Mercedes-Benz,Classe CLK,30000.0,80000.0,Cabriolet,Essence,Automatique,,6.2006,no,essence,2006.0
Citroen,Berlingo,28500.0,350.0,Utilitaire,Diesel,Manuelle,5.0,6.2012,no,diesel,2012.0
Kia,Rio,25000.0,197000.0,Berline,Essence,Manuelle,6.0,6.2011,no,essence,2011.0
Kia,Rio,55000.0,55000.0,Compacte,Essence,Manuelle,5.0,6.2021,no,essence,2021.0
Nissan,Qashqai,45000.0,153000.0,4 x 4,Essence,Automatique,,6.2016,no,essence,2016.0
Mercedes-Benz,Classe C Coupe,58000.0,290000.0,Berline,Diesel,Manuelle,6.0,6.2012,no,diesel,2012.0
Kia,Rio,55000.0,60000.0,Compacte,Essence,Manuelle,5.0,6.2021,no,essence,2021.0
Citroen,C3,33000.0,140000.0,Compacte,Essence,Manuelle,4.0,6.2017,no,essence,2017.0
Land Rover,Range Rover Evoque,100000.0,205000.0,4 x 4,Diesel,Automatique,11.0,6.2016,no,diesel,2016.0
Renault,Clio,27700.0,215.0,Compacte,Essence,Manuelle,4.0,6.2011,no,essence,2011.0
Audi,A1,43500.0,116.0,Berline,Essence,Automatique,5.0,6.2016,no,essence,2016.0
Audi,S5,100000.0,125000.0,Compacte,Essence,Automatique,25.0,6.2010,no,essence,2010.0
Renault,Clio,48000.0,112000.0,Autres,Essence,Manuelle,5.0,6.2021,no,essence,2021.0
Ssangyong,Tivoli,58000.0,155750.0,Berline,Essence,Manuelle,7.0,6.2019,no,essence,2019.0
Mercedes-Benz,Classe E,190000.0,57000.0,Berline,Hybride essence,Automatique,10.0,6.2021,no,hybride,2021.0
Volkswagen,Golf,33500.0,380.0,Autres,Diesel,Manuelle,5.0,6.2010,no,diesel,2010.0
Peugeot,Partner,28000.0,195000.0,Utilitaire,Diesel,Manuelle,6.0,6.2009,no,diesel,2009.0
Renault,Clio,36000.0,180.0,Berline,Essence,Manuelle,5.0,6.2014,no,essence,2014.0
Mercedes-Benz,Classe C,68000.0,294.0,Berline,Essence,Automatique,9.0,6.2014,no,essence,2014.0
Volkswagen,Polo,43500.0,155000.0,Berline,Essence,Manuelle,4.0,6.2021,no,essence,2021.0
MG,ZS,80000.0,33000.0,Autres,Essence,Automatique,,6.2024,no,essence,2024.0
Renault,Clio,20000.0,220000.0,Compacte,Essence,Manuelle,5.0,6.2008,no,essence,2008.0
BMW,X1,89900.0,127000.0,Berline,Diesel,Manuelle,6.0,6.2017,no,diesel,2017.0
Audi,A3,59000.0,162000.0,Compacte,Essence,Manuelle,6.0,6.2017,no,essence,2017.0
Opel,Astra,27000.0,261000.0,Compacte,Diesel,Manuelle,5.0,6.2010,no,diesel,2010.0
Volkswagen,Tiguan,125000.0,89000.0,4 x 4,Essence,Manuelle,8.0,6.2021,no,essence,2021.0
Nissan,Juke,35500.0,158000.0,Berline,Diesel,Manuelle,6.0,6.2012,no,diesel,2012.0
Citroen,C35,38500.0,110.0,Compacte,Essence,Manuelle,4.0,6.2018,no,essence,2018.0
Kia,Sportage,88500.0,135000.0,Berline,Diesel,Automatique,7.0,6.2020,no,diesel,2020.0
Mercedes-Benz,Classe A,99000.0,67500.0,Compacte,Essence,Manuelle,7.0,6.2020,no,essence,2020.0
Ford,Kuga,98000.0,103000.0,Autres,Essence,Automatique,10.0,6.2022,no,essence,2022.0
Kia,Picanto,250000.0,13000.0,Compacte,Electrique,Automatique,11.0,6.2024,no,electrique,2024.0
Hyundai,Ix 35,50000.0,196000.0,4 x 4,Diesel,Manuelle,136.0,6.2012,no,diesel,2012.0
Opel,Corsa,50000.0,70000.0,Autres,Essence,Manuelle,,6.2022,no,essence,2022.0
Suzuki,Celerio,32500.0,104000.0,Compacte,Essence,Automatique,4.0,6.2022,no,essence,2022.0
Toyota,C-HR,81000.0,113900.0,Autres,Essence,Automatique,6.0,6.2021,no,essence,2021.0
Fiat,500X,49500.0,56000.0,Berline,Hybride essence,Automatique,1.0,6.2021,no,hybride,2021.0
Volkswagen,Golf,82000.0,95000.0,Compacte,Essence,,6.0,6.2021,no,essence,2021.0
Nissan,Qashqai,78000.0,63000.0,Compacte,Essence,Automatique,6.0,6.2018,no,essence,2018.0
Renault,Megane Estate,41000.0,200000.0,Compacte,Diesel,Manuelle,5.0,6.2014,no,diesel,2014.0
MG,5,50000.0,90000.0,Berline,Essence,Manuelle,6.0,6.2021,no,essence,2021.0
Mercedes-Benz,Classe C Coupe,72000.0,155000.0,Berline,Diesel,Manuelle,6.0,6.2018,no,diesel,2018.0
Renault,Megane,47500.0,133000.0,Berline,Essence,Manuelle,130.0,6.2019,no,essence,2019.0
Mercedes-Benz,Classe E,78000.0,173000.0,Berline,Essence,Automatique,9.0,6.2015,no,essence,2015.0
Mercedes-Benz,Classe A,135000.0,32000.0,Berline,Essence,Automatique,7.0,6.2020,no,essence,2020.0
Hyundai,I 20,51000.0,98000.0,Berline,Essence,Automatique,5.0,6.2022,no,essence,2022.0
Volkswagen,Tiguan,70000.0,125000.0,Autres,Essence,Automatique,9.0,6.2015,no,essence,2015.0
Porsche,Cayenne,100000.0,93000.0,4 x 4,Essence,Automatique,21.0,6.2007,no,essence,2007.0
Peugeot,3008,42000.0,274000.0,Autres,Diesel,Manuelle,6.0,6.2011,no,diesel,2011.0
MG,5,46000.0,65000.0,Berline,Essence,Manuelle,6.0,6.2020,no,essence,2020.0
Mercedes-Benz,Classe A,130000.0,65000.0,Berline,Essence,Automatique,7.0,6.2022,no,essence,2022.0
Hyundai,I 10,39500.0,149.0,Utilitaire,Essence,Manuelle,5.0,6.2022,no,essence,2022.0
Kia,Picanto,36700.0,42000.0,Compacte,Essence,Manuelle,4.0,6.2018,no,essence,2018.0
Ford,Focus,32000.0,282000.0,Berline,Essence,Manuelle,7.0,6.2013,no,essence,2013.0
Renault,Grand Scenic,12000.0,230000.0,Monospace,Diesel,Manuelle,6.0,6.2009,no,diesel,2009.0
Toyota,RAV 4,34996.0,100000.0,4 x 4,Hybride,Automatique,9.0,6.2022,no,hybride,2022.0
Toyota,Corolla verso,65000.0,92000.0,Compacte,Essence,Manuelle,6.0,6.2020,no,essence,2020.0
Audi,A4,45000.0,250000.0,Compacte,Diesel,Manuelle,7.0,6.2015,no,diesel,2015.0
Citroen,C-Elysée,23000.0,170000.0,Autres,Essence,Manuelle,5.0,6.2015,no,essence,2015.0
Renault,Megane,53000.0,60000.0,Berline,Essence,Manuelle,7.0,6.2021,no,essence,2021.0
Dacia,Logan MCV,37500.0,118.0,Berline,Essence,Manuelle,5.0,6.2017,no,essence,2017.0
Volkswagen,Polo,28000.0,220.0,Compacte,Essence,Manuelle,4.0,6.2010,no,essence,2010.0
Citroen,C3,50000.0,41000.0,Berline,Essence,Automatique,6.0,6.2018,no,essence,2018.0
Renault,Clio,46500.0,111000.0,Berline,Diesel,Manuelle,5.0,6.2021,no,diesel,2021.0
Volkswagen,Tiguan,126000.0,143000.0,4 x 4,Essence,Automatique,8.0,6.2017,no,essence,2017.0
Kia,Rio,40000.0,30000.0,Compacte,Essence,Manuelle,5.0,6.2023,no,essence,2023.0
Volkswagen,Polo,38300.0,151.0,Compacte,Essence,Manuelle,3.0,6.2021,no,essence,2021.0
Kia,Rio,69000.0,30000.0,Compacte,Essence,Manuelle,5.0,6.2023,no,essence,2023.0
Citroen,C3,19500.0,202500.0,Compacte,Essence,Manuelle,5.0,6.2006,no,essence,2006.0
Volkswagen,Polo,40000.0,180000.0,Berline,Essence,Manuelle,5.0,6.2017,no,essence,2017.0
Haval,H6,31500.0,92.0,4 x 4,Essence,Manuelle,6.0,6.2017,no,essence,2017.0
Nissan,King Cab,13000.0,800.0,Utilitaire,Diesel,Manuelle,9.0,6.2010,no,diesel,2010.0
Hyundai,Creta,77000.0,91.0,Autres,Essence,Automatique,7.0,6.2020,no,essence,2020.0
Citroen,C-Elysée,25000.0,190.0,Berline,Essence,Manuelle,5.0,6.2014,no,essence,2014.0
Peugeot,308,36000.0,110000.0,Berline,Essence,Manuelle,6.0,6.2019,no,essence,2019.0
Renault,Kadjar,78000.0,90000.0,4 x 4,Essence,Automatique,7.0,6.2019,no,essence,2019.0
Nissan,Sunny,32000.0,240000.0,Berline,Essence,Manuelle,6.0,6.2015,no,essence,2015.0
Nissan,Micra,29000.0,300000.0,Compacte,Essence,Manuelle,5.0,6.2020,no,essence,2020.0
Peugeot,3008,91000.0,55000.0,Berline,Essence,Manuelle,7.0,6.2019,no,essence,2019.0
Volkswagen,Golf,53000.0,118600.0,Berline,Essence,Manuelle,5.0,6.2015,no,essence,2015.0
Fiat,Pinto,17500.0,300.0,Autres,Essence,Manuelle,4.0,6.2009,no,essence,2009.0
Ford,ECOSPORT,52000.0,62000.0,Compacte,Essence,Manuelle,6.0,6.2020,no,essence,2020.0
Renault,Clio,45000.0,115000.0,Compacte,Essence,Manuelle,5.0,6.2023,no,essence,2023.0
Fiat,Linea,23000.0,250000.0,Compacte,Essence,Manuelle,6.0,6.2009,no,essence,2009.0
Peugeot,2008,34000.0,100000.0,Berline,Essence,Manuelle,5.0,6.2016,no,essence,2016.0
Audi,A5,107000.0,158000.0,Berline,Essence,Automatique,8.0,6.2021,no,essence,2021.0
Ford,Focus,18600.0,232775.0,Autres,Diesel,Manuelle,6.0,6.2006,no,diesel,2006.0
Isuzu,D-MAX,62000.0,267000.0,Pick up,Diesel,Manuelle,8.0,6.2018,no,diesel,2018.0
Haval,H6,86000.0,14000.0,4 x 4,Essence,Automatique,9.0,6.2020,no,essence,2020.0
Volkswagen,Polo,47000.0,96000.0,Compacte,Essence,Manuelle,4.0,6.2022,no,essence,2022.0
BMW,X6,101000.0,167110.0,4 x 4,Diesel,Automatique,15.0,6.2011,no,diesel,2011.0
Ford,Ranger,34000.0,1.0,4 x 4,Diesel,Manuelle,10.0,6.2015,no,diesel,2015.0
Mercedes-Benz,Classe E,67000.0,238000.0,Berline,Diesel,Automatique,9.0,6.2012,no,diesel,2012.0
Ford,F350,22000.0,230000.0,Autres,Essence,Manuelle,5.0,6.2013,no,essence,2013.0
MG,HS,50000.0,133000.0,4 x 4,Essence,Automatique,9.0,6.2017,no,essence,2017.0
Citroen,Nemo,19500.0,254000.0,Autres,Diesel,Manuelle,5.0,6.2017,no,diesel,2017.0
Kia,Rio,51800.0,110.0,Compacte,Essence,Manuelle,,6.2022,no,essence,2022.0
Seat,Leon,42000.0,219000.0,Compacte,Essence,Manuelle,5.0,6.2015,no,essence,2015.0
Kia,Sportage,54000.0,214.0,4 x 4,Diesel,Manuelle,6.0,6.2014,no,diesel,2014.0
Volkswagen,Tiguan,97000.0,90000.0,4 x 4,Essence,Automatique,9.0,6.2017,no,essence,2017.0
Peugeot,508,95000.0,139000.0,Berline,Diesel,Automatique,6.0,6.2020,no,diesel,2020.0
Ford,Kuga,74998.0,34000.0,4 x 4,Essence,Automatique,11.0,6.2017,no,essence,2017.0
Toyota,Yaris,34500.0,202.0,Compacte,Essence,Manuelle,5.0,6.2015,no,essence,2015.0
Mahindra,Scorpion,26000.0,113000.0,Autres,Essence,Manuelle,5.0,6.2020,no,essence,2020.0
Hyundai,Ix 35,50000.0,290000.0,Berline,Diesel,Manuelle,6.0,6.2013,no,diesel,2013.0
Ford,C-Max,22000.0,360.0,Autres,Diesel,Manuelle,6.0,6.2008,no,diesel,2008.0
Mahindra,Hover,25900.0,55000.0,Autres,Essence,Manuelle,5.0,6.2023,no,essence,2023.0
BMW,X3,60000.0,89000.0,4 x 4,Diesel,Automatique,11.0,6.2008,no,diesel,2008.0
Ford,Focus,37500.0,243000.0,Berline,Essence,Manuelle,7.0,6.2012,no,essence,2012.0
Chery,Tiggo,56000.0,4500.0,Autres,Essence,Manuelle,6.0,6.2025,no,essence,2025.0
Peugeot,308,22000.0,188.0,Berline,Essence,Manuelle,5.0,6.2012,no,essence,2012.0
Peugeot,308,35500.0,133000.0,Compacte,Essence,Manuelle,5.0,6.2015,no,essence,2015.0
Chery,QQ,22500.0,65000.0,Compacte,Essence,Manuelle,4.0,6.2020,no,essence,2020.0
Peugeot,308,60000.0,108000.0,Berline,Diesel,Manuelle,7.0,6.2021,no,diesel,2021.0
Kia,Sportage,95000.0,92000.0,Autres,Hybride Diesel,Automatique,7.0,6.2021,no,hybride,2021.0
Suzuki,Swift,37500.0,136000.0,Compacte,Essence,Manuelle,5.0,6.2022,no,essence,2022.0
Ford,Focus C-MAX,32500.0,297000.0,Berline,Essence,Manuelle,7.0,6.2013,no,essence,2013.0
Skoda,Fabia,73000.0,48000.0,Compacte,Essence,Automatique,6.0,6.2024,no,essence,2024.0
BMW,Serie 4,63000.0,262000.0,Berline,Essence,Automatique,10.0,6.2015,no,essence,2015.0
Haval,H6,99000.0,36000.0,4 x 4,Essence,Automatique,8.0,6.2023,no,essence,2023.0
Mercedes-Benz,Classe GLK,59999.0,250000.0,4 x 4,Diesel,Manuelle,7.0,6.2012,no,diesel,2012.0
Audi,A4,33000.0,196000.0,Berline,Essence,Manuelle,7000.0,6.2009,no,essence,2009.0
Dacia,Dokker,45000.0,58100.0,Utilitaire,Diesel,Manuelle,,6.2021,no,diesel,2021.0
Mercedes-Benz,Classe GLA,107000.0,40.0,Compacte,Essence,Automatique,1991.0,6.2018,no,essence,2018.0
Fiat,500,50000.0,90000.0,Compacte,Essence,Automatique,4.0,6.2017,no,essence,2017.0
Volkswagen,Golf 7,45000.0,208000.0,Autres,Diesel,Manuelle,5.0,6.2013,no,diesel,2013.0
Nissan,Qashqai,56000.0,138000.0,Monospace,Essence,Manuelle,6.0,6.2016,no,essence,2016.0
Haval,H6,102000.0,80000.0,4 x 4,Diesel,Automatique,8.0,6.2022,no,diesel,2022.0
Mahindra,Hover,25900.0,55000.0,Autres,Essence,Manuelle,5.0,6.2023,no,essence,2023.0
Mahindra,Hover,25900.0,55000.0,Autres,Essence,Manuelle,5.0,6.2023,no,essence,2023.0
Volkswagen,Caddy,17000.0,120000.0,Autres,Diesel,Manuelle,4.0,6.2008,no,diesel,2008.0
Hyundai,I 20,56000.0,83000.0,Berline,Essence,Manuelle,5.0,6.2023,no,essence,2023.0
Peugeot,208,14000.0,140000.0,Autres,Diesel,Manuelle,4.0,6.2008,no,diesel,2008.0
Audi,S3,189000.0,54000.0,Berline,Essence,Automatique,20.0,6.2021,no,essence,2021.0
Kia,Sportage,69000.0,130000.0,4 x 4,Essence,Automatique,8.0,6.2019,no,essence,2019.0
Volkswagen,Polo,43500.0,178.0,Compacte,Essence,Manuelle,4.0,6.2019,no,essence,2019.0
Autres,Autres,36000.0,80000.0,Compacte,Essence,Manuelle,7.0,6.2018,no,essence,2018.0
Dacia,Dokker,20000.0,300000.0,Compacte,Hybride Diesel,Manuelle,,6.2016,no,hybride,2016.0
Fiat,Doblo,27000.0,388.0,Utilitaire,Diesel,Manuelle,7.0,6.2020,no,diesel,2020.0
Volkswagen,Polo,26000.0,260000.0,Utilitaire,Essence,Manuelle,5.0,6.2010,no,essence,2010.0
Citroen,C15,26800.0,250.0,Compacte,Essence,Manuelle,4.0,6.2017,no,essence,2017.0
Chevrolet,Caprice,19500.0,156000.0,Compacte,Essence,Manuelle,5.0,6.2007,no,essence,2007.0
Citroen,C-Elysée,24500.0,194000.0,Berline,Essence,Manuelle,5.0,6.2013,no,essence,2013.0
Peugeot,208,62000.0,17000.0,Compacte,Essence,Manuelle,5.0,6.2024,no,essence,2024.0
Renault,Symbol,27000.0,262500.0,Berline,Essence,Manuelle,,6.2011,no,essence,2011.0
Chevrolet,Metro,39000.0,70.0,Autres,Essence,Manuelle,5.0,6.2018,no,essence,2018.0
Haval,H6,86000.0,14000.0,4 x 4,Essence,Automatique,9.0,6.2020,no,essence,2020.0
Peugeot,208,24500.0,140000.0,Berline,Essence,Manuelle,5.0,6.2017,no,essence,2017.0
Kia,Rio,56000.0,50000.0,Compacte,Essence,Manuelle,5.0,6.2022,no,essence,2022.0
Nissan,Juke,44000.0,139000.0,4 x 4,Essence,Manuelle,6.0,6.2014,no,essence,2014.0
Audi,A4,58000.0,200000.0,Berline,Diesel,Automatique,11.0,6.2011,no,diesel,2011.0
Peugeot,3008,80000.0,100000.0,Compacte,Diesel,Automatique,7.0,6.2021,no,diesel,2021.0
Mercedes-Benz,Classe E,123456.0,180000.0,Berline,Essence,Automatique,9.0,6.2017,no,essence,2017.0
Peugeot,107,25500.0,140000.0,Berline,Essence,Manuelle,4.0,6.2011,no,essence,2011.0
Volkswagen,Polo,55000.0,150.0,Autres,Essence,Manuelle,5.0,6.2022,no,essence,2022.0
Nissan,Qashqai,30000.0,219000.0,Compacte,Diesel,Manuelle,6.0,6.2010,no,diesel,2010.0
Volkswagen,Polo,55000.0,92000.0,Compacte,Essence,Manuelle,4.0,6.2020,no,essence,2020.0
Volkswagen,Caddy,59000.0,149000.0,Autres,Diesel,Manuelle,5.0,6.2021,no,diesel,2021.0
Seat,Altea,12345.0,160000.0,Autres,Essence,Automatique,8.0,6.2021,no,essence,2021.0
Peugeot,208,33000.0,58700.0,Autres,Essence,Manuelle,4.0,6.2019,no,essence,2019.0
Renault,Clio,43000.0,150000.0,Berline,Diesel,Manuelle,,6.2019,no,diesel,2019.0
Mazda,3,49000.0,190000.0,Berline,Essence,Manuelle,6.0,6.2017,no,essence,2017.0
Renault,Clio,45000.0,40000.0,Compacte,Essence,Manuelle,5.0,6.2022,no,essence,2022.0
Fiat,Punto,26000.0,150000.0,Berline,Essence,Manuelle,4.0,6.2013,no,essence,2013.0
mini,One,28500.0,200000.0,Autres,Essence,Manuelle,4.0,6.2014,no,essence,2014.0
Peugeot,Partner,42500.0,171000.0,Monospace,Diesel,Manuelle,5.0,6.2021,no,diesel,2021.0
Volkswagen,Golf 7,75000.0,130.0,Berline,Essence,Manuelle,,6.2018,no,essence,2018.0
Ford,Focus,18600.0,232.0,Autres,Diesel,Manuelle,6.0,6.2006,no,diesel,2006.0
Volkswagen,Tiguan,120000.0,135000.0,Autres,Diesel,Manuelle,8.0,6.2019,no,diesel,2019.0
Hyundai,I 20,26000.0,284709.0,Compacte,Essence,Manuelle,4.0,6.2014,no,essence,2014.0
Renault,Symbol,25000.0,210.0,Berline,Essence,Manuelle,5.0,6.2014,no,essence,2014.0
Volkswagen,Polo,43000.0,92700.0,Compacte,Essence,Manuelle,4.0,6.2021,no,essence,2021.0
Volkswagen,Golf 7,87000.0,63000.0,Berline,Essence,Automatique,6.0,6.2020,no,essence,2020.0
Citroen,C-Elysée,29000.0,188000.0,Berline,Essence,Manuelle,5.0,6.2016,no,essence,2016.0
Kia,Sportage,90000.0,114000.0,Autres,Essence,Automatique,8.0,6.2020,no,essence,2020.0
Volkswagen,Caddy,33000.0,220000.0,Utilitaire,Diesel,Manuelle,6.0,6.2012,no,diesel,2012.0
Dacia,Logan,13000.0,210000.0,Utilitaire,Diesel,Manuelle,6.0,6.2012,no,diesel,2012.0
Peugeot,206 SW,50000.0,25000.0,Autres,Essence,Manuelle,7.0,6.2023,no,essence,2023.0
Haval,H6,86000.0,14000.0,4 x 4,Essence,Automatique,9.0,6.2020,no,essence,2020.0
Audi,A4,36000.0,258000.0,Berline,Essence,Manuelle,,6.2009,no,essence,2009.0
Hyundai,I 10,39000.0,99000.0,Berline,Essence,Manuelle,5.0,6.2023,no,essence,2023.0
Citroen,C3,40800.0,110000.0,Compacte,Essence,Automatique,6.0,6.2017,no,essence,2017.0
Volkswagen,Polo,62500.0,75000.0,Autres,Essence,Manuelle,5.0,6.2021,no,essence,2021.0
Mercedes-Benz,Classe A,102000.0,118000.0,Compacte,Essence,Automatique,7.0,6.2020,no,essence,2020.0
Volkswagen,Amarok,66000.0,250000.0,4 x 4,Diesel,Manuelle,10.0,6.2013,no,diesel,2013.0
Fiat,Panda,24300.0,164800.0,Berline,Essence,Manuelle,4.0,6.2009,no,essence,2009.0
Dacia,Dokker,35500.0,119000.0,Cabriolet,Diesel,Manuelle,6.0,6.2020,no,diesel,2020.0
Peugeot,2008,36000.0,115000.0,Autres,Essence,Manuelle,,6.2016,no,essence,2016.0
Mercedes-Benz,Classe C Coupe,78000.0,217000.0,Berline,Essence,Automatique,12.0,6.2015,no,essence,2015.0
Ssangyong,Korando,36000.0,245000.0,Autres,Diesel,Automatique,11.0,6.2011,no,diesel,2011.0
Peugeot,208,35900.0,90.0,Compacte,Essence,Manuelle,5.0,6.2015,no,essence,2015.0
Hyundai,Tucson,140000.0,34000.0,Autres,Hybride Diesel,Automatique,,6.2022,no,hybride,2022.0
Peugeot,2008,50000.0,97539.0,4 x 4,Essence,Manuelle,5.0,6.2018,no,essence,2018.0
Kia,Sportage,95000.0,95000.0,Autres,Essence,Automatique,8.0,6.2019,no,essence,2019.0
Audi,Q7,295000.0,78000.0,4 x 4,Essence,Automatique,16.0,6.2021,no,essence,2021.0
Mercedes-Benz,Classe E,88000.0,190000.0,Berline,Essence,Automatique,9.0,6.2016,no,essence,2016.0
Seat,Leon,72000.0,148000.0,Autres,Essence,Manuelle,6.0,6.2022,no,essence,2022.0
Peugeot,Boxer,55000.0,120000.0,Utilitaire,Diesel,Manuelle,77.0,6.2020,no,diesel,2020.0
Peugeot,Boxer,17500.0,283733.0,Compacte,Hybride essence,Manuelle,6636393.0,6.2006,no,hybride,2006.0
Suzuki,Jimny,28000.0,50000.0,Berline,Essence,Manuelle,4.0,6.2020,no,essence,2020.0
Kia,Rio,61000.0,68000.0,Utilitaire,Essence,Manuelle,5.0,6.2021,no,essence,2021.0
Seat,Leon ST,47000.0,270321.0,Autres,Essence,Manuelle,6.0,6.2018,no,essence,2018.0
Kia,Rio,53500.0,118000.0,Compacte,Essence,Manuelle,5.0,6.2021,no,essence,2021.0
Chevrolet,Cruze,33900.0,164000.0,Berline,Essence,Manuelle,7.0,6.2017,no,essence,2017.0
Mercedes-Benz,Classe C,57000.0,210000.0,Berline,Diesel,Manuelle,7.0,6.2011,no,diesel,2011.0
Volkswagen,Golf 7,77000.0,75000.0,Compacte,Essence,Manuelle,6.0,6.2016,no,essence,2016.0
Audi,A3,50000.0,240000.0,Autres,Essence,Automatique,6.0,6.2014,no,essence,2014.0
Mahindra,Scorpion,28000.0,76000.0,Pick up,Essence,Manuelle,5.0,6.2019,no,essence,2019.0
Kia,Cerato,31000.0,219000.0,Berline,Essence,Manuelle,6.0,6.2010,no,essence,2010.0
Nissan,Micra,27500.0,222000.0,Autres,Essence,Manuelle,5.0,6.2018,no,essence,2018.0
Peugeot,2008,15300.0,100.0,Compacte,Diesel,Manuelle,7.0,6.2008,no,diesel,2008.0
Nissan,Micra,26000.0,0.0,Compacte,Essence,Manuelle,5.0,6.2014,no,essence,2014.0
Seat,Arosa,60500.0,70000.0,Berline,Essence,Manuelle,5.0,6.2021,no,essence,2021.0
Hyundai,I 20,43500.0,143000.0,Autres,Essence,Manuelle,5.0,6.2022,no,essence,2022.0
Chery,QQ,27000.0,16000.0,Compacte,Essence,Manuelle,4111.0,6.2022,no,essence,2022.0
Volkswagen,Golf,123456.0,1.0,Berline,Essence,Manuelle,5.0,6.2014,no,essence,2014.0
Fiat,Grande Punto,32000.0,65000.0,Compacte,Essence,Manuelle,4.0,6.2015,no,essence,2015.0
Hyundai,Tucson,113000.0,105000.0,4 x 4,Hybride Diesel,Automatique,136.0,6.2021,no,hybride,2021.0
Renault,Fluence,38000.0,154000.0,Berline,Essence,Manuelle,7.0,6.2012,no,essence,2012.0
Peugeot,5008,26000.0,268000.0,Monospace,Diesel,Automatique,6.0,6.2010,no,diesel,2010.0
Peugeot,5008,36000.0,197000.0,Autres,Essence,Automatique,9.0,6.2012,no,essence,2012.0
Mazda,BT-50,111111.0,300000.0,4 x 4,Diesel,Manuelle,10.0,6.2012,no,diesel,2012.0
Ford,Fiesta,24500.0,198000.0,Compacte,Essence,Manuelle,5.0,6.2010,no,essence,2010.0
Peugeot,308 SW,37000.0,105.0,Berline,Essence,Manuelle,6.0,6.2018,no,essence,2018.0
Ford,ECOSPORT,75000.0,70000.0,4 x 4,Essence,Manuelle,6.0,6.2018,no,essence,2018.0
Dacia,Duster,85000.0,62000.0,4 x 4,Diesel,Manuelle,6.0,6.2019,no,diesel,2019.0
Audi,A3,65000.0,212103.0,Berline,Diesel,Manuelle,6.0,6.2018,no,diesel,2018.0
Dacia,Duster,40000.0,27808.0,4 x 4,Diesel,Manuelle,5.0,6.2024,no,diesel,2024.0
Honda,HR-V,54000.0,141000.0,4 x 4,Essence,Manuelle,7.0,6.2017,no,essence,2017.0
Hyundai,I 10,43500.0,42000.0,Compacte,Essence,Automatique,5.0,6.2021,no,essence,2021.0
Audi,A3,48000.0,244000.0,Berline,Diesel,Manuelle,5.0,6.2010,no,diesel,2010.0
Mercedes-Benz,Classe C,200000.0,26000.0,Berline,Hybride essence,Automatique,9.0,6.2024,no,hybride,2024.0
Haval,H6,86000.0,14000.0,Autres,Essence,Automatique,9.0,6.2020,no,essence,2020.0
Peugeot,208,43000.0,37000.0,Autres,Essence,Manuelle,4.0,6.2023,no,essence,2023.0
Hyundai,Veloster,37000.0,229000.0,Autres,Essence,Automatique,8.0,6.2014,no,essence,2014.0
Hyundai,Tucson,110000.0,30800.0,Autres,Essence,Automatique,10.0,6.2020,no,essence,2020.0
Renault,Clio,24998.0,125000.0,Compacte,Essence,Manuelle,5.0,6.2022,no,essence,2022.0
Mercedes-Benz,Classe C Coupe,57000.0,171000.0,Berline,Essence,Automatique,9.0,6.2010,no,essence,2010.0
Citroen,C4,30000.0,179000.0,Autres,Essence,Manuelle,6.0,6.2012,no,essence,2012.0
Citroen,C4,29800.0,170000.0,Berline,Diesel,Manuelle,6.0,6.2008,no,diesel,2008.0
Opel,Astra,27000.0,261000.0,Compacte,Diesel,Manuelle,5.0,6.2010,no,diesel,2010.0
Land Rover,Range Rover Evoque,125000.0,130000.0,4 x 4,Diesel,Manuelle,8.0,6.2017,no,diesel,2017.0
Mercedes-Benz,Classe ML,125000.0,146000.0,4 x 4,Diesel,Automatique,,6.2014,no,diesel,2014.0
Peugeot,308,58000.0,77600.0,Compacte,Essence,Manuelle,6.0,6.2021,no,essence,2021.0
Hyundai,Grand i10,39000.0,73000.0,Compacte,Essence,Manuelle,4.0,6.2021,no,essence,2021.0
Citroen,Berlingo,111111.0,202908.0,Compacte,Essence,Manuelle,5.0,6.2018,no,essence,2018.0
Toyota,Corolla verso,65000.0,97000.0,Compacte,Essence,Automatique,6.0,6.2020,no,essence,2020.0
Hyundai,I 10,35000.0,230000.0,Berline,Essence,Manuelle,5.0,6.2016,no,essence,2016.0
Volkswagen,Golf,51500.0,208000.0,Berline,Diesel,Manuelle,5.0,6.2014,no,diesel,2014.0
Renault,Clio,29000.0,146000.0,Autres,Essence,Manuelle,5.0,6.2009,no,essence,2009.0
Hyundai,I 10,33500.0,160000.0,Compacte,Essence,Automatique,4.0,6.2020,no,essence,2020.0
Kia,Rio,34499.0,176000.0,Compacte,Essence,Manuelle,5.0,6.2014,no,essence,2014.0
Volkswagen,Golf,111111.0,160000.0,Berline,Essence,Automatique,10.0,6.2017,no,essence,2017.0
Citroen,C3,43500.0,120000.0,Berline,Essence,Manuelle,4.0,6.2021,no,essence,2021.0
Volkswagen,Golf 8,75000.0,154000.0,Compacte,Essence,Manuelle,6.0,6.2017,no,essence,2017.0
BMW,Serie 3 GT,75000.0,100.0,Berline,Essence,Automatique,6.0,6.2016,no,essence,2016.0
Volkswagen,New Beetle,38500.0,190000.0,Berline,Essence,Manuelle,7.0,6.2014,no,essence,2014.0
Chery,Tiggo,42500.0,78000.0,Autres,Essence,Manuelle,6.0,6.2020,no,essence,2020.0
Volkswagen,Golf 8,85000.0,70000.0,Berline,Hybride essence,Automatique,110.0,6.2021,no,hybride,2021.0
Renault,Megane,39000.0,125000.0,Berline,Essence,Manuelle,7.0,6.2020,no,essence,2020.0
Nissan,Qashqai,48000.0,240000.0,Compacte,Diesel,Manuelle,110.0,6.2012,no,diesel,2012.0
Fiat,Fiorino,29500.0,98200.0,Utilitaire,Diesel,Manuelle,5.0,6.2018,no,diesel,2018.0
Mercedes-Benz,Classe C Coupe,128000.0,162000.0,Berline,Essence,Automatique,7.0,6.2019,no,essence,2019.0
Ssangyong,Tivoli,69000.0,89000.0,4 x 4,Essence,Automatique,8.0,6.2020,no,essence,2020.0
Hyundai,Grand i10,36000.0,147000.0,Berline,Essence,Manuelle,5.0,6.2017,no,essence,2017.0
Toyota,RAV 4,146999.0,30000.0,Autres,Hybride essence,Automatique,9.0,6.2024,no,hybride,2024.0
Citroen,Berlingo,47000.0,78000.0,Utilitaire,Diesel,Manuelle,5.0,6.2019,no,diesel,2019.0
BMW,Serie 4,80000.0,200000.0,Berline,Essence,Automatique,5.0,6.2018,no,essence,2018.0
Mercedes-Benz,Classe C Coupe,55000.0,220000.0,Berline,Diesel,Automatique,9.0,6.2013,no,diesel,2013.0
Citroen,C3,45000.0,219000.0,Autres,Diesel,Manuelle,4.0,6.2018,no,diesel,2018.0
Renault,Megane,27000.0,220000.0,Autres,Diesel,Manuelle,,6.2009,no,diesel,2009.0
Peugeot,208,43000.0,46000.0,Berline,Essence,Manuelle,4.0,6.2023,no,essence,2023.0
Renault,Clio,21998.0,310.0,Autres,Essence,Manuelle,4.0,6.2006,no,essence,2006.0
Dacia,Logan MCV,37500.0,140.0,Autres,Essence,Manuelle,5.0,6.2019,no,essence,2019.0
MG,5,55500.0,100.0,Berline,Essence,Automatique,7.0,6.2022,no,essence,2022.0
mini,Cabrio,65000.0,36500.0,Cabriolet,Essence,Automatique,10.0,6.2014,no,essence,2014.0
MG,ZS,65800.0,125000.0,4 x 4,Essence,Automatique,7.0,6.2020,no,essence,2020.0
Volkswagen,Golf,84000.0,60000.0,Berline,Essence,Manuelle,6.0,6.2021,no,essence,2021.0
Mercedes-Benz,Classe E,108000.0,108000.0,Berline,Essence,Automatique,9.0,6.2017,no,essence,2017.0
Kia,Rio,34500.0,184.0,Berline,Essence,Manuelle,5.0,6.2016,no,essence,2016.0
Mercedes-Benz,Classe GLA,98000.0,160000.0,Berline,Essence,Automatique,7.0,6.2017,no,essence,2017.0
BMW,X4,123456.0,73000.0,4 x 4,Diesel,Automatique,11.0,6.2020,no,diesel,2020.0
Mercedes-Benz,Classe CLA,129000.0,106000.0,Berline,Essence,Automatique,8.0,6.2020,no,essence,2020.0
Renault,Clio,23300.0,220000.0,Compacte,Essence,Manuelle,4.0,6.2006,no,essence,2006.0
Land Rover,Range Rover Sport,130000.0,45000.0,4 x 4,Essence,Automatique,15.0,6.2015,no,essence,2015.0
Mercedes-Benz,E Coupé,175000.0,86000.0,Autres,Essence,Automatique,12.0,6.2021,no,essence,2021.0
Citroen,DS5,48500.0,130000.0,Autres,Essence,Automatique,7.0,6.2015,no,essence,2015.0
Citroen,Grand C4 Picasso,25000.0,228640.0,Monospace,Diesel,Automatique,6.0,6.2009,no,diesel,2009.0
Nissan,Micra,30000.0,100000.0,Compacte,Essence,Manuelle,5.0,6.2018,no,essence,2018.0
Volkswagen,Tiguan,70000.0,183500.0,4 x 4,Diesel,,8.0,6.2014,no,diesel,2014.0
Peugeot,308,57000.0,174.0,Autres,Diesel,Manuelle,7.0,6.2022,no,diesel,2022.0
Ford,Focus,39500.0,102.0,Berline,Essence,Automatique,,6.2016,no,essence,2016.0
Haval,H6,79000.0,115000.0,Berline,Essence,Automatique,144.0,6.2020,no,essence,2020.0
Ssangyong,Tivoli,12345.0,163000.0,Pick up,Essence,Automatique,4.0,6.2021,no,essence,2021.0
Renault,Safrane,41000.0,171000.0,Compacte,Essence,Automatique,10.0,6.2012,no,essence,2012.0
Renault,Clio,19000.0,125000.0,Berline,Essence,Manuelle,4.0,6.2022,no,essence,2022.0
Ford,Focus,39500.0,101000.0,Compacte,Essence,Automatique,7.0,6.2017,no,essence,2017.0
Chery,Tiggo,75000.0,75000.0,4 x 4,Essence,,9.0,6.2022,no,essence,2022.0
Fiat,Fiorino,27000.0,180.0,Autres,Diesel,Manuelle,5.0,6.2020,no,diesel,2020.0
Citroen,C3,38000.0,111000.0,Compacte,Essence,Manuelle,1.0,6.2018,no,essence,2018.0
BMW,Serie 3,65000.0,196000.0,Berline,Essence,Automatique,10.0,6.2012,no,essence,2012.0
Mazda,MX3,71000.0,52000.0,Berline,Essence,Manuelle,6.0,6.2019,no,essence,2019.0
Dacia,Dokker,30000.0,145000.0,Utilitaire,Diesel,,,6.2020,no,diesel,2020.0
Ford,Focus,40000.0,192000.0,Compacte,Essence,Manuelle,6.0,6.2016,no,essence,2016.0
Peugeot,208,25900.0,174000.0,Compacte,Essence,Manuelle,5.0,6.2013,no,essence,2013.0
Fiat,Doblo,19500.0,253.0,Autres,Diesel,Manuelle,5.0,6.2017,no,diesel,2017.0
Volkswagen,Passat,43800.0,262000.0,Berline,Diesel,Manuelle,5.0,6.2012,no,diesel,2012.0
Seat,Ibiza,28000.0,204000.0,Berline,Essence,Manuelle,5.0,6.2012,no,essence,2012.0
Kia,Cerato,12345.0,287000.0,Berline,Essence,Automatique,8.0,6.2013,no,essence,2013.0
Haval,H6,70000.0,111000.0,4 x 4,Essence,Automatique,9.0,6.2020,no,essence,2020.0
Renault,Megane,21000.0,239000.0,Compacte,Diesel,Manuelle,4.0,6.2006,no,diesel,2006.0
Hyundai,I 30,81000.0,81000.0,Compacte,Essence,,7.0,6.2023,no,essence,2023.0
Volkswagen,Golf,46000.0,249000.0,Compacte,Essence,Automatique,5.0,6.2015,no,essence,2015.0
MG,ZS,56000.0,125.0,Autres,Essence,Automatique,,6.2019,no,essence,2019.0
Audi,A5,120000.0,155.0,Berline,Essence,Automatique,8.0,6.2020,no,essence,2020.0
Volkswagen,Polo,26500.0,295000.0,Autres,Essence,Manuelle,4.0,6.2010,no,essence,2010.0
Isuzu,D-MAX,145000.0,6700.0,Pick up,Diesel,Manuelle,11.0,6.2019,no,diesel,2019.0
Peugeot,208,31000.0,90000.0,Compacte,Essence,Manuelle,4.0,6.2019,no,essence,2019.0
Toyota,Aygo,38000.0,200000.0,Berline,Essence,Manuelle,4.0,6.2020,no,essence,2020.0
Peugeot,Partner,51500.0,120000.0,Berline,Diesel,Manuelle,100.0,6.2021,no,diesel,2021.0
Peugeot,208,40500.0,25000.0,Compacte,Essence,Manuelle,4.0,6.2022,no,essence,2022.0
Alfa Romeo,159,123456.0,1.0,Autres,Diesel,Manuelle,8.0,6.2009,no,diesel,2009.0
Volkswagen,Polo,41000.0,175000.0,Autres,Essence,Manuelle,,6.2021,no,essence,2021.0
Volkswagen,Golf 8,33800.0,233000.0,Compacte,Diesel,Manuelle,5.0,6.2010,no,diesel,2010.0
Kia,Sportage,93000.0,106400.0,Compacte,Diesel,Automatique,7.0,6.2019,no,diesel,2019.0
Ssangyong,Korando,76000.0,109000.0,Berline,Essence,Automatique,8.0,6.2021,no,essence,2021.0
Renault,Megane Estate,49950.0,170000.0,Autres,Diesel,Manuelle,5.0,6.2018,no,diesel,2018.0
Citroen,C3,30000.0,86600.0,Compacte,Essence,Manuelle,5.0,6.2015,no,essence,2015.0
Volkswagen,Crafter,38500.0,300000.0,Autres,Diesel,Manuelle,8.0,6.2009,no,diesel,2009.0
Audi,Q5,65000.0,220000.0,4 x 4,Diesel,Manuelle,10.0,6.2011,no,diesel,2011.0
BMW,Serie 1,45000.0,204.0,Compacte,Essence,Manuelle,6.0,6.2016,no,essence,2016.0
Mercedes-Benz,E Coupé,185000.0,36000.0,Autres,Essence,Automatique,120.0,6.2020,no,essence,2020.0
Hyundai,I 30,75000.0,22000.0,Compacte,Essence,Automatique,7.0,6.2023,no,essence,2023.0
Fiat,Grande Punto,29000.0,131600.0,Compacte,Essence,Manuelle,4.0,6.2016,no,essence,2016.0
Audi,A3,46000.0,216000.0,Compacte,Essence,Manuelle,6.0,6.2012,no,essence,2012.0
Mazda,E2000,37500.0,107000.0,Compacte,Essence,Manuelle,6.0,6.2015,no,essence,2015.0
Volkswagen,Golf 7,45000.0,160.0,Compacte,Essence,Manuelle,5.0,6.2014,no,essence,2014.0
Volkswagen,Golf 7,80000.0,197800.0,Compacte,Diesel,Manuelle,6.0,6.2018,no,diesel,2018.0
Renault,Clio,47498.0,123000.0,Berline,Essence,Manuelle,5.0,6.2021,no,essence,2021.0
Volkswagen,Passat CC,32500.0,252000.0,Berline,Essence,Automatique,9.0,6.2011,no,essence,2011.0
MG,3,32999.0,101000.0,Compacte,Essence,Manuelle,5.0,6.2018,no,essence,2018.0
Citroen,C5,28000.0,1234.0,Berline,Diesel,Manuelle,6.0,6.2010,no,diesel,2010.0
Mercedes-Benz,Classe C Coupe,138000.0,71000.0,Berline,Diesel,Automatique,6.0,6.2020,no,diesel,2020.0
Autres,Autres,55000.0,163000.0,4 x 4,Diesel,Manuelle,9.0,6.2018,no,diesel,2018.0
Volkswagen,Passat CC,72500.0,140000.0,Berline,Diesel,Automatique,8.0,6.2015,no,diesel,2015.0
Porsche,Cayenne,215000.0,100000.0,4 x 4,Essence,Manuelle,16.0,6.2020,no,essence,2020.0
Volkswagen,Golf 6,41500.0,229.0,Autres,Essence,Manuelle,5.0,6.2011,no,essence,2011.0
Fiat,Doblo,38000.0,180000.0,Utilitaire,Diesel,Manuelle,5.0,6.2021,no,diesel,2021.0
Audi,Q5,160000.0,130000.0,4 x 4,Diesel,Automatique,,6.2018,no,diesel,2018.0
Mercedes-Benz,Classe A,79000.0,122000.0,Compacte,Essence,Automatique,9.0,6.2018,no,essence,2018.0
Mitsubishi,L200,63000.0,250000.0,Pick up,Diesel,Automatique,10.0,6.2007,no,diesel,2007.0
Fiat,Fiorino,26000.0,174000.0,Compacte,Diesel,Manuelle,5.0,6.2020,no,diesel,2020.0
Mazda,6,44000.0,164000.0,Berline,Essence,Automatique,9.0,6.2015,no,essence,2015.0
Peugeot,3008,76000.0,185000.0,Compacte,Diesel,Manuelle,7.0,6.2020,no,diesel,2020.0
Geely,GK-GL,54000.0,33000.0,Autres,Essence,Automatique,5.0,6.2021,no,essence,2021.0
Citroen,Berlingo,24000.0,150000.0,Autres,Essence,Manuelle,6.0,6.2008,no,essence,2008.0
Mercedes-Benz,Classe CLA,128000.0,117000.0,Berline,Hybride essence,Automatique,8.0,6.2022,no,hybride,2022.0
Mercedes-Benz,Classe CLA,129000.0,19000.0,Berline,Essence,Automatique,7.0,6.2021,no,essence,2021.0
Peugeot,3008,50000.0,158000.0,Monospace,Diesel,Automatique,6.0,6.2016,no,diesel,2016.0
Mercedes-Benz,Classe A,57000.0,94973.0,Compacte,Essence,Automatique,6.0,6.2014,no,essence,2014.0
Jeep,Wrangler,235000.0,102000.0,4 x 4,Essence,Automatique,1.0,6.2013,no,essence,2013.0
Volkswagen,Passat CC,38500.0,400.0,Berline,Diesel,Manuelle,5.0,6.2011,no,diesel,2011.0
Renault,Clio,35000.0,85951.0,Compacte,Essence,Manuelle,5.0,6.2013,no,essence,2013.0
Toyota,Hilux,119000.0,69000.0,Autres,Essence,Manuelle,14.0,6.2021,no,essence,2021.0
Isuzu,D-MAX,105000.0,80376.0,Autres,Diesel,Manuelle,8.0,6.2014,no,diesel,2014.0
Honda,HR-V,58000.0,262000.0,4 x 4,Essence,Manuelle,7.0,6.2019,no,essence,2019.0
Volkswagen,Passat,40000.0,240000.0,Berline,Diesel,Manuelle,7.0,6.2010,no,diesel,2010.0
Renault,Clio,42000.0,51000.0,Compacte,Essence,Manuelle,5.0,6.2020,no,essence,2020.0
Citroen,C4,27500.0,240000.0,Berline,Diesel,Manuelle,5.0,6.2009,no,diesel,2009.0
Fiat,Grande Punto,29000.0,131500.0,Compacte,Essence,Manuelle,4.0,6.2016,no,essence,2016.0
Ford,Fiesta,11111.0,300.0,Compacte,Essence,Manuelle,5.0,6.2009,no,essence,2009.0
Kia,Optima,39500.0,285500.0,Berline,Essence,Manuelle,10.0,6.2011,no,essence,2011.0
Opel,Corsa,41500.0,113000.0,Berline,Essence,Manuelle,5.0,6.2022,no,essence,2022.0
Volkswagen,Golf 8,83500.0,49000.0,Berline,Essence,Manuelle,6.0,6.2021,no,essence,2021.0
Skoda,Octavia,85000.0,57000.0,Berline,Essence,Automatique,8.0,6.2023,no,essence,2023.0
Mercedes-Benz,250,150000.0,85.0,Autres,Hybride essence,Automatique,8.0,6.2021,no,hybride,2021.0
Peugeot,308 SW,23000.0,220000.0,Compacte,Essence,Manuelle,6.0,6.2008,no,essence,2008.0
Mercedes-Benz,Classe C,163000.0,50500.0,Berline,Essence,Automatique,10.0,6.2020,no,essence,2020.0
Volkswagen,Golf 6,38000.0,272000.0,Berline,Diesel,Automatique,5.0,6.2012,no,diesel,2012.0
Citroen,C3,37000.0,68888.0,Compacte,Essence,Manuelle,4.0,6.2019,no,essence,2019.0
Citroen,C-Elysée,16000.0,200000.0,Compacte,Essence,Manuelle,5.0,6.2013,no,essence,2013.0
Geely,LC,34000.0,124000.0,Autres,Essence,Manuelle,6.0,6.2020,no,essence,2020.0
BMW,Serie 3,67000.0,157000.0,Berline,Essence,Automatique,7.0,6.2016,no,essence,2016.0
Volkswagen,Golf 8,97498.0,97169.0,Compacte,Essence,Automatique,6.0,6.2023,no,essence,2023.0
Volkswagen,Golf 8,97498.0,97169.0,Compacte,Essence,Automatique,6.0,6.2023,no,essence,2023.0
Skoda,Octavia,48800.0,120000.0,Berline,Essence,Automatique,7.0,6.2015,no,essence,2015.0
Mercedes-Benz,Classe C,60000.0,290000.0,Berline,Diesel,Automatique,8.0,6.2011,no,diesel,2011.0
Ssangyong,Actyon,44900.0,138000.0,4 x 4,Diesel,Automatique,7.0,6.2013,no,diesel,2013.0
Volkswagen,Caddy,28500.0,330.0,Autres,Diesel,Manuelle,5.0,6.2012,no,diesel,2012.0
Peugeot,308,45000.0,130000.0,Compacte,Essence,Automatique,9.0,6.2017,no,essence,2017.0
Volkswagen,Polo,32000.0,150.0,Utilitaire,Essence,Manuelle,5.0,6.2013,no,essence,2013.0
Ford,Focus,21000.0,234000.0,Autres,Essence,Manuelle,6.0,6.2006,no,essence,2006.0
Geely,LC,54000.0,23715.0,Autres,Essence,Manuelle,6.0,6.2021,no,essence,2021.0
Volkswagen,Golf 8,56000.0,151000.0,Compacte,Essence,Manuelle,6.0,6.2016,no,essence,2016.0
Citroen,Jumpy,30000.0,300000.0,Utilitaire,Diesel,Manuelle,7.0,6.2011,no,diesel,2011.0
Volkswagen,Passat CC,40000.0,0.0,Autres,Essence,Automatique,9.0,6.2010,no,essence,2010.0
Peugeot,3008,45000.0,271500.0,Monospace,Diesel,Manuelle,6.0,6.2013,no,diesel,2013.0
Renault,Clio,38000.0,53000.0,Compacte,Essence,Automatique,4.0,6.2020,no,essence,2020.0
Citroen,C-Elysée,20500.0,441.0,Berline,Essence,Manuelle,5.0,6.2015,no,essence,2015.0
Volkswagen,Caddy,62000.0,59700.0,Utilitaire,Diesel,Manuelle,7.0,6.2023,no,diesel,2023.0
Hyundai,Elantra,40000.0,176000.0,Berline,Essence,Automatique,7.0,6.2012,no,essence,2012.0
Volkswagen,Amarok,90000.0,200.0,4 x 4,Diesel,Automatique,7.0,6.2014,no,diesel,2014.0
Hyundai,I 20,63000.0,44000.0,Berline,Essence,Manuelle,5.0,6.2022,no,essence,2022.0
Fiat,Grande Punto,29000.0,131500.0,Compacte,Essence,Manuelle,4.0,6.2016,no,essence,2016.0
Mercedes-Benz,Classe CLA,177000.0,13000.0,Berline,Essence,Automatique,9.0,6.2024,no,essence,2024.0
Chery,Tiggo,38000.0,135000.0,Autres,Essence,Manuelle,6.0,6.2020,no,essence,2020.0
Ford,Kuga,60000.0,35000.0,4 x 4,Essence,Automatique,8.0,6.2024,no,essence,2024.0
Suzuki,Celerio,29000.0,100.0,Autres,Essence,Manuelle,4.0,6.2019,no,essence,2019.0
Citroen,C-Elysée,23000.0,142000.0,Berline,Essence,Manuelle,5.0,6.2015,no,essence,2015.0
Citroen,DS3,28000.0,145600.0,Cabriolet,Essence,Manuelle,5.0,6.2013,no,essence,2013.0
Renault,Grand Espace,60000.0,173000.0,Compacte,Diesel,Manuelle,7.0,6.2016,no,diesel,2016.0
MG,ZS,58000.0,133000.0,Compacte,Essence,Automatique,7.0,6.2019,no,essence,2019.0
Peugeot,208,40000.0,41800.0,Compacte,Essence,Manuelle,4.0,6.2021,no,essence,2021.0
Dacia,Dokker,38000.0,137000.0,Utilitaire,Diesel,Manuelle,,6.2021,no,diesel,2021.0
BMW,Serie 1,38000.0,246000.0,Autres,Essence,Automatique,20.0,6.2011,no,essence,2011.0
Kia,Sportage,100000.0,100000.0,Autres,Diesel,Automatique,7.0,6.2021,no,diesel,2021.0
Renault,Clio,23800.0,273000.0,Berline,Essence,Manuelle,5.0,6.2006,no,essence,2006.0
Audi,A4,67000.0,230.0,Berline,Essence,Automatique,,6.2017,no,essence,2017.0
MG,5,55000.0,26000.0,Berline,Essence,Manuelle,6.0,6.2023,no,essence,2023.0
Volkswagen,Golf 6,38000.0,187.0,Compacte,Essence,Manuelle,5.0,6.2011,no,essence,2011.0
Ford,Mondeo,30000.0,156000.0,Berline,Essence,Manuelle,9.0,6.2012,no,essence,2012.0
BMW,Serie 5,35000.0,290000.0,Compacte,Diesel,Automatique,,6.2006,no,diesel,2006.0
BMW,Serie 2,135000.0,70000.0,Berline,Essence,Automatique,7.0,6.2021,no,essence,2021.0
Audi,Q3,12345.0,64500.0,Autres,Diesel,Automatique,8.0,6.2021,no,diesel,2021.0
Mercedes-Benz,Classe C,168000.0,140000.0,Pick up,Diesel,Automatique,8.0,6.2019,no,diesel,2019.0
Volkswagen,Polo,23000.0,264000.0,Autres,Essence,Manuelle,4.0,6.2008,no,essence,2008.0
BMW,Serie 2,64000.0,119000.0,Berline,Essence,Automatique,7.0,6.2016,no,essence,2016.0
Audi,Q5,77000.0,240000.0,4 x 4,Essence,Automatique,14.0,6.2015,no,essence,2015.0
Volkswagen,Amarok,85000.0,280000.0,Pick up,Diesel,Automatique,7.0,6.2013,no,diesel,2013.0
Seat,Ibiza,42000.0,140.0,Compacte,Essence,Manuelle,5.0,6.2020,no,essence,2020.0
Mercedes-Benz,Classe C,57000.0,210000.0,Berline,Diesel,Manuelle,7.0,6.2011,no,diesel,2011.0
Autres,Autres,95000.0,68000.0,Autres,Essence,Automatique,8.0,6.2023,no,essence,2023.0
Volkswagen,Golf,36500.0,260000.0,Compacte,Diesel,Automatique,6.0,6.2009,no,diesel,2009.0
Seat,Leon,46500.0,210000.0,Compacte,Essence,Manuelle,6.0,6.2016,no,essence,2016.0
Mercedes-Benz,Classe C Coupe,59000.0,185000.0,Compacte,Essence,Automatique,9.0,6.2009,no,essence,2009.0
Mercedes-Benz,Classe GLC,248000.0,69000.0,4 x 4,Essence,Automatique,16.0,6.2020,no,essence,2020.0
Volkswagen,Passat,38000.0,251000.0,Berline,Diesel,Manuelle,6.0,6.2008,no,diesel,2008.0
Ford,Ranger,140000.0,61000.0,4 x 4,Diesel,Automatique,7.0,6.2022,no,diesel,2022.0
Citroen,Jumpy,22000.0,474.0,Autres,Diesel,Manuelle,7.0,6.2006,no,diesel,2006.0
Volkswagen,Tiguan,75000.0,66000.0,Compacte,Diesel,Automatique,8.0,6.2021,no,diesel,2021.0
Opel,Astra,27000.0,261000.0,Compacte,Diesel,Manuelle,5.0,6.2010,no,diesel,2010.0
Fiat,Doblo,25000.0,182000.0,Autres,Diesel,Manuelle,5.0,6.2018,no,diesel,2018.0
Citroen,C4 Cactus,39000.0,140000.0,Compacte,Essence,Manuelle,5.0,6.2016,no,essence,2016.0
Hyundai,I 20,75000.0,33000.0,Berline,Essence,Automatique,5.0,6.2023,no,essence,2023.0
Alfa Romeo,Mito,28000.0,245.0,Compacte,Essence,Manuelle,4.0,6.2010,no,essence,2010.0
Kia,Rio,50000.0,97000.0,Compacte,Essence,,,6.2018,no,essence,2018.0
Volkswagen,Golf,58000.0,119000.0,Compacte,Essence,Automatique,6.0,6.2020,no,essence,2020.0
Ssangyong,Actyon,44900.0,138000.0,4 x 4,Diesel,Automatique,7.0,6.2013,no,diesel,2013.0
Nissan,Qashqai,52000.0,165000.0,4 x 4,Essence,Automatique,6.0,6.2015,no,essence,2015.0
Volkswagen,Jetta,32000.0,272000.0,Berline,Essence,Manuelle,7.0,6.2008,no,essence,2008.0
mini,One,32000.0,150000.0,Compacte,Essence,Manuelle,5.0,6.2009,no,essence,2009.0
Ssangyong,Tivoli,45000.0,181.0,Monospace,Essence,Automatique,,6.2017,no,essence,2017.0
Citroen,C5,24500.0,300000.0,Berline,Diesel,Manuelle,6.0,6.2009,no,diesel,2009.0
Renault,Symbol,45000.0,128000.0,Autres,Essence,Manuelle,5.0,6.2021,no,essence,2021.0
Suzuki,Celerio,30000.0,150000.0,Berline,Essence,Manuelle,4.0,6.2021,no,essence,2021.0
Mercedes-Benz,Classe E,118000.0,88000.0,Berline,Essence,Automatique,9.0,6.2017,no,essence,2017.0
Kia,Sportage,80000.0,80000.0,4 x 4,Diesel,Automatique,10.0,6.2019,no,diesel,2019.0
Audi,A3,53500.0,280000.0,Berline,Diesel,Manuelle,5.0,6.2014,no,diesel,2014.0
Skoda,Octavia,109000.0,30000.0,Berline,Essence,Automatique,8.0,6.2022,no,essence,2022.0
Ford,Focus,42000.0,129000.0,Autres,Essence,Automatique,7.0,6.2018,no,essence,2018.0
Nissan,Juke,43000.0,219000.0,Compacte,Diesel,Manuelle,6.0,6.2015,no,diesel,2015.0
Volkswagen,Golf 8,85000.0,70000.0,Berline,Hybride essence,Automatique,110.0,6.2021,no,hybride,2021.0
Ssangyong,Tivoli,45000.0,175000.0,Berline,Essence,Manuelle,,6.2015,no,essence,2015.0
Ssangyong,Tivoli,45000.0,175000.0,Berline,Essence,Manuelle,,6.2015,no,essence,2015.0
Volkswagen,Polo,38000.0,190000.0,Berline,Essence,Manuelle,5.0,6.2017,no,essence,2017.0
Renault,Clio,47799.0,123000.0,Compacte,Essence,Manuelle,5.0,6.2021,no,essence,2021.0
Chery,QQ,18000.0,80000.0,Compacte,Essence,Manuelle,5.0,6.2017,no,essence,2017.0
Renault,Clio,46000.0,74000.0,Compacte,Essence,Manuelle,4.0,6.2023,no,essence,2023.0
Chevrolet,Captiva,78000.0,70000.0,4 x 4,Essence,Automatique,9.0,6.2023,no,essence,2023.0
Volkswagen,Tiguan,140000.0,89280.0,Monospace,Hybride essence,Automatique,8.0,6.2023,no,hybride,2023.0
Mercedes-Benz,Classe E,250000.0,105000.0,Berline,Electrique,Automatique,4.0,6.2022,no,electrique,2022.0
Ford,Fiesta,34000.0,120000.0,Compacte,Essence,Manuelle,5.0,6.2017,no,essence,2017.0
Volkswagen,Jetta,29000.0,229000.0,Berline,Essence,Manuelle,7.0,6.2011,no,essence,2011.0
Volkswagen,Golf,65000.0,80000.0,Berline,Essence,Manuelle,6.0,6.2017,no,essence,2017.0
BMW,Serie 5,138000.0,80000.0,Berline,Essence,Automatique,10.0,6.2018,no,essence,2018.0
Geely,GK-GS,42000.0,29000.0,Berline,Essence,Manuelle,6.0,6.2021,no,essence,2021.0
Ford,Ka,24800.0,153000.0,Compacte,Essence,Manuelle,4.0,6.2010,no,essence,2010.0
Ford,Ranger,78000.0,230000.0,Pick up,Diesel,Manuelle,7.0,6.2013,no,diesel,2013.0
Volkswagen,Jetta,39000.0,178000.0,Berline,Essence,Manuelle,6.0,6.2011,no,essence,2011.0
MG,HS,80000.0,65000.0,Berline,Essence,Automatique,9.0,6.2023,no,essence,2023.0
Hyundai,I 10,32000.0,175000.0,Autres,Essence,Manuelle,5.0,6.2015,no,essence,2015.0
Chery,Tiggo,100000.0,35000.0,Autres,Essence,Automatique,11.0,6.2024,no,essence,2024.0
Isuzu,D-MAX,68000.0,117000.0,Utilitaire,Diesel,Manuelle,8.0,6.2022,no,diesel,2022.0
Volkswagen,Golf 7,87000.0,20000.0,Berline,Essence,Automatique,7.0,6.2020,no,essence,2020.0
Peugeot,Bipper,25000.0,177000.0,Autres,Diesel,Manuelle,1248.0,6.2018,no,diesel,2018.0
Citroen,C-Elysée,21500.0,200.0,Compacte,Essence,Manuelle,5.0,6.2015,no,essence,2015.0
Citroen,C4,24500.0,300000.0,Berline,Essence,Manuelle,6.0,6.2007,no,essence,2007.0
Fiat,Punto,26500.0,170000.0,Compacte,Essence,Manuelle,5.0,6.2015,no,essence,2015.0
Volkswagen,Jetta,39000.0,178000.0,Berline,Essence,Manuelle,6.0,6.2011,no,essence,2011.0
Toyota,Aygo,35000.0,100000.0,Autres,Essence,Manuelle,4.0,6.2021,no,essence,2021.0
Haval,jolion,82000.0,84000.0,Autres,Essence,Automatique,9.0,6.2021,no,essence,2021.0
Volkswagen,Polo,21800.0,184.0,Berline,Essence,Manuelle,4.0,6.2006,no,essence,2006.0
Peugeot,208,25000.0,260000.0,Berline,Essence,Automatique,7.0,6.2013,no,essence,2013.0
Mazda,CX-9,91900.0,155000.0,4 x 4,Essence,Automatique,15.0,6.2019,no,essence,2019.0
Peugeot,208,43000.0,70000.0,Compacte,Essence,Manuelle,5.0,6.2023,no,essence,2023.0
Kia,Rio,64000.0,50000.0,Compacte,Essence,Automatique,6.0,6.2024,no,essence,2024.0
Haval,jolion,85000.0,60000.0,Autres,Essence,Automatique,9.0,6.2022,no,essence,2022.0
BMW,Serie 3,62000.0,142000.0,Berline,Essence,Automatique,7.0,6.2015,no,essence,2015.0
Fiat,Grande Punto,24000.0,278000.0,Compacte,Essence,Manuelle,5.0,6.2010,no,essence,2010.0
Peugeot,2008,38000.0,124000.0,Compacte,Essence,Manuelle,5.0,6.2017,no,essence,2017.0
Fiat,Panda,21000.0,140.0,Compacte,Essence,Manuelle,4.0,6.2006,no,essence,2006.0
Peugeot,3008,90000.0,134500.0,4 x 4,Diesel,Manuelle,6.0,6.2016,no,diesel,2016.0
Volkswagen,Tiguan,65000.0,153000.0,Berline,Diesel,Manuelle,6.0,6.2016,no,diesel,2016.0
Seat,Leon,38000.0,193000.0,Berline,Essence,Manuelle,6.0,6.2015,no,essence,2015.0
Mercedes-Benz,Classe E,280000.0,8000.0,Berline,Hybride essence,Automatique,12.0,6.2024,no,hybride,2024.0
Volkswagen,Tiguan,37000.0,239.0,Autres,Diesel,Automatique,8.0,6.2006,no,diesel,2006.0
Jeep,Compass,95000.0,135000.0,4 x 4,Essence,Automatique,0.0,6.2021,no,essence,2021.0
Peugeot,2008,41000.0,120000.0,Autres,Essence,Manuelle,5.0,6.2018,no,essence,2018.0
Citroen,C4,33000.0,165000.0,Berline,Essence,Manuelle,5.0,6.2013,no,essence,2013.0
Jeep,Grand Cherokee,225000.0,58000.0,4 x 4,Essence,Automatique,,6.2022,no,essence,2022.0
Renault,Megane,58000.0,92000.0,Autres,Essence,Automatique,7.0,6.2020,no,essence,2020.0
Volkswagen,Polo,42000.0,65000.0,Berline,Essence,Manuelle,6.0,6.2019,no,essence,2019.0
Seat,Leon,75000.0,66000.0,Berline,Essence,Manuelle,6.0,6.2020,no,essence,2020.0
Isuzu,D-MAX,116000.0,2000.0,4 x 4,Diesel,Manuelle,7.0,6.2025,no,diesel,2025.0
Renault,Laguna Estate,30000.0,269.0,Autres,Diesel,Manuelle,8.0,6.2011,no,diesel,2011.0
Ssangyong,Actyon,59000.0,90000.0,4 x 4,Diesel,Manuelle,7.0,6.2017,no,diesel,2017.0
Mercedes-Benz,Classe ML,48500.0,288.0,4 x 4,Diesel,Automatique,15.0,6.2008,no,diesel,2008.0
Opel,Mokka,87500.0,17000.0,Autres,Essence,Automatique,6.0,6.2022,no,essence,2022.0
Ford,Focus C-MAX,39000.0,140000.0,Compacte,Essence,Automatique,6.0,6.2017,no,essence,2017.0
Suzuki,Celerio,38000.0,46000.0,Compacte,Essence,Manuelle,4.0,6.2022,no,essence,2022.0
Chery,Tiggo,40000.0,18000.0,Autres,Essence,Manuelle,6.0,6.2020,no,essence,2020.0
Peugeot,Partner,33000.0,190.0,Utilitaire,Diesel,Manuelle,6.0,6.2018,no,diesel,2018.0
Toyota,C-HR,139000.0,27000.0,Autres,Hybride,Automatique,5.0,6.2022,no,hybride,2022.0
Volkswagen,Polo,123456.0,187000.0,Autres,Essence,Manuelle,5.0,6.2016,no,essence,2016.0
Peugeot,2008,85000.0,30000.0,Berline,Essence,Automatique,7.0,6.2023,no,essence,2023.0
Renault,Clio,68000.0,55000.0,Compacte,Hybride essence,Automatique,5.0,6.2021,no,hybride,2021.0
Peugeot,5008,36000.0,330.0,Berline,Diesel,Automatique,6.0,6.2009,no,diesel,2009.0
Mercedes-Benz,Classe CLA,69000.0,75852.0,Berline,Essence,Manuelle,6.0,6.2013,no,essence,2013.0
Isuzu,D-MAX,155000.0,6700.0,Pick up,Diesel,Manuelle,11.0,6.2019,no,diesel,2019.0
Volkswagen,Passat,105000.0,20500.0,Berline,Essence,Automatique,8.0,6.2019,no,essence,2019.0
Volkswagen,Caddy,31000.0,267000.0,Utilitaire,Diesel,Manuelle,,6.2015,no,diesel,2015.0
Haval,H6,115000.0,40000.0,4 x 4,Essence,Automatique,9.0,6.2023,no,essence,2023.0
MG,HS,115000.0,54.0,Autres,Essence,Manuelle,4.0,6.2023,no,essence,2023.0
Citroen,C-Elysée,22000.0,244.0,Berline,Essence,Manuelle,6.0,6.2014,no,essence,2014.0
Volkswagen,Passat,58000.0,199000.0,Berline,Essence,Automatique,15.0,6.2016,no,essence,2016.0
Porsche,Cayenne,123456.0,230000.0,Compacte,Essence,Automatique,21.0,6.2008,no,essence,2008.0
Volkswagen,Tiguan,94000.0,145000.0,Berline,Diesel,Automatique,8.0,6.2017,no,diesel,2017.0
Nissan,Qashqai,75000.0,136000.0,4 x 4,Essence,Manuelle,6.0,6.2018,no,essence,2018.0
Mercedes-Benz,Classe E,69800.0,260000.0,Berline,Diesel,Automatique,8.0,6.2014,no,diesel,2014.0
Fiat,Fiorino,32000.0,100000.0,Autres,Diesel,Manuelle,5.0,6.2021,no,diesel,2021.0
Haval,H6,99000.0,33.0,4 x 4,Essence,Automatique,8.0,6.2023,no,essence,2023.0
Ford,Fiesta,250000.0,240000.0,Compacte,Essence,Manuelle,5.0,6.2011,no,essence,2011.0
Volkswagen,Transporter,30000.0,290.0,Compacte,Diesel,Manuelle,7.0,6.2014,no,diesel,2014.0
Volkswagen,Caddy,32000.0,232000.0,Utilitaire,Diesel,Manuelle,5.0,6.2015,no,diesel,2015.0
Seat,Ibiza,46000.0,16400.0,Compacte,Essence,Manuelle,5.0,6.2021,no,essence,2021.0
Mahindra,Hover,29000.0,62000.0,Autres,Essence,Manuelle,4.0,6.2021,no,essence,2021.0
Hyundai,I 10,32000.0,0.0,Compacte,Essence,Manuelle,4.0,6.2017,no,essence,2017.0
Kia,Cerato,41000.0,135000.0,Berline,Essence,Automatique,,6.2014,no,essence,2014.0
Renault,Megane,19000.0,380.0,Berline,Diesel,Manuelle,5.0,6.2006,no,diesel,2006.0
Kia,Rio,45000.0,99000.0,Compacte,Essence,Automatique,,6.2016,no,essence,2016.0
Skoda,Octavia,68500.0,65000.0,Berline,Diesel,Manuelle,6.0,6.2020,no,diesel,2020.0
Hyundai,Tucson,77000.0,135.0,4 x 4,Essence,Automatique,8.0,6.2020,no,essence,2020.0
Kia,Rio,66500.0,39235.0,Berline,Essence,Manuelle,5.0,6.2022,no,essence,2022.0
Volkswagen,Golf,60000.0,118000.0,Compacte,Essence,Automatique,6.0,6.2020,no,essence,2020.0
Isuzu,D-MAX,95000.0,50000.0,Pick up,Diesel,Manuelle,,6.2023,no,diesel,2023.0
Hyundai,Ix 35,50000.0,221000.0,4 x 4,Diesel,Automatique,11.0,6.2013,no,diesel,2013.0
Kia,Sportage,97600.0,114000.0,4 x 4,Diesel,Automatique,8.0,6.2021,no,diesel,2021.0
Chery,Tiggo,57500.0,16000.0,Autres,Essence,Automatique,6.0,6.2023,no,essence,2023.0
Peugeot,208,24000.0,209000.0,Berline,Essence,Manuelle,,6.2013,no,essence,2013.0
Kia,Sorento,65000.0,220000.0,4 x 4,Diesel,Automatique,12.0,6.2015,no,diesel,2015.0
Volkswagen,Polo,42000.0,152000.0,Compacte,Essence,Manuelle,7.0,6.2021,no,essence,2021.0
Citroen,C-Elysée,27500.0,159000.0,Berline,Essence,Manuelle,5.0,6.2016,no,essence,2016.0
Citroen,C3,45000.0,19500.0,Berline,Essence,Manuelle,4.0,6.2024,no,essence,2024.0
Renault,Megane,48000.0,240.0,Berline,Diesel,Manuelle,5.0,6.2016,no,diesel,2016.0
Citroen,C4,20500.0,270.0,Autres,Essence,Manuelle,7.0,6.2007,no,essence,2007.0
Renault,Symbol,27000.0,270000.0,Berline,Essence,Manuelle,5.0,6.2016,no,essence,2016.0
Volkswagen,Caddy,51000.0,125000.0,Autres,Diesel,Manuelle,5.0,6.2021,no,diesel,2021.0
Land Rover,Range Rover Evoque,68000.0,213.0,4 x 4,Diesel,Manuelle,150.0,6.2013,no,diesel,2013.0
Volkswagen,Golf 8,12345.0,101.0,Berline,Essence,Manuelle,6.0,6.2021,no,essence,2021.0
Kia,Sportage,56000.0,175000.0,4 x 4,Diesel,Manuelle,6.0,6.2012,no,diesel,2012.0
Kia,Picanto,38500.0,90000.0,Compacte,Essence,Manuelle,4.0,6.2021,no,essence,2021.0
Mazda,2,40000.0,138.0,Berline,Essence,Manuelle,,6.2017,no,essence,2017.0
Mercedes-Benz,Classe C,42000.0,290000.0,Berline,Essence,Automatique,9.0,6.2008,no,essence,2008.0
Chery,QQ,25000.0,5000.0,Compacte,Essence,Manuelle,4.0,6.2021,no,essence,2021.0
Mazda,2,45000.0,97000.0,Berline,Essence,Manuelle,6.0,6.2017,no,essence,2017.0
Dongfeng,s50,37000.0,95400.0,Berline,Essence,Manuelle,6.0,6.2019,no,essence,2019.0
Volkswagen,Jetta,39000.0,178000.0,Berline,Essence,Manuelle,6.0,6.2011,no,essence,2011.0
MG,ZS,52000.0,90000.0,4 x 4,Essence,Automatique,9.0,6.2018,no,essence,2018.0
Chevrolet,Aveo,24000.0,155000.0,Cabriolet,Essence,Manuelle,5.0,6.2012,no,essence,2012.0
Peugeot,208,24000.0,515.0,Autres,Diesel,Manuelle,5.0,6.2016,no,diesel,2016.0
Hyundai,I 20,38000.0,80000.0,Compacte,Essence,Manuelle,4.0,6.2017,no,essence,2017.0
Volkswagen,Jetta,31500.0,270000.0,Autres,Essence,,,6.2008,no,essence,2008.0
Volkswagen,Golf 7,49500.0,280000.0,Berline,Diesel,Manuelle,5.0,6.2014,no,diesel,2014.0
Chery,QQ6,25000.0,50000.0,Compacte,Essence,Manuelle,4.0,6.2021,no,essence,2021.0
Chery,QQ,25000.0,50000.0,Compacte,Essence,Manuelle,4.0,6.2021,no,essence,2021.0
Citroen,C3,19000.0,265000.0,Compacte,Essence,Manuelle,4.0,6.2007,no,essence,2007.0
Fiat,Doblo,21500.0,163000.0,Utilitaire,Diesel,Manuelle,5.0,6.2015,no,diesel,2015.0
Renault,Clio,24000.0,300000.0,Berline,Essence,Manuelle,5.0,6.2007,no,essence,2007.0
Porsche,Cayenne,115000.0,155000.0,Berline,Essence,Automatique,30.0,6.2012,no,essence,2012.0
Chery,QQ,24000.0,70000.0,Compacte,Essence,Manuelle,4.0,6.2021,no,essence,2021.0
Kia,Rio,11111.0,130000.0,Berline,Essence,Manuelle,6.0,6.2021,no,essence,2021.0
Chevrolet,Spark,24000.0,130000.0,Compacte,Essence,Manuelle,5.0,6.2014,no,essence,2014.0
Geely,LC,40000.0,45000.0,4 x 4,Essence,Manuelle,6.0,6.2020,no,essence,2020.0
Dongfeng,s50,32000.0,147000.0,Berline,Essence,Manuelle,6.0,6.2019,no,essence,2019.0
Mercedes-Benz,Classe C,112000.0,123000.0,Berline,Essence,Automatique,9.0,6.2018,no,essence,2018.0
Audi,A4,65000.0,140000.0,Berline,Essence,Manuelle,8.0,6.2016,no,essence,2016.0
Peugeot,208,30000.0,110000.0,Compacte,Essence,Manuelle,4.0,6.2020,no,essence,2020.0
BMW,Serie 3,69000.0,199000.0,Berline,Essence,Automatique,136.0,6.2015,no,essence,2015.0
Renault,Megane,60000.0,210.0,Berline,Diesel,Automatique,6.0,6.2019,no,diesel,2019.0
Renault,Megane,32000.0,272000.0,Berline,Diesel,Manuelle,6.0,6.2009,no,diesel,2009.0
Volkswagen,Golf 6,41500.0,229.0,Autres,Essence,Manuelle,5.0,6.2011,no,essence,2011.0
Nissan,Navara,60000.0,200000.0,4 x 4,Diesel,Manuelle,,6.2014,no,diesel,2014.0
Volkswagen,Passat CC,34000.0,140000.0,Berline,Diesel,Manuelle,8.0,6.2007,no,diesel,2007.0
Jaguar,F-Type,210000.0,84000.0,4 x 4,Diesel,Automatique,10.0,6.2020,no,diesel,2020.0
Fiat,Freemont,80000.0,92000.0,Autres,Diesel,Manuelle,10.0,6.2012,no,diesel,2012.0
Ssangyong,Tivoli,65000.0,22000.0,Autres,Essence,Manuelle,6.0,6.2022,no,essence,2022.0
Kia,Rio,38500.0,170000.0,Compacte,Essence,Manuelle,5.0,6.2016,no,essence,2016.0
Audi,Q5,65000.0,220000.0,4 x 4,Essence,Automatique,14.0,6.2014,no,essence,2014.0
MG,ZS,62000.0,67000.0,4 x 4,Essence,Manuelle,7.0,6.2020,no,essence,2020.0
Audi,A4,69000.0,215000.0,Berline,Essence,Automatique,8.0,6.2017,no,essence,2017.0
