URL,Brand,Model,Option,Price,Temps de recharge normale (AC),Peinture,Vitres,Ciel de pavillon,Emissions de CO2,0-100 Km/h,Assistant de feux de route,Hauteur,Alerte de circulation transversale,Longueur,Kit sécurité,Fermeture centralisée,Marchepieds latéraux,Nombre de places,Affichage tête haute,Garantie,Autonomie électrique (NEDC),Arceau de benne,Aileron arrière,Autonomie électrique (WLTP),Détecteur de fatigue,Frein de stationnement,Fixations ISOFIX,Freinage,Lave Phares,Contrôle de stabilité anti-retournement,Consommation électrique (WLTP),Tapis de sol,Pack aérodynamique M,Lumières d'ambiance,Allumage automatique des feux,Airbags,Sièges,Surface de chargement,Train roulant,Contrôle de pression des pneus,Pneumatiques runflat,Couple,Toit,Instrumentation digitale,Différentiel autobloquant,Régulateur de vitesse,Alarme antivol,Nombre de portes,Volume du coffre,Kit éclairage,Nombre de moteurs électriques,Pédaliers,Surveillance d’angle mort,ABS,Puissance thermique (ch.din),Fermeture assistée des portes,Spoiler arrière,Charge utile,Sellerie,Conduite autonome,Ordinateur de bord,Direction assistée,Préparation pour téléphone,Boule d'attelage,Connectivité,Barres de toit,DSC,Bouton Start & Stop,Reconnaissance des panneaux,Finition intérieure,Jupes latérales,Aide au démarrage en côte,Puissance fiscale,Boîte,Système Start & Stop,Terrain Response,Pommeau de levier de vitesse,Seuils de portes,Sièges réglables en hauteur,Puissance (ch.din),Alerte de risque de collision,Aide au maintien dans la voie,Clé intelligente,Cloison entre cabine et compartiment arrière,Barre stabilisatrice,Launch Control,Kit carrosserie,Modes de conduite,Kit fumeurs,Batterie,Contrôle du roulis de la remorque,Jantes,Rétroviseur intérieur,Assistance au freinage,Suspension,Anti-démarrage électronique,Kit rangement,Ecran central,Alerte de franchissement de ligne,Portes en élytre,Voiture populaire,Tableau de bord,Baguettes extérieures d'encadrement des vitres,Calandre,Climatisation,Type de batterie,Pack Sport Chrono,Coffre à bagages,Vitres électriques,Couple électrique,Détecteur de pluie,Energie,Appuis têtes arrières,Largeur,Volume du coffre maximal,Puissance avec overboost (ch.din),Transmission,Volume du coffre avant,Porte bagages,Dynamic Response,Consommation mixte,Stores pare-soleil,Navigation,Rétroviseurs extérieurs,Capacité de recharge maximale (AC),Alimentation électrique,Sideblades,Carrosserie,Disponibilité,4 roues directrices,Connected Drive,Vitesse maxi,Autoradio,Caméra d'angle mort,Version pays chauds,Volant réglable,Limiteur de vitesse,Temps de recharge rapide (DC),Puissance électrique,Détection des piétons,Carte mains libres,Boulons de roues protégés,Système de récupération d'énergie,Nombre de cylindres,Volume utile,Volant,Rideau de benne,Feux à LED,Consommation urbaine,Nombre de rapports,Consommation extra-urbaine,Poignées de portes,Capot moteur actif,Caméra d'enregistrement de conduite,Système de descente en côte,Antibrouillards,Capote éléctrique,Anti-patinage,Phares,Aide au stationnement,Sorties d’échappement,Boîte à gants réfrigérée,Accoudoirs,Eléments extérieurs couleur carrosserie,Cylindrée
https://www.automobile.tn/fr/neuf/skoda/fabia/1.0-l-mpi-essence,skoda,fabia,1.0-l-mpi-essence,66 980 ,,,Athermiques,,116 g/km,15.5 s,,1482 mm,,4108 mm,,À distance,,5,,3 ans,,,,,,,,,,,,,,,,Frontaux,,,,,,93 nm 3700 tr/min,,,,,,5,380 L,,,,,,,,,,Tissu,,,,,,2 USB-C | Bluetooth,,,,,,,,4 CV,Manuelle,,,Cuir,,Conducteur,80 CH,,,,,Avant,,,,,,,14'',,,,,Porte-lunettes,Tactile | 6.5 pouces,,,,,,Chromée,Manuelle,,,,Avant,,,Essence,3,1780 mm,,,Traction,,,,5.1 L/100 km,,,Électriques | Dégivrants,,,,Citadine,Disponible,,,178 KM/H,SWING | 4 haut-parleurs,,,En hauteur et en profondeur,,,,,,,,3,,Multi-fonctions,,Feux de jour,6 L/100 km,5,4.3 L/100 km,,,,,,,ESP,LED,,,,Avant,Pare-chocs | Poignées de portes | Rétroviseurs,999 CM³
https://www.automobile.tn/fr/neuf/skoda/fabia/1.0-l-mpi-selection,skoda,fabia,1.0-l-mpi-selection,72 980 ,,,Athermiques,,116 g/km,15.5 s,,1482 mm,,4108 mm,,À distance,,5,,3 ans,,,,,,,,,,,,,,,,Frontaux | Latéraux,Réglage lombaire,,,,,93 nm 3700 tr/min,,,,,,5,380 L,,,,,,,,,,Tissu,,,,,,2 USB-C | Bluetooth,,,Démarrage mains libres,,,,,4 CV,Manuelle,,,Cuir,,Conducteur et passager,80 CH,,,Accès mains libres,,Avant,,,,,,,En aluminium | 15'',,,,,Porte-lunettes,Tactile | 6.5 pouces,,,,,,Chromée,Manuelle,,,,Avant/Arrière,,,Essence,3,1780 mm,,,Traction,,,,5.1 L/100 km,,,Électriques | Dégivrants,,,,Citadine,Disponible,,,178 KM/H,SWING | 4 haut-parleurs,,,En hauteur et en profondeur,,,,,,,,3,,Cuir | Multi-fonctions,,Feux de jour | Arrières,6 L/100 km,5,4.3 L/100 km,,,,,,,ESP,LED,Radar de recul,,,Avant,Pare-chocs | Poignées de portes | Rétroviseurs,999 CM³
https://www.automobile.tn/fr/neuf/skoda/fabia/1.0-l-mpi-monte-carlo,skoda,fabia,1.0-l-mpi-monte-carlo,85 980 ,,,Athermiques,,116 g/km,15.5 s,,1482 mm,,4108 mm,,À distance,,5,,3 ans,,,,,,,,,,,,,,,,Frontaux | Latéraux,Réglage lombaire | Sport,,,,,93 nm 3700 tr/min,Panoramique,Virtual Cockpit,,,,5,380 L,,,,,,,,,,Tissu,,,,,,2 USB-C | Bluetooth | SmartLink,,,Démarrage mains libres,,,,,4 CV,Manuelle,,,Cuir,Chromés,Conducteur et passager,80 CH,,,Accès mains libres,,Avant,,Sport,,,,,En aluminium | 16'',Anti-éblouissement,,,,Porte-lunettes,Tactile | 8 pouces,,,,,,Noire,Automatique,,,,Avant/Arrière,,,Essence,3,1780 mm,,,Traction,,,,5.1 L/100 km,,,Électriques | Dégivrants | Noirs,,,,Citadine,Disponible,,,178 KM/H,SWING | 6 haut-parleurs,,,En hauteur et en profondeur,,,,,,,,3,,Cuir | Multi-fonctions | Sport,,Feux de jour | Arrières,6 L/100 km,5,4.3 L/100 km,,,,,,,ESP,LED,Radar de recul,,,Avant,Pare-chocs | Poignées de portes | Rétroviseurs,999 CM³
https://www.automobile.tn/fr/neuf/skoda/kushaq/1.0-tsi-ambition,skoda,kushaq,1.0-tsi-ambition,78 980 ,,,Athermiques,,,10.8 s,,1612 mm,,4221 mm,,À distance,,5,,3 ans,,,,,,,,,,,,,,,,Frontaux,,,,,,178 nm 1750 tr/min,,,,,,5,385 L,,,,,,,,,,Tissu,,,,,,2 USB-C | Android Auto | Apple Carplay | Bluetooth,,,,,,,,6 CV,Manuelle,,,Cuir,Baguettes dans les baies de porte,Conducteur,116 CH,,,,,,,,,,,,En aluminium | 16'',,,,,Poches aumônières | Porte-lunettes,Tactile | 10 pouces,,,,,Noir Brillant,,Automatique,,,,Avant/Arrière,,,Essence,3,1760 mm,,,Traction,,,,5.2 L/100 km,,,Électriques | Rabattables,,1 prise 12 V,,SUV,Sur arrivage,,,189 KM/H,6 haut-parleurs | Commandes au volant,,,En hauteur et en profondeur,,,,,,,,3,,Cuir | Multi-fonctions,,Avant,6.7 L/100 km,6,4.5 L/100 km,,,,,,,ESP,LED,Radar de recul | Caméra de recul,,,Avant | Arrière,Pare-chocs | Rétroviseurs,999 CM³
https://www.automobile.tn/fr/neuf/skoda/kushaq/1.0-tsi-bva-ambition,skoda,kushaq,1.0-tsi-bva-ambition,85 980 ,,,Athermiques,,,10.8 s,,1612 mm,,4221 mm,,À distance,,5,,3 ans,,,,,,,,,,,,,,,,Frontaux,,,,,,178 nm 1750 tr/min,,,,,,5,385 L,,,,,,,,,,Tissu,,,,,,2 USB-C | Android Auto | Apple Carplay | Bluetooth,,,,,,,,7 CV,Automatique,,,Cuir,Baguettes dans les baies de porte,Conducteur,116 CH,,,,,,,,,,,,En aluminium | 16'',,,,,Poches aumônières | Porte-lunettes,Tactile | 10 pouces,,,,,Noir Brillant,,Automatique,,,,Avant/Arrière,,,Essence,3,1760 mm,,,Traction,,,,5.2 L/100 km,,,Électriques | Rabattables,,1 prise 12 V,,SUV,Sur arrivage,,,189 KM/H,6 haut-parleurs | Commandes au volant,,,En hauteur et en profondeur,,,,,,,,3,,Cuir | Multi-fonctions | Avec palettes,,Avant,6.7 L/100 km,6,4.5 L/100 km,,,,,,,ESP,LED,Radar de recul | Caméra de recul,,,Avant | Arrière,Pare-chocs | Rétroviseurs,999 CM³
https://www.automobile.tn/fr/neuf/skoda/kushaq/1.0-tsi-bva-style,skoda,kushaq,1.0-tsi-bva-style,92 980 ,,,Athermiques,,,10.8 s,,1612 mm,,4221 mm,,À distance,,5,,3 ans,,,,,,,,,,,,,,,,Frontaux | Latéraux | Protège-tête,Ventilés,,,,,178 nm 1750 tr/min,Ouvrant | En verre,,,,,5,385 L,,,,,,,,,,Similicuir,,,,,,2 USB-C | Android Auto | Apple Carplay | Bluetooth | Chargeur de téléphone sans fil,,,,,,,,7 CV,Automatique,,,Cuir,Baguettes dans les baies de porte,Conducteur,116 CH,,,Accès mains libres,,,,,,,,,En aluminium | 17'',Anti-éblouissement,,,,Poches aumônières | Porte-lunettes,Tactile | 10 pouces,,,,,Noir Brillant,,Automatique,,,,Avant/Arrière,,,Essence,3,1760 mm,,,Traction,,,,5.2 L/100 km,,,Électriques | Rabattables,,1 prise 12 V,,SUV,Sur arrivage,,,189 KM/H,6 haut-parleurs | Commandes au volant | Subwoofer,,,En hauteur et en profondeur,,,,,,,,3,,Cuir | Multi-fonctions | Avec palettes,,Avant | Arrières,6.7 L/100 km,6,4.5 L/100 km,,,,,,,ESP,LED,Radar de recul | Caméra de recul,,,Avant | Arrière,Pare-chocs | Rétroviseurs,999 CM³
https://www.automobile.tn/fr/neuf/skoda/scala/1.0-l-tsi-dsg-essence,skoda,scala,1.0-l-tsi-dsg-essence,86 980 ,,,Athermiques,,,10.1 s,,1514 mm,,4362 mm,,À distance,,5,,3 ans,,,,,,,,,,,,,,,,Frontaux | Latéraux,,,,,,200 nm 2000 tr/min,,,,,,5,467 L,,,,,,,,,,Tissu,,,,,,USB-C | Android Auto | Apple Carplay | Bluetooth | SmartLink,,,,,,,,6 CV,Automatique,,,Cuir,,Conducteur et passager,116 CH,,,,,Avant,,,,,,,En aluminium | 16'',,,,,,Tactile | 8.25 pouces,,,,,,Chromée,Manuelle,,,,Avant/Arrière,,,Essence,,1793 mm,,,Traction,,,,5.4 L/100 km,,,Électriques | Dégivrants,,,,Compacte,Sur arrivage,,,202 KM/H,8 haut-parleurs,,,,,,,,,,,3,,Multi-fonctions,,Avant | Arrières,6.9 L/100 km,7,4.7 L/100 km,,,,,,,ESP,LED,Radar de recul,,,Avant,Pare-chocs | Poignées de portes | Rétroviseurs,999 CM³
https://www.automobile.tn/fr/neuf/skoda/scala/1.0-l-tsi-dsg-selection,skoda,scala,1.0-l-tsi-dsg-selection,100 980 ,,,Athermiques,,,10.1 s,,1514 mm,,4362 mm,,À distance,,5,,3 ans,,,,,,,,,,,,,,,,Frontaux | Latéraux,Réglage lombaire,,,,,200 nm 2000 tr/min,Panoramique | En verre,10.25 pouces | Virtual Cockpit,,,,5,467 L,,,,,,,,,,Tissu,,,,,,USB-C | Android Auto | Apple Carplay | Bluetooth | SmartLink | Chargeur de téléphone sans fil,,,Démarrage mains libres,,,,,6 CV,Automatique,,,Cuir,,Conducteur et passager,116 CH,,,Accès mains libres,,Avant,,,Normal | Sport | Eco,,,,En aluminium | 17'',Anti-éblouissement,,,,,Tactile | 8.25 pouces,,,,,Chrome,Chromée,Automatique,,,Ouverture mains libres,Avant/Arrière,,,Essence,,1793 mm,,,Traction,,,,5.4 L/100 km,,,Électriques | Rabattables | Dégivrants | Photosensibles,,,,Compacte,Sur arrivage,,,202 KM/H,8 haut-parleurs,,,En hauteur et en profondeur,,,,,,,,3,,Cuir | Multi-fonctions | Avec palettes,,Avant | Arrières | Clignotants à défilement,6.9 L/100 km,7,4.7 L/100 km,,,,,,,ESP,Matrix LED,Radar de recul | Radar avant | Caméra de recul,,,Avant,Pare-chocs | Poignées de portes | Rétroviseurs,999 CM³
https://www.automobile.tn/fr/neuf/skoda/scala/1.0-l-tsi-dsg-monte-carlo,skoda,scala,1.0-l-tsi-dsg-monte-carlo,109 980 ,,,Athermiques,,,10.1 s,,1514 mm,,4362 mm,,À distance,,5,,3 ans,,,,,,,,,,,,,,,,Frontaux | Latéraux,Réglage lombaire | Sport,,,,,200 nm 2000 tr/min,Panoramique | En verre,10.25 pouces | Virtual Cockpit,,,Anti-soulèvement,5,467 L,,,,,,,,,,Tissu,,,,,,USB-C | Android Auto | Apple Carplay | Bluetooth | SmartLink | Chargeur de téléphone sans fil,,,Démarrage mains libres,,,,,6 CV,Automatique,,,Cuir,Baguettes dans les baies de porte,Conducteur et passager,116 CH,,,Accès mains libres,,Avant,,Monte-Carlo,Normal | Sport | Eco,,,,En aluminium | 17'',Anti-éblouissement,,,,,Tactile | 8.25 pouces,,,,,Noir Brillant,Noire,Automatique,,,Ouverture mains libres,Avant/Arrière,,,Essence,,1793 mm,,,Traction,,,,5.4 L/100 km,,,Électriques | Rabattables | Dégivrants | Photosensibles | Noirs,,,,Compacte,Sur arrivage,,,202 KM/H,8 haut-parleurs,,,En hauteur et en profondeur,,,,,,,,3,,Cuir | Multi-fonctions | Sport | Avec palettes,,Avant | Arrières | Clignotants à défilement,6.9 L/100 km,7,4.7 L/100 km,,,,,,,ESP,Matrix LED,Radar de recul | Radar avant | Caméra de recul,,,Avant,Pare-chocs | Poignées de portes,999 CM³
https://www.automobile.tn/fr/neuf/skoda/kamiq/1.0-l-tsi-dsg-essence,skoda,kamiq,1.0-l-tsi-dsg-essence,89 980 ,,,Athermiques,,,10.2 s,,1562 mm,,4241 mm,,À distance,,5,,3 ans,,,,,,,,,,,,,,,,Frontaux | Latéraux,,,,,,200 nm 2000 tr/min,,,,,,5,400 L,,,,,,,,,,Tissu,,,,,,USB-C | Bluetooth | SmartLink,Noires,,,,,,,6 CV,Automatique,,,Cuir,,Conducteur et passager,116 CH,,,,,Avant,,,,,,,En aluminium | 16'',,,,,,Tactile,,,,,,Chromée,Manuelle,,,,Avant/Arrière,,,Essence,,1793 mm,,,Traction,,,,5.7 L/100 km,,,Électriques | Dégivrants,,,,SUV,Sur arrivage,,,195 KM/H,8 haut-parleurs,,,En hauteur et en profondeur,,,,,,,,3,,Multi-fonctions,,Avant | Arrières,,7,,,,,,,,ESP,LED,Radar de recul,,,Avant,Poignées de portes | Rétroviseurs,999 CM³
https://www.automobile.tn/fr/neuf/skoda/kamiq/1.0-l-tsi-dsg-selection,skoda,kamiq,1.0-l-tsi-dsg-selection,102 980 ,,,Athermiques,,,10.2 s,,1562 mm,,4241 mm,,À distance,,5,,3 ans,,,,,,,,,,,,,,,,Frontaux | Latéraux,Réglage lombaire,,,,,200 nm 2000 tr/min,Panoramique | En verre,Virtual Cockpit,,,Anti-soulèvement,5,400 L,,,,,,,,,,Tissu,,,,,,USB-C | Bluetooth | SmartLink | Chargeur de téléphone sans fil,Argent,,Démarrage mains libres,,,,,6 CV,Automatique,,,Cuir,,Conducteur et passager,116 CH,,,Accès mains libres,,Avant,,,Eco,,,,En aluminium | 17'',Anti-éblouissement,,,,,Tactile,,,,,Chrome,Chromée,Automatique,,,Ouverture et fermeture motorisées,Avant/Arrière,,,Essence,,1793 mm,,,Traction,,,,5.7 L/100 km,,,Électriques | Dégivrants,,,,SUV,Sur arrivage,,,195 KM/H,8 haut-parleurs,,,En hauteur et en profondeur,,,,,,,,3,,Cuir | Multi-fonctions | Avec palettes,,Avant | Arrières | Clignotants à défilement,,7,,,,,,,,ESP,Matrix LED,Radar de recul | Radar avant | Caméra de recul,,,Avant,Poignées de portes | Rétroviseurs,999 CM³
https://www.automobile.tn/fr/neuf/skoda/kamiq/1.0-l-tsi-dsg-monte-carlo,skoda,kamiq,1.0-l-tsi-dsg-monte-carlo,107 980 ,,,Athermiques,,,10.2 s,,1562 mm,,4241 mm,,À distance,,5,,3 ans,,,,,,,,,,,,,,,,Frontaux | Latéraux,Réglage lombaire | Sport,,,,,200 nm 2000 tr/min,Panoramique | En verre,Virtual Cockpit,,,Anti-soulèvement,5,400 L,,,,,,,,,,Tissu,,,,,,USB-C | Bluetooth | SmartLink | Chargeur de téléphone sans fil,Noires,,Démarrage mains libres,,,,,6 CV,Automatique,,,Cuir,Chromés,Conducteur et passager,116 CH,,,Accès mains libres,,Avant,,Sport,Eco,,,,En aluminium | 17'',Anti-éblouissement,,,,,Tactile,,,,,Noir Brillant,Noire,Automatique,,,Ouverture et fermeture motorisées,Avant/Arrière,,,Essence,,1793 mm,,,Traction,,,,5.7 L/100 km,,,Électriques | Dégivrants | Noirs,,,,SUV,Sur arrivage,,,195 KM/H,8 haut-parleurs,,,En hauteur et en profondeur,,,,,,,,3,,Cuir | Multi-fonctions | Sport | Avec palettes,,Avant | Arrières | Clignotants à défilement,,7,,,,,,,,ESP,Matrix LED,Radar de recul | Radar avant | Caméra de recul,,,Avant,Pare-chocs | Poignées de portes,999 CM³
https://www.automobile.tn/fr/neuf/skoda/octavia/1.4-tsi-bva-essence,skoda,octavia,1.4-tsi-bva-essence,114 980 ,,,Athermiques,,,8.2 s,,1470 mm,,4698 mm,,À distance,,5,,3 ans,,,,,,Éléctrique,,,,,,,,,,Frontaux | Latéraux | Protège-tête,Réglage lombaire,,,,,250 nm 1500 tr/min,,10.25 pouces,XDS,,,4,600 L,,,,,,,,,,Similicuir/Tissu,,,Servotronic,,,2 USB-C | Android Auto | Apple Carplay | Bluetooth | SmartLink | Chargeur de téléphone sans fil,,,Démarrage mains libres,,Chromée,,,8 CV,Automatique,,,,Chromés,Conducteur et passager,150 CH,,,Accès mains libres,,Avant,,,,,,,En aluminium | 16'',Anti-éblouissement,,,,,Tactile | 10 pouces,,,,,,,Automatique,,,,Avant/Arrière,,,Essence,3,1829 mm,,,Traction,,,,4.8 L/100 km,,,Électriques | Dégivrants,,1 prise 12 V,,Berline,Disponible,,,219 KM/H,8 haut-parleurs | Commandes au volant,,,En hauteur et en profondeur,,,,,,,,4,,Cuir | Multi-fonctions | Avec palettes,,Feux de jour | Avant | Arrières,6 L/100 km,8,4.2 L/100 km,,,,,,,ESC,LED,Radar de recul | Radar avant,,,Avant,Pare-chocs | Rétroviseurs,1395 CM³
https://www.automobile.tn/fr/neuf/skoda/octavia/1.4-tsi-bva-selection,skoda,octavia,1.4-tsi-bva-selection,124 980 ,,,Parebrise athermique,,,8.2 s,,1470 mm,,4698 mm,,À distance,,5,,3 ans,,,,,,Éléctrique,,,,,,,,,,Frontaux | Latéraux | Protège-tête,Réglage lombaire,,,,,250 nm 1500 tr/min,,10.25 pouces,XDS,,,4,600 L,,,,,,,,,,Similicuir/Tissu,,,Servotronic,,,2 USB-C | Android Auto | Apple Carplay | Bluetooth | SmartLink | Chargeur de téléphone sans fil,,,Démarrage mains libres,,Chromée,,,8 CV,Automatique,,,,Chromés,Conducteur et passager,150 CH,,,Accès mains libres,,Avant,,,,,,,En aluminium | 17'',Anti-éblouissement,,,,,Tactile | 10 pouces,,,,,,,Automatique,,,,Avant/Arrière,,,Essence,3,1829 mm,,,Traction,,,,4.8 L/100 km,,,Électriques | Rabattables | Dégivrants | Photosensibles,,1 prise 12 V,,Berline,Disponible,,,219 KM/H,8 haut-parleurs | Commandes au volant,,,En hauteur et en profondeur,,,,,,,,4,,Cuir | Multi-fonctions | Avec palettes,,Feux de jour | Avant | Arrières,6 L/100 km,8,4.2 L/100 km,,,,,,,ESC,LED,Radar de recul | Radar avant | Caméra de recul,,,Avant | Arrière,Pare-chocs | Rétroviseurs,1395 CM³
https://www.automobile.tn/fr/neuf/skoda/octavia/1.4-tsi-bva-sportline,skoda,octavia,1.4-tsi-bva-sportline,144 980 ,,,Parebrise athermique,,,8.2 s,,1470 mm,,4698 mm,,À distance,,5,,3 ans,,,,,,Éléctrique,,,,,,,,,,Frontaux | Latéraux | Protège-tête,Électriques | Chauffants | Réglage lombaire | Fonction mémoire | Sport,,,,,250 nm 1500 tr/min,,10.25 pouces,XDS,,Anti-soulèvement,4,600 L,,,Aluminium,,,,,,,Similicuir/Tissu,,,Progressive,,,2 USB-C | Android Auto | Apple Carplay | Bluetooth | SmartLink | Chargeur de téléphone sans fil,,,Démarrage mains libres,,Black Middle Carbon,,,8 CV,Automatique,,,,Chromés,Conducteur et passager,150 CH,,,Accès mains libres,,Avant,,,,,,,En aluminium | 18'',Anti-éblouissement,,Sport,,,Tactile | 10 pouces,,,,,,Noire,Automatique,,,Ouverture mains libres,Avant/Arrière,,,Essence,3,1829 mm,,,Traction,,,,4.8 L/100 km,,,Électriques | Rabattables | Dégivrants | Photosensibles | Mémoire de position | Noirs,,1 prise 12 V,,Berline,Sur commande,,,219 KM/H,8 haut-parleurs | Commandes au volant,,,En hauteur et en profondeur,,,,,,,,4,,Cuir | Multi-fonctions | Sport | Avec palettes,,Feux de jour | Avant | Arrières | Clignotants à défilement,6 L/100 km,8,4.2 L/100 km,,,,,,,ESC,Directionnels | Matrix LED,Radar de recul | Radar avant | Caméra de recul,,,Avant | Arrière,Pare-chocs | Poignées de portes,1395 CM³
https://www.automobile.tn/fr/neuf/avantier/avantier-c/14-kwh,avantier,avantier-c,14-kwh,28 700 ,8 heures,,,,,,,1637 mm,,2980 mm,,À distance,,2,,5 ans ou 100000 km | Batterie garantie 8 ans ou 160.000 KM,,,,182 km,,,,,,,,,,,,Frontaux,,,,,,85 nm 0 tr/min,,8 pouces,,,,3,,,1,,,,,,,275 KG,Tissu,,,EPS,,,USB | Bluetooth,,,,,,,HAC,2 CV,Automatique,,,,,,30 CH,,,,,,,,Sport | Eco,,14 kWh,,"12""",,EBD,,,,,,,,,,,Manuelle,,,,Avant,,,Electrique,,1490 mm,,,Propulsion,,,,,,,,,,,Utilitaire,En pré-commande,,,90 KM/H,Commandes au volant,,,,,,,,,,,,"0,69 m³",Multi-fonctions,,,,,,,,,,,,,,Radar de recul | Caméra de recul,,,,,
https://www.automobile.tn/fr/neuf/suzuki/celerio-populaire/1.0-l-gl,suzuki,celerio-populaire,1.0-l-gl,28 935 ,,,,,,14 s,,1555 mm,,3695 mm,,À distance,,5,,3 ans,,,,,,,,,,,,,,,,Frontaux,,,,,,90 nm 3500 tr/min,,,,,,5,295 L,,,,,,,,,,Tissu,,,Électrique,,,USB | Android Auto | Apple Carplay | Bluetooth,,,,,,,,4 CV,Manuelle,,,,,,68 CH,,,,,,,,,,,,En aluminium | 15'',,,,,,Tactile | 7 pouces,,,,,,Chromée | Noire,Manuelle,,,,Avant/Arrière,,,Essence,,1655 mm,,,Traction,,,,4.3 L/100 km,,,Électriques,,1 prise 12 V,,Citadine,Disponible | Sous réserve d'acceptation du dossier par le ministère du commerce,,,155 KM/H,4 haut-parleurs | Commandes au volant,,,En hauteur,,,,,,,,3,,3 branches,,,5.1 L/100 km,5,3.7 L/100 km,,,,,,,ESP,,Radar de recul,,,,Poignées de portes | Rétroviseurs,998 CM³
https://www.automobile.tn/fr/neuf/renault/kwid/1.0-l-2025,renault,kwid,1.0-l-2025,30 095 ,,,,,,15.5 s,,1474 mm,,3680 mm,,À distance,,5,,2 ans,,,,,,,,,,,,,,,,Frontaux | Latéraux,,,,,,92 nm 4250 tr/min,,,,,,5,290 L,,,,,,,,,,Tissu,,,,,,USB | AUX | Bluetooth,,,,,,,,4 CV,Manuelle,,,,,,64 CH,,,,,,,,,,,,14'',,,,,,,,,,,,,Manuelle,,,,Avant,,,Essence,3,1579 mm,,,Traction,,,,4.7 L/100 km,,,,,,,SUV,Sous réserve d'acceptation du dossier par le ministère du commerce | Sur arrivage,,,150 KM/H,,,,,,,,,,,,3,,,,Feux de jour,,5,,,,,,,,,,,,,,Pare-chocs | Rétroviseurs,999 CM³
https://www.automobile.tn/fr/neuf/kia/picanto-populaire/1.0-l,kia,picanto-populaire,1.0-l,32 190 ,,,Teintées,,,14.3 s,,1485 mm,,3595 mm,,À distance,,5,,5 ans,,,,,,,,,,,,,,,,Frontaux,,,,,,95.2 nm 3700 tr/min,,,,,,5,255 L,,,,,,,,,,Tissu,,,Électrique,,,USB | Android Auto | Apple Carplay | Bluetooth | Commande vocale,,,,,,,HAC,4 CV,Manuelle,,,,,Conducteur,67 CH,,,,,,,,,,,,14'',,,,,,Tactile | 8 pouces,,,,,,Chromée,Manuelle,,,,Avant/Arrière,,,Essence,,1595 mm,,,Traction,,,,4.8 L/100 km,,,Électriques,,,,Citadine,Disponible | Sous réserve d'acceptation du dossier par le ministère du commerce,,,161 KM/H,4 haut-parleurs | Commandes au volant,,,En hauteur,,,,,,,,3,,Multi-fonctions,,,6.0 L/100 km,5,4.1 L/100 km,,,,,,,ESC,,Radar de recul | Caméra de recul,,,,Pare-chocs | Poignées de portes | Rétroviseurs,998 CM³
https://www.automobile.tn/fr/neuf/cenntro/logistar-ls-100/16-kwh,cenntro,logistar-ls-100,16-kwh,32 800 ,5 heures,,,,,,,1689 mm,,3664 mm,,À distance,,2,,5 ans ou 100000 km | Batterie garantie 8 ans ou 160.000 KM,,,,120 km,,,,,,,15 kWh/100 km,,,,,Frontaux,,,,,,90 nm 0 tr/min,,,,,,5,,,1,,,,,,,600 KG,Tissu,,,Électrique,,,Bluetooth,,,,,,,,2 CV,Automatique,,,,,,34 CH,,,,,,,,,,16 kWh,,14'',,,,,,Tactile,,,,,,,Manuelle,,,,Avant,,,Electrique,,1610 mm,,,Traction,,,,,,,Électriques,,1 prise 12 V,,Utilitaire,Disponible,,,90 KM/H,,,,,,,,,,,,,2 m³,,,,,,,,,,,,,ESC,,Radar de recul | Caméra de recul,,,,,
https://www.automobile.tn/fr/neuf/dfsk/k01s/simple-cabine-std,dfsk,k01s,simple-cabine-std,32 900 ,,,,,,N.C,,1810 mm,,3910 mm,,,,2,,2 ans,,,,,,,,,,,,,,,,,,,,,,88 nm 3000 tr/min,,,,,,2,,,,,,,,,,985 KG,Tissu,,,,,,USB,,,,,,,,5 CV,Manuelle,,,,,,58 CH,,,,,,,,,,,,13'',,,,,,,,,,,,,,,,,,,,Essence,,1560 mm,,,Propulsion,,,,7.5 L/100 km,,,,,,,Pick up,Sur arrivage,,,115 KM/H,,,,,,,,,,,,4,,,,,,5,,,,,,,,,,,,,,,1000 CM³
https://www.automobile.tn/fr/neuf/dfsk/k01s/simple-cabine-dlx,dfsk,k01s,simple-cabine-dlx,34 900 ,,,,,,N.C,,1810 mm,,3910 mm,,,,2,,2 ans,,,,,,,,,,,,,,,,,,,,,,88 nm 3000 tr/min,,,,,,2,,,,,,,,,,985 KG,Tissu,,,,,,USB,,,,,,,,5 CV,Manuelle,,,,,,58 CH,,,,,,,,,,,,13'',,,,,,,,,,,,,Manuelle,,,,,,,Essence,,1560 mm,,,Propulsion,,,,7.5 L/100 km,,,,,,,Pick up,Sur arrivage,,,115 KM/H,,,,,,,,,,,,4,,,,,,5,,,,,,,,,,,,,,,1000 CM³
https://www.automobile.tn/fr/neuf/citroen/c3-populaire/1.2-l,citroen,c3-populaire,1.2-l,34 626 ,,Métallisée +360 DT,,,,13.3 s,,1474 mm,,3999 mm,,À distance,,5,,3 ans,,,,,,,,,,,,,,,,Frontaux | Latéraux | Rideaux,,,,,,118 nm 2750 tr/min,,,,,,5,300 L,,,,,,,,,,Tissu,,,,,,USB | Bluetooth,,,,TSR,Noir brillant,,,4 CV,Manuelle,,,,,Conducteur,75 CH,,,,,,,,,,,,15'',,AFU,,,,,,,,,,,Manuelle,,,,Avant,,,Essence,3,1749 mm,,,Traction,,,,5.4 L/100 km,,,Électriques | Dégivrants,,1 prise 12 V,,Citadine,Disponible | Sous réserve d'acceptation du dossier par le ministère du commerce,,,175 KM/H,4 haut-parleurs,,,En hauteur et en profondeur,,,,,,,,3,,Multi-fonctions,,Feux de jour,6.4 L/100 km,5,4.7 L/100 km,,,,,,,ESP,LED,,,,,Poignées de portes,1199 CM³
https://www.automobile.tn/fr/neuf/chery/tiggo-1x-populaire/1.0-l-turbo-cvt,chery,tiggo-1x-populaire,1.0-l-turbo-cvt,34 790 ,,,,,,15.3 s,,1570 mm,,4200 mm,Triangle de présignalisation,À distance,,5,,3 ans ou 100.000 km,,,,,,,,,,,,,,,,Frontaux,,,,,,117 nm 3500 tr/min,,,,,,5,420 L,,,,,,,,,,Tissu,,Ecran TFT 3.5'',,,,USB | Android Auto | Apple Carplay | Bluetooth,Aluminium,,Démarrage mains libres,,,,HAC,4 CV,Automatique,,,,,,70 CH,,,Accès mains libres | Démarrage à distance,,,,,,,,,En aluminium | 16'',,EBA | EBD,,,,Tactile | 9 pouces,,,,,,Chromée | Noire,Automatique,,,,Avant/Arrière,,,Essence,,1760 mm,1239 L,,Traction,,,,6.3 L/100 km,,,Électriques | Rabattables | Avec clignotants intégrés,,1 prise 12 V,,SUV,Sous réserve d'acceptation du dossier par le ministère du commerce | En pré-commande,,,170 KM/H,Commandes au volant,,,En hauteur,,,,,,,,3,,Multi-fonctions | à méplat,,Feux de jour | Arrières,,9,,,,,HDC,,,ESP,,Radar de recul,,,Avant,Poignées de portes | Rétroviseurs,998 CM³
https://www.automobile.tn/fr/neuf/hyundai/grand-i10-populaire/1.0-l,hyundai,grand-i10-populaire,1.0-l,34 805 ,,Two-tone,,,,14.3 s,,1510 mm,,3805 mm,,À distance,,5,,5 ans,,,,,,,,,,,,,,,,Frontaux,,,,,,95 nm 3500 tr/min,,,,,,5,260 L,,,,,,,,,,Tissu,,,Électrique,,,USB | AUX | Bluetooth,,,,,,,,4 CV,Manuelle,,,Cuir,,Conducteur et passager,65 CH,,,,,,,,,,,,En aluminium | 15'',,,,,,,,,,,,Chromée,Manuelle,,,,Avant/Arrière,,,Essence,,1680 mm,,,Traction,,,,5 L/100 km,,,Électriques | Rabattables,,,,Citadine,Sous réserve d'acceptation du dossier par le ministère du commerce,,,161 KM/H,4 haut-parleurs | Commandes au volant,,,En hauteur,,,,,,,,3,,Cuir | Multi-fonctions,,,6.5 L/100 km,5,4.1 L/100 km,,,,,,,,,,,,,Poignées de portes,998 CM³
https://www.automobile.tn/fr/neuf/dfsk/k01h/large-cabine-1.1-l-std,dfsk,k01h,large-cabine-1.1-l-std,35 900 ,,,,,,N.C,,1850 mm,,4500 mm,,,,2,,2 ans,,,,,,,,,,,,,,,,,,,,,,83 nm 3000 tr/min,,,,,,2,,,,,,,,,,915 KG,Tissu,,,,,,USB,,,,,,,,6 CV,Manuelle,,,,,,50 CH,,,,,,,,,,,,13'',,,,,,,,,,,,,,,,,,,,Essence,,1560 mm,,,Propulsion,,,,6.1 L/100 km,,,,,,,Pick up,Disponible,,,N.C,,,,,,,,,,,,4,,,,,,5,,,,,,,,,,,,,,,1050 CM³
https://www.automobile.tn/fr/neuf/dfsk/k01h/large-cabine-1.1-l-dlx,dfsk,k01h,large-cabine-1.1-l-dlx,37 900 ,,,,,,N.C,,1850 mm,,4500 mm,,,,2,,2 ans,,,,,,,,,,,,,,,,,,,,,,83 nm 3000 tr/min,,,,,,2,,,,,,,,,,915 KG,Tissu,,,,,,USB,,,,,,,,6 CV,Manuelle,,,,,,50 CH,,,,,,,,,,,,13'',,,,,,,,,,,,,Manuelle,,,,,,,Essence,,1560 mm,,,Propulsion,,,,6.1 L/100 km,,,,,,,Pick up,Disponible,,,N.C,,,,,,,,,,,,4,,,,,,5,,,,,,,,,,,,,,,1050 CM³
https://www.automobile.tn/fr/neuf/changan/new-star/1.2-l,changan,new-star,1.2-l,39 900 ,,,,,,N.C,,1890 mm,,3980 mm,,À distance,,2,,1 an,,,,,,,,,,,,,,,,Frontaux,,,,,,113 nm 4800 tr/min,,,,,,3 | 2 portes latérales coulissantes,,,,,,,,,,620 KG,Tissu,,,EPS,,,AUX,,,,,,,,6 CV,Manuelle,,,,,,92 CH,,,,,,,,,,,,14'',,,,,,,,,,,,,Manuelle,,,,Avant,,,Essence,,1620 mm,,,Propulsion,,,,7.4 L/100 km,,,,,,,Utilitaire,Disponible,,,120 KM/H,,,,,,,,,,,,4,3.5 m³,,,,,5,,,,,,,,,,,,,,,1243 CM³
https://www.automobile.tn/fr/neuf/tata/super-ace/1.4-l-turbo-diesel-simple-cabine-2023,tata,super-ace,1.4-l-turbo-diesel-simple-cabine-2023,39 900 ,,,,,,N.C,,1864 mm,,4320 mm,,,,2,,3 ans ou 100.000 km,,,,,,,,,,,,,,,,,,,,,,140 nm 3000 tr/min,,,,,,2,,,,,,,,,,940 KG,Tissu,,,,,,,,,,,,,,5 CV,Manuelle,,,,,,71 CH,,,,,,,,,,,,14'',,,,,,,,,,,,,Manuelle,,,,Avant,,,Diesel,,1565 mm,,,Propulsion,,,,6.9 L/100 km,,,,,,,Pick up,Sur arrivage,,,135 KM/H,,,,,,,,,,,,4,,,,,8.85 L/100 km,5,5.78 L/100 km,,,,,,,,,,,,,,1396 CM³
https://www.automobile.tn/fr/neuf/dfsk/k02s/double-cabine-1.0-l-std,dfsk,k02s,double-cabine-1.0-l-std,40 900 ,,,,,,N.C,,1840 mm,,4600 mm,,,,5,,2 ans,,,,,,,,,,,,,,,,,,,,,,88 nm 3000 tr/min,,,,,,4,,,,,,,,,,875 KG,Tissu,,,,,,USB,,,,,,,,5 CV,Manuelle,,,,,,58 CH,,,,,,,,,,,,13'',,,,,,,,,,,,,,,,,,,,Essence,,1560 mm,,,Propulsion,,,,7.5 L/100 km,,,,,,,Pick up,Sur arrivage,,,115 KM/H,,,,,,,,,,,,4,,,,,,5,,,,,,,,,,,,,,,1000 CM³
https://www.automobile.tn/fr/neuf/dfsk/k02s/double-cabine-1.0-l-dlx,dfsk,k02s,double-cabine-1.0-l-dlx,42 900 ,,,,,,N.C,,1840 mm,,4600 mm,,,,5,,2 ans,,,,,,,,,,,,,,,,,,,,,,88 nm 3000 tr/min,,,,,,4,,,,,,,,,,875 KG,Tissu,,,,,,USB,,,,,,,,5 CV,Manuelle,,,,,,58 CH,,,,,,,,,,,,13'',,,,,,,,,,,,,Manuelle,,,,,,,Essence,,1560 mm,,,Propulsion,,,,7.5 L/100 km,,,,,,,Pick up,Sur arrivage,,,115 KM/H,,,,,,,,,,,,4,,,,,,5,,,,,,,,,,,,,,,1000 CM³
https://www.automobile.tn/fr/neuf/mahindra/kuv-100/1.2-l-k8,mahindra,kuv-100,1.2-l-k8,43 960 ,,,,,,14.5 s,,1655 mm,,3700 mm,,À distance,,5,,3 ans,,,,,,,,,,,,,,,,Frontaux,,,,,,115 nm 3500 tr/min,,,,,,5,243 L,,,,,,,,,,Tissu,,,Électrique,,,USB | AUX | Bluetooth,,,Démarrage mains libres,,Noir,,,5 CV,Manuelle,,,,,Conducteur,82 CH,,,Accès mains libres,,,,,,,,,En aluminium | 15'',,,,,,Tactile | 7 pouces,,,,,,Chromée,Automatique,,,Ouverture à distance,Avant/Arrière,,,Essence,,1735 mm,,,Traction,,,,5.4 L/100 km,,,Électriques | Rabattables | Avec clignotants intégrés,,2 prises 12 V,,SUV,Disponible,,,160 KM/H,4 haut-parleurs | Commandes au volant,,,En hauteur,,,,,,,,3,,,,Feux de jour,N.C,5,N.C,,,,,,,ESP,,Radar de recul,,,,Poignées de portes | Rétroviseurs,1198 CM³
https://www.automobile.tn/fr/neuf/dfsk/c31/1.5-l-simple-cabine-dlx,dfsk,c31,1.5-l-simple-cabine-dlx,44 900 ,,,,,,N.C,,1890 mm,,4730 mm,,,,2,,2 ans,,,,,,,,,,,,,,,,Frontaux,,,,,,136 nm 3000 tr/min,,,,,,2,,,,,,,,,,1195 KG,Tissu,,,,,,USB | AUX,,,,,,,,7 CV,Manuelle,,,,,,101 CH,,,,,Avant,,,,,,,14'',,EBD,,,,,,,,,,,Manuelle,,,,Avant,,,Essence,,1655 mm,,,Propulsion,,,,8 L/100 km,,,,,,,Pick up,Disponible,,,N.C,,,,,,,,,,,,4,,,,,,5,,,,,,,,ESP,,,,,,,1493 CM³
https://www.automobile.tn/fr/neuf/avantier/commuter/31-kwh,avantier,commuter,31-kwh,45 000 ,9 heures,,,,,"7,5 s",,1535 mm,,3720 mm,,À distance,,4,,5 ans | Batterie garantie 8 ans,,,,300 km,,Éléctrique | EPB,,,,,"10,4 kWh/100 km",,,,,Frontaux,,,,TPMS,,125 nm 0 tr/min,,,,,,5,,,,,,,,,,,Tissu | Bi-ton,,,,,,USB | Commande vocale | Mirrorlink,,,,,,,Autohold,2 CV,Automatique,,,,,,68 CH,,,,,,,,Normal | Sport | Eco | i-Pedal,,31.2 kWh,,En aluminium | 15'' | Bi-ton,,,,,,Tactile | 10.1 pouces,,,,,,,Automatique,,,,Avant/Arrière,,,Electrique,,1640 mm,,,Traction,,,,,,,Électriques,,,,Citadine,1 mois | En pré-commande,,,100 KM/H,2 haut-parleurs | Commandes au volant,,,En hauteur,,30 minutes,,,,,,,,Multi-fonctions,,Feux de jour | Avant | Arrières,,,,,,,HDC,LED,,ESC,Full LED,Radar de recul | Système de caméras 360,,,,Pare-chocs | Poignées de portes | Rétroviseurs,
https://www.automobile.tn/fr/neuf/changan/star-truck-double-cabine/1.2-l,changan,star-truck-double-cabine,1.2-l,49 900 ,,,,,,N.C,,1890 mm,,4660 mm,,,,5,,1 an,,,,,,,,,,,,,,,,Frontaux,,,,,,119 nm N.C tr/min,,,,,,4,,,,,,,,,,965 KG,Tissu,,,,,,AUX,,,,,,,,7 CV,Manuelle,,,,,,98 CH,,,,,,,,,,,,14'',,,,,,,,,,,,,Manuelle,,,,Avant,,,Essence,,1645 mm,,,Propulsion,,,,7.4 L/100 km,,,,,,,Pick up,Disponible,,,120 KM/H,,,,,,,,,,,,4,,,,,,5,,,,,,,,,,,,,,,1243 CM³
https://www.automobile.tn/fr/neuf/dongfeng/box/31.4-kwh,dongfeng,box,31.4-kwh,49 990 ,5 heures,,,,,12.5 s,,1570 mm,,4030 mm,,À distance,,5,,5 ans ou 150000 km | Batterie garantie 8 ans ou 200.000 km,330 km,,,237 km,,Éléctrique,,,,,12.09 kWh/100 km,,,,,Frontaux | Latéraux | Rideaux,,,,,,160 nm 0 tr/min,,5 pouces,,,,5,326 L,,1,,,,,,,,Cuir artificiel | Bi-ton,,,Électrique,,,Android Auto | Apple Carplay | Bluetooth | Commande vocale | Chargeur de téléphone sans fil | Mirrorlink,,,Démarrage mains libres,,,,Autohold | HAC,3 CV,Automatique,,,,,Conducteur,94 CH,,,Démarrage à distance | Accès mains libres,,,,,Normal | Sport | Eco,,31.4 kWh,,17'',,EBA | EBD,,,,Tactile | 12.8 pouces,,,,,,,Automatique,,,,Avant/Arrière,,,Electrique,,1810 mm,945 L,,Traction,,,,,,,Électriques | Rabattables | Dégivrants | Avec clignotants intégrés,,1 prise 12 V,,Compacte,En pré-commande,,,140 KM/H,4 haut-parleurs | Commandes au volant,,,En hauteur,,30 minutes,,,,,,,,Multi-fonctions,,Feux de jour | Avant | Arrières | Clignotants à défilement,,,,,,,,,,ESC | TCS,,Radar de recul | Caméra de recul,,,Avant,,
https://www.automobile.tn/fr/neuf/dongfeng/box/42.3-kwh-styleplus,dongfeng,box,42.3-kwh-styleplus,56 990 ,6 heures,Métallisée,,,,12.5 s,,1570 mm,,4030 mm,,À distance,,5,,5 ans ou 150000 km | Batterie garantie 8 ans ou 200.000 km,430 km,,,344 km,DMS,Éléctrique | EPB,,,,,13.04 kWh/100 km,,,32 couleurs,,Frontaux | Latéraux | Rideaux,,,,TPMS,,160 nm 0 tr/min,,5 pouces,,Adaptatif (ACC),,5,326 L,,1,,,,,,,,Cuir artificiel | Bi-ton,Niveau 2 | TJA | ISA,,Électrique,,,Android Auto | Apple Carplay | Bluetooth | Commande vocale | Chargeur de téléphone sans fil | Mirrorlink,,,Démarrage mains libres,TSR,,,Autohold | HAC,3 CV,Automatique,,,,,Conducteur,94 CH,FCW,LKA,Accès mains libres | Démarrage à distance,,,,,Normal | Sport | Eco,,42.3 kWh,,En aluminium | 17'',,EBA | EBD |  Freinage automatique anti-collision (AEB),,,,Tactile | 12.8 pouces,LDW,,,,Frameless,,Automatique | Ventilation arrière,,,,Avant/Arrière,,,Electrique,2,1810 mm,945 L,,Traction,,,,,,,Électriques | Rabattables | Dégivrants | Avec clignotants intégrés,,1 prise 12 V,,Compacte,En pré-commande,,,140 KM/H,6 haut-parleurs | Commandes au volant,,,En hauteur,,30 minutes,,,,,,,,Similicuir | Multi-fonctions | Sport | 2 branches,,Feux de jour | Avant | Arrières | Clignotants à défilement,,,,,,,,,,ESC | TCS,LED,Radar de recul | Radar avant | Système de caméras 360 | Parkassist,,,Avant,Pare-chocs | Poignées de portes | Rétroviseurs,
https://www.automobile.tn/fr/neuf/dfsk/c32/1.5-l-double-cabine-dlx,dfsk,c32,1.5-l-double-cabine-dlx,52 900 ,,,,,,N.C,,1910 mm,,4940 mm,,,,5,,2 ans,,,,,,,,,,,,,,,,Frontaux,,,,,,136 nm 3000 tr/min,,,,,,4,,,,,,,,,,1115 KG,Tissu,,,,,,USB | AUX,,,,,,,,7 CV,Manuelle,,,,,,101 CH,,,,,Avant,,,,,,,14'',,EBD,,,,,,,,,,,Manuelle,,,,Avant,,,Essence,,1655 mm,,,Propulsion,,,,8 L/100 km,,,,,,,Pick up,Disponible,,,N.C,,,,,,,,,,,,4,,,,,,5,,,,,,,,ESP,,,,,,,1493 CM³
https://www.automobile.tn/fr/neuf/kia/picanto/1.2-l-bvm-smart,kia,picanto,1.2-l-bvm-smart,53 480 ,,,,,,12 s,,1485 mm,,3595 mm,,À distance,,5,,5 ans,,,,,,,,,,,,,,,,Frontaux,,,,,,115 nm 4200 tr/min,,Supervision,,,,5,255 L,,,,,,,,,,Tissu,,Ecran TFT 4.2'',,,,USB | USB-C | Android Auto | Apple Carplay | Bluetooth | Commande vocale,,,,,,,HAC,5 CV,Manuelle,,,,,Conducteur,84 CH,,,,,,,,,,,,En aluminium | 15'',,,,,,Tactile | 8 pouces,,,,,,,Manuelle,,,,Avant/Arrière,,,Essence,,1595 mm,,,Traction,,,,5.1 L/100 km,,,Électriques | Rabattables,,,,Citadine,Disponible,,,173 KM/H,4 haut-parleurs | Commandes au volant,,,En hauteur,,,,,,,,4,,Multi-fonctions,,,6.5 L/100 km,5,4.3 L/100 km,,,,,,,ESC,,Radar de recul | Caméra de recul,,,Avant,Pare-chocs | Poignées de portes | Rétroviseurs,1197 CM³
https://www.automobile.tn/fr/neuf/kia/picanto/1.2-l-bva-smart,kia,picanto,1.2-l-bva-smart,56 980 ,,,,,,12 s,,1485 mm,,3595 mm,,À distance,,5,,5 ans,,,,,,,,,,,,,,,,Frontaux,,,,,,115 nm 4200 tr/min,,Supervision,,,,5,255 L,,,,,,,,,,Tissu,,Ecran TFT 4.2'',,,,USB | USB-C | Android Auto | Apple Carplay | Bluetooth | Commande vocale,,,,,,,HAC,4 CV,Automatique,,,,,Conducteur,84 CH,,,,,,,,,,,,En aluminium | 15'',,,,,,Tactile | 8 pouces,,,,,,,Manuelle,,,,Avant/Arrière,,,Essence,,1595 mm,,,Traction,,,,4.8 L/100 km,,,Électriques | Rabattables,,,,Citadine,Disponible,,,173 KM/H,4 haut-parleurs | Commandes au volant,,,En hauteur,,,,,,,,4,,Multi-fonctions,,,6.0 L/100 km,5,4.1 L/100 km,,,,,,,ESC,,Radar de recul | Caméra de recul,,,Avant,Pare-chocs | Poignées de portes | Rétroviseurs,1197 CM³
https://www.automobile.tn/fr/neuf/kia/picanto/1.2-l-bva-gt-line,kia,picanto,1.2-l-bva-gt-line,63 480 ,,,,,,12 s,,1485 mm,,3595 mm,,À distance,,5,,5 ans,,,,,,,,,,,,,,,,Frontaux,,,,,,115 nm 4200 tr/min,,Supervision,,,,5,255 L,,,,,,,,,,Cuir artificiel,,Ecran TFT 4.2'',,,,USB | USB-C | Android Auto | Apple Carplay | Bluetooth | Commande vocale,,,,,,,HAC,4 CV,Automatique,,,,,Conducteur,84 CH,,,,,,,GT-Line,,,,,En aluminium | 16'',,,,,,Tactile | 8 pouces,,,,,,,Manuelle,,,,Avant/Arrière,,,Essence,,1595 mm,,,Traction,,,,4.8 L/100 km,,,Électriques | Rabattables,,,,Citadine,Disponible,,,173 KM/H,4 haut-parleurs | Commandes au volant,,,En hauteur,,,,,,,,4,,Multi-fonctions,,Feux de jour | Avant | Arrières,6.0 L/100 km,5,4.1 L/100 km,,,,,LED,,ESC,Full LED,Radar de recul | Caméra de recul,,,Avant,Pare-chocs | Poignées de portes | Rétroviseurs,1197 CM³
https://www.automobile.tn/fr/neuf/kia/picanto/1.2-l-bva-gt-line-plus,kia,picanto,1.2-l-bva-gt-line-plus,66 480 ,,,,,,12 s,,1485 mm,,3595 mm,,À distance,,5,,5 ans,,,,,,,,,,,,,,,,Frontaux,,,,,,115 nm 4200 tr/min,,Supervision,,,,5,255 L,,,,,,,,,,Cuir artificiel,,Ecran TFT 4.2'',,,,USB | USB-C | Android Auto | Apple Carplay | Bluetooth | Commande vocale,,,Démarrage mains libres,,,,HAC,4 CV,Automatique,,,,,Conducteur,84 CH,,,Accès mains libres,,,,GT-Line,,,,,En aluminium | 16'',,,,,,Tactile | 8 pouces,,,,,,,Automatique,,,,Avant/Arrière,,,Essence,,1595 mm,,,Traction,,,,4.8 L/100 km,,,Électriques | Rabattables,,,,Citadine,Disponible,,,173 KM/H,4 haut-parleurs | Commandes au volant,,,En hauteur,,,,,,,,4,,Multi-fonctions,,Feux de jour | Avant | Arrières,6.0 L/100 km,5,4.1 L/100 km,,,,,LED,,ESC,Full LED,Radar de recul | Caméra de recul,,,Avant,Pare-chocs | Poignées de portes | Rétroviseurs,1197 CM³
https://www.automobile.tn/fr/neuf/mahindra/xuv-300/1.2-l-w6,mahindra,xuv-300,1.2-l-w6,54 500 ,,,,,,11.5 s,,1627 mm,,3995 mm,,À distance,,5,,6 ans (5+1),,,,,,,,,,,,,,,,Frontaux,,,,,,200 nm 2000 tr/min,,,,Cruise control,,5,259 L,,,,,,,,,,Tissu,,"Ecran LCD 3.5""",,,,USB | AUX | Bluetooth,,,,,,,,6 CV,Manuelle,,,Similicuir,,Conducteur,110 CH,,,,,,,,Normal | Confort | Sport,,,,En aluminium | 16'',,EBA | VDC,,,,Tactile | 7 pouces,,,,,,Chromée,Manuelle,,,,Avant/Arrière,,,Essence,,1821 mm,,,Traction,,,,5.9 L/100 km,,,Électriques,,1 prise 12 V,,SUV,Disponible,,,176 KM/H,4 haut-parleurs | Commandes au volant,,,En hauteur,,,,,,,,3,,Cuir | Multi-fonctions | Sport,,Arrières,,6,,,,,,,,,,Radar de recul,,,Avant,Pare-chocs | Poignées de portes,1197 CM³
https://www.automobile.tn/fr/neuf/mahindra/xuv-300/1.2-l-w8,mahindra,xuv-300,1.2-l-w8,59 500 ,,,,,,11.5 s,,1627 mm,,3995 mm,,À distance,,5,,6 ans (5+1),,,,,,,,,,,,,,,,Frontaux,,,,,,200 nm 2000 tr/min,,,,Cruise control,,5,259 L,,,,,,,,,,Tissu,,"Ecran LCD 3.5""",,,,USB | AUX | Bluetooth,,,Démarrage mains libres,,,,HHC,6 CV,Manuelle,,,Similicuir,,Conducteur,110 CH,,,Accès mains libres,,,,,Normal | Confort | Sport,,,,En aluminium | 16'',,EBA | VDC,,,Porte-lunettes,Tactile | 7 pouces,,,,,,Chromée,Manuelle,,,,Avant/Arrière,,,Essence,,1821 mm,,,Traction,,,,5.9 L/100 km,,,Électriques | Rabattables | Avec clignotants intégrés,,1 prise 12 V,,SUV,Disponible,,,176 KM/H,4 haut-parleurs | Commandes au volant,,,En hauteur,,,,,,,,3,,Cuir | Multi-fonctions | Sport,,Feux de jour | Arrières,,6,,,,,,,,ESC | TCS,,Radar de recul | Caméra de recul,,,Avant | Arrière,Pare-chocs | Poignées de portes,1197 CM³
https://www.automobile.tn/fr/neuf/mahindra/xuv-300/1.2-l-w8.0,mahindra,xuv-300,1.2-l-w8.0,64 500 ,,,,,,11.5 s,,1627 mm,,3995 mm,,À distance,,5,,6 ans (5+1),,,,,,,,,,,,,,,,Frontaux | Latéraux | Rideaux,,,,,,200 nm 2000 tr/min,Ouvrant,,,Cruise control,,5,259 L,,,,,,,,,,Cuir,,"Ecran LCD 3.5""",,,,USB | Android Auto | Apple Carplay | AUX | Bluetooth,,,Démarrage mains libres,,,,HHC,6 CV,Manuelle,,,Similicuir,,Conducteur,110 CH,,,Accès mains libres,,,,,Normal | Confort | Sport,,,,En aluminium | 16'',,EBA | VDC,,,Porte-lunettes,Tactile | 7 pouces,,,,,,Chromée,Manuelle,,,,Avant/Arrière,,,Essence,,1821 mm,,,Traction,,,,5.9 L/100 km,,,Électriques | Rabattables | Avec clignotants intégrés,,1 prise 12 V,,SUV,Disponible,,,176 KM/H,4 haut-parleurs | Commandes au volant,,,En hauteur,,,,,,,,3,,Cuir | Multi-fonctions | Sport,,Feux de jour | Arrières,,6,,,,,,,,ESC | TCS,,Radar de recul | Radar avant | Caméra de recul,,,Avant | Arrière,Pare-chocs | Poignées de portes,1197 CM³
https://www.automobile.tn/fr/neuf/suzuki/swift/1.2-l-gl-mt,suzuki,swift,1.2-l-gl-mt,56 400 ,,,,,,12.5 s,,1520 mm,,3860 mm,,À distance,,5,,3 ans,,,,,,,,,,,,,,,,Frontaux | Latéraux | Rideaux,,,,,,112 nm 4300 tr/min,,,,,,5,265 L,,,,,,,,,,Tissu,,,,,,USB | Bluetooth,,,,,,,HHC,4 CV,Manuelle,,,,,Conducteur,82 CH,,,,,,,,,,,,14'' | Enjoliveurs,,EBD,,,,Tactile | 7 pouces,,,,,,,Automatique,,,,Avant/Arrière,,,Essence,,1735 mm,,,Traction,,,,4.4 L/100 km,,,Électriques | Rabattables | Avec clignotants intégrés,,1 prise 12 V,,Citadine,En pré-commande,,,170 KM/H,Commandes au volant,,,En hauteur,,,,,,,,3,,Multi-fonctions,,,,5,,,,,,,,ESP,,Radar de recul | Caméra de recul,,,,,1197 CM³
https://www.automobile.tn/fr/neuf/suzuki/swift/1.2-l-cvt-gl,suzuki,swift,1.2-l-cvt-gl,60 400 ,,,,,,12.5 s,,1520 mm,,3860 mm,,À distance,,5,,3 ans,,,,,,,,,,,,,,,,Frontaux | Latéraux | Rideaux,,,,,,112 nm 4300 tr/min,,,,,,5,265 L,,,,,,,,,,Tissu,,,,,,USB | Bluetooth,,,,,,,HHC,4 CV,Automatique,,,,,Conducteur,82 CH,,,,,,,,,,,,14'' | Enjoliveurs,,EBD,,,,Tactile | 7 pouces,,,,,,,Automatique,,,,Avant/Arrière,,,Essence,,1735 mm,,,Traction,,,,4.4 L/100 km,,,Électriques | Rabattables | Avec clignotants intégrés,,1 prise 12 V,,Citadine,En pré-commande,,,165 KM/H,Commandes au volant,,,En hauteur,,,,,,,,3,,Multi-fonctions,,,,,,,,,,,,ESP,,Radar de recul | Caméra de recul,,,,,1197 CM³
https://www.automobile.tn/fr/neuf/suzuki/swift/1.2-l-mt-glx,suzuki,swift,1.2-l-mt-glx,60 400 ,,,,,,12.5 s,,1520 mm,,3860 mm,,À distance,,5,,3 ans,,,,,,,,,,,,,,,,Frontaux | Latéraux | Rideaux,,,,,,112 nm 4300 tr/min,,,,,,5,265 L,,,,,,,,,,Tissu,,,Électrique,,,USB | Bluetooth,,,Démarrage mains libres,,,,HHC,4 CV,Manuelle,,,,,Conducteur,82 CH,,,,,,,,,,,,En aluminium | 15'',,EBD,,,,Tactile | 9 pouces,,,,,,,Automatique,,,,Avant/Arrière,,,Essence,,1735 mm,,,Traction,,,,4.4 L/100 km,,,Électriques | Rabattables | Avec clignotants intégrés,,1 prise 12 V,,Citadine,En pré-commande,,,170 KM/H,Commandes au volant,,,En hauteur,,,,,,,,3,,Cuir | 3 branches | Multi-fonctions,,,,5,,,,,,,,ESP,LED,Radar de recul | Caméra de recul,,,,Pare-chocs | Poignées de portes | Rétroviseurs,1197 CM³
https://www.automobile.tn/fr/neuf/suzuki/swift/1.2-l-cvt-glx,suzuki,swift,1.2-l-cvt-glx,65 900 ,,,,,,12.5 s,,1520 mm,,3860 mm,,À distance,,5,,3 ans,,,,,,,,,,,,,,,,Frontaux | Latéraux | Rideaux,,,,,,112 nm 4300 tr/min,,,,,,5,265 L,,,,,,,,,,Tissu,,,Électrique,,,USB | Bluetooth,,,Démarrage mains libres,,,,HHC,4 CV,Automatique,,,,,Conducteur,82 CH,,,,,,,,,,,,En aluminium | 15'',,EBD,,,,Tactile | 9 pouces,,,,,,,Automatique,,,,Avant/Arrière,,,Essence,,1735 mm,,,Traction,,,,4.4 L/100 km,,,Électriques | Rabattables | Avec clignotants intégrés,,1 prise 12 V,,Citadine,En pré-commande,,,165 KM/H,Commandes au volant,,,En hauteur,,,,,,,,3,,Cuir | 3 branches | Multi-fonctions | Avec palettes,,,,,,,,,,,,ESP,LED,Radar de recul | Caméra de recul,,,,Pare-chocs | Poignées de portes | Rétroviseurs,1197 CM³
https://www.automobile.tn/fr/neuf/hyundai/grand-i10/1.2-l-gls-2024,hyundai,grand-i10,1.2-l-gls-2024,51 950 ,,,,,,12.3 s,,1510 mm,,3805 mm,,À distance,,5,,5 ans,,,,,,,,,,,,,,,,Frontaux,,,,,,113 nm 4000 tr/min,,,,,,5,260 L,,,,,,,,,,Tissu,,,Électrique,,,USB | AUX | Bluetooth,,,,,,,,5 CV,Manuelle,,,Cuir,,Conducteur et passager,83 CH,,,,,,,,,,,,En aluminium | 15'',,,,,,,,,,,,Chromée,Manuelle,,,,Avant/Arrière,,,Essence,,1680 mm,,,Traction,,,,5.5 L/100 km,,,Électriques | Rabattables,,,,Citadine,Sur arrivage,,,165 KM/H,4 haut-parleurs | Commandes au volant,,,En hauteur,,,,,,,,4,,Cuir | Multi-fonctions,,,6.9 L/100 km,5,4.7 L/100 km,,,,,,,,,,,,,Poignées de portes,1197 CM³
https://www.automobile.tn/fr/neuf/hyundai/grand-i10/2020-1.2-l-high-grade,hyundai,grand-i10,2020-1.2-l-high-grade,56 450 ,,,,,,12.3 s,,1510 mm,,3805 mm,,À distance,,5,,5 ans,,,,,,,,,,,,,,,,Frontaux,,,,,,113 nm 4000 tr/min,,,,,,5,260 L,,,,,,,,,,Tissu,,,Électrique,,,USB | Android Auto | Apple Carplay | AUX | Bluetooth | Commande vocale,,,Démarrage mains libres,,,,,5 CV,Manuelle,,,Cuir,,Conducteur et passager,83 CH,,,,,,,,,,,,En aluminium | 15'',,,,,,Tactile | 8 pouces,,,,,,Chromée,Manuelle,,,,Avant/Arrière,,,Essence,,1680 mm,,,Traction,,,,5.5 L/100 km,,,Électriques | Rabattables | Avec clignotants intégrés,,,,Citadine,Sur arrivage,,,165 KM/H,4 haut-parleurs | Commandes au volant,,,En hauteur,,,,,,,,4,,Cuir | Multi-fonctions,,,6.9 L/100 km,5,4.7 L/100 km,Chromées,,,,,,,,Radar de recul | Caméra de recul,,,,Rétroviseurs,1197 CM³
https://www.automobile.tn/fr/neuf/hyundai/grand-i10/1.2-l-bva-high-grade-2024,hyundai,grand-i10,1.2-l-bva-high-grade-2024,60 950 ,,,,,,12.3 s,,1510 mm,,3805 mm,,À distance,,5,,5 ans,,,,,,,,,,,,,,,,Frontaux,,,,,,113 nm 4000 tr/min,,,,,,5,260 L,,,,,,,,,,Tissu,,,Électrique,,,USB | Android Auto | Apple Carplay | AUX | Bluetooth | Commande vocale,,,Démarrage mains libres,,,,,5 CV,Automatique,,,Cuir,,Conducteur et passager,83 CH,,,,,,,,,,,,En aluminium | 15'',,,,,,Tactile | 8 pouces,,,,,,Chromée,Manuelle,,,,Avant/Arrière,,,Essence,,1680 mm,,,Traction,,,,5.9 L/100 km,,,Électriques | Rabattables | Avec clignotants intégrés,,,,Citadine,Sur arrivage,,,165 KM/H,4 haut-parleurs | Commandes au volant,,,En hauteur,,,,,,,,4,,Cuir | Multi-fonctions,,,7.4 L/100 km,4,5.1 L/100 km,Chromées,,,,,,,,Radar de recul | Caméra de recul,,,,Rétroviseurs,1197 CM³
https://www.automobile.tn/fr/neuf/hyundai/grand-i10-sedan/1.2-l-2024,hyundai,grand-i10-sedan,1.2-l-2024,56 950 ,,,,,,12.3 s,,1510 mm,,3995 mm,,À distance,,5,,5 ans,,,,,,,,,,,,,,,,Frontaux,,,,,,113 nm 4000 tr/min,,,,,,4,407 L,,,,,,,,,,Tissu,,,,,,USB | Android Auto | Apple Carplay | AUX | Bluetooth | Commande vocale,,,,,,,,5 CV,Manuelle,,,Cuir,,Conducteur et passager,83 CH,,,,,,,,,,,,En aluminium | 15'',,,,,,Tactile | 8 pouces,,,,,,,Manuelle,,,,Avant/Arrière,,,Essence,,1680 mm,,,Traction,,,,5.5 L/100 km,,,Électriques | Rabattables,,,,Berline,Sur arrivage,,,165 KM/H,4 haut-parleurs | Commandes au volant,,,En hauteur,,,,,,,,4,,Cuir | Multi-fonctions,,,6.9 L/100 km,5,4.7 L/100 km,,,,,,,,,Radar de recul | Caméra de recul,,,,Poignées de portes,1197 CM³
https://www.automobile.tn/fr/neuf/dacia/sandero/1.0-l-tce,dacia,sandero,1.0-l-tce,58 450 ,,,,,,11.9 s,,1523 mm,,4057 mm,,À distance,,5,,2 ans,,,,,,,,,,,,,,,,Frontaux,,,,,,170 nm 2000 tr/min,,,,,,5,320 L,,,,,,,,,,Tissu,,,,,,USB | Bluetooth,,,,,,,,5 CV,Manuelle,,,,,,100 CH,,,,,,,,,,,,15'',,,,,,Tactile,,,,,,,Manuelle,,,,Avant,,,Essence,,1733 mm,,,Traction,,,,5.8 L/100 km,,,,,,,Citadine,Disponible,,,177 KM/H,Commandes au volant,,,En hauteur et en profondeur,,,,,,,,3,,,,,7.1 L/100 km,5,5.1 L/100 km,,,,,,,,,,,,,,999 CM³
https://www.automobile.tn/fr/neuf/tata/xenon-x2/2.2l-turbo,tata,xenon-x2,2.2l-turbo,58 900 ,,,,,,N.C,,1788 mm,,5312 mm,,À distance,,2,,3 ans,,,,,,,,,,,,,,,,,,,,,,320 nm 1500 tr/min,,,,,,2,,,,,,,,,,1210 KG,Tissu,,,,,,,,,,,,,,7 CV,Manuelle,,,,,,150 CH,,,,,,,,,,,,16'',,,,,,,,,,,,,Manuelle,,,,Avant,,,Diesel,,1860 mm,,,Propulsion,,,,7.6 L/100 km,,,,,,,Pick up,Disponible,,,160 KM/H,,,,,,,,,,,,4,,,,,9.1 L/100 km,5,6.6 L/100 km,,,,,,,,,,,,,,2179 CM³
https://www.automobile.tn/fr/neuf/chery/arrizo-5/1.5-l-bvm,chery,arrizo-5,1.5-l-bvm,59 490 ,,Métallisée,,,,12.4 s,,1482 mm,,4690 mm,,À distance,,5,,5 ans ou 150000 km,,,,,,,,,,,,,,,,Frontaux | Latéraux,,,,TPMS,,141 nm 3800 tr/min,,,,,,4,430 L,,,,,,,,,,Similicuir,,,,,,2 USB | Android Auto | Apple Carplay | Bluetooth,,,,,,,,7 CV,Manuelle,,,,,Conducteur et passager,115 CH,,,,,,,,,,,,En aluminium | 16'',,EBD,,,,Tactile | 8 pouces,,,,,,Chromée,Automatique,,,,Avant/Arrière,,,Essence,3,1825 mm,,,Traction,,,,6.4 L/100 km,,,Électriques | Avec clignotants intégrés,,,,Berline,Disponible,,,180 KM/H,2 haut-parleurs | Commandes au volant,,,En hauteur,,,,,,,,4,,3 branches | Multi-fonctions | à méplat,,Feux de jour | Avant | Arrières,N.C,5,N.C,,,,,,,ESP | ASR | TCS,,Radar de recul | Caméra de recul,,,Avant | Arrière,Pare-chocs | Poignées de portes | Rétroviseurs,1499 CM³
https://www.automobile.tn/fr/neuf/chery/arrizo-5/1.5-l-cvt-luxury,chery,arrizo-5,1.5-l-cvt-luxury,69 490 ,,Métallisée,,,,12.4 s,,1482 mm,,4690 mm,,À distance,,5,,5 ans ou 150000 km,,,,,,Éléctrique,,,,,,,,,,Frontaux | Latéraux,Conducteur à réglage électrique | 6 directions,,,TPMS,,141 nm 3800 tr/min,Ouvrant,,,,,4,430 L,,,,,,,,,,Similicuir,,Ecran TFT 7'',,,,2 USB | Android Auto | Apple Carplay | Bluetooth,,,,,,,Autohold,7 CV,Automatique,,,,,Conducteur et passager,115 CH,,,,,,,,Sport | Eco,,,,En aluminium | 17'',,EBD,,,,Tactile | 8 pouces,,,,,,Chromée,Automatique | Ventilation arrière,,,,Avant/Arrière,,,Essence,3,1825 mm,,,Traction,,,,6.4 L/100 km,,,Électriques | Rabattables | Avec clignotants intégrés,,,,Berline,Disponible,,,180 KM/H,4 haut-parleurs | Commandes au volant,,,En hauteur,,,,,,,,4,,3 branches | Multi-fonctions | à méplat,,Feux de jour | Avant | Arrières,N.C,7,N.C,,,,,,,ESP | ASR | TCS,,Radar de recul | Caméra de recul,,,Avant | Arrière,Pare-chocs | Poignées de portes | Rétroviseurs,1499 CM³
https://www.automobile.tn/fr/neuf/renault/express-van/diesel,renault,express-van,diesel,59 950 ,,,,,,13 s,,1842 mm,,4363 mm,,À distance,,2,,2 ans ou 100.000 km,,,,,,,,,,,,Tapis de coffre PVC,,,,Frontaux,,,,,,240 nm 1750 tr/min,,,,,,4 | 1 porte latérale coulissante | 2 portes arrières battantes tolées,,,,,,,,,,750 KG,Tissu,,,,,,USB | Bluetooth,,,,,,,,5 CV,Manuelle,,,,,,95 CH,,,,,,,,,,,,15'',,AFU,,,,,,,,,,,Manuelle,,,,Avant,,,Diesel,,1751 mm,,,Traction,,,,6.1 L/100 km,,,Électriques,,1 prise 12 V,,Utilitaire,Disponible,,,163 KM/H,Commandes sous le volant,,,,,,,,,,,4,3.3 m³,,,Feux de jour,,6,,,,,,,,,,,,,,,1461 CM³
https://www.automobile.tn/fr/neuf/dacia/logan/1.0-l-tce-2023,dacia,logan,1.0-l-tce-2023,62 980 ,,,,,,12.4 s,,1501 mm,,4396 mm,,À distance,,5,,2 ans ou 100.000 km,,,,,,,,,,,,,,,,Frontaux,,,,,,160 nm 2000 tr/min,,,,,,4,528 L,,,,,,,,,,Velours/Tissu,,,,,,,,,,,,,,5 CV,Manuelle,,,,,,100 CH,,,,,,,,,,,,15'',,,,,,Tactile,,,,,,,Manuelle,,,,Avant,,,Essence,,1848 mm,1361 L,,Traction,,,,5.5 L/100 km,,,,,,,Berline,Disponible,,,180 KM/H,,,,En hauteur et en profondeur,,,,,,,,3,,,,,,5,,,,,,,,,,,,,,,999 CM³
https://www.automobile.tn/fr/neuf/dacia/sandero-stepway/1.0-l,dacia,sandero-stepway,1.0-l,62 990 ,,,,,,11.9 s,,1580 mm,,4099 mm,,À distance,,5,,2 ans ou 100.000 km,,,,,,,,,,,,,,,,Frontaux,,,,,,170 nm 2100 tr/min,,,,,,5,328 L,,,,,,,,,,Tissu,,,,,,USB | Android Auto | Bluetooth,,,,,,,,6 CV,Manuelle,,,,,Conducteur,100 CH,,,,,,,,Eco,,,,16'',,,,,,Tactile | 8 pouces,,,,,,,Manuelle,,,,Avant,,,Essence,,1784 mm,,,Traction,,,,7.2 L/100 km,,,,,,,SUV,Disponible,,,177 KM/H,Media Control,,,En hauteur et en profondeur,,,,,,,,3,,Multi-fonctions,,,,5,,,,,,,,,,,,,,Pare-chocs | Rétroviseurs,999 CM³
https://www.automobile.tn/fr/neuf/dacia/sandero-stepway/1.0-l-bva,dacia,sandero-stepway,1.0-l-bva,72 990 ,,,,,,11.9 s,,1580 mm,,4099 mm,,À distance,,5,,2 ans ou 100.000 km,,,,,,,,,,,,,,,,Frontaux | Latéraux,,,,,,170 nm 2100 tr/min,,,,,,5,328 L,,,,,,,,,,Tissu,,,Électrique,,,,,,,,,,,6 CV,Automatique,,,,,Conducteur,100 CH,,,,,,,,Eco,,,,En aluminium | 16'',,,,,,Tactile,,,,,,,Automatique,,,,Avant/Arrière,,,Essence,,1784 mm,,,Traction,,,,7.2 L/100 km,,,Électriques,,,,SUV,Disponible,,,177 KM/H,,,,En hauteur et en profondeur,,,,,,,,3,,,,,,6,,,,,,,,,,Caméra de recul,,,Avant,Pare-chocs | Poignées de portes | Rétroviseurs,999 CM³
https://www.automobile.tn/fr/neuf/mahindra/pick-up-sc/2.2-l-diesel-4x4-plateau-simple,mahindra,pick-up-sc,2.2-l-diesel-4x4-plateau-simple,63 071 ,,,,,,N.C,,1860 mm,,5175 mm,,À distance,,2,,5 ans ou 100000 km,,,,,,,,,,,,,,,,Frontaux,,,,,,320 nm 1500 tr/min,,,,,,2,,,,,,,,,,1250 KG,Tissu,,,,,,USB | AUX | Bluetooth,,,,,,,,7 CV,Manuelle,,,,,Conducteur,140 CH,,,,,,,,,,,,16'',,EBD,,,Porte-lunettes,,,,,,,Chromée | Noire,Manuelle,,,,Avant,,,Diesel,,1820 mm,,,Intégrale,,,,7.9 L/100 km,,,Électriques,,2 prises 12 V,,Pick up,Disponible,,,165 KM/H,2 haut-parleurs | Commandes au volant,,,En hauteur,,,,,,,,4,,,,Feux de jour | Arrières,,6,,,,,,,,,,,,,Avant,Pare-chocs | Poignées de portes | Rétroviseurs,2179 CM³
https://www.automobile.tn/fr/neuf/mg/5/1.5-l-2025-confort,mg,5,1.5-l-2025-confort,63 950 ,,,,,,N.C,,1489 mm,,4607 mm,,À distance,,5,,3 ans ou 100.000 km,,,,,,,,,,,,,,,,Frontaux,,,,,,142 nm 4500 tr/min,,,,,,4,406 L,,,,,,,,,,Tissu,,,,,,Android Auto | Apple Carplay | Bluetooth,,,,,,,,6 CV,Manuelle,,,,,,120 CH,,,,,,,,,,,,15'',,Freinage automatique anti-collision (AEB),,,,Tactile | 10.25 pouces,,,,,,,Automatique,,,Ouverture à distance,Avant/Arrière,,,Essence,3,1818 mm,,,Traction,,,,5.8 L/100 km,,,Électriques,,,,Berline,Disponible,,,193 KM/H,Commandes au volant,,,En hauteur,,,,,,,,4,,Multi-fonctions,,Feux de jour,,5,,,,,,,,ESP,,Radar de recul,,,Avant,,1498 CM³
https://www.automobile.tn/fr/neuf/mg/5/1.5-l-2025-confort-plus,mg,5,1.5-l-2025-confort-plus,68 950 ,,,,,,N.C,,1489 mm,,4607 mm,,À distance,,5,,3 ans ou 100.000 km,,,,,,,,,,,,,,,,Frontaux,,,,,,142 nm 4500 tr/min,,,,,,4,406 L,,,,,,,,,,Similicuir,,,,,,Android Auto | Apple Carplay | Bluetooth,,,,,,,,6 CV,Manuelle,,,,,,120 CH,,,,,,,,,,,,En aluminium | 16'',,Freinage automatique anti-collision (AEB),,,,Tactile | 10.25 pouces,,,,,,,Automatique | Ventilation arrière,,,Ouverture à distance,Avant/Arrière,,,Essence,3,1818 mm,,,Traction,,,,5.8 L/100 km,,,Électriques,,,,Berline,Disponible,,,193 KM/H,Commandes au volant,,,En hauteur,,,,,,,,4,,Multi-fonctions,,Feux de jour,,5,,,,,,,,ESP,,Radar de recul | Caméra de recul,,,Avant,,1498 CM³
https://www.automobile.tn/fr/neuf/mg/5/1.5-l-2025-bva-luxe-plus,mg,5,1.5-l-2025-bva-luxe-plus,73 950 ,,,,,,N.C,,1489 mm,,4607 mm,,À distance,,5,,3 ans ou 100.000 km,,,,,,Éléctrique,,,,,,,,,,Frontaux | Latéraux,,,,,,142 nm 4500 tr/min,Ouvrant,12.3 pouces,,,,4,406 L,,,,,,,,,,Similicuir,,,,,,Android Auto | Apple Carplay | Bluetooth | Chargeur de téléphone sans fil,,,Démarrage mains libres,TSR,,,Autohold,6 CV,Automatique,,,,,,120 CH,,,Accès mains libres,,,,,,,,,En aluminium | 16'',,Freinage automatique anti-collision (AEB),,,,Tactile | 10.25 pouces,,,,,,,Automatique | Ventilation arrière,,,Ouverture à distance,Avant/Arrière,,,Essence,3,1818 mm,,,Traction,,,,5.8 L/100 km,,,Électriques,,,,Berline,Disponible,,,193 KM/H,Commandes au volant,,,En hauteur,,,,,,,,4,,Multi-fonctions,,Feux de jour | Avant,,8,,,,,,,,ESP,LED,Radar de recul | Système de caméras 360,,,Avant,,1498 CM³
https://www.automobile.tn/fr/neuf/peugeot/partner/1.6-l-hdi-90ch-24-650-kg,peugeot,partner,1.6-l-hdi-90ch-24-650-kg,63 990 ,,,,,,13.4 s,,1825 mm,,4403 mm,,À distance,,2,,3 ans,,,,,,,,,,,,Tapis de coffre PVC,,,,Frontal conducteur,,,,,,215 nm 1750 tr/min,,,,,,3 | 1 porte latérale coulissante | 2 portes arrières battantes tolées,,,,,,,,,,650 KG,Tissu,,,Électrique,,,USB | Android Auto | Apple Carplay | Bluetooth | Commande vocale | Mirrorlink,,,,,,,,5 CV,Manuelle,,,,,,92 CH,,,,,,,,,,,,15'',,,,,,Tactile | 10 pouces,,,,,,,Manuelle,,,,Avant,,,Diesel,,1848 mm,,,Traction,,,,4.8 L/100 km,,,Électriques | Dégivrants,,,,Utilitaire,10 jours,,,160 KM/H,Radio numérique DAB,,,En hauteur et en profondeur,,,,,,,,4,3.3 m³,,,Feux de jour,5.1 L/100 km,5,4.3 L/100 km,,,,,,,ESP,,,,,,,1560 CM³
https://www.automobile.tn/fr/neuf/peugeot/partner/1.6-l-hdi-90ch-24-1000-kg,peugeot,partner,1.6-l-hdi-90ch-24-1000-kg,64 990 ,,,,,,13.4 s,,1825 mm,,4403 mm,,À distance,,2,,3 ans,,,,,,,,,,,,Tapis de coffre PVC,,,,Frontal conducteur,,,,,,215 nm 1750 tr/min,,,,,,3 | 1 porte latérale coulissante | 2 portes arrières battantes tolées,,,,,,,,,,1000 KG,Tissu,,,Électrique,,,USB | Android Auto | Apple Carplay | Bluetooth | Commande vocale | Mirrorlink,,,,,,,,5 CV,Manuelle,,,,,,92 CH,,,,,,,,,,,,16'',,,,,,Tactile | 10 pouces,,,,,,,Manuelle,,,,Avant,,,Diesel,,1848 mm,,,Traction,,,,4.8 L/100 km,,,Électriques | Dégivrants,,,,Utilitaire,10 jours,,,160 KM/H,Commandes sous le volant | Radio numérique DAB,,,En hauteur et en profondeur,,,,,,,,4,3.3 m³,,,Feux de jour,5.1 L/100 km,5,4.3 L/100 km,,,,,,,ESP,,,,,,,1560 CM³
https://www.automobile.tn/fr/neuf/opel/combo/1.6-l-diesel-24-confort-l1h1-650-kg,opel,combo,1.6-l-diesel-24-confort-l1h1-650-kg,63 990 ,,Métallisée +1000 DT,,,127 g/km,13.4 s,,1796 mm,,4403 mm,,À distance,,2,,3 ans ou 100.000 km,,,,,,,,,,,,Tapis de coffre PVC,,,,Frontaux,Réglage lombaire | Conducteur confort,,,,,230 nm 1750 tr/min,,,,,,3 | 1 porte latérale coulissante | 2 portes arrières battantes tolées,,,,,,,,,,650 KG,Tissu,,,,,,USB | Android Auto | Apple Carplay | Bluetooth | Mirrorlink,,,,,,,,5 CV,Manuelle,,,,,Conducteur,92 CH,,,,,,,,,,,,15'',,,,,,Tactile | 10 pouces,,,,,,,Manuelle,,,,Avant,,,Diesel,,1921 mm,,,Traction,,,,4.8 L/100 km,,,Électriques | Dégivrants,,,,Utilitaire,1 mois,,,177 KM/H,4 haut-parleurs,,,En hauteur et en profondeur,,,,,,,,4,3.3 m³,3 branches | Multi-fonctions | Sport,,,5.4 L/100 km,5,4.6 L/100 km,,,,,,,ESP,,,,,Avant conducteur,,1560 CM³
https://www.automobile.tn/fr/neuf/opel/combo/xl-1.6-l-diesel-24-confort-l2h1-1000-kg,opel,combo,xl-1.6-l-diesel-24-confort-l2h1-1000-kg,66 490 ,,Métallisée +1000 DT,,,127 g/km,13.4 s,,1815 mm,,4753 mm,,À distance,,2,,3 ans ou 100.000 km,,,,,,,,,,,,Tapis de coffre PVC,,,,Frontaux,Réglage lombaire | Conducteur confort,,,,,230 nm 1750 tr/min,,,,,,3 | 1 porte latérale coulissante | 2 portes arrières battantes tolées,,,,,,,,,,1000 KG,Tissu,,,,,,USB | Android Auto | Apple Carplay | Bluetooth | Mirrorlink,,,,,,,,5 CV,Manuelle,,,,,Conducteur,92 CH,,,,,,,,,,,,16'',,,,,,Tactile | 10 pouces,,,,,,,Manuelle,,,,Avant,,,Diesel,,1921 mm,,,Traction,,,,4.8 L/100 km,,,Électriques | Dégivrants,,,,Utilitaire,Disponible,,,177 KM/H,4 haut-parleurs,,,En hauteur et en profondeur,,,,,,,,4,3.9 m³,3 branches | Multi-fonctions | Sport,,,5.4 L/100 km,5,4.6 L/100 km,,,,,,,ESP,,,,,Avant conducteur,,1560 CM³
https://www.automobile.tn/fr/neuf/mg/3/1.5-l-2024,mg,3,1.5-l-2024,58 950 ,,,,,,N.C,,1502 mm,,4113 mm,,À distance,,5,,3 ans,,,,,,,,,,,,,,,,Frontaux,,,,,,142 nm 4500 tr/min,,7 pouces,,,,5,293 L,,,,,,,,,,Tissu,,,,,,Bluetooth,,,,,,,,6 CV,Manuelle,,,,,,110 CH,,,,,,,,,,,,15'',,,,,,,,,,,,,Manuelle,,,,Avant/Arrière,,,Essence,3,1797 mm,983 L,,Traction,,,,5.5 L/100 km,,,Électriques,,,,Citadine,2 mois,,,170 KM/H,Commandes au volant,,,En hauteur,,,,,,,,4,,Multi-fonctions,,Feux de jour,,5,,,,,,,,ESP,,Radar de recul,,,,,1498 CM³
https://www.automobile.tn/fr/neuf/mg/3/1.5-l-2024-confort,mg,3,1.5-l-2024-confort,64 950 ,,,,,,N.C,,1502 mm,,4113 mm,,À distance,,5,,3 ans,,,,,,,,,,,,,,,,Frontaux,,,,,,142 nm 4500 tr/min,,7 pouces,,,,5,293 L,,,,,,,,,,Tissu,,,,,,Android Auto | Apple Carplay | Bluetooth,,,Démarrage mains libres,,,,,6 CV,Manuelle,,,,,,110 CH,,,Accès mains libres,,,,,,,,,En aluminium | 16'',,,,,,Tactile | 10.25 pouces,,,,,,,Manuelle,,,,Avant/Arrière,,,Essence,3,1797 mm,983 L,,Traction,,,,5.5 L/100 km,,,Électriques,,,,Citadine,2 mois,,,170 KM/H,Commandes au volant,,,En hauteur,,,,,,,,4,,Multi-fonctions,,Feux de jour,,5,,,,,,,,ESP,,Radar de recul | Caméra de recul,,,,,1498 CM³
https://www.automobile.tn/fr/neuf/mg/3/1.5-l-bva-2024-luxe,mg,3,1.5-l-bva-2024-luxe,70 950 ,,,,,,N.C,,1502 mm,,4113 mm,,À distance,,5,,3 ans,,,,,,Éléctrique,,,,,,,,,,Frontaux | Latéraux,,,,,,142 nm 4500 tr/min,,7 pouces,,Adaptatif (ACC),,5,293 L,,,,,,,,,,Similicuir/Tissu,,,,,,Android Auto | Apple Carplay | Bluetooth,,,Démarrage mains libres,Avec régulation de la vitesse,,,Autohold,6 CV,Automatique,,,,,Conducteur,110 CH,FCW,,Accès mains libres,,,,,,,,,En aluminium | 16'',,Freinage automatique anti-collision (AEB),,,,Tactile | 10.25 pouces,,,,,,,Manuelle | Ventilation arrière,,,,Avant/Arrière,,,Essence,3,1797 mm,983 L,,Traction,,,,5.5 L/100 km,,,Électriques | Rabattables,,,,Citadine,2 mois,,,170 KM/H,Commandes au volant,,,En hauteur,,,,,,,,4,,Multi-fonctions,,Feux de jour,,,,,,,,,,ESP,LED,Radar de recul | Système de caméras 360,,,,,1498 CM³
https://www.automobile.tn/fr/neuf/dongfeng/shine/1.5-mach-power,dongfeng,shine,1.5-mach-power,64 990 ,,,,,,13 s,,1490 mm,,4670 mm,,À distance,,5,,5 ans ou 150000 km,,,,,,EPB,,,,,,,,,,Frontaux,Chauffants | Sport,,,TPMS,,150 nm 4500 tr/min,,7 pouces,,,,4,454 L,,,,,,,,,,Similicuir,,,EPS,,,USB | Bluetooth | Mirrorlink,,,Démarrage mains libres,,,,HAC,6 CV,Manuelle,,,,,Conducteur,117 CH,,,Accès mains libres,,,,,,,,,En aluminium | 16'',,EBD,,,,Tactile | 13 pouces,,,,,,,Automatique,,,,Avant/Arrière,,,Essence,3,1812 mm,,,Traction,,,,6.7 L/100 km,,,Électriques,,,,Berline,Disponible,,,180 KM/H,2 haut-parleurs | Commandes au volant,,,En hauteur,,,,,,,,4,,,,Feux de jour,,5,,,,,,,,ESC | TCS,,Caméra de recul,,,Avant,,1496 CM³
https://www.automobile.tn/fr/neuf/dongfeng/shine/1.5-mach-power-bva,dongfeng,shine,1.5-mach-power-bva,72 990 ,,,,,,13 s,,1490 mm,,4670 mm,,À distance,,5,,5 ans ou 150000 km,,,,,,EPB,,Étriers rouges,,,,,,,,Frontaux,Chauffants | Sport,,,TPMS,,150 nm 4500 tr/min,Ouvrant,7 pouces,,,,4,454 L,,,,,,,,,,Similicuir,,,EPS,,,USB | Bluetooth | Mirrorlink,,,Démarrage mains libres,,,,HAC,6 CV,Automatique,,,,,Conducteur,117 CH,,,Accès mains libres,,,,,,,,,En aluminium | 16'',,EBD,,,,Tactile | 13 pouces,,,,,,,Automatique | Ventilation arrière,,,,Avant/Arrière,,,Essence,3,1812 mm,,,Traction,,,,6 L/100 km,,,Électriques,,,,Berline,Disponible,,,180 KM/H,6 haut-parleurs | Commandes au volant,,,En hauteur,,,,,,,,4,,,,Feux de jour,,6,,,,,,,,ESC | TCS,Full LED,Radar de recul | Système de caméras 360,,,Avant,,1496 CM³
https://www.automobile.tn/fr/neuf/cenntro/logistar-ls-210/41.85-kwh,cenntro,logistar-ls-210,41.85-kwh,66 900 ,8 heures,,,,,,,2000 mm,,4510 mm,,À distance,,2,,5 ans ou 100000 km | Batterie garantie 8 ans ou 160.000 KM,,,,255 km,,,,,,,15.5 kWh/100 km,,,,,Frontal conducteur,,,,,,200 nm 0 tr/min,,,,,,5 | 2 portes latérales coulissantes,,,1,,,,,,,970 KG,Tissu,,,Électrique,,,USB | Bluetooth,,,,,,,,3 CV,Automatique,,,,,,82 CH,,,,,,,,,,41.85 kWh,,14'',,EBD,,,,Tactile,,,,,,,Manuelle,,,,Avant,,,Electrique,,1880 mm,,,Traction,,,,,,,Électriques,,1 prise 12 V,,Utilitaire,Disponible,,,100 KM/H,,,,,,45 minutes,,,,,,,5.5 m³,,,,,,,,,,,,,,,Radar de recul | Caméra de recul,,,,,
https://www.automobile.tn/fr/neuf/opel/corsa/1.2-turbo-edition,opel,corsa,1.2-turbo-edition,66 900 ,,,Teintées,,,9.9 s,,1433 mm,,4060 mm,,À distance,,5,,3 ans ou 100.000 km,,,,,,,,,,,,,,,,Frontaux | Latéraux | Protège-tête,,,,,,205 nm 2750 tr/min,,7 pouces,,,,5,309 L,,,,,,,,,,Tissu,,,,,,USB | Bluetooth | Mirrorlink,,,,TSR,,,,5 CV,Manuelle,,,,,Conducteur,100 CH,,,,,,,,,,,,En aluminium | 16'',Anti-éblouissement,EBD,,,,Tactile | 10 pouces,,,,,,,Manuelle,,,,Avant/Arrière,,,Essence,3,1765 mm,,,Traction,,,,5.1 L/100 km,,,Électriques | Rabattables,,,,Citadine,2 mois,,,188 KM/H,6 haut-parleurs,,,En hauteur et en profondeur,,,,,,,,3,,3 branches | Multi-fonctions | Sport | à méplat,,Feux de jour,,6,,,,,,,,ESP,Full LED,Radar de recul | Radar avant | Caméra de recul 180°,,,,,1199 CM³
https://www.automobile.tn/fr/neuf/opel/corsa/1.2-turbo-gs,opel,corsa,1.2-turbo-gs,76 900 ,,Bi-ton,Teintées,,,9.9 s,,1433 mm,,4060 mm,,À distance,,5,,3 ans ou 100.000 km,,,,,,,,,,,,,,,,Frontaux | Latéraux | Protège-tête,Sport,,,,,205 nm 2750 tr/min,,7 pouces,,,,5,309 L,,,,,,,,,,Tissu,,,,,,USB | Bluetooth | Mirrorlink,,,,TSR,,,,5 CV,Manuelle,,,,,Conducteur,100 CH,,,,,,,Design Sport,,,,,En aluminium | 17'',Anti-éblouissement,EBD,,,Poches aumônières,Tactile | 10 pouces,,,,,,,Automatique,,,,Avant/Arrière,,,Essence,3,1765 mm,,,Traction,,,,5.1 L/100 km,,,Électriques | Rabattables,,,,Citadine,Disponible,,,188 KM/H,6 haut-parleurs,,,En hauteur et en profondeur,,,,,,,,3,,Cuir | 3 branches | Multi-fonctions | Sport | à méplat,,Feux de jour | Avant | Arrières,,6,,,,,,LED,,ESP,Eco LED,Radar de recul | Radar avant | Caméra de recul 180°,,,Avant,,1199 CM³
https://www.automobile.tn/fr/neuf/renault/clio/1.0-l-tce-100-bvm,renault,clio,1.0-l-tce-100-bvm,66 950 ,,,Lunette et vitres arrières sur-teintées,,,11.8 s,,1439 mm,,4053 mm,,À distance,,5,,2 ans ou 100.000 km,,,,,,,,,,,,,,,,Frontaux | Latéraux,,,,,,160 nm 2000 tr/min,,7 pouces,,,,5,391 L,,,,,,,,,,Tissu,,,,,,2 USB | Android Auto | Apple Carplay | AUX | Bluetooth,,,,,,,,6 CV,Manuelle,,,,,,100 CH,,,,,,,,Normal | Eco,,,,16'',,,,,,Tactile | 7 pouces,,,,,Chrome,Chromée,Manuelle,,,Ouverture à distance,Avant/Arrière,,,Essence,3,1798 mm,1069 L,,Traction,,,,5.7 L/100 km,,,Électriques,,1 prise 12 V,,Citadine,Disponible,,,160 KM/H,Commandes au volant,,,En hauteur et en profondeur,,,,,,,,3,,Multi-fonctions,,Feux de jour | Avant,7.7 L/100 km,5,4.6 L/100 km,,,,,,,ESP,Full LED,Radar de recul,Chromées,,,Poignées de portes,1000 CM³
https://www.automobile.tn/fr/neuf/renault/clio/1.0-l-tce-100-bva,renault,clio,1.0-l-tce-100-bva,82 400 ,,,Lunette et vitres arrières sur-teintées,,,11.8 s,,1439 mm,,4053 mm,,À distance,,5,,2 ans ou 100.000 km,,,,,,Éléctrique,,,,,,,,,,Frontaux | Latéraux,,,,,,160 nm 2000 tr/min,,7 pouces,,,,5,391 L,,,,,,,,,,Tissu,,,,,,2 USB | Android Auto | Apple Carplay | AUX | Bluetooth,,,,TSR,,,,6 CV,Automatique,,,,,,100 CH,,,,,,,,Normal | Sport | Eco,,,,17'',,,,,,Tactile | 7 pouces,,,,,Chrome,Chromée,Automatique,,,Ouverture à distance,Avant/Arrière,,,Essence,3,1798 mm,1069 L,,Traction,,,,5.7 L/100 km,,GPS,Électriques,,1 prise 12 V,,Citadine,Sur arrivage,,,160 KM/H,Commandes au volant,,,En hauteur et en profondeur,,,,,,,,3,,Cuir | Multi-fonctions,,Feux de jour | Avant,7.7 L/100 km,,4.6 L/100 km,,,,,,,ESP,Full LED,Radar de recul | Radar avant,Chromées,,Avant,Poignées de portes,1000 CM³
https://www.automobile.tn/fr/neuf/renault/clio/1.0-l-tce-100-bva-esprit-alpine,renault,clio,1.0-l-tce-100-bva-esprit-alpine,82 500 ,,,Lunette et vitres arrières sur-teintées,,,11.8 s,,1439 mm,,4053 mm,,À distance,,5,,2 ans ou 100.000 km,,,,,,Éléctrique,,,,,,,,,,Frontaux | Latéraux,Sport,,,,,160 nm 2000 tr/min,,7 pouces,,,,5,391 L,,,,,,,,,,Cuir | Surpiqures,,,,,,2 USB | Android Auto | Apple Carplay | AUX | Bluetooth,,,,TSR,,,,6 CV,Automatique,,,,,,100 CH,,,,,,,,Normal | Sport | Eco,,,,17'',,,,,,Tactile | 7 pouces,,,,,Chrome,Chromée,Automatique,,,Ouverture à distance,Avant/Arrière,,,Essence,3,1798 mm,1069 L,,Traction,,,,5.7 L/100 km,,GPS,Électriques,,1 prise 12 V,,Citadine,Sur arrivage,,,160 KM/H,Commandes au volant,,,En hauteur et en profondeur,,,,,,,,3,,Cuir | Multi-fonctions | Sport,,Feux de jour | Avant,7.7 L/100 km,,4.6 L/100 km,,,,,,,ESP,Full LED,Radar de recul | Radar avant | Caméra de recul,Chromées,,Avant,Poignées de portes,1000 CM³
https://www.automobile.tn/fr/neuf/chery/tiggo-3x/1.5-l-bvm-comfort,chery,tiggo-3x,1.5-l-bvm-comfort,57 900 ,,,,,,13 s,,1570 mm,,4200 mm,,À distance,,5,,5 ans ou 100000 km,,,,,,,,,,,,,,,,Frontaux,,,,,,138 nm 4000 tr/min,,,,,,5,420 L,,,,,,,,,,Similicuir,,Ecran TFT 3.5'',Électrique,,,USB | Android Auto | Apple Carplay | Bluetooth,Chromées,,,,,,,6 CV,Manuelle,,,,,Conducteur,113 CH,,,,,,,,,,,,En aluminium | 16'',,EBA | EBD,,,,Tactile | 9 pouces,,,,,,Noire,Automatique,,,,Avant/Arrière,,,Essence,,1760 mm,1239 L,,Traction,,,,7.1 L/100 km,,,Électriques | Avec clignotants intégrés,,1 prise 12 V,,SUV,Disponible,,,170 KM/H,Commandes au volant,,,En hauteur,,,,,,,,4,,Multi-fonctions | à méplat,,Feux de jour,,5,,,,,,,,ESP,,Radar de recul | Caméra de recul,,,Avant,Pare-chocs | Poignées de portes | Rétroviseurs,1499 CM³
https://www.automobile.tn/fr/neuf/chery/tiggo-3x/1.0-l-turbo-cvt-luxury,chery,tiggo-3x,1.0-l-turbo-cvt-luxury,66 990 ,,Métallisée,,,,14.2 s,,1570 mm,,4200 mm,,À distance,,5,,5 ans ou 100000 km,,,,,,,,,,,,,,,,Frontaux | Latéraux,,,,,,150 nm 1500 tr/min,Ouvrant,,,,,5,420 L,,,,,,,,,,Cuir/Tissu,,Ecran TFT 3.5'',Électrique,,,USB | Android Auto | Apple Carplay | Bluetooth,,,Démarrage mains libres,,Aspect Carbone,,,6 CV,Automatique,,,,,Conducteur,102 CH,,,Démarrage à distance | Accès mains libres,,,,,,,,,En aluminium | 16'',,EBA | EBD,,,,Tactile | 9 pouces,,,,,,Chromée | Noire,Manuelle,,,,Avant/Arrière,,,Essence,,1760 mm,,,Traction,,,,5.9 L/100 km,,,Électriques | Rabattables | Avec clignotants intégrés,,,,SUV,Sur arrivage,,,170 KM/H,4 haut-parleurs | Commandes au volant,,,En hauteur,,,,,,,,3,,Cuir | Multi-fonctions,,Feux de jour,,9,,,,,,,,ESP,,Radar de recul | Caméra de recul,,,Avant,Poignées de portes,998 CM³
https://www.automobile.tn/fr/neuf/citroen/berlingo-van/1.6-l-hdi-pro-edition-650-kg,citroen,berlingo-van,1.6-l-hdi-pro-edition-650-kg,67 490 ,,Métallisée +500 DT,,,,13.4 s,,1803 mm,,4403 mm,,À distance,,3,,3 ans,,,,,,,,,,,,Tapis de coffre PVC,,,,Frontal conducteur,,,,,,215 nm 1750 tr/min,,,,,,5 | 1 porte latérale coulissante | 2 portes arrières battantes tolées,,,,,,,,,,630 KG,Tissu,,,Électrique,,,USB | Android Auto | Apple Carplay | Bluetooth | Commande vocale | 1 fente pour carte SD | Mirrorlink,,,,,,,,5 CV,Manuelle,,,,,,92 CH,,,,,,,,,,,,15'',,,,,,Tactile | 10 pouces,,,,,,,Manuelle,,,,Avant,,,Diesel,,1848 mm,,,Traction,,,,4.8 L/100 km,,,Électriques | Dégivrants,,,,Utilitaire,Disponible,,,160 KM/H,Radio numérique DAB,,,En hauteur et en profondeur,,,,,,,,4,3.3 m³,,,,5.1 L/100 km,5,4.3 L/100 km,,,,,,,ESP,,Radar de recul | Caméra de recul,,,,,1560 CM³
https://www.automobile.tn/fr/neuf/fiat/doblo/1.6-l-hdi-van-business,fiat,doblo,1.6-l-hdi-van-business,67 499 ,,,,,,13.4 s,,1796 mm,,4403 mm,,À distance,,3,,3 ans,,,,,,Éléctrique,,,,,,Tapis de coffre PVC,,,,Frontaux,Réglage lombaire,,,,,215 nm 1750 tr/min,,,,,,5 | 1 porte latérale coulissante | 2 portes arrières battantes tolées,,,,,,,,,,620 KG,Tissu,,,,,,2 USB-C | Android Auto | Apple Carplay | Bluetooth,,,,,,,,5 CV,Manuelle,,,,,Conducteur,92 CH,,,,,,,,,,,,15'',,,,,,Tactile | 10 pouces,,,,,,,Manuelle,,,,Avant,,,Diesel,,1848 mm,,,Traction,,,,5.3 L/100 km,,,Électriques | Dégivrants,,1 prise 12 V,,Utilitaire,Disponible,,,160 KM/H,Radio numérique DAB,,,En hauteur et en profondeur,,,,,,,,4,3.3/3.8 m³,Multi-fonctions,,,6.0 L/100 km,5,5.0 L/100 km,,,,,,,ESP,Adaptatifs,Radar de recul | Caméra de recul,,,,,1560 CM³
https://www.automobile.tn/fr/neuf/fiat/doblo/1.6-l-hdi-2025-van-maxi-business,fiat,doblo,1.6-l-hdi-2025-van-maxi-business,68 990 ,,,,,,13.4 s,,1796 mm,,4753 mm,,À distance,,3,,3 ans,,,,,,Éléctrique,,,,,,Tapis de coffre PVC,,,,Frontaux,Réglage lombaire,,,,,215 nm 1750 tr/min,,,,,,5 | 1 porte latérale coulissante | 2 portes arrières battantes tolées,,,,,,,,,,970 KG,Tissu,,,,,,2 USB-C | Android Auto | Apple Carplay | Bluetooth,,,,,,,,5 CV,Manuelle,,,,,Conducteur,92 CH,,,,,,,,,,,,16'',,,,,,Tactile | 10 pouces,,,,,,,Manuelle,,,,Avant,,,Diesel,,1848 mm,,,Traction,,,,5.3 L/100 km,,,Électriques | Dégivrants,,1 prise 12 V,,Utilitaire,1 mois,,,160 KM/H,Radio numérique DAB,,,En hauteur et en profondeur,,,,,,,,4,4.4 m³,Multi-fonctions,,,6.0 L/100 km,5,5.0 L/100 km,,,,,,,ESP,Adaptatifs,Radar de recul | Caméra de recul,,,,,1560 CM³
https://www.automobile.tn/fr/neuf/geely/emgrand/1.5-l-gl,geely,emgrand,1.5-l-gl,67 800 ,,,,,,12.6 s,,1460 mm,,4638 mm,,À distance,,5,,4 ans ou 150.000 km,,,,,,,,,,,,,,,,Frontaux,,,,TPMS,,152 nm 4500 tr/min,,,,,,4,500 L,,,,,,,,,,Tissu,,"Ecran LCD 3.5""",,,,2 USB | Bluetooth | Mirrorlink,,,,,,,,6 CV,Manuelle,,,Similicuir,,Conducteur,122 CH,,,,,,,,,,,,En aluminium | 16'',,,,,,Tactile | 8 pouces,,,,,,,Automatique,,,,Avant/Arrière,,,Essence,,1822 mm,,,Traction,,,,6.4 L/100 km,,,Électriques | Dégivrants | Avec clignotants intégrés,,1 prise 12 V,,Berline,Disponible,,,175 KM/H,2 haut-parleurs | Commandes au volant,,,En hauteur,,,,,,,,4,,Cuir | Multi-fonctions | Sport,,Feux de jour | Arrières,,5,,,,,,,,ESC,,Radar de recul | Caméra de recul,,,Avant,Pare-chocs | Poignées de portes,1499 CM³
https://www.automobile.tn/fr/neuf/geely/emgrand/1.5-l-bva-gf,geely,emgrand,1.5-l-bva-gf,74 800 ,,,,,,12.6 s,,1460 mm,,4638 mm,,À distance,,5,,4 ans ou 150.000 km,,,,,,Éléctrique,,,,,,,,,,Frontaux | Latéraux | Rideaux,Conducteur à réglage électrique | 6 directions,,,TPMS,,152 nm 4500 tr/min,Ouvrant,12.3 pouces,,,,4,500 L,,,,,,,,,,Cuir | Nappa | Surpiqures,,,,,,2 USB | Android Auto | Apple Carplay | Bluetooth,,,Démarrage mains libres,,Chromée,,Autohold,6 CV,Automatique,,,Similicuir,,Conducteur,122 CH,,,Démarrage à distance | Accès mains libres,,,,,,,,,En aluminium | 17'',Anti-éblouissement,,,,,Tactile | 12.3 pouces,,,,Cuir,Chrome,,Automatique,,,,Avant/Arrière,,,Essence,,1822 mm,,,Traction,,,,6.4 L/100 km,,,Électriques | Rabattables | Dégivrants | Avec clignotants intégrés,,1 prise 12 V,,Berline,Disponible,,,175 KM/H,4 haut-parleurs | Commandes au volant,,,En hauteur,,,,,,,,4,,Cuir | Multi-fonctions | Sport,,Feux de jour | Avant | Arrières,,6,,,,,,,,ESC,Full LED,Radar de recul | Caméra de recul,,,Avant,Pare-chocs | Poignées de portes,1499 CM³
https://www.automobile.tn/fr/neuf/volkswagen/virtus/1.0-l-confortline,volkswagen,virtus,1.0-l-confortline,67 980 ,,,Athermiques,,,10.7 s,,1507 mm,,4561 mm,,À distance,,5,,2 ans,,,,,,,,,,,,,,,,Frontaux,,,,,,178 nm 1750 tr/min,,,,,,4,521 L,,,,,,,,,,Tissu,,Affichage multifonctions plus,,,,Android Auto | Apple Carplay | Bluetooth,,,,,,,,6 CV,Manuelle,,,,,Conducteur,116 CH,,,,,,,,,,,,16'',,,,,Poches aumônières,Tactile,,,,,,,Manuelle,,,,Avant/Arrière,,,Essence,3,1752 mm,,,Traction,,,,5.2 L/100 km,,,Électriques | Avec clignotants intégrés,,1 prise 12 V,,Berline,3 mois,,,187 KM/H,6 haut-parleurs,,,En hauteur et en profondeur,,,,,,,,3,,Multi-fonctions,,Feux de jour | Avant | Arrières,6.7 L/100 km,6,4.5 L/100 km,,,,,,,ESP | ASR,LED,Radar de recul,,,,Pare-chocs | Rétroviseurs,999 CM³
https://www.automobile.tn/fr/neuf/volkswagen/virtus/1.0-l-highline,volkswagen,virtus,1.0-l-highline,77 980 ,,,Athermiques,,,10.7 s,,1507 mm,,4561 mm,,À distance,,5,,2 ans,,,,,,,,,,,,,,,,Frontaux,,,,,,178 nm 1750 tr/min,,,,,,4,521 L,,,,,,,,,,Tissu,,Affichage multifonctions plus,,,,USB | USB-C | Android Auto | Apple Carplay | Bluetooth | Chargeur de téléphone sans fil,,,Démarrage mains libres,,,,,7 CV,Automatique,,,Cuir,,Conducteur,116 CH,,,Accès mains libres,,,,,,,,,En aluminium | 16'',,,,,Poches aumônières,Tactile,,,,,,,Automatique,,,,Avant/Arrière,,,Essence,3,1752 mm,,,Traction,,,,5.2 L/100 km,,,Électriques | Rabattables | Dégivrants | Avec clignotants intégrés,,1 prise 12 V,,Berline,Disponible,,,187 KM/H,8 haut-parleurs,,,En hauteur et en profondeur,,,,,,,,3,,Cuir | Multi-fonctions | Avec palettes,,Feux de jour | Avant | Arrières,6.7 L/100 km,6,4.5 L/100 km,,,,,,,ESP | ASR,LED,Radar de recul | Radar avant | Caméra de recul,,,Avant,Pare-chocs | Rétroviseurs,999 CM³
https://www.automobile.tn/fr/neuf/volkswagen/virtus/1.0-l-topline,volkswagen,virtus,1.0-l-topline,87 980 ,,,Athermiques,,,10.8 s,,1507 mm,,4561 mm,,À distance,,5,,2 ans,,,,,,,,,,,,,,,,Frontaux | Latéraux | Rideaux,Ventilés,,,,,178 nm 1750 tr/min,Ouvrant | En verre,Digital Cockpit,,,,4,521 L,,,,,,,,,,Similicuir,,Affichage multifonctions plus,,,,USB | USB-C | Android Auto | Apple Carplay | Bluetooth | Chargeur de téléphone sans fil,,,Démarrage mains libres,,,,,7 CV,Automatique,,,Cuir,,Conducteur,116 CH,,,Accès mains libres,,,,,,,,,En aluminium | 17'',Anti-éblouissement,,,,Poches aumônières,Tactile,,,,,,Chromée,Automatique,,,,Avant/Arrière,,,Essence,3,1752 mm,,,Traction,,,,5.2 L/100 km,,,Électriques | Rabattables | Dégivrants | Avec clignotants intégrés,,1 prise 12 V,,Berline,1 mois | 3 mois,,,187 KM/H,8 haut-parleurs,,,En hauteur et en profondeur,,,,,,,,3,,Cuir | Multi-fonctions | Avec palettes,,Feux de jour | Avant | Arrières,6.7 L/100 km,6,4.5 L/100 km,,,,,,,ESP | ASR,LED,Radar de recul | Radar avant | Caméra de recul,,,Avant,Pare-chocs | Rétroviseurs,999 CM³
https://www.automobile.tn/fr/neuf/geely/gx3-pro/1.5-l-bvm,geely,gx3-pro,1.5-l-bvm,62 300 ,,,,,,11.7 s,,1575 mm,,4005 mm,,À distance,,5,,4 ans,,,,,,,,,,,,,,,,Frontaux,,,,TPMS,,142 nm 4400 tr/min,Ouvrant,,,,,5,400 L,,,,,,,,,,Similicuir | Surpiqures,,Ecran TFT 3.5'',,,,2 USB | Android Auto | Apple Carplay | Bluetooth,Chromées,,,,Chromée,,,5 CV,Manuelle,,,Similicuir,,Conducteur,103 CH,,,,,,,,,,,,En aluminium | 16'',,,,,,Tactile | 8 pouces,,,,,,Chromée,Automatique,,,,Avant/Arrière,,,Essence,,1760 mm,,,Traction,,,,6.5 L/100 km,,,Électriques | Dégivrants | Noirs | Avec clignotants intégrés,,1 prise 12 V,,SUV,2 mois,,,160 KM/H,4 haut-parleurs,,,En hauteur,,,,,,,,4,,Cuir | Multi-fonctions | Sport,,Feux de jour | Arrières,,5,,,,,,,,,,Radar de recul | Caméra de recul,,,Avant,Pare-chocs | Poignées de portes,1498 CM³
https://www.automobile.tn/fr/neuf/geely/gx3-pro/1.5-l-cvt,geely,gx3-pro,1.5-l-cvt,68 800 ,,,,,,11.7 s,,1575 mm,,4005 mm,,À distance,,5,,4 ans,,,,,,,,,,RMI,,,,,,Frontaux,,,,TPMS,,142 nm 4400 tr/min,Ouvrant,,,,,5,400 L,,,,,,,,,,Similicuir | Surpiqures,,Ecran TFT 3.5'',,,,2 USB | Android Auto | Apple Carplay | Bluetooth | Mirrorlink,Chromées,,Démarrage mains libres,,Chromée,,HHC,6 CV,Automatique,,,Similicuir,,Conducteur,103 CH,,,Accès mains libres,,,,,Confort | Sport | Eco,,,,En aluminium | 16'',,EBA |  Freinage automatique anti-collision (AEB) | VDC,,,,Tactile | 8 pouces,,,,,,Chromée,Automatique,,,,Avant/Arrière,,,Essence,,1760 mm,,,Traction,,,,6.5 L/100 km,,,Électriques | Dégivrants | Noirs | Avec clignotants intégrés,,1 prise 12 V,,SUV,2 mois,,,160 KM/H,4 haut-parleurs,,,En hauteur,,,,,,,,4,,Cuir | Multi-fonctions | Sport,,Feux de jour | Arrières,,7,,,,,,,,ESC | TCS,,Radar de recul | Caméra de recul,,,Avant,Pare-chocs | Poignées de portes,1498 CM³
https://www.automobile.tn/fr/neuf/mahindra/pick-up-dc/2.2-l-diesel-4x2,mahindra,pick-up-dc,2.2-l-diesel-4x2,69 046 ,,,,,,N.C,,N.C,,N.C,,À distance,,5,,5 ans,,,,,,,,,,,,,,,,Frontaux,,,,,,320 nm 1500 tr/min,,,,,,4,,,,,,,,,,1180 KG,Tissu,,,,,,USB | AUX | Bluetooth,,,,,,,,7 CV,Manuelle,,,,,,140 CH,,,,,,,,,,,,En aluminium | 16'',,,,,Porte-lunettes,,,,,,,Chromée | Noire,Manuelle,,,,Avant/Arrière,,,Diesel,,N.C,,,Propulsion,,,,8.8 L/100 km,,,Électriques,,2 prises 12 V,,Pick up,Disponible,,,N.C,4 haut-parleurs | Commandes au volant,,,En hauteur,,,,,,,,4,,,,Arrières,10.3 L/100 km,6,7.9 L/100 km,,,,,,,,,,,,Arrière,Pare-chocs | Poignées de portes | Rétroviseurs,2179 CM³
https://www.automobile.tn/fr/neuf/mahindra/pick-up-dc/2.2-l-diesel-4x4-s6,mahindra,pick-up-dc,2.2-l-diesel-4x4-s6,78 046 ,,,,,,N.C,,N.C,,N.C,,À distance,,5,,5 ans,,,,,,,,,,,,,,,,Frontaux,,,,,,320 nm 1500 tr/min,,,,,,4,,,,,,,,,,1070 KG,Tissu,,,,,,USB | AUX | Bluetooth,,,,,,,,7 CV,Manuelle,,,,,,140 CH,,,,,,,,,,,,16'' | Enjoliveurs,,,,,Porte-lunettes,,,,,,,Chromée | Noire,Manuelle,,,,Avant/Arrière,,,Diesel,,N.C,,,Intégrale,,,,8.8 L/100 km,,,Électriques,,2 prises 12 V,,Pick up,Disponible,,,N.C,4 haut-parleurs | Commandes au volant,,,En hauteur,,,,,,,,4,,,,Arrières,10.3 L/100 km,6,7.9 L/100 km,,,,,,,,,,,,Arrière,Pare-chocs | Poignées de portes | Rétroviseurs,2179 CM³
https://www.automobile.tn/fr/neuf/jmc/vigus-simple-cabine/2.5-l-diesel-4x2,jmc,vigus-simple-cabine,2.5-l-diesel-4x2,69 900 ,,,,,,14.7 s,,1782 mm,,5301 mm,,À distance,,2,,3 ans ou 100.000 km,,,,,,,,,,,,,,,,Frontaux,,,,,,315 nm 1800 tr/min,,,,,,2,,,,,,,,,,1200 KG,Tissu,,,,,,USB | Bluetooth,,,,,,,,7 CV,Manuelle,,,,,,127 CH,,,,,,,,,,,,En aluminium | 16'',,EBD,,,,,,,,,,,Manuelle,,,,Avant,,,Diesel,,1828 mm,,,Propulsion,,,,7.3 L/100 km,,,Électriques,,1 prise 12 V,,Pick up,Sur arrivage,,,160 KM/H,Commandes au volant,,,,,,,,,,,4,,Multi-fonctions,,,,5,,,,,,,,,,,,,,,2498 CM³
https://www.automobile.tn/fr/neuf/gac-motor/ga4/1.5-l-bva,gac-motor,ga4,1.5-l-bva,69 900 ,,Métallisée,,,,N.C,,1500 mm,,4692 mm,,À distance,,5,,5 ans ou 150000 km,,,,,,Éléctrique,,,,,,,,,,Frontaux | Latéraux,,,,,,141 nm 4500 tr/min,,,,,,4,580 L,,,,,,,,,,Similicuir,,,Électrique,,,2 USB | Bluetooth,,,Démarrage mains libres,,,,,6 CV,Automatique,,,,,Conducteur,107 CH,,,Accès mains libres,,,,,,,,,En aluminium | 16'',,EBA | EBD,,,,Tactile,,,,,,,Automatique,,,Cache Bagages,Avant/Arrière,,,Essence,,1805 mm,,,Traction,,,,6.9 L/100 km,,,Électriques,,1 prise 12 V,,Berline,Disponible,,,N.C,4 haut-parleurs,,,En hauteur,,,,,,,,4,,Cuir | Multi-fonctions,,Feux de jour,9 L/100 km,,5.4 L/100 km,,,,,,,ESP,,Radar de recul | Caméra de recul,,,Avant | Arrière,Pare-chocs | Poignées de portes | Rétroviseurs,1495 CM³
https://www.automobile.tn/fr/neuf/hyundai/i20/1.2-l-gls-plus,hyundai,i20,1.2-l-gls-plus,66 950 ,,Métallisée,,,,13.1 s,,1450 mm,,4040 mm,,À distance,,5,,5 ans,,,,,,,,,,,,,,,,Frontaux | Latéraux,,,,,,122 nm 4000 tr/min,,Digital Cockpit,,,,5,352 L,,,,,,,,,,Tissu,,,Électrique,,,2 USB-C | Android Auto | Apple Carplay | Bluetooth | Commande vocale,,,,,,,,4 CV,Manuelle,,,Cuir,,Conducteur et passager,76 CH,,,,,,,,,,,,En aluminium | 16'',Anti-éblouissement,,,,Poches aumônières,Tactile | 8 pouces,,,,,,Chromée,Manuelle,,,,Avant/Arrière,,,Essence,2,1775 mm,,,Traction,,,,4.8 L/100 km,,,Électriques | Avec clignotants intégrés,,1 prise 12 V,,Citadine,Disponible,,,170 KM/H,Commandes au volant,,,En hauteur et en profondeur,,,,,,,,4,,Cuir | Multi-fonctions,,,6 L/100 km,5,4.1 L/100 km,,,,,,,ESP,,Radar de recul | Caméra de recul,,,Avant,Pare-chocs | Poignées de portes | Rétroviseurs,1197 CM³
https://www.automobile.tn/fr/neuf/hyundai/i20/1.2-l-high-grade-restyle,hyundai,i20,1.2-l-high-grade-restyle,72 950 ,,Métallisée,Lunette et vitres arrières sur-teintées,,,13.1 s,,1450 mm,,4040 mm,,À distance,,5,,5 ans,,,,,,,,,,,,,,,,Frontaux | Latéraux,,,,,,122 nm 4000 tr/min,,10.25 pouces | Supervision,,,,5,352 L,,,,,,,,,,Tissu,,,Électrique,,,2 USB-C | Android Auto | Apple Carplay | Bluetooth | Commande vocale,,,Démarrage mains libres,,,,,4 CV,Manuelle,,,Cuir,,Conducteur et passager,76 CH,,,Accès mains libres,,,,,,,,,En aluminium | 17'',Anti-éblouissement,,,,Poches aumônières,Tactile | 8 pouces,,,,,,Noire,Automatique,,,,Avant/Arrière,,,Essence,2,1775 mm,,,Traction,,,,4.8 L/100 km,,,Électriques | Avec clignotants intégrés,,1 prise 12 V,,Citadine,Disponible,,,170 KM/H,4 haut-parleurs | Commandes au volant,,,En hauteur et en profondeur,,,,,,,,4,,Cuir | Multi-fonctions,,,6 L/100 km,5,4.1 L/100 km,,,,,,,ESP,LED,Radar de recul | Caméra de recul,,,Avant,Pare-chocs | Poignées de portes | Rétroviseurs,1197 CM³
https://www.automobile.tn/fr/neuf/hyundai/i20/1.0-l-t-gdi-bva,hyundai,i20,1.0-l-t-gdi-bva,83 950 ,,,Lunette et vitres arrières sur-teintées,,,10.4 s,,1450 mm,,4040 mm,,À distance,,5,,5 ans,,,,,,,,,,,,,,,,Frontaux | Latéraux,,,,,,172 nm 1500 tr/min,,10.25 pouces | Supervision,,,,5,352 L,,,,,,,,,,Tissu,,,Électrique,,,2 USB-C | Android Auto | Apple Carplay | Bluetooth | Commande vocale,,,Démarrage mains libres,,,,,5 CV,Automatique,,,Cuir,,Conducteur et passager,98 CH,,,Accès mains libres,,,,,,,,,En aluminium | 17'',Anti-éblouissement,,,,Poches aumônières,Tactile | 8 pouces,,,,,,Noire,Automatique,,,,Avant/Arrière,,,Essence,,1775 mm,,,Traction,,,,5.8 L/100 km,,,Électriques | Dégivrants | Avec clignotants intégrés,,1 prise 12 V,,Citadine,Disponible,,,188 KM/H,Commandes au volant,,,En hauteur et en profondeur,,,,,,,,3,,Cuir | Multi-fonctions,,Feux de jour | Avant,,7,,,,,,,,ESP,Bi-LED,Radar de recul | Caméra de recul,,,Avant,Pare-chocs | Poignées de portes | Rétroviseurs,998 CM³
https://www.automobile.tn/fr/neuf/hyundai/i20/1.0-l-t-mhev,hyundai,i20,1.0-l-t-mhev,85 950 ,,,Lunette et vitres arrières sur-teintées,,,10.4 s,,1450 mm,,4040 mm,,À distance,,5,,5 ans,,,,,,,,,,,,,,,,Frontaux | Latéraux,,,,,,172 nm 1500 tr/min,,10.25 pouces | Supervision,,,,5,352 L,,,,,,,,,,Tissu,,,Électrique,,,2 USB-C | Android Auto | Apple Carplay | Bluetooth | Commande vocale,,,Démarrage mains libres,,,,,5 CV,Automatique,,,Cuir,,Conducteur et passager,98 CH,,,Accès mains libres,,,,,,,,,En aluminium | 17'',Anti-éblouissement,,,,Poches aumônières,Tactile | 8 pouces,,,,,,Noire,Automatique,,,,Avant/Arrière,,,Essence | Hybride léger,,1775 mm,,,Traction,,,,5.8 L/100 km,,,Électriques | Dégivrants | Avec clignotants intégrés,,1 prise 12 V,,Citadine,Disponible,,,188 KM/H,Commandes au volant,,,En hauteur et en profondeur,,,,,,,,3,,Cuir | Multi-fonctions,,Feux de jour | Avant,,7,,,,,,,,ESP,Bi-LED,Radar de recul | Caméra de recul,,,Avant,Pare-chocs | Poignées de portes | Rétroviseurs,998 CM³
https://www.automobile.tn/fr/neuf/peugeot/208/1.2-l-style,peugeot,208,1.2-l-style,73 900 ,,,,,,10.1 s,,1430 mm,,4055 mm,,À distance,,5,,3 ans,,,,,,,,,,,,,,,,Frontaux | Latéraux | Rideaux,,,,,,205 nm 1750 tr/min,,,,,,5,352 L,,,,,,,,,,Tissu | Surpiqures,,Ecran TFT 3.5'',,,,USB-C | Android Auto | Apple Carplay | Bluetooth | Mirrorlink,,,,TSR,,,,5 CV,Manuelle,,,,,,100 CH,FCW,,,,,,,,,,,16'' | Bi-ton,,Freinage automatique anti-collision (AEB),,,,Tactile | 10 pouces,,,,,,Noire,Manuelle,,,,Avant/Arrière,,,Essence,,1745 mm,,,Traction,,,,5.2 L/100 km,,,Électriques | Dégivrants | Noirs | Avec clignotants intégrés,,,,Citadine,Disponible,,,194 KM/H,6 haut-parleurs,,,En hauteur et en profondeur,,,,,,,,3,,Cuir | Multi-fonctions,,Feux de jour | Avant | Arrières,,6,,,,,,,,ESP,LED,Radar de recul,,,,Pare-chocs | Poignées de portes,1199 CM³
https://www.automobile.tn/fr/neuf/tata/xenon-dc/2.2-l-4x2-2023,tata,xenon-dc,2.2-l-4x2-2023,74 900 ,,,,,,N.C,,1803 mm,,5312 mm,,À distance,,5,,3 ans,,,,,,,,,,,,,,,,Frontaux,,,,,,320 nm 1500 tr/min,,,,,,4,,,,,,,,,,1030 KG,Tissu,,,,,,,,,,,,,,7 CV,Manuelle,,,,,,150 CH,,,,,Avant,,,,,,,En aluminium | 16'',,,,,,,,,,,,,Manuelle,,,,Avant/Arrière,,,Diesel,,1860 mm,,,Propulsion,,,,7.8 L/100 km,,,Électriques,,1 prise 12 V,,Pick up,Sur arrivage,,,160 KM/H,,,,,,,,,,,,4,,,,,9.7 L/100 km,5,6.6 L/100 km,,,,,,,,,,,,,,2179 CM³
https://www.automobile.tn/fr/neuf/seat/ibiza/1.0-l-tsi-bva-reference,seat,ibiza,1.0-l-tsi-bva-reference,75 980 ,,,,,,9.4 s,,1444 mm,,4059 mm,,À distance,,5,,3 ans,,,,,,,,,,,,,,,,Frontaux | Latéraux | Protège-tête,,,,,,200 nm 2000 tr/min,,,,,,5,355 L,,,,,,,,,,Tissu,,,,,,USB | USB-C | Bluetooth,,,,,,,,6 CV,Automatique,,,Cuir,,Conducteur,115 CH,,,,,,,,,,,,En aluminium | 15'',,,,,,Tactile | 8.25 pouces,,,,,,,Manuelle,,,,Avant/Arrière,,,Essence,,1780 mm,,,Traction,,,,5.8 L/100 km,,,Électriques,,,,Citadine,Disponible,,,195 KM/H,Commandes au volant,,,En hauteur et en profondeur,,,,,,,,3,,Multi-fonctions,,,7 L/100 km,7,5.1 L/100 km,,,,,,,ESP,LED,Radar de recul,,,Avant,Pare-chocs | Rétroviseurs,999 CM³
https://www.automobile.tn/fr/neuf/seat/ibiza/1.0-l-tsi-style,seat,ibiza,1.0-l-tsi-style,75 980 ,,,,,,9.4 s,,1444 mm,,4059 mm,,À distance,,5,,3 ans,,,,,,,,,,,,,,,,Frontaux | Latéraux | Protège-tête,,,,,,200 nm 2000 tr/min,,,,,,5,355 L,,,,,,,,,,Tissu,,,,,,USB | USB-C | Android Auto | Apple Carplay | Bluetooth | Mirrorlink,,,,,,,,6 CV,Manuelle,,,Cuir,,Conducteur,115 CH,,,,,,,,,,,,En aluminium | 16'',Anti-éblouissement,,,,,Tactile | 8.25 pouces,,,,,,,Automatique,,,,Avant/Arrière,,,Essence,,1780 mm,,,Traction,,,,5.8 L/100 km,,,Électriques | Rabattables | Dégivrants,,,,Citadine,Disponible,,,195 KM/H,Commandes au volant,,,En hauteur et en profondeur,,,,,,,,3,,Cuir | Multi-fonctions | Sport,,,7 L/100 km,6,5.1 L/100 km,,,,,,,ESP,LED,Radar de recul | Radar avant,,,Avant,Pare-chocs | Rétroviseurs,999 CM³
https://www.automobile.tn/fr/neuf/seat/ibiza/1.0-l-tsi-bva-fr-black-edition,seat,ibiza,1.0-l-tsi-bva-fr-black-edition,90 980 ,,,Teintées | Athermiques,,,9.4 s,,1444 mm,,4059 mm,,À distance,,5,,3 ans,,,,,,,,,,,,,,,,Frontaux | Latéraux | Protège-tête,,,,,,200 nm 2000 tr/min,Ouvrant | Panoramique,,XDS,,,5,355 L,,,,,,,,,,Tissu,,,,,,USB | USB-C | Android Auto | Apple Carplay | Bluetooth | Mirrorlink,,,Démarrage mains libres,,Chromée,Noires,,6 CV,Automatique,,,Cuir,,Conducteur et passager,115 CH,,,Accès mains libres,,,,FR,Confort | Sport | Eco,,,,En aluminium | 18'' | Noires,Anti-éblouissement,,,,,Tactile | 8.25 pouces,,,,,,,Automatique,,,,Avant/Arrière,,,Essence,,1780 mm,,,Traction,,,,5.8 L/100 km,,,Électriques | Rabattables | Dégivrants,,,,Citadine,Disponible,,,195 KM/H,Commandes au volant,,,En hauteur et en profondeur,,,,,,,,3,,Cuir | Multi-fonctions | Sport | Avec palettes,,Feux de jour | Avant | Arrières,7 L/100 km,7,5.1 L/100 km,,,,,,,ESP,Adaptatifs | LED,Radar de recul | Radar avant | Caméra de recul,,,Avant,Pare-chocs | Poignées de portes | Rétroviseurs,999 CM³
https://www.automobile.tn/fr/neuf/volkswagen/t-cross/1.0-l-confortline,volkswagen,t-cross,1.0-l-confortline,75 980 ,,,Athermiques,,,10.8 s,,1612 mm,,4221 mm,,À distance,,5,,2 ans,,,,,,,,,,,,,,,,Frontaux,,,,,,178 nm 1750 tr/min,,,,,,5,385 L,,,,,,,,,,Tissu,,Affichage multifonctions plus,,,,Android Auto | Apple Carplay | Bluetooth,Noires,,,,,,,6 CV,Manuelle,,,,,Conducteur,116 CH,,,,,,,,,,,,16'',,,,,Poches aumônières,Tactile,,,,,,,Manuelle,,,Cache Bagages,Avant/Arrière,,,Essence,3,1760 mm,,,Traction,,,,5.2 L/100 km,,,Électriques | Avec clignotants intégrés,,1 prise 12 V,,SUV,Disponible,,,189 KM/H,6 haut-parleurs,,,En hauteur et en profondeur,,,,,,,,3,,Multi-fonctions,,Arrières,6.7 L/100 km,6,4.5 L/100 km,,,,,,,ESP | ASR,,Radar de recul,,,,Pare-chocs | Rétroviseurs,999 CM³
https://www.automobile.tn/fr/neuf/volkswagen/t-cross/1.0-l-highline,volkswagen,t-cross,1.0-l-highline,90 980 ,,,Athermiques,,,10.8 s,,1612 mm,,4221 mm,,À distance,,5,,2 ans,,,,,,,,,,,,,,,,Frontaux,,,,,,178 nm 1750 tr/min,,,,,,5,385 L,,,,,,,,,,Tissu,,Affichage multifonctions plus,,,,USB | USB-C | Android Auto | Apple Carplay | Bluetooth | Chargeur de téléphone sans fil,Alu satiné,,,,,,,7 CV,Automatique,,,Cuir,,Conducteur,116 CH,,,,,,,,,,,,En aluminium | 16'',,,,,Poches aumônières,Tactile,,,,,,,Automatique,,,,Avant/Arrière,,,Essence,3,1760 mm,,,Traction,,,,5.2 L/100 km,,,Électriques | Rabattables | Dégivrants | Avec clignotants intégrés,,1 prise 12 V,,SUV,Disponible,,,189 KM/H,8 haut-parleurs,,,En hauteur et en profondeur,,,,,,,,3,,Cuir | Multi-fonctions | Avec palettes,,Arrières,6.7 L/100 km,6,4.5 L/100 km,,,,,,,ESP | ASR,,Radar de recul | Caméra de recul,,,Avant | Arrière,Pare-chocs | Rétroviseurs,999 CM³
https://www.automobile.tn/fr/neuf/volkswagen/t-cross/1.0-l-topline,volkswagen,t-cross,1.0-l-topline,103 980 ,,,Athermiques,,,10.8 s,,1612 mm,,4221 mm,,À distance,,5,,2 ans,,,,,,,,,,,,,,,,Frontaux | Latéraux | Rideaux,Ventilés,,,,,178 nm 1750 tr/min,Ouvrant | En verre,Digital Cockpit,,,,5,385 L,,,,,,,,,,Similicuir,,Affichage multifonctions plus,,,,USB | USB-C | Android Auto | Apple Carplay | Bluetooth | Chargeur de téléphone sans fil,Alu satiné,,Démarrage mains libres,,Chromée,,,7 CV,Automatique,,,,,Conducteur,116 CH,,,Accès mains libres,,,,,,,,,En aluminium | 17'',Anti-éblouissement,,,,Poches aumônières,Tactile,,,,,,Chromée,Automatique,,,,Avant/Arrière,,,Essence,3,1760 mm,,,Traction,,,,5.2 L/100 km,,,Électriques | Rabattables | Dégivrants | Avec clignotants intégrés,,1 prise 12 V,,SUV,Disponible,,,189 KM/H,8 haut-parleurs,,,En hauteur et en profondeur,,,,,,,,3,,Cuir | Multi-fonctions | Avec palettes,,Arrières,6.7 L/100 km,6,4.5 L/100 km,,,,,,,ESP | ASR,LED,Radar de recul | Caméra de recul,,,Avant,Pare-chocs | Rétroviseurs,999 CM³
https://www.automobile.tn/fr/neuf/suzuki/baleno/1.5-l-gl-bvm,suzuki,baleno,1.5-l-gl-bvm,66 900 ,,,,,,11.2 s,,1500 mm,,3990 mm,,À distance,,5,,3 ans,,,,,,,,,,,,,,,,Frontaux,,,,,,138 nm 4400 tr/min,,,,,,5,318 L,,,,,,,,,,Tissu,,,,,,USB | USB-C | AUX | Bluetooth,,,,,,,,6 CV,Manuelle,,,,,,105 CH,,,,,,,,,,,,En aluminium | 16'',,EBD,,,,Tactile,,,,,,Chromée | Noire,Automatique,,,,Avant/Arrière,,,Essence,,1745 mm,,,Traction,,,,5.7 L/100 km,,,Électriques | Rabattables | Avec clignotants intégrés,,1 prise 12 V,,Compacte,Disponible,,,160 KM/H,4 haut-parleurs | Commandes au volant,,,En hauteur et en profondeur,,,,,,,,4,,Multi-fonctions,,Feux de jour | Avant,7 L/100 km,5,4.9 L/100 km,,,,,,,ESP,LED,Radar de recul | Caméra de recul,,,Avant,Rétroviseurs,1462 CM³
https://www.automobile.tn/fr/neuf/suzuki/baleno/1.5-l-glx-bva,suzuki,baleno,1.5-l-glx-bva,76 900 ,,,Teintées | Lunette et vitres arrières sur-teintées,,,11.2 s,,1500 mm,,3990 mm,,À distance,,5,,3 ans,,,,,,,,,,,,,,,,Frontaux | Latéraux | Rideaux,,,,,,138 nm 4400 tr/min,,,,,,5,318 L,,,,,,,,,,Tissu,,,,,,USB | USB-C | Android Auto | AUX | Bluetooth,,,Démarrage mains libres,,,,,6 CV,Automatique,,,,Chromés,Conducteur,105 CH,,,Accès mains libres,,,,,,,,,En aluminium | 16'',,EBD,,,,Tactile | 9 pouces,,,,,,Chromée | Noire,Automatique,,,,Avant/Arrière,,,Essence,,1745 mm,,,Traction,,,,5.7 L/100 km,,,Électriques | Rabattables | Avec clignotants intégrés,,1 prise 12 V,,Compacte,Disponible,,,160 KM/H,4 haut-parleurs | Commandes au volant,,,En hauteur et en profondeur,,,,,,,,4,,Cuir | Multi-fonctions,,Feux de jour | Avant,7 L/100 km,4,4.9 L/100 km,Chromées,,,,,,ESP,LED,Radar de recul | Système de caméras 360,,,Avant,Rétroviseurs,1462 CM³
https://www.automobile.tn/fr/neuf/suzuki/fronx/1.5-l-bvm,suzuki,fronx,1.5-l-bvm,76 900 ,,,,,,9.56 s,,1550 mm,,3995 mm,,À distance,,5,,3 ans ou 100.000 km,,,,,,,,,,,,,,,,Frontaux | Latéraux | Rideaux,,,,,,138 nm 4400 tr/min,,,,,,5,304 L,,,,,,,,,,Tissu,,,,,,USB | Android Auto | Apple Carplay | Bluetooth,,,,,,,,6 CV,Manuelle,,,,,,105 CH,,,,,,,,,,,,En aluminium | 16'',,EBD,,,,Tactile | 7 pouces,,,,,,Chromée | Noire,Automatique,,,,Avant/Arrière,,,Essence,,1765 mm,1009 L,,Traction,,,,5.5 L/100 km,,,Électriques | Rabattables | Avec clignotants intégrés,,1 prise 12 V,,SUV,Disponible,,,175 KM/H,4 haut-parleurs | Commandes au volant,,,En hauteur et en profondeur,,,,,,,,4,,,,Feux de jour | Avant | Arrières,,5,,,,,,,,ESP,LED,Radar de recul | Caméra de recul,,,Avant,Poignées de portes,1462 CM³
https://www.automobile.tn/fr/neuf/suzuki/fronx/1.5-l-bva-glx,suzuki,fronx,1.5-l-bva-glx,91 900 ,,,Lunette et vitres arrières sur-teintées,,,9.56 s,,1550 mm,,3995 mm,,À distance,,5,,3 ans ou 100.000 km,,,,,,,,,,,,,,,,Frontaux | Latéraux | Rideaux,,,,,,138 nm 4400 tr/min,,,,,,5,304 L,,,,,,,,,,Tissu,,,,,,USB | Android Auto | Apple Carplay | Bluetooth | Chargeur de téléphone sans fil,Chromées,,Démarrage mains libres,,,,,6 CV,Automatique,,,,,Conducteur,105 CH,,,Accès mains libres,,,,,,,,,En aluminium | 16'',,EBD,,,,Tactile | 9 pouces,,,,,,Chromée | Noire,Automatique,,,,Avant/Arrière,,,Essence,,1765 mm,1009 L,,Traction,,,,5.5 L/100 km,,,Électriques | Rabattables | Avec clignotants intégrés,,1 prise 12 V,,SUV,Disponible,,,175 KM/H,6 haut-parleurs | Commandes au volant,,,En hauteur et en profondeur,,,,,,,,4,,Cuir | Multi-fonctions,,Feux de jour | Avant | Arrières,,4,,Chromées,,,,,,ESP,LED,Radar de recul | Système de caméras 360,,,Avant,Rétroviseurs,1462 CM³
https://www.automobile.tn/fr/neuf/opel/crossland/1.2-l-110-ch-bva-edition,opel,crossland,1.2-l-110-ch-bva-edition,77 900 ,,,,,,10.9 s,,1605 mm,,4212 mm,,À distance,,5,,3 ans ou 100.000 km,,,,,,,,,,,,,,,,Frontaux | Latéraux | Protège-tête,,,,,,205 nm 1500 tr/min,,,,,,5,,,,,,,,,,,Tissu,,,,,,USB | Bluetooth,,,,,,,,6 CV,Automatique,,,,,Conducteur,110 CH,,,,,,,,,,,,16'',,EBD,,,,Tactile | 7 pouces,,,,,,Contour chromé,Manuelle,,,,Avant/Arrière,,,Essence,3,1765 mm,,,Traction,,,,5.7 L/100 km,,,Électriques,,,,SUV,Disponible,,,187 KM/H,6 haut-parleurs | Commandes au volant,,,En hauteur et en profondeur,,,,,,,,3,,Cuir | 3 branches | Multi-fonctions,,Feux de jour,,6,,,,,,,,ESP,Eco LED,Radar de recul | Radar avant | Caméra de recul,,,,,1199 CM³
https://www.automobile.tn/fr/neuf/mg/3-hybride/1.5-l-bva,mg,3-hybride,1.5-l-bva,77 950 ,,,Lunette et vitres arrières sur-teintées,,,8 s,,1502 mm,,4113 mm,,À distance,,5,,5 ans ou 100000 km,,,,,,Éléctrique,,,,,,,,,,Frontaux | Latéraux,Chauffants,,,,,250 nm 4500 tr/min,,7 pouces,,Adaptatif (ACC),,5,293 L,,,,,,,,,,Similicuir/Tissu,,,,,,Android Auto | Apple Carplay | Bluetooth,,,Démarrage mains libres,Avec régulation de la vitesse,,,Autohold,5 CV,Automatique,,,,,Conducteur,195 CH,FCW,,Accès mains libres,,,,,Normal | Sport | Eco,,,,En aluminium | 16'',,Freinage automatique anti-collision (AEB),,,,Tactile | 10.25 pouces,,,,,,,Automatique | Ventilation arrière,,,,Avant/Arrière,,,Essence | Hybride,3,1797 mm,983 L,,Traction,,,,4.4 L/100 km,,,Électriques | Rabattables,,,,Citadine,2 mois,,,170 KM/H,Commandes au volant,,,En hauteur,,,,,,,,4,,Cuir | Chauffant | Multi-fonctions,,Feux de jour | Avant | Arrières,,,,,,,,,,ESP,LED,Radar de recul | Système de caméras 360,,,,,1498 CM³
https://www.automobile.tn/fr/neuf/honda/city/1.5-l-cvt-lx-2023,honda,city,1.5-l-cvt-lx-2023,78 990 ,,,,,,10.2 s,,1467 mm,,4553 mm,,À distance,,5,,3 ans ou 100.000 km,,,,,,,,,,,,,,,,Frontaux,,,,TPMS,,145 nm 4300 tr/min,,,,,,4,509 L,,,,,,,,,,Tissu,,,EPS | Électrique,,,2 USB | Android Auto | Apple Carplay | Bluetooth | Commande vocale,,,Démarrage mains libres,,,,,6 CV,Automatique,,,Cuir,,Conducteur,120 CH,,,Accès mains libres | Démarrage à distance,,,,,Eco,,,,En aluminium | 15'',,EBD,,,Poches aumônières,Tactile | 8 pouces,,,,,,Chromée,Automatique,,,Ouverture à distance,Avant/Arrière,,,Essence,3,1748 mm,,,Traction,,,,5.4 L/100 km,,,Électriques | Rabattables | Dégivrants,,1 prise 12 V,,Berline,Disponible,,,196 KM/H,4 haut-parleurs | Commandes au volant,,,En hauteur et en profondeur,,,,,,,,4,,Multi-fonctions,,Feux de jour | Arrières,7 L/100 km,,4.8 L/100 km,,,,,LED,,VSA,,Radar de recul | Caméra de recul,,,Avant,Poignées de portes | Rétroviseurs,1498 CM³
https://www.automobile.tn/fr/neuf/honda/city/1.5-l-cvt-lx-sport-2023,honda,city,1.5-l-cvt-lx-sport-2023,82 490 ,,,,,,10.2 s,,1467 mm,,4553 mm,,À distance,,5,,3 ans ou 100.000 km,,,,,,,,,,,,,,,,Frontaux,,,,TPMS,,145 nm 4300 tr/min,,,,,,4,509 L,,,,,,,,Noir,,Tissu | Cuir +2000 DT,,,EPS | Électrique,,,2 USB | Android Auto | Apple Carplay | Bluetooth | Commande vocale,,,Démarrage mains libres,,,,,6 CV,Automatique,,,Cuir,,Conducteur,120 CH,,,Accès mains libres | Démarrage à distance,,,,,Eco,,,,En aluminium | 16'' | Bi-ton,,EBD,,,Poches aumônières,Tactile | 8 pouces,,,,,,Noire | Grille en nid d'abeille,Automatique,,,Ouverture à distance,Avant/Arrière,,,Essence,3,1748 mm,,,Traction,,,,5.4 L/100 km,,,Électriques | Rabattables | Dégivrants | Noirs,,1 prise 12 V,,Berline,Disponible,,,196 KM/H,4 haut-parleurs | Commandes au volant,,,En hauteur et en profondeur,,,,,,,,4,,Multi-fonctions | Avec palettes,,Feux de jour | Arrières,7 L/100 km,,4.8 L/100 km,,,,,LED,,VSA,,Radar de recul | Caméra de recul,,,Avant,Poignées de portes | Rétroviseurs,1498 CM³
https://www.automobile.tn/fr/neuf/peugeot/landtrek-simple-cabine/1.9-l-diesel-4x2-benne-tole-pliee,peugeot,landtrek-simple-cabine,1.9-l-diesel-4x2-benne-tole-pliee,75 490 ,,,,,206 g/km,14.9 s,,1829 mm,,5390 mm,,,,2,,5 ans ou 400.000 km,,,,,,,,,,,,,,,,Frontaux,,,,,,350 nm 1800 tr/min,,,,,,2,,,,,,,,,,1000 KG,Tissu,,,,,,2 USB | Bluetooth,,,,,,,,6 CV,Manuelle,,,,,,150 CH,,,,,,,,,,,,16'',,EBD,,,,,,,,,,,Manuelle,,,,Avant,,,Diesel,,1963 mm,,,Propulsion,,,,7.8 L/100 km,,,Électriques | Rabattables | Noirs,,1 prise 12 V,,Pick up,Disponible,,,172 KM/H,2 haut-parleurs | Commandes au volant,,,En hauteur,,,,,,,,4,,,,,,6,,,,,,,,,,,,,,Poignées de portes,1910 CM³
https://www.automobile.tn/fr/neuf/peugeot/landtrek-simple-cabine/1.9-l-diesel,peugeot,landtrek-simple-cabine,1.9-l-diesel,79 490 ,,,,,206 g/km,14.9 s,,1829 mm,,5390 mm,,,,2,,5 ans ou 400.000 km,,,,,,,,,,,,,,,,Frontaux,,,,,,350 nm 1800 tr/min,,,,,,2,,,,,,,,,,1000 KG,Tissu,,,,,,2 USB | Bluetooth,,,,,,,,6 CV,Manuelle,,,,,,150 CH,,,,,,,,,,,,16'',,EBD,,,,,,,,,,,Manuelle,,,,Avant,,,Diesel,,1963 mm,,,Propulsion,,,,7.8 L/100 km,,,Électriques | Rabattables | Noirs,,1 prise 12 V,,Pick up,Disponible,,,172 KM/H,2 haut-parleurs | Commandes au volant,,,En hauteur et en profondeur,,,,,,,,4,,,,,,6,,,,,,,,ESP,,,,,,Poignées de portes,1910 CM³
https://www.automobile.tn/fr/neuf/dfsk/glory-500/1.5-mt,dfsk,glory-500,1.5-mt,69 900 ,,,Athermiques,,,8.8 s,,1645 mm,,4385 mm,,À distance,,5,,7 ans ou 150.000 km,,,,,,,,,,,,,,,,Frontaux,,,,,,147.5 nm 1800 tr/min,,,,,,5,320 L,,,,,,,,,,Cuir,,,Électrique,,,USB | Android Auto | AUX | Bluetooth,,,,,,,,7 CV,Manuelle,,,Cuir,Chromés,Conducteur,115 CH,,,,,,,,,,,,En aluminium | 17'',,EBD,,,,Tactile | 7 pouces,,,,,Chrome,,Manuelle,,,,Avant/Arrière,,,Essence,3,1850 mm,,,Traction,,,,7.3 L/100 km,,GPS,Avec clignotants intégrés,,1 prise 12 V,,SUV,Disponible,,,180 KM/H,2 haut-parleurs | Commandes au volant,,,En hauteur,,,,,,,,4,,Cuir | Multi-fonctions,,Feux de jour,,5,,,,,,,,ESC | ESP,LED,Radar de recul | Caméra de recul,,,Avant | Arrière,Pare-chocs,1498 CM³
https://www.automobile.tn/fr/neuf/dfsk/glory-500/1.5-t-cvt,dfsk,glory-500,1.5-t-cvt,79 900 ,,,,,,8.8 s,,1645 mm,,4385 mm,,À distance,,5,,7 ans ou 150.000 km,,,,,,Éléctrique,,,,,,,,,,Frontaux,,,,TPMS,,147.5 nm 1800 tr/min,Ouvrant | Panoramique,,,,,5,320 L,,,,,,,,,,Cuir,,,Électrique,,,USB | Android Auto | Bluetooth,,,Démarrage mains libres,,,,HAC,7 CV,Automatique,,,,Chromés,Conducteur,115 CH,,,Accès mains libres,,,,,,,,,En aluminium | 17'',,EBD,,,Porte-lunettes,Tactile | 7 pouces,,,,,Chrome,,Automatique,,,,Avant/Arrière,,,Essence,3,1850 mm,,,Traction,,,,6.5 L/100 km,,GPS,Électriques | Rabattables | Dégivrants | Avec clignotants intégrés,,1 prise 12 V,,SUV,Disponible,,,180 KM/H,2 haut-parleurs | Commandes au volant,,,En hauteur,,,,,,,,4,,Cuir | Multi-fonctions,,Feux de jour,7.5 L/100 km,,5.4 L/100 km,,,,HDC,,,ESC | ESP,LED,Radar de recul | Caméra de recul,,,Avant | Arrière,Pare-chocs,1498 CM³
https://www.automobile.tn/fr/neuf/mg/zs/1.5-l-bvm,mg,zs,1.5-l-bvm,79 950 ,,,,,,12.2 s,,1635 mm,,4430 mm,,À distance,,5,,5 ans,,,,,,,,,,,,,,,,Frontaux | Latéraux,,,,,,142 nm 4500 tr/min,,7 pouces,,,,5,443 L,,,,,,,,,,Similicuir,,,Électrique,,,Android Auto | Apple Carplay | Bluetooth,,,Démarrage mains libres,,,,,6 CV,Manuelle,,,,,Conducteur,115 CH,,,Accès mains libres,,,,,,,,,En aluminium | 17'',,Freinage automatique anti-collision (AEB),,,,Tactile | 12.3 pouces,,,,,,,Automatique | Ventilation arrière,,,,Avant/Arrière,,,Essence,3,1818 mm,1457 L,,Traction,,,,6.5 L/100 km,,,Électriques | Éclairage d'accueil à LED,,,,SUV,2 mois,,,175 KM/H,Commandes au volant,,,En hauteur,,,,,,,,4,,Multi-fonctions,,Feux de jour | Avant | Arrières,,5,,,,,,,,ESP,LED,Radar de recul | Caméra de recul,,,Avant,,1498 CM³
https://www.automobile.tn/fr/neuf/mg/zs/1.5-l-bva,mg,zs,1.5-l-bva,88 950 ,,,,,,12.2 s,,1635 mm,,4430 mm,,À distance,,5,,5 ans,,,,,,Éléctrique,,,,,,,,,,Frontaux | Latéraux,,,,,,142 nm 4500 tr/min,Ouvrant,7 pouces,,Adaptatif (ACC),,5,443 L,,,,,,,,,,Similicuir,,,Électrique,,,Android Auto | Apple Carplay | Bluetooth,,,Démarrage mains libres,,,,Autohold,6 CV,Automatique,,,,,Conducteur,115 CH,,,Accès mains libres,,,,,,,,,En aluminium | 17'',,Freinage automatique anti-collision (AEB),,,,Tactile | 12.3 pouces,,,,,,,Automatique | Ventilation arrière,,,,Avant/Arrière,,,Essence,3,1818 mm,1457 L,,Traction,,,,6.5 L/100 km,,,Électriques | Éclairage d'accueil à LED,,,,SUV,2 mois,,,175 KM/H,Commandes au volant,,,En hauteur,,,,,,,,4,,Multi-fonctions,,Feux de jour | Avant | Arrières,,,,,,,,,,ESP,LED,Radar de recul | Caméra de recul,,,Avant,,1498 CM³
https://www.automobile.tn/fr/neuf/fiat/tipo-berline/1.4-l-entry,fiat,tipo-berline,1.4-l-entry,78 500 ,,,Lunette et vitres arrières sur-teintées,,,11.5 s,,1497 mm,,4532 mm,,À distance,,5,,3 ans,,,,,,,,,,,,,,,,Frontaux,,,,,,127 nm 4500 tr/min,,,,,,4,520 L,,,,,,,,,,Tissu,,,Électrique,,,USB | Bluetooth,,,,,,,,5 CV,Manuelle,,,,,Conducteur,95 CH,,,,,,,,,,,,En aluminium | 16'',,,,,,5 pouces,,,,,,Chromée,Manuelle,,,,Avant/Arrière,,,Essence,3,1790 mm,,,Traction,,,,4.4 L/100 km,,,Électriques,,,,Berline,1 mois,,,185 KM/H,Commandes au volant,,,En hauteur et en profondeur,,,,,,,,4,,,,Avant | Arrières,,6,,Chromées,,,,,,ESP,LED,Radar de recul,,,Avant,Pare-chocs | Rétroviseurs,1368 CM³
https://www.automobile.tn/fr/neuf/fiat/tipo-berline/1.4-l-2024-mid,fiat,tipo-berline,1.4-l-2024-mid,80 500 ,,Métallisée,Lunette et vitres arrières sur-teintées,,,11.5 s,,1497 mm,,4532 mm,,À distance,,5,,3 ans,,,,,,,,,,,,,,,,Frontaux,,,,,,127 nm 4500 tr/min,,,,,,4,520 L,,,,,,,,,,Tissu,,,Électrique,,,USB | Android Auto | Apple Carplay | Bluetooth,,,,,,,,5 CV,Manuelle,,,Cuir,,Conducteur,95 CH,,,,,,,,,,,,En aluminium | 16'',,,,,,Tactile | 7 pouces,,,,,,Chromée,Automatique,,,,Avant/Arrière,,,Essence,3,1790 mm,,,Traction,,,,4.4 L/100 km,,,Électriques,,,,Berline,1 mois,,,185 KM/H,Commandes au volant,,,En hauteur et en profondeur,,,,,,,,4,,Cuir,,Avant | Arrières,,6,,Chromées,,,,,,ESP,LED,Radar de recul | Caméra de recul,,,Avant,Pare-chocs | Rétroviseurs,1368 CM³
https://www.automobile.tn/fr/neuf/suzuki/ertiga/1.5-l-glx,suzuki,ertiga,1.5-l-glx,80 900 ,,,,,146 g/km,11.5 s,,1690 mm,,4395 mm,,À distance,,7,,3 ans ou 100.000 km,,,,,,,,,,,,,,,,Frontaux,,,,,,138 nm 4400 tr/min,,,,,,5,209 L,,,,,,,,,,Tissu,,,,,,USB | Bluetooth,,,Démarrage mains libres,,,,,6 CV,Manuelle,,,,,Conducteur,105 CH,,,,,,,,,,,,En aluminium | 15'',,EBD,,,,Tactile | 7 pouces,,,,,,Chromée | Noire,Automatique | Ventilation arrière,,,,Avant/Arrière,,,Essence,,1735 mm,803 L,,Traction,,,,6.2 L/100 km,,,Électriques | Avec clignotants intégrés,,1 prise 12 V,,Monospace,Disponible,,,175 KM/H,4 haut-parleurs | Commandes au volant,,,En hauteur,,,,,,,,4,,Cuir | 3 branches,,Arrières,,5,,Chromées,,,,,,,,Radar de recul | Caméra de recul,,,Avant | Arrière,Rétroviseurs,1462 CM³
https://www.automobile.tn/fr/neuf/suzuki/ertiga/1.5-l-bva-glx-7-places,suzuki,ertiga,1.5-l-bva-glx-7-places,86 400 ,,,,,146 g/km,11.5 s,,1690 mm,,4395 mm,,À distance,,7,,3 ans ou 100.000 km,,,,,,,,,,,,,,,,Frontaux,,,,,,138 nm 4400 tr/min,,,,,,5,209 L,,,,,,,,,,Tissu,,,,,,USB | Bluetooth,,,Démarrage mains libres,,,,,6 CV,Automatique,,,,,Conducteur,105 CH,,,,,,,,,,,,En aluminium | 15'',,EBD,,,,Tactile | 7 pouces,,,,,,Chromée | Noire,Automatique | Ventilation arrière,,,,Avant/Arrière,,,Essence,,1735 mm,803 L,,Traction,,,,6.2 L/100 km,,,Électriques | Avec clignotants intégrés,,1 prise 12 V,,Monospace,Disponible,,,170 KM/H,4 haut-parleurs | Commandes au volant,,,En hauteur,,,,,,,,4,,Cuir | 3 branches,,Arrières,,4,,Chromées,,,,,,,,Radar de recul | Caméra de recul,,,Avant | Arrière,Rétroviseurs,1462 CM³
https://www.automobile.tn/fr/neuf/great-wall/wingle-5/2.0-l-diesel-4x4,great-wall,wingle-5,2.0-l-diesel-4x4,80 900 ,,,,,,N.C,,1715 mm,,5215 mm,,,,2,,3 ans ou 100.000 km,,,,,,,,,,,,,,,,Frontaux,,,,,,315 nm 1800 tr/min,,,,,,2,,,,,,,,,,,Similicuir,,,Hydraulique,,,USB,,,,,,,,7 CV,Manuelle,,,,,Conducteur,143 CH,,,,,Avant,,,,,,,En aluminium | 16'',,EBD,,,,,,,,,,,Manuelle,,,,Avant,,,Diesel,,1800 mm,,,Intégrale,,,,8.7 L/100 km,,,Électriques | Avec clignotants intégrés,,,,Pick up,Disponible,,,N.C,2 haut-parleurs | Commandes au volant,,,En hauteur,,,,,,,,4,,Multi-fonctions,,,,6,,Chromées,,,,,,,,Radar de recul,,,,Pare-chocs | Rétroviseurs,1996 CM³
https://www.automobile.tn/fr/neuf/fiat/fiorino-combi/1.3-l-multijet,fiat,fiorino-combi,1.3-l-multijet,81 000 ,,Métallisée +1000 DT,Parebrise athermique,,,N.C,,1721 mm,,3959 mm,,À distance,,4,,3 ans,,,,,,,,,,,,,,,,Frontaux,Réglage lombaire,,,,,190 nm 1500 tr/min,,,,,,5 | 2 portes latérales coulissantes,,,,,,,,,,640 KG,Tissu,,,,,,USB,,,,,,,,4 CV,Manuelle,,,,,Conducteur,75 CH,,,,,,,,,,,,En aluminium | 15'',,,,,,,,,,,,,Manuelle,,,,Avant,,,Diesel,3,1716 mm,,,Traction,,,,4.3 L/100 km,,,Électriques,,1 prise 12 V,,Monospace,Disponible,,,157 KM/H,,,,En hauteur et en profondeur,,,,,,,,4,2.5 m³,,,,5.1 L/100 km,5,3.8 L/100 km,,,,,,,ESP,Adaptatifs,,,,Avant conducteur,Pare-chocs | Rétroviseurs,1248 CM³
https://www.automobile.tn/fr/neuf/toyota/hiace-van/3.0-l-diesel,toyota,hiace-van,3.0-l-diesel,81 900 ,,,Avant et arrière feuilletées | Vitres latérales en verre trempé,,,N.C,,1980 mm,,4695 mm,,,,3,,3 ans,,,,,,,,,,,,,,,,,,,,,,197 nm 4000 tr/min,,,,,,3 | 1 porte latérale coulissante,,,,,,,,,,1030 KG,Tissu,,,,,,USB,,,,,,,,10 CV,Manuelle,,,,,Conducteur et passager,92 CH,,,,,,,,,,,,15'',,,,,,,,,,,,,Manuelle,,,,,,,Diesel,,1695 mm,,,Propulsion,,,,8.8 L/100 km,,,,,1 prise 12 V,,Utilitaire,Disponible,,,140 KM/H,,,,En hauteur,,,,,,,,4,6 m³,4 branches,,,10.6 L/100 km,5,7.8 L/100 km,,,,,,,,,,,,,,2986 CM³
https://www.automobile.tn/fr/neuf/tata/xenon-x2-double-cabine-4x4/2.2-l-4x4,tata,xenon-x2-double-cabine-4x4,2.2-l-4x4,81 900 ,,,,,,N.C,,1805 mm,,5312 mm,,À distance,,5,,3 ans,,,,,,,,,,,,,,,,Frontaux,,,,,,320 nm 1500 tr/min,,,,,,4,,,,,,,,,,990 KG,Tissu,,,,,,,,,,,,,,7 CV,Manuelle,,,,,,150 CH,,,,,Avant,,,,,,,En aluminium | 16'',,,,,,,,,,,,,Manuelle,,,,Avant/Arrière,,,Diesel,,1860 mm,,,Intégrale,,,,7.8 L/100 km,,,Électriques,,1 prise 12 V,,Pick up,Sur arrivage,,,160 KM/H,,,,,,,,,,,,4,,,,,9.7 L/100 km,5,6.6 L/100 km,,,,,,,,,,,,,,2179 CM³
https://www.automobile.tn/fr/neuf/chery/tiggo-4-pro/1.5-t-cvt,chery,tiggo-4-pro,1.5-t-cvt,84 490 ,,,,,,9.7 s,,1679 mm,,4318 mm,,À distance,,5,,5 ans ou 150000 km,,,,,,Éléctrique,,,,,,,,,,Frontaux | Latéraux,Conducteur à réglage électrique | 6 directions | Réglage lombaire,,,,,138 nm 4000 tr/min,Ouvrant,7 pouces,,,,5,340 L,,,,,,,,,,Cuir perforé,,,Électrique,,,3 USB | Android Auto | Apple Carplay | Bluetooth | Commande vocale,Chromées,,Démarrage mains libres,,,,Autohold,6 CV,Automatique,,,,,Conducteur et passager,113 CH,,,Démarrage à distance,,,,,,,,,En aluminium | 17'',,EBA | EBD,,,,Tactile | 10.25 pouces,,,,,Chrome,Chromée,Automatique | Ventilation arrière,,,,Avant/Arrière,,,Essence,3,1831 mm,,,Traction,,,,7.3 L/100 km,,,Électriques | Rabattables | Avec clignotants intégrés,,,,SUV,Disponible,,,165 KM/H,Commandes au volant,,,En hauteur et en profondeur,,,,,,,,4,,Cuir | Multi-fonctions,,Feux de jour | Avant | Arrières,,,,,,,,,,ESP,Full LED,Radar de recul | Caméra de recul,,,Avant | Réfrigéré | Arrière,Pare-chocs | Poignées de portes | Rétroviseurs,1499 CM³
https://www.automobile.tn/fr/neuf/toyota/yaris-hybride/1.5-l-cvt-france,toyota,yaris-hybride,1.5-l-cvt-france,84 900 ,,Métallisée,,,,9.7 s,,1470 mm,,3940 mm,,À distance,,5,,3 ans ou 100.000 km | Batterie garantie 5 ans ou 150.000 km,,,,,,Éléctrique,,,,,,,,,,Frontaux | Latéraux | Rideaux | Centraux,,,,,,120 nm 3600 tr/min,,,,,,5,284 L,,,,,,,,,,Tissu,,Ecran TFT 4.2'',Électrique,,,USB | Android Auto | Apple Carplay | Bluetooth | Commande vocale | Chargeur de téléphone sans fil,,,,,,,Autohold,4 CV,Automatique,,,Cuir,,Conducteur,116 CH,,,,,,,,Confort | Sport | Eco,,,,15'',,EBA | EBD,,,,Tactile | 9 pouces,,,,,,,Automatique,,,,Avant,,,Essence | Hybride,3,1745 mm,947 L,,Traction,,,,2.8 L/100 km,,,Électriques | Avec clignotants intégrés,,,,Citadine,Disponible,,,175 KM/H,Commandes au volant | Toyota Touch,,,En hauteur et en profondeur,,,,,,,,3,,Cuir | Multi-fonctions,,Feux de jour | Arrières,2.2 L/100 km,5,3.2 L/100 km,,,,,,,ESP,,Caméra de recul,,,Avant,Pare-chocs | Poignées de portes | Rétroviseurs,1490 CM³
https://www.automobile.tn/fr/neuf/renault/master/2.3-l-8-m3,renault,master,2.3-l-8-m3,84 900 ,,,Teintées,,,9.7 s,,2287 mm,,5048 mm,,,,3,,2 ans ou 100.000 km,,,,,,,,,,,,,,,,Frontal conducteur,,,,,,310 nm 1250 tr/min,,,,,,2 | 1 porte latérale coulissante | 2 portes arrières battantes tolées,,,,,,,,,,,Tissu,,,,,,,,,,,,,,8 CV,Manuelle,,,,,,125 CH,,,,,,,,,,,,,,AFU,,,,,,,,,,,Manuelle,,,,Avant,,,Diesel,,2070 mm,,,Traction,,,,7.8 L/100 km,,,,,,,Utilitaire,,,,196 KM/H,,,,,,,,,,,,4,8 m³,,,,9.1 L/100 km,6,7.1 L/100 km,,,,,,,,,,,,,,2298 CM³
https://www.automobile.tn/fr/neuf/renault/master/2.3-l-10.8-m3,renault,master,2.3-l-10.8-m3,87 950 ,,,Teintées,,,9.7 s,,2287 mm,,5548 mm,,,,3,,2 ans ou 100.000 km,,,,,,,,,,,,,,,,Frontal conducteur,,,,,,310 nm 1250 tr/min,,,,,,2 | 1 porte latérale coulissante | 2 portes arrières battantes tolées,,,,,,,,,,,Tissu,,,,,,,,,,,,,,8 CV,Manuelle,,,,,,125 CH,,,,,,,,,,,,,,AFU,,,,,,,,,,,Manuelle,,,,Avant,,,Diesel,,2070 mm,,,Traction,,,,7.8 L/100 km,,,,,,,Utilitaire,,,,196 KM/H,,,,,,,,,,,,4,10.8 m³,,,,9.1 L/100 km,6,7.1 L/100 km,,,,,,,,,,,,,,2298 CM³
https://www.automobile.tn/fr/neuf/renault/master/2.3-l-13-m3,renault,master,2.3-l-13-m3,89 950 ,,,Teintées,,,9.7 s,,2475 mm,,6198 mm,,,,3,,2 ans ou 100.000 km,,,,,,,,,,,,,,,,Frontal conducteur,,,,,,310 nm 1250 tr/min,,,,,,2 | 1 porte latérale coulissante | 2 portes arrières battantes tolées,,,,,,,,,,,Tissu,,,,,,,,,,,,,,8 CV,Manuelle,,,,,,125 CH,,,,,,,,,,,,,,AFU,,,,,,,,,,,Manuelle,,,,Avant,,,Diesel,,2070 mm,,,Traction,,,,7.8 L/100 km,,,,,,,Utilitaire,,,,196 KM/H,,,,,,,,,,,,4,13 m³,,,,9.1 L/100 km,6,7.1 L/100 km,,,,,,,,,,,,,,2298 CM³
https://www.automobile.tn/fr/neuf/citroen/c4-x/1.2-l-eat8-plus,citroen,c4-x,1.2-l-eat8-plus,84 900 ,,,,,,9.7 s,,1525 mm,,4580 mm,,À distance,,5,,3 ans ou 100.000 km,,,,,,Éléctrique,,,,,,,,,,Frontaux | Latéraux,Réglage lombaire | Advanced Confort,,,,,230 nm 1750 tr/min,,5 pouces,,,,4,510 L,,,,,,,,,,Tissu,,,,,,USB | Android Auto | Apple Carplay | Bluetooth | Commande vocale,,,,,,,,7 CV,Automatique,,,,,Conducteur et passager,130 CH,,,,,,,,,,,,En aluminium | 17'',,,,,,Tactile | 10 pouces,,,,,,,Automatique | Bizone,,,,Avant/Arrière,,,Essence,,1800 mm,,,Traction,,,,6 L/100 km,,,Électriques | Rabattables | Dégivrants | Noirs | Avec clignotants intégrés,,,,Berline,Disponible,,,200 KM/H,Commandes au volant,,,En hauteur et en profondeur,,,,,,,,3,,Cuir | Multi-fonctions,,Feux de jour | Avant | Arrières,7.4 L/100 km,8,5.2 L/100 km,,,,,LED | Avec fonction Cornering,,ESP,Eco LED,Radar de recul | Caméra de recul,,,Avant,Pare-chocs | Poignées de portes,1199 CM³
https://www.automobile.tn/fr/neuf/citroen/c4-x/1.2-l-eat8-max,citroen,c4-x,1.2-l-eat8-max,90 900 ,,,Lunette et vitres arrières sur-teintées,,,9.7 s,,1525 mm,,4580 mm,,À distance,,5,,3 ans ou 100.000 km,,,,,,Éléctrique,,,,,,,,,,Frontaux | Latéraux | Rideaux,Réglage lombaire | Advanced Confort,,,,,230 nm 1750 tr/min,,7 pouces,,,,4,510 L,,,,,,,,,,Tissu,,,,,,USB | Android Auto | Apple Carplay | Bluetooth | Commande vocale,,,Démarrage mains libres,,,,,7 CV,Automatique,,,,,Conducteur et passager,130 CH,,,Accès mains libres,,,,,,,,,En aluminium | 17'',,,,,,Tactile | 10 pouces,,,,,,,Automatique | Bizone,,,,Avant/Arrière,,,Essence,,1800 mm,,,Traction,,,,6 L/100 km,,,Électriques | Rabattables | Dégivrants | Noirs | Avec clignotants intégrés,,,,Berline,Disponible,,,200 KM/H,Commandes au volant,,,En hauteur et en profondeur,,,,,,,,3,,Cuir | Multi-fonctions,,Feux de jour | Avant | Arrières,7.4 L/100 km,8,5.2 L/100 km,,,,,LED | Avec fonction Cornering,,ESP,Eco LED,Radar de recul | Radar avant | Caméra de recul,,,Avant,Pare-chocs | Poignées de portes,1199 CM³
https://www.automobile.tn/fr/neuf/citroen/c4-x/1.2-l-eat8-max-plus,citroen,c4-x,1.2-l-eat8-max-plus,94 900 ,,,Lunette et vitres arrières sur-teintées,,,9.7 s,,1525 mm,,4580 mm,,À distance,,5,,3 ans ou 100.000 km,,,,,,Éléctrique,,,,,,,,,,Frontaux | Latéraux | Rideaux,Réglage lombaire | Advanced Confort,,,,,230 nm 1750 tr/min,Panoramique,7 pouces,,,,4,510 L,,,,,,,,,,Tissu,,,,,,USB | Android Auto | Apple Carplay | Bluetooth | Commande vocale,,,Démarrage mains libres,,,,,7 CV,Automatique,,,,,Conducteur et passager,130 CH,,,Accès mains libres,,,,,,,,,En aluminium | 17'',,,,,,Tactile | 10 pouces,,,,,,,Automatique | Bizone,,,,Avant/Arrière,,,Essence,,1800 mm,,,Traction,,,,6 L/100 km,,,Électriques | Rabattables | Dégivrants | Noirs | Avec clignotants intégrés,,,,Berline,Disponible,,,200 KM/H,Commandes au volant,,,En hauteur et en profondeur,,,,,,,,3,,Cuir | Multi-fonctions,,Feux de jour | Avant | Arrières,7.4 L/100 km,8,5.2 L/100 km,,,,,LED | Avec fonction Cornering,,ESP,Eco LED,Radar de recul | Radar avant | Caméra de recul,,,Avant,Pare-chocs | Poignées de portes,1199 CM³
https://www.automobile.tn/fr/neuf/mg/s5/64-kwh,mg,s5,64-kwh,84 950 ,8.5 heures,,,,,8.0 s,IHC,1633 mm,RCTA,4476 mm,,À distance,,5,,7 ans ou 150.000 km,540 km,,,460 km,,Éléctrique,,,,,16.6 kWh/100 km,,,,,Frontaux | Latéraux | Rideaux | Centraux,Conducteur à réglage électrique | 6 directions | Chauffants | Réglage lombaire,,,,,250 nm 0 tr/min,Ouvrant | Panoramique,10.25 pouces,,Adaptatif (ACC),,5,453 L,,1,,,,,,,,Similicuir/Tissu,TJA,,,,,Android Auto | Apple Carplay | Bluetooth | Chargeur de téléphone sans fil | 3 USB-C,,,Démarrage mains libres,TSR | Avec régulation de la vitesse,,,,4 CV,Automatique,,,,,Conducteur,170 CH,FCW,LKA | LCA,Accès mains libres,,,,,Normal | Confort | Sport | Perso | Neige,,64 kWh,,En aluminium | 18'',Anti-éblouissement,Freinage automatique anti-collision (AEB),,,,Tactile | 12.8 pouces,LDW,,,,Chrome,Volets actifs (AGS),Automatique | Ventilation arrière,LFP,,Ouverture et fermeture motorisées | Ouverture mains libres,Avant/Arrière,,,Electrique,,1849 mm,1441 L,,Propulsion,,,,,,,Électriques | Rabattables,,,,SUV,Sur arrivage,,,170 KM/H,6 haut-parleurs | Commandes au volant | Radio numérique DAB,,,En hauteur et en profondeur,,24 minutes,,,,,,,,Similicuir | Chauffant | Multi-fonctions,,Feux de jour | Avant | Arrières,,,,,,,,,,,LED,Radar de recul | Radar avant | Système de caméras 360,,,Avant | Arrière,,
https://www.automobile.tn/fr/neuf/hyundai/bayon/1.2-l-2025-top-grade,hyundai,bayon,1.2-l-2025-top-grade,84 950 ,,,Lunette et vitres arrières sur-teintées,,,13.5 s,,1500 mm,,4180 mm,,À distance,,5,,5 ans,,,,,,,,,,,,,,,,Frontaux | Latéraux | Rideaux,,,,,,118 nm 4000 tr/min,,,,,,5,411 L,,,,,,,,,,Tissu,,Supervision TFT LCD,Électrique,,,USB | Android Auto | Apple Carplay | Bluetooth | Commande vocale | Chargeur de téléphone sans fil,,,Démarrage mains libres,TSR,,,,4 CV,Manuelle,,,Cuir,,Conducteur,77 CH,,LKA | LFA,Accès mains libres,,,,,,,,,En aluminium | 16'',Anti-éblouissement,FCA,,,Poches aumônières,Tactile | 8 pouces,,,,,,,Automatique,,,,Avant/Arrière,,,Essence,2,1775 mm,,,Traction,,,,5.4 L/100 km,,,Électriques | Avec clignotants intégrés,,,,SUV,Disponible,,,165 KM/H,Haut-parleurs Bose | Commandes au volant,,,En hauteur et en profondeur,,,,,,,,4,,Cuir | Multi-fonctions,,Feux de jour | Avant | Arrières,6.8 L/100 km,5,5.0 L/100 km,,,,,LED,,ESP,LED,Radar de recul | Radar avant | Caméra de recul,,,Avant,Rétroviseurs,1197 CM³
https://www.automobile.tn/fr/neuf/hyundai/bayon/1.0-l-t-gdi-bva-2025-top-grade,hyundai,bayon,1.0-l-t-gdi-bva-2025-top-grade,95 950 ,,,Lunette et vitres arrières sur-teintées,,,11.7 s,,1500 mm,,4180 mm,,À distance,,5,,5 ans,,,,,,,,,,,,,,,,Frontaux | Latéraux | Rideaux,,,,,,172 nm 1500 tr/min,Ouvrant,,,,,5,411 L,,,,,,,,,,Tissu,,Supervision TFT LCD,Électrique,,,USB | Android Auto | Apple Carplay | Bluetooth | Commande vocale | Chargeur de téléphone sans fil,,,Démarrage mains libres,TSR,,,,5 CV,Automatique,,,Cuir,,Conducteur,98 CH,,LKA | LFA,Accès mains libres,,,,,,,,,En aluminium | 17'',Anti-éblouissement,FCA,,,Poches aumônières,Tactile | 8 pouces,,,,,,,Automatique,,,,Avant/Arrière,,,Essence,2,1775 mm,,,Traction,,,,5.3 L/100 km,,,Électriques | Avec clignotants intégrés,,,,SUV,Disponible,,,180 KM/H,Haut-parleurs Bose | Commandes au volant,,,En hauteur et en profondeur,,,,,,,,3,,Cuir | Multi-fonctions,,Feux de jour | Avant | Arrières,6.8 L/100 km,7,4.7 L/100 km,,,,,LED,,ESP,LED,Radar de recul | Radar avant | Caméra de recul,,,Avant,Rétroviseurs,998 CM³
https://www.automobile.tn/fr/neuf/fiat/ducato/2.2-hdi-2025-11.5-m3-l2h2,fiat,ducato,2.2-hdi-2025-11.5-m3-l2h2,85 000 ,,,,,,N.C,,2524 mm,,5413 mm,,À distance,,3,,3 ans,,,,,,,,,,,,,,,,Frontaux,Réglage lombaire,,,,,340 nm 1750 tr/min,,,,,,2 portes latérales coulissantes | 2 portes arrières battantes tolées | 6,,,,,,,,,,1400 KG,Tissu,,,,,,USB,,,,,,,,7 CV,Manuelle,,,,,Conducteur,140 CH,,,,,,,,,,,,,,,,,,,,,,,,,Manuelle,,,,Avant,,,Diesel,,2050 mm,,,Traction,,,,8 L/100 km,,,Électriques | Avec clignotants intégrés,,1 prise 12 V,,Utilitaire,Disponible,,,152 KM/H,,,,En hauteur et en profondeur,,,,,,,,4,11.5 m³,,,,N.C,6,N.C,,,,,,,ESC,,Radar de recul,,,Avant,,2179 CM³
https://www.automobile.tn/fr/neuf/honda/jazz/1.5-l-e-hev,honda,jazz,1.5-l-e-hev,85 990 ,,,,,,9.4 s,HBSS,1487 mm,Rear Cross Traffic Monitor,4047 mm,,À distance,,5,,3 ans ou 100.000 km,,,,,,Éléctrique,,,,,,,,,,Frontaux | Latéraux | Rideaux | Centraux,,,,TPMS,,131 nm 4500 tr/min,,,,Adaptatif (ACC),,5,304 L,,2,,,,,,,,Cuir/Tissu,,,EPS,,,Android Auto | 4 USB | Apple Carplay | Bluetooth | Commande vocale,,,Démarrage mains libres,TSR,,,Autohold | HSA,5 CV,Automatique,,,,,Conducteur et passager,108 CH,,LKA,Accès mains libres,,,,,Normal | Eco,,,,En aluminium | 16'',Anti-éblouissement,EBA | EBD | ESS |  Freinage automatique anti-collision (AEB),,,,Tactile | 9 pouces,LDW | ●,,,,,,Automatique,,,,Avant/Arrière,253 nm,,Essence | Hybride,,1694 mm,1205 L,,Traction,,,,"3,6 L/100 km",,,Électriques | Rabattables | Avec clignotants intégrés,,1 prise 12 V,,Citadine,Disponible,,,174 KM/H,4 haut-parleurs,,,En hauteur et en profondeur,,,122 CH,,,,,4,,Cuir | Chauffant | Multi-fonctions,,Feux de jour,"2,5 L/100 km",,"4,2 L/100 km",,,,,LED,,VSA,Full LED,Radar de recul | Radar avant | Caméra de recul,,,Avant,,1498 CM³
https://www.automobile.tn/fr/neuf/fiat/scudo/2.0-l-hdi,fiat,scudo,2.0-l-hdi,86 000 ,,,,,,9.9 s,,1895 mm,,4983 mm,,À distance,,3,,3 ans,,,,,,,,,,,,,,,,Frontaux,Réglage lombaire,,,,,370 nm 2000 tr/min,,,,,,5 | 1 porte latérale coulissante | 2 portes arrières battantes tolées,,,,,,,,,,1000 KG,Tissu,,,,,,USB | Bluetooth,,,,,,,,8 CV,Manuelle,,,,,,150 CH,,,,,,,,,,,,16'',,,,,,,,,,,,,Manuelle,,,,Avant,,,Diesel,,2010 mm,,,Traction,,,,5.5 L/100 km,,,Électriques | Rabattables | Dégivrants,,1 prise 12 V,,Utilitaire,3 mois,,,170 KM/H,Radio numérique DAB,,,En hauteur et en profondeur,,,,,,,,4,5.3 m³,Multi-fonctions,,,6 L/100 km,6,5.2 L/100 km,,,,,,,ESP,,Radar de recul,,,Avant conducteur,,1997 CM³
https://www.automobile.tn/fr/neuf/great-wall/wingle-5-double-cabine/2.0-l-diesel-4x2-2023,great-wall,wingle-5-double-cabine,2.0-l-diesel-4x2-2023,87 500 ,,,,,,N.C,,1730 mm,,5090 mm,,,,5,,3 ans ou 100.000 km,,,,,,,,,,,,,,,,Frontaux,,,,,,305 nm 1800 tr/min,,,,,,4,,,,,,,,,,,Similicuir,,,,,,USB | 1 fente pour carte SD,,,,,,,,7 CV,Manuelle,,,,,Conducteur,143 CH,,,,,,,,,,,,En aluminium | 16'',,EBD,,,,Tactile | 7 pouces,,,,,,,Manuelle,,,,Avant/Arrière,,,Diesel,,1800 mm,,,Propulsion,,,,8.2 L/100 km,,,Électriques | Avec clignotants intégrés,,,,Pick up,Disponible,,,N.C,6 haut-parleurs,,,En hauteur,,,,,,,,4,,,,,8.9 L/100 km,6,7.6 L/100 km,Chromées,,,,,,,,Radar de recul,,,,Pare-chocs | Rétroviseurs,1996 CM³
https://www.automobile.tn/fr/neuf/ssangyong/tivoli/1.5-t-ilovit-2024,ssangyong,tivoli,1.5-t-ilovit-2024,88 000 ,,,Lunette et vitres arrières sur-teintées,,,N.C,,1615 mm,,4225 mm,,À distance,,5,,3 ans ou 100.000 km,,,,,,,,,,,,,,,,Frontaux,,,,,,260 nm 1500 tr/min,,10.25 pouces,,,Périmétrique,5,423 L,,,,,,,,,,Similicuir,,,,,,USB | Android Auto | Apple Carplay | AUX | Bluetooth,,,Démarrage mains libres,,,,HSA,8 CV,Automatique,,,Cuir,,Conducteur,163 CH,,,Accès mains libres,,,,,Normal | Sport | Winter,,,,En aluminium | 16'',Anti-éblouissement,ESS | HBA,,,Porte-lunettes,Tactile | 8 pouces,,,,,,,Automatique | Bizone,,,Cache Bagages,Avant/Arrière,,,Essence,,1810 mm,,,Traction,,,,7.5 L/100 km,,,Électriques | Rabattables | Dégivrants | Avec clignotants intégrés,,1 prise 12 V,,SUV,Disponible,,,175 KM/H,6 haut-parleurs | Commandes au volant,,,En hauteur,,,,,,,,4,,Cuir | Chauffant | Multi-fonctions | Sport,,Feux de jour,9.9 L/100 km,6,6.1 L/100 km,,,,HDC,LED,,ESP,Full LED,Radar de recul | Radar avant | Caméra de recul,,,Avant | Arrière,Pare-chocs | Poignées de portes | Rétroviseurs,1497 CM³
https://www.automobile.tn/fr/neuf/cenntro/logistar-ls-260/43.5-kwh,cenntro,logistar-ls-260,43.5-kwh,88 600 ,8 heures,,,,,,,2046 mm,,5457 mm,,À distance,,2,,5 ans ou 100000 km | Batterie garantie 8 ans ou 160.000 KM,,,,270 km,,,,,,,13.5 kWh/100 km,,,,,Frontal conducteur,,,,,,265 nm 0 tr/min,,,,,,5 | 2 portes arrières battantes tolées,,,1,,,,,,,1280 KG,Tissu,,,Électrique,,,USB | Bluetooth,,,,,,,,3 CV,Automatique,,,,,,102 CH,,,,,,,,Normal | Eco,,43.5 kWh,,16'',,,,,,Tactile,,,,,,,Manuelle,,,,Avant,,,Electrique,,1850 mm,,,Traction,,,,,,,Électriques,,1 prise 12 V,,Utilitaire,Disponible,,,95 KM/H,2 haut-parleurs,,,,,30 minutes,,,,,,,7.5 m³,,,Feux de jour,,,,,,,,,,,,Radar de recul | Caméra de recul,,,,,
https://www.automobile.tn/fr/neuf/citroen/jumpy-fourgon/2.0-l-hdi-2025,citroen,jumpy-fourgon,2.0-l-hdi-2025,88 900 ,,,,,,9.9 s,,1955 mm,,4980 mm,,À distance,,3,,3 ans,,,,,,,,,,,,,,,,Frontaux,,,,,,370 nm 2000 tr/min,,,,,,5 | 1 porte latérale coulissante | 2 portes arrières battantes tolées,,,,,,,,,,1000 KG,Tissu,,,Électrique,,,USB | Bluetooth,,,,,,,,8 CV,Manuelle,,,,,,150 CH,,,,,,,,,,,,16'',,,,,,,,,,,,,Manuelle,,,,Avant,,,Diesel,,1920 mm,,,Traction,,,,5.5 L/100 km,,,Électriques,,,,Utilitaire,1 mois,,,170 KM/H,,,,,,,,,,,,4,5.3 m³,,,,6 L/100 km,6,5.2 L/100 km,,,,,,,ESP,,Radar de recul,,,Avant conducteur,,1997 CM³
https://www.automobile.tn/fr/neuf/renault/express-combi/1.5-l-dci,renault,express-combi,1.5-l-dci,88 900 ,,,,,,13 s,,1842 mm,,4394 mm,,À distance,,5,,2 ans ou 100.000 km,,,,,,,,,,,,,,,,Frontaux,,,,,,240 nm 1750 tr/min,,,,,,5 | 2 portes latérales coulissantes,800 L,,,,,,,,,,Tissu,,,,,,USB | Bluetooth,,,,,,,,5 CV,Manuelle,,,,,,95 CH,,,,,,,,,,,,15'',,AFU,,,,,,,,,,Chromée,Manuelle,,,,Avant,,,Diesel,,1751 mm,,,Traction,,,,6.1 L/100 km,,,Électriques | Avec clignotants intégrés,,1 prise 12 V,,Monospace,Disponible,,,163 KM/H,Commandes sous le volant,,,,,,,,,,,4,,,,Feux de jour,,6,,,,,,,,,,,,,,,1461 CM³
https://www.automobile.tn/fr/neuf/peugeot/expert/2.0-l-hdi-2025,peugeot,expert,2.0-l-hdi-2025,88 900 ,,,,,,9.9 s,,1895 mm,,4983 mm,,À distance,,3,,3 ans,,,,,,,,,,,,,,,,Frontaux,,,,,,370 nm 2000 tr/min,,,,,,5 | 1 porte latérale coulissante | 2 portes arrières battantes tolées,,,,,,,,,,1000 KG,Similicuir/Tissu,,,,,,USB | Bluetooth,,,,,,,,9 CV,Manuelle,,,,,Conducteur et passager,150 CH,,,,,,,,,,,,16'',,,,,,,,,,,,,Manuelle,,,,Avant,,,Diesel,,2010 mm,,,Traction,,,,5.5 L/100 km,,,Électriques,,,,Utilitaire,15 jours,,,170 KM/H,,,,,,,,,,,,4,5.3 m³,,,,6 L/100 km,6,5.2 L/100 km,,,,,,,ESP,,Radar de recul,,,Avant,,1997 CM³
https://www.automobile.tn/fr/neuf/kia/sonet/1.2-l-bvm-ex,kia,sonet,1.2-l-bvm-ex,89 480 ,,,Teintées,,,10.5 s,,1610 mm,,4110 mm,,À distance,,5,,5 ans,,,,,,,,,,,,,,,,Frontaux,,,,,,144 nm 4500 tr/min,,10.25 pouces,,,,5,385 L,,,,,,,,,,Tissu | Cuir artificiel,,,Électrique,,,USB | Android Auto | Apple Carplay | Bluetooth | Commande vocale,,,Démarrage mains libres,,,,HAC,6 CV,Manuelle,,,Cuir,,Conducteur,115 CH,,,Accès mains libres,,,,,,,,,En aluminium | 16'',,DBC | Freinage multi-collision,,,,Tactile | 8 pouces,,,,,,,Automatique,,,,Avant/Arrière,,,Essence,,1790 mm,,,Traction,,,,6.7 L/100 km,,,Électriques | Rabattables,,,,SUV,Disponible,,,175 KM/H,Commandes au volant,,,En hauteur et en profondeur,,,,,,,,4,,Cuir | Multi-fonctions,,Feux de jour | Avant,8.8 L/100 km,6,5.5 L/100 km,,,,,LED,,ESC,LED,Radar de recul | Caméra de recul,,,Avant,,1497 CM³
https://www.automobile.tn/fr/neuf/kia/sonet/1.5-l-cvt-ex-plus,kia,sonet,1.5-l-cvt-ex-plus,95 480 ,,,Teintées,,,10.3 s,,1610 mm,,4110 mm,,À distance,,5,,5 ans,,,,,,,,,,,,,,,,Frontaux,,,,,,144 nm 4500 tr/min,,10.25 pouces,,,,5,385 L,,,,,,,,,,Tissu | Cuir artificiel,,,Électrique,,,USB | Android Auto | Apple Carplay | Bluetooth | Commande vocale,,,Démarrage mains libres,,,,HAC,6 CV,Automatique,,,Cuir,,Conducteur,115 CH,,,Accès mains libres,,,,,Confort | Sport | Eco,,,,En aluminium | 16'',,DBC | Freinage multi-collision,,,,Tactile | 8 pouces,,,,,,,Automatique,,,,Avant/Arrière,,,Essence,,1790 mm,,,Traction,,,,6.2 L/100 km,,,Électriques | Rabattables,,,,SUV,Disponible,,,175 KM/H,Commandes au volant,,,En hauteur et en profondeur,,,,,,,,4,,Cuir | Multi-fonctions,,Feux de jour | Avant,7.6 L/100 km,,5.3 L/100 km,,,,,LED,,ESC,LED,Radar de recul | Radar avant | Caméra de recul,,,Avant,,1497 CM³
https://www.automobile.tn/fr/neuf/kia/sonet/1.5-l-cvt-sx,kia,sonet,1.5-l-cvt-sx,101 480 ,,,Teintées,,,10.3 s,,1610 mm,,4110 mm,,À distance,,5,,5 ans,,,,,,,,,,,,,,,,Frontaux | Latéraux | Rideaux,,,,,,144 nm 4500 tr/min,,10.25 pouces,,,,5,385 L,,,Métal Brillant,,,,,,,Tissu | Cuir artificiel,,,Électrique,,,USB | Android Auto | Apple Carplay | Bluetooth | Commande vocale | Chargeur de téléphone sans fil,,,Démarrage mains libres,,,,HAC,6 CV,Automatique,,,Cuir,,Conducteur,115 CH,,,Accès mains libres,,,,,Confort | Sport | Eco,,,,En aluminium | 16'',Anti-éblouissement,DBC | Freinage multi-collision,,,,Tactile | 8 pouces,,,,,,,Automatique,,,,Avant/Arrière,,,Essence,,1790 mm,,,Traction,,,,6.2 L/100 km,,,Électriques | Rabattables,,,,SUV,Disponible,,,175 KM/H,Commandes au volant,,,En hauteur et en profondeur,,,,,,,,4,,Cuir | Multi-fonctions,,Feux de jour | Avant | Arrières,7.6 L/100 km,,5.3 L/100 km,,,,,LED,,ESC,Full LED,Radar de recul | Radar avant | Caméra de recul,,,Avant,,1497 CM³
https://www.automobile.tn/fr/neuf/wallyscar/annibal/2.5-l-diesel-4x2,wallyscar,annibal,2.5-l-diesel-4x2,89 700 ,,Métallisée,,,228 g/km,12.9 s,,1845 mm,,5341 mm,,À distance,+1000 DT,5,,3 ans ou 100.000 km,,+1000 DT,,,,,,,,,,,,,,Frontaux,,,,,,310 nm 1800 tr/min,,,,,,4,,,,,,,,,,1000 KG,Tissu,,,Hydraulique,,,USB | Apple Carplay | Bluetooth | Wifi,,,,,,,,6 CV,Manuelle,,,,,Conducteur,127 CH,,,,,Avant,,,Eco,,,,En aluminium | 16'',,EBD,,,,Tactile | 11 pouces,,,,,,,Manuelle,,,,Avant/Arrière,,,Diesel,2,1885 mm,,,Propulsion,,,,7.8 L/100 km,,,Électriques | Chromés | Avec clignotants intégrés,,1 prise 12 V,,Pick up,Sur arrivage,,,170 KM/H,4 haut-parleurs | Commandes au volant,,,En hauteur,,,,,,,,4,1.5 m³,Cuir | Multi-fonctions,,Feux de jour,8.5 L/100 km,6,7.1 L/100 km,Chromées,,,,LED,,,,Radar de recul | Caméra de recul,,,Avant,Pare-chocs,2499 CM³
https://www.automobile.tn/fr/neuf/wallyscar/annibal/2.5-l-diesel-4x4,wallyscar,annibal,2.5-l-diesel-4x4,102 900 ,,Métallisée,,,228 g/km,12.9 s,,1845 mm,,5341 mm,,À distance,+1000 DT,5,,3 ans ou 100.000 km,,+1000 DT,,,,,,,,,,,,,,Frontaux,,,,,,310 nm 1800 tr/min,,,,,,4,,,,,,,,,,1000 KG,Tissu,,,Hydraulique,,,USB | Apple Carplay | Bluetooth | Wifi,,,,,,,,6 CV,Manuelle,,,,,Conducteur,127 CH,,,,,Avant,,,Eco,,,,En aluminium | 16'',,EBD,,,,Tactile | 11 pouces,,,,,,,Manuelle,,,,Avant/Arrière,,,Diesel,2,1885 mm,,,Intégrale,,,,7.8 L/100 km,,,Électriques | Chromés | Avec clignotants intégrés,,1 prise 12 V,,Pick up,Sur arrivage,,,170 KM/H,4 haut-parleurs | Commandes au volant,,,En hauteur,,,,,,,,4,1.5 m³,Cuir | Multi-fonctions,,Feux de jour,8.5 L/100 km,6,7.1 L/100 km,Chromées,,,,LED,,,,Radar de recul | Caméra de recul,,,Avant,Pare-chocs,2499 CM³
https://www.automobile.tn/fr/neuf/volkswagen/polo/1.0-l-drive,volkswagen,polo,1.0-l-drive,89 980 ,,,Lunette et vitres arrières sur-teintées,,,10.8 s,,1451 mm,,4074 mm,,À distance,,5,,3 ans,,,,,,,,,,,,,,,,Frontaux | Latéraux | Rideaux,,,,,,175 nm 1600 tr/min,,Digital Cockpit | 8 pouces,,,,5,351 L,,,,,,,,,,Tissu,,,,,,2 USB-C | Android Auto | Apple Carplay | Bluetooth | Mirrorlink,,,,,Deep Black Nacré,,,5 CV,Manuelle,,,,,Conducteur,95 CH,,,,,,,,,,,,En aluminium | 15'',,,,,,Tactile | 6.5 pouces,,,,,,Contour chromé,Manuelle,,,,Avant/Arrière,,,Essence,3,1751 mm,,,Traction,,,,5.2 L/100 km,,,Électriques | Rabattables | Dégivrants,,,,Citadine,2 mois,,,187 KM/H,Composition Media | 4 haut-parleurs,,,En hauteur et en profondeur,,,,,,,,3,,Multi-fonctions,,Feux de jour | Avant | Arrières,6.7 L/100 km,5,4.5 L/100 km,,,,,,,ESP | ASR,LED,Radar de recul | Radar avant,,,,Pare-chocs | Poignées de portes | Rétroviseurs,999 CM³
https://www.automobile.tn/fr/neuf/hyundai/venue/1.0-l-turbo-bva,hyundai,venue,1.0-l-turbo-bva,90 000 ,,,,,,10.2 s,,1605 mm,,3995 mm,,À distance,,5,,5 ans ou 100000 km,,,,,,,,,,,,,,,,Frontaux | Latéraux,,,,,,172 nm 1500 tr/min,Ouvrant,,,,,5,355 L,,,,,,,,,,Tissu,,,Électrique,,,Android Auto | Apple Carplay | Bluetooth | Commande vocale | 3 USB-C,,,Démarrage mains libres,,,,,7 CV,Automatique,,,,,,120 CH,,,Accès mains libres,,,,,Normal | Sport | Eco,,,,En aluminium | 16'',,Freinage automatique anti-collision (AEB),,,Porte-lunettes,Tactile | 8 pouces,,,,,,,Automatique,,,,Avant/Arrière,,,Essence,3,1770 mm,,,Traction,,,,"5,6 L/100 km",,,Électriques | Rabattables | Avec clignotants intégrés,,,,SUV,Disponible,,,183 KM/H,6 haut-parleurs | Commandes au volant,,,En hauteur,,,,,,,,3,,Cuir | Multi-fonctions,,Feux de jour | Avant,,7,,,,,,,,ESC,,Radar de recul | Caméra de recul,,,Avant,,998 CM³
https://www.automobile.tn/fr/neuf/dongfeng/shine-max/1.5-t-hev,dongfeng,shine-max,1.5-t-hev,90 990 ,,,,,,10 s,,1475 mm,,4797 mm,,À distance,,5,,5 ans ou 150000 km | Batterie garantie 8 ans ou 200.000 km,,,,,,Éléctrique | EPB,,Étriers rouges,,,,,,,,Frontaux | Latéraux,Sport,,,TPMS,,230 nm 2000 tr/min,Ouvrant | Panoramique,12.3 pouces,,,,4,506 L,,,,,,,,,,Similicuir,,,EPS,,,USB | Bluetooth | Mirrorlink,,,Démarrage mains libres,,,,Autohold | HAC,9 CV,Automatique,,,,,Conducteur,205 CH,,,Accès mains libres,,,,,Confort | Sport | Eco,,,,En aluminium | 17'',,EBA | EBD,,,,Tactile | 10.25 pouces,,,,,Chrome,,Automatique | Ventilation arrière,,,,Avant/Arrière,,,Essence | Hybride,3,1870 mm,,,Traction,,,,4.3 L/100 km,,,Électriques | Dégivrants,,,,Berline,Disponible,,,210 KM/H,2 haut-parleurs | Commandes au volant,,,En hauteur,,,,,,,,4,,,,Feux de jour,,,,,,,,,,ESC | TCS,Full LED,Radar de recul | Caméra de recul,,,Avant | Arrière,Pare-chocs | Poignées de portes | Rétroviseurs,1476 CM³
https://www.automobile.tn/fr/neuf/opel/mokka/1.2-l-turbo-130-ch-at8-gs-special-edition,opel,mokka,1.2-l-turbo-130-ch-at8-gs-special-edition,91 900 ,,Bi-ton,Lunette et vitres arrières sur-teintées,,,9.1 s,,1531 mm,,4151 mm,,À distance,,5,,3 ans ou 100.000 km,,,,,,Éléctrique,,,,,,,,,,Frontaux | Latéraux | Protège-tête,Sport,,,,,230 nm 1750 tr/min,,12 pouces,,,,5,350 L,,,Aluminium,,,,,,,Similicuir/Tissu,,,,,,USB | Android Auto | Apple Carplay | Bluetooth | Mirrorlink,,,Démarrage mains libres,TSR,,,,7 CV,Automatique,,,,,Conducteur et passager,130 CH,,,Accès mains libres,,,,,,,,,En aluminium | 17'',Anti-éblouissement,,,,Poches aumônières,Tactile | 10 pouces,,,,,,,Automatique,,,,Avant/Arrière,,,Essence,,1791 mm,,,Traction,,,,4.8 L/100 km,,GPS | Cartographie Tunisienne,Électriques | Rabattables,,,,SUV,25 jours,,,200 KM/H,6 haut-parleurs,,,En hauteur et en profondeur,,,,,,,,3,,Cuir | 3 branches | Multi-fonctions | à méplat | Avec palettes,,Feux de jour,5.9 L/100 km,8,4.2 L/100 km,,,,,LED,,ESP,LED,Radar de recul | Radar avant | Caméra de recul 180°,,,,,1199 CM³
https://www.automobile.tn/fr/neuf/peugeot/landtrek-double-cabine/1.9-l-diesel-4x2,peugeot,landtrek-double-cabine,1.9-l-diesel-4x2,92 990 ,,,,,206 g/km,14.9 s,,1897 mm,,5330 mm,,,,5,,5 ans ou 400.000 km,,,,,,,,,,,,,,,,Frontaux,,,,,,350 nm 1800 tr/min,,,,,,4,,,,,,,,,,1000 KG,Tissu,,,,,,2 USB | Bluetooth,,,,,,,,6 CV,Manuelle,,,,,,150 CH,,,,,,,,,,,,16'',,EBD,,,,,,,,,,,Manuelle,,,,Avant/Arrière,,,Diesel,,1963 mm,,,Propulsion,,,,7.8 L/100 km,,,Électriques,,1 prise 12 V,,Pick up,Disponible,,,172 KM/H,4 haut-parleurs | Commandes au volant,,,En hauteur,,,,,,,,4,,,,,,6,,,,,,,,ESP,,Radar de recul,,,Avant,Rétroviseurs,1910 CM³
https://www.automobile.tn/fr/neuf/peugeot/landtrek-double-cabine/1.9-l-diesel-4x4-pro-plus,peugeot,landtrek-double-cabine,1.9-l-diesel-4x4-pro-plus,108 900 ,,,,,,15.8 s,,1897 mm,,5330 mm,,À distance,,5,,5 ans ou 400.000 km,,,,,,,,,,,,,,,,Frontaux,,,,,,350 nm 1800 tr/min,,,Arrière,,,4,,,,,,,,,,900 KG,Tissu | Mi-TEP,,,,,,Bluetooth,,,,,,,,8 CV,Manuelle,,,,,,150 CH,,,,,,,,,,,,En aluminium | 17'',,EBD,,,,Tactile | 10 pouces,,,,,,,Manuelle,,,,Avant/Arrière,,,Diesel,,1963 mm,,,Intégrale,,,,8.1 L/100 km,,,Électriques,,1 prise 12 V,,Pick up,Disponible,,,171 KM/H,Commandes au volant,,,En hauteur,,,,,,,,4,,,,,,6,,,,,,,,ESP,,Radar de recul | Caméra de recul,,,Avant,Pare-chocs | Rétroviseurs,1910 CM³
https://www.automobile.tn/fr/neuf/jmc/vigus-double-cabine/2.5-l-diesel-4x2,jmc,vigus-double-cabine,2.5-l-diesel-4x2,82 900 ,,,,,,14.7 s,,1782 mm,,5301 mm,,À distance,,5,,3 ans ou 100.000 km,,,,,,,,,,,,,,,,Frontaux,,,,,,315 nm 1800 tr/min,,,,,,4,,,,,,,,,,970 KG,Tissu,,,,,,USB | Bluetooth,,,,,,,,7 CV,Manuelle,,,,,,127 CH,,,,,,,,,,,,En aluminium | 16'',,EBD,,,,,,,,,,,Manuelle,,,,Avant/Arrière,,,Diesel,,1828 mm,,,Propulsion,,,,7.3 L/100 km,,,Électriques,,1 prise 12 V,,Pick up,Sur arrivage,,,160 KM/H,Commandes au volant,,,,,,,,,,,4,,Multi-fonctions,,,,5,,,,,,,,,,Radar de recul,,,Avant,,2498 CM³
https://www.automobile.tn/fr/neuf/jmc/vigus-double-cabine/2.5-l-diesel-4x4,jmc,vigus-double-cabine,2.5-l-diesel-4x4,93 900 ,,,,,,14.7 s,,1782 mm,,5301 mm,,À distance,,5,,3 ans ou 100.000 km,,,,,,,,,,,,,,,,Frontaux,,,,,,315 nm 1800 tr/min,,,,,,4,,,,,,,,,,880 KG,Tissu,,,,,,USB | Bluetooth,,,,,,,,7 CV,Manuelle,,,,,,127 CH,,,,,,,,,,,,En aluminium | 16'',,,,,,,,,,,,,Manuelle,,,,Avant/Arrière,,,Diesel,,1828 mm,,,Intégrale,,,,8 L/100 km,,,Électriques,,1 prise 12 V,,Pick up,Sur arrivage,,,160 KM/H,Commandes au volant,,,En hauteur et en profondeur,,,,,,,,4,,Multi-fonctions,,,,5,,,,,,,,ESP,,Radar de recul,,,Avant,,2498 CM³
https://www.automobile.tn/fr/neuf/opel/astra/1.2-l-gs-limited,opel,astra,1.2-l-gs-limited,94 900 ,,Bi-ton,Lunette et vitres arrières sur-teintées,,,9.7 s,,1470 mm,,4370 mm,,À distance,,5,,3 ans ou 100.000 km,,,,,,Éléctrique,,,,,,,,,,Frontaux | Latéraux | Rideaux,10 directions | Chauffants | Réglage lombaire,,,,,230 nm 1750 tr/min,Ouvrant,,,Adaptatif (ACC),,5,422 L,,,,,,,,,,Tissu,,,,,,2 USB-C | Android Auto | Apple Carplay | Bluetooth | Mirrorlink,,,Démarrage mains libres,TSR,,,,7 CV,Automatique,,,,,Conducteur et passager,130 CH,FCW,,Accès mains libres,,,,,Normal | Sport | Eco,,,,En aluminium | 17'',,Freinage automatique anti-collision (AEB),,,,Tactile | 10 pouces,,,,,,Noire,Automatique | Bizone,,,,Avant/Arrière,,,Essence,,1860 mm,,,Traction,,,,5.5 L/100 km,,,Électriques | Rabattables,,,,Compacte,Disponible,,,210 KM/H,6 haut-parleurs | Commandes au volant,,,En hauteur et en profondeur,,,,,,,,3,,Chauffant | Multi-fonctions,,Feux de jour | Avant | Arrières,5.9 L/100 km,8,4.6 L/100 km,,,,,LED,,ESP,LED,Radar de recul | Radar avant | Système de caméras 360,,,Avant,,1199 CM³
https://www.automobile.tn/fr/neuf/renault/megane/1.3-l-tce-140,renault,megane,1.3-l-tce-140,94 950 ,,,Teintées,,129 g/km,8.2 s,,1438 mm,,4359 mm,,À distance,,5,,2 ans ou 100.000 km,,,,,,Éléctrique,,,,,,,,LED,,Frontaux | Latéraux | Rideaux,Réglage lombaire,,,,,260 nm 1750 tr/min,,,,,,5,402 L,,,,,,,,,,Similicuir | Velours,,,,,,2 USB | Bluetooth | Commande vocale,,,Démarrage mains libres,,Aluminium brossé,,,8 CV,Manuelle,,,Cuir,,Conducteur,140 CH,,,,,,,,Normal | Confort | Sport | Eco,,,,En aluminium | 16'',,AFU,,,,Tactile | 7 pouces,,,,,,Noire,Automatique | Bizone,,,,Avant/Arrière,,,Essence,3,1814 mm,,,Traction,,,,4.9 L/100 km,,GPS | Cartographie Tunisienne,Électriques | Rabattables | Dégivrants | Éclairage d'accueil à LED,,,,Compacte,Disponible,,,205 KM/H,8 haut-parleurs | Commandes au volant | R-Link 2,,,En hauteur et en profondeur,,,,,,,,4,,Cuir | Multi-fonctions,,Avant | Arrières,7.2 L/100 km,6,5.6 L/100 km,,,,,,,ESP,,Radar de recul | Radar avant | Caméra de recul,,,Avant | Arrière,,1332 CM³
https://www.automobile.tn/fr/neuf/faw/bestune-b70/1.5-l-turbo-bva-luxury,faw,bestune-b70,1.5-l-turbo-bva-luxury,94 970 ,,Métallisée | Nacrée,,,,8.5 s,,1455 mm,,4810 mm,Triangle de présignalisation | Trousse de premiers secours,À distance,,5,,5 ans ou 150000 km,,,,,,Éléctrique,,,,,,,,,,Frontaux | Latéraux,Conducteur à réglage électrique | 6 directions | Chauffants | Baquets,,,TPMS,,258 nm 1500 tr/min,Ouvrant | Panoramique | En verre,12.3 pouces,,Adaptatif (ACC),,5,520 L,,,,,,,,Noir,,Cuir perforé | Surpiqures,,,Électrique,,,2 USB | Bluetooth | Mirrorlink,Chromées,,Démarrage mains libres,TSR,Noir brillant | Chromée,,Autohold | HAC,8 CV,Automatique,,,Cuir,,Conducteur,169 CH,FCW,LKA,Accès mains libres,,,,,Normal | Sport | Eco,,,,En aluminium | 18'',Anti-éblouissement  | Sans Cadre,AFU | Active City Brake | EBA | BAS | EBD | VDR,,,Poches aumônières | Porte-lunettes,Tactile | 12.3 pouces,LDW,,,,Chrome,Chromée,Automatique | Bizone,,,Ouverture à distance,Avant/Arrière,,,Essence,3,1840 mm,,,Traction,,,,6.8 L/100 km,,,Électriques | Rabattables | Dégivrants | Avec clignotants intégrés,,1 prise 12 V,,Berline,Disponible,,,200 KM/H,6 haut-parleurs | Commandes au volant,,,En hauteur,,,,,,,,4,,Cuir | 3 branches | Multi-fonctions | Sport | à méplat,,Feux de jour | Avant | Arrières,9.2 L/100 km,7,5.4 L/100 km,,,,HDC,,,ESC | ESP | TCS,Full LED,Radar de recul | Système de caméras 360,,,Avant | Arrière,Pare-chocs | Rétroviseurs,1498 CM³
https://www.automobile.tn/fr/neuf/byd/dolphin/fwd,byd,dolphin,fwd,94 990 ,5 heures,Métallisée,,,,10.9 s,,1570 mm,,4070 mm,,À distance,,5,,6 ans ou 150.000 km | Batterie garantie 8 ans ou 200.000 km,405 km,,,340 km,,Éléctrique,,,,,11 kWh/100 km,,,,,Frontaux | Latéraux | Rideaux,,,,TPMS,,180 nm 0 tr/min,,5 pouces,,,,5,345 L,,1,,,,,,,,Similicuir,,,,,,USB | USB-C | Android Auto | Apple Carplay | Bluetooth | Commande vocale,,,Démarrage mains libres,,,,HHC,5 CV,Automatique,,,,,,95 CH,,,Accès mains libres | Démarrage à distance,,,,,Sport | Eco,,44.9 kWh,,En aluminium | 16'' | Bi-ton,,EBD | HBA | VDC,,,Poches aumônières,Tactile | 12.8 pouces | Rotatif,,,,,Chrome,,Automatique | Bizone | Ventilation arrière,,,,Avant/Arrière,,,Electrique,3,1770 mm,1310 L,,Traction,,,,,,,Électriques,,1 prise 12 V,,Compacte,Disponible,,,150 KM/H,6 haut-parleurs | Commandes au volant,,,En hauteur,,31 minutes,,,,,,,,Similicuir | 3 branches | Multi-fonctions,,Feux de jour | Avant | Arrières | Clignotants à défilement,,,,,,,CRBS,,,ESC | TCS,LED,Radar de recul | Système de caméras 360,,,Avant,Pare-chocs | Poignées de portes | Rétroviseurs,
https://www.automobile.tn/fr/neuf/chery/tiggo-7/1.5-t-cvt-2025,chery,tiggo-7,1.5-t-cvt-2025,96 500 ,,,,,,9.7 s,,1696 mm,,4513 mm,,À distance,,5,,7 ans ou 200000 km,,,,,,Éléctrique,,,,,,,,,,Frontaux | Latéraux | Rideaux,Électriques | 6 directions | Chauffants | Ventilés | Réglage lombaire | Fonction mémoire,,,,,210 nm 1750 tr/min,Ouvrant | Panoramique,12.3 pouces,,Adaptatif (ACC),,5,475 L,,,,,,,,,,Cuir,,,,,,3 USB | Android Auto | Apple Carplay | Bluetooth | Commande vocale | Wifi | Chargeur de téléphone sans fil,,,Démarrage mains libres,,,,,9 CV,Automatique,,,,,Conducteur et passager,147 CH,,,Accès mains libres | Démarrage à distance,,,,,Sport | Eco,,,,En aluminium | 18'',,EBA | EBD,,,,Tactile | 12.3 pouces,,,,,Chrome,Chromée,Automatique | Bizone | Ventilation arrière,,,Ouverture et fermeture motorisées,Avant/Arrière,,,Essence,3,1862 mm,1500 L,,Traction,,,,7.9 L/100 km,,,Électriques | Rabattables | Dégivrants | Avec clignotants intégrés,,,,SUV,Disponible,,,185 KM/H,6 haut-parleurs | Commandes au volant | Sony,,,En hauteur et en profondeur,,,,,,,,4,,Cuir | Multi-fonctions,,Feux de jour | Avant | Arrières,,9,,,,,,,,ESP,Matrix LED,Radar de recul | Radar avant | Système de caméras 360,,,Avant | Réfrigéré | Arrière,,1498 CM³
https://www.automobile.tn/fr/neuf/citroen/jumper/2.2-l-hdi-l2h2-11.5m3,citroen,jumper,2.2-l-hdi-l2h2-11.5m3,97 900 ,,,,,,N.C,,2522 mm,,5413 mm,,À distance,,3,,3 ans,,,,,,,,,,,,,,,,Frontal conducteur,,,,,,340 nm 1750 tr/min,,,,,,5 | 1 porte latérale coulissante | 2 portes arrières battantes tolées,,,,,,,,,,1390 KG,Tissu,,,,,,,,,,,,,,7 CV,Manuelle,,,,,Conducteur,140 CH,,,,,,,,,,,,16'',,AFU,,,,,,,,,,,Manuelle,,,,Avant,,,Diesel,,1870 mm,,,Traction,,,,N.C,,,Électriques,,1 prise 12 V,,Utilitaire,3 mois,,,N.C,,,,En hauteur et en profondeur,,,,,,,,4,11.5 m³,,,,N.C,6,N.C,,,,,,,ESP,,Radar de recul,,,Avant conducteur,,2179 CM³
https://www.automobile.tn/fr/neuf/citroen/jumper/2.2-l-hdi-l3h3-15m3,citroen,jumper,2.2-l-hdi-l3h3-15m3,101 900 ,,,,,,N.C,,2760 mm,,5998 mm,,À distance,,3,,3 ans,,,,,,,,,,,,,,,,Frontal conducteur,,,,,,340 nm 1750 tr/min,,,,,,5 | 1 porte latérale coulissante | 2 portes arrières battantes tolées,,,,,,,,,,1470 KG,Tissu,,,,,,,,,,,,,,7 CV,Manuelle,,,,,Conducteur,140 CH,,,,,,,,,,,,16'',,AFU,,,,,,,,,,,Manuelle,,,,Avant,,,Diesel,,1870 mm,,,Traction,,,,N.C,,,Électriques,,1 prise 12 V,,Utilitaire,Disponible,,,N.C,,,,En hauteur et en profondeur,,,,,,,,4,15 m³,,,,N.C,6,N.C,,,,,,,ESP,,Radar de recul,,,Avant conducteur,,2179 CM³
https://www.automobile.tn/fr/neuf/mg/zs-hybride/1.5-l-cvt,mg,zs-hybride,1.5-l-cvt,97 950 ,,,Lunette et vitres arrières sur-teintées,,,8.0 s,,1635 mm,,4430 mm,,À distance,,5,,5 ans,,,,,,Éléctrique,,,,,,,,,,Frontaux | Latéraux | Rideaux,Chauffants,,,,,250 nm 4500 tr/min,Ouvrant,7 pouces,,Adaptatif (ACC),,5,443 L,,,,,,,,,,Similicuir,,,Électrique,,,Android Auto | Apple Carplay | Bluetooth,,,Démarrage mains libres,TSR,,,Autohold,5 CV,Automatique,,,,,Conducteur,197 CH,FCW,,Accès mains libres,,,,,Normal | Sport | Eco,,,,En aluminium | 18'',,Freinage automatique anti-collision (AEB),,,,Tactile | 12.3 pouces,,,,,,,Automatique | Ventilation arrière,,,,Avant/Arrière,,,Essence | Hybride,3,1818 mm,1457 L,,Traction,,,,5.1 L/100 km,,,Électriques | Rabattables | Éclairage d'accueil à LED,,,,SUV,4 mois,,,170 KM/H,Commandes au volant,,,En hauteur,,,,,,,,4,,Cuir | Chauffant | Multi-fonctions,,Feux de jour | Avant | Arrières,,,,,,,,,,ESP,LED,Radar de recul | Système de caméras 360,,,Avant,,1498 CM³
https://www.automobile.tn/fr/neuf/seat/arona/1.0-tsi-style-plus,seat,arona,1.0-tsi-style-plus,90 980 ,,,,,,9.8 s,,1537 mm,,4154 mm,,À distance,,5,,3 ans,,,,,,,,,,,,,,,,Frontaux | Latéraux | Protège-tête,,,,,,200 nm 2000 tr/min,,,,,,5,400 L,,,,,,,,,,Tissu,,,,,,USB-C | AUX | Bluetooth | Mirrorlink,Noires,,,,,,,6 CV,Automatique,,,Cuir,,Conducteur,116 CH,,,,,,,,,,,,En aluminium | 17'',Anti-éblouissement,,,,,Tactile | 8.25 pouces,,,,,,,Automatique,,,,Avant/Arrière,,,Essence,3,1780 mm,,,Traction,,,,5.2 L/100 km,,,Électriques | Rabattables | Dégivrants,,,,SUV,Disponible,,,182 KM/H,Commandes au volant,,,En hauteur et en profondeur,,,,,,,,3,,Cuir | Multi-fonctions | Sport,,Feux de jour,6.1 L/100 km,7,4.7 L/100 km,,,,,,,ESP,LED,Radar de recul,,,Avant,Pare-chocs | Rétroviseurs,999 CM³
https://www.automobile.tn/fr/neuf/seat/arona/1.0-tsi-xperience,seat,arona,1.0-tsi-xperience,97 980 ,,,,,,9.8 s,,1537 mm,,4154 mm,,À distance,,5,,3 ans,,,,,,,,,,,,,,,,Frontaux | Latéraux | Protège-tête,,,,,,200 nm 2000 tr/min,,Digital Cockpit,,,,5,400 L,,,,,,,,,,Tissu,,,,,,USB-C | AUX | Bluetooth | Commande vocale | Mirrorlink,Métal brillant,,Démarrage mains libres,,,,,6 CV,Automatique,,,Cuir,,Conducteur,116 CH,,,Accès mains libres,,,,,Confort | Sport | Eco,,,,En aluminium | 18'',Anti-éblouissement,,,,,Tactile | 9.2 pouces,,,,,Chrome,,Automatique,,,,Avant/Arrière,,,Essence,3,1780 mm,,,Traction,,,,5.2 L/100 km,,,Électriques | Rabattables | Dégivrants,,,,SUV,Disponible,,,182 KM/H,Commandes au volant,,,En hauteur et en profondeur,,,,,,,,3,,Cuir | Multi-fonctions | Sport,,Feux de jour | Avant | Arrières,6.1 L/100 km,7,4.7 L/100 km,,,,,,,ESP,Full LED,Radar de recul | Radar avant | Caméra de recul,,,Avant,Pare-chocs | Rétroviseurs,999 CM³
https://www.automobile.tn/fr/neuf/seat/arona/1.0-tsi-fr,seat,arona,1.0-tsi-fr,99 980 ,,,,,,9.8 s,,1537 mm,,4154 mm,,À distance,,5,,3 ans,,,,,,,,,,,,,,,,Frontaux | Latéraux | Protège-tête,,,,,,200 nm 2000 tr/min,,Digital Cockpit,,,,5,400 L,,,,,,,,,,Suédine,,,,,,USB-C | AUX | Bluetooth | Commande vocale | Mirrorlink,Métal brillant,,Démarrage mains libres,,,,,6 CV,Automatique,,,Cuir,,Conducteur,116 CH,,,Accès mains libres,,,,,Confort | Sport | Eco,,,,En aluminium | 18'',Anti-éblouissement,,,,,Tactile | 9.2 pouces,,,,,Chrome,,Automatique,,,,Avant/Arrière,,,Essence,3,1780 mm,,,Traction,,,,5.2 L/100 km,,,Électriques | Rabattables | Dégivrants,,,,SUV,Disponible,,,182 KM/H,Commandes au volant | Subwoofer 300W,,,En hauteur et en profondeur,,,,,,,,3,,Cuir | Multi-fonctions | Sport | Avec palettes,,Feux de jour | Avant | Arrières,6.1 L/100 km,7,4.7 L/100 km,,,,,,,ESP,Full LED,Radar de recul | Radar avant | Caméra de recul,,,Avant,Pare-chocs | Rétroviseurs,999 CM³
https://www.automobile.tn/fr/neuf/geely/coolray/1.5-l-turbo-2025,geely,coolray,1.5-l-turbo-2025,72 800 ,,,,,,12.6 s,,1610 mm,,4380 mm,,À distance,,5,,6 ans ou 200.000 km,,,,,,,,,,RMI,,,,,,Frontaux,,,,TPMS,,152 nm 4500 tr/min,,,,,,5,330 L,,,,,,,,,,Similicuir | Surpiqures,,"Ecran LCD 3.5""",,,,USB | Bluetooth | Mirrorlink,,,Démarrage mains libres,,Chromée,,,6 CV,Manuelle,,,Similicuir,,Conducteur,122 CH,,,,,,,,,,,,En aluminium | 16'',,EBA | VDC | HAZ,,,,Tactile | 8 pouces,,,,,Chrome,,Automatique,,,,Avant/Arrière,,,Essence,,1810 mm,,,Traction,,,,6.4 L/100 km,,,Électriques | Avec clignotants intégrés,,1 prise 12 V,,SUV,Disponible,,,175 KM/H,2 haut-parleurs | Commandes au volant,,,En hauteur,,,,,,,,4,,Multi-fonctions,,Feux de jour | Arrières,,5,,,,,,,,ESC | TCS,,Radar de recul | Caméra de recul,,,Avant,Pare-chocs | Poignées de portes,1499 CM³
https://www.automobile.tn/fr/neuf/geely/coolray/1.5-l-turbo-gs,geely,coolray,1.5-l-turbo-gs,82 800 ,,,,,,8.4 s,,1609 mm,,4330 mm,,À distance,,5,,5 ans ou 150000 km,,,,,,Éléctrique,,,,,,,,,,Frontaux,,,,TPMS,,255 nm 1500 tr/min,,7 pouces,,,,5,330 L,,,,,,,,,,Cuir/Tissu,,,,,,2 USB | Android Auto | Apple Carplay | Bluetooth | Mirrorlink,Métal brillant,,,,,,HHC,10 CV,Automatique,,,,,Conducteur,177 CH,,,Accès mains libres | Démarrage à distance,,,,,Confort | Sport | Eco,,,,En aluminium | 17'',,EBD | HBA,,,,Tactile | 10 pouces,,,,,Chrome,,Automatique,,,,Avant/Arrière,,,Essence,,1800 mm,,,Traction,,,,6.4 L/100 km,,,Électriques | Rabattables | Dégivrants | Avec clignotants intégrés,,,,SUV,Disponible,,,195 KM/H,6 haut-parleurs,,,En hauteur et en profondeur,,,,,,,,3,,Multi-fonctions | Sport,,Feux de jour | Arrières,,7,,,,,HDC,LED,,ESC | TCS,,Radar de recul | Caméra de recul,,,Avant | Arrière,Pare-chocs | Poignées de portes,1477 CM³
https://www.automobile.tn/fr/neuf/geely/coolray/1.5-l-turbo-gf,geely,coolray,1.5-l-turbo-gf,98 800 ,,Bi-ton,,,,8.4 s,,1609 mm,,4330 mm,,À distance,,5,,5 ans ou 150000 km,,,,,,Éléctrique,,,,,,,,,,Frontaux | Latéraux | Rideaux,Conducteur à réglage électrique | 6 directions | Sport,,,TPMS,,255 nm 1500 tr/min,Ouvrant | Panoramique,7 pouces,,,,5,330 L,,,,BSD,,,,,,Cuir/Tissu,,,,,,2 USB | Android Auto | Apple Carplay | Bluetooth | Mirrorlink,Métal brillant,,,,,,HHC,10 CV,Automatique,,,,Acier inoxydable,Conducteur,177 CH,,,Accès mains libres | Démarrage à distance,,,,,Confort | Sport | Eco,,,,En aluminium | 18'',,EBD | HBA,,,,Tactile | 10 pouces,,,,,Chrome,,Automatique,,,,Avant/Arrière,,,Essence,,1800 mm,,,Traction,,,,6.4 L/100 km,,,Électriques | Rabattables | Dégivrants | Avec clignotants intégrés,,,,SUV,Disponible,,,195 KM/H,6 haut-parleurs,,,En hauteur et en profondeur,,,,,,,,3,,Multi-fonctions | Sport | Avec palettes,,Feux de jour | Arrières,,7,,,,,HDC,LED,,ESC | TCS,Full LED,Radar de recul | Radar avant | Système de caméras 360 | Parkassist,,,Avant | Arrière,Pare-chocs | Poignées de portes,1477 CM³
https://www.automobile.tn/fr/neuf/peugeot/308/1.2-l-puretech-130-ch-eat8-allure,peugeot,308,1.2-l-puretech-130-ch-eat8-allure,99 900 ,,,Teintées | Lunette et vitres arrières sur-teintées,,,9.7 s,,1440 mm,,4370 mm,,À distance,,5,,5 ans,,,,,,Éléctrique,,,,,,,,,,Frontaux | Latéraux | Rideaux,,,,,,230 nm 1750 tr/min,,,,,,5,412 L,,,,,,,,,,Similicuir/Tissu,,,Électrique,,,USB-C | Bluetooth | Mirrorlink,,,Démarrage mains libres,TSR,,,Hill assist,7 CV,Automatique,,,,,Conducteur et passager,130 CH,,,,,,,,,,,,En aluminium | 16'',,,,,,Tactile | 10 pouces,,,,,Noir Brillant,,Automatique | Bizone,,,,Avant/Arrière,,,Essence,,1850 mm,,,Traction,,,,5.5 L/100 km,,,Électriques | Rabattables | Dégivrants | Avec clignotants intégrés,,,,Compacte,Disponible,,,210 KM/H,6 haut-parleurs | Commandes au volant,,,En hauteur et en profondeur,,,,,,,,3,,Croûte de cuir,,Feux de jour | Avant | Arrières,5.9 L/100 km,8,4.6 L/100 km,,,,,,,ESP,Eco LED,Radar de recul | Radar avant | Caméra de recul,Chromées,,Avant | Arrière,Pare-chocs | Poignées de portes | Rétroviseurs,1199 CM³
https://www.automobile.tn/fr/neuf/dfsk/glory-580/1.5-l-cvt-luxury,dfsk,glory-580,1.5-l-cvt-luxury,99 900 ,,Métallisée,,,,8.8 s,,1715 mm,,4680 mm,,À distance,,7,,7 ans ou 150.000 km,,,,,,Éléctrique,,,,,,,,,,Frontaux | Latéraux,Banquette arrière coulissante,,,,,220 nm 2000 tr/min,Ouvrant,,,,,5,,,,,,,,,,,Similicuir | Surpiqures,,,Électrique,,,USB | Android Auto | AUX | Bluetooth,,,Démarrage mains libres,,,,,8 CV,Automatique,,,Cuir,,Conducteur,145 CH,,,Accès mains libres,,,,,Sport | Eco,,,,En aluminium | 17'',,EBA | EBD,,,Porte-lunettes,Tactile | 9 pouces,,,,,Chrome,Chromée,Manuelle | Ventilation arrière,,,,Avant/Arrière,,,Essence,3,1845 mm,,,Traction,,,,8.2 L/100 km,,,Électriques | Rabattables | Dégivrants | Avec clignotants intégrés,,,,SUV,Disponible,,,180 KM/H,4 haut-parleurs | Commandes au volant,,,En hauteur,,,,,,,,4,,Cuir | Multi-fonctions,,Feux de jour,,,,,,,,,,ESP,,Radar de recul | Caméra de recul,,,Avant | Arrière,,1499 CM³
https://www.automobile.tn/fr/neuf/peugeot/boxer/2.2-l-hdi-l2h2-11.5m3,peugeot,boxer,2.2-l-hdi-l2h2-11.5m3,97 900 ,,,,,,N.C,,2522 mm,,5413 mm,,À distance,,3,,3 ans,,,,,,,,,,,,,,,,Frontal conducteur,,,,,,340 nm 1750 tr/min,,,,,,4 | 1 porte latérale coulissante | 2 portes arrières battantes tolées,,,,,,,,,,1390 KG,Tissu,,,,,,,,,,,,,,7 CV,Manuelle,,,,,Conducteur,140 CH,,,,,,,,,,,,16'',,AFU,,,,,,,,,,,Manuelle,,,,Avant,,,Diesel,,1870 mm,,,Traction,,,,N.C,,,Électriques,,2 prises 12 V,,Utilitaire,3 mois,,,N.C,,,,En hauteur et en profondeur,,,,,,,,4,11.5 m³,,,,N.C,6,N.C,,,,,,,ESP,,Radar de recul,,,Avant conducteur,,2179 CM³
https://www.automobile.tn/fr/neuf/peugeot/boxer/2.2-l-hdi-l3h2,peugeot,boxer,2.2-l-hdi-l3h2,99 900 ,,,,,,N.C,,2522 mm,,5998 mm,,À distance,,3,,3 ans,,,,,,,,,,,,,,,,Frontal conducteur,,,,,,340 nm 1750 tr/min,,,,,,4 | 1 porte latérale coulissante | 2 portes arrières battantes tolées,,,,,,,,,,1225 KG,Tissu,,,,,,,,,,,,,,7 CV,Manuelle,,,,,Conducteur,140 CH,,,,,,,,,,,,16'',,AFU,,,,,,,,,,,Manuelle,,,,Avant,,,Diesel,,1422 mm,,,Traction,,,,N.C,,,Électriques,,2 prises 12 V,,Utilitaire,3 mois,,,N.C,,,,En hauteur et en profondeur,,,,,,,,4,13 m³,,,,N.C,6,N.C,,,,,,,ESP,,Radar de recul,,,Avant conducteur,,2179 CM³
https://www.automobile.tn/fr/neuf/nissan/juke/1.0-l-dig-t-dct,nissan,juke,1.0-l-dig-t-dct,99 900 ,,,Lunette et vitres arrières sur-teintées,,,10.4 s,,1595 mm,,4210 mm,,À distance,,5,,2 ans,,,,,,Éléctrique,,,,,,,,,,Frontaux | Latéraux | Rideaux,Avec Appuie-tête intégrés | Monoform Style,,,,,200 nm 1750 tr/min,,,,,,5,422 L,,,,,,,,,,Cuir,,,Électrique,,,USB | Android Auto | Apple Carplay | AUX | Bluetooth | Commande vocale | Chargeur de téléphone sans fil,,,Démarrage mains libres,,,,Autohold,6 CV,Automatique,,,Cuir,,Conducteur,117 CH,,,,,,,,Normal | Sport | Eco,,,,En aluminium | 19'',Anti-éblouissement,EBD |  Freinage automatique anti-collision (AEB),,,Poches aumônières,Tactile | 8 pouces,,,,Cuir | TEP,,,Automatique,,,,Avant/Arrière,,,Essence,3,1800 mm,,,Traction,,,,5 L/100 km,,GPS,Électriques | Rabattables | Dégivrants | Noirs | Avec clignotants intégrés,,1 prise 12 V,,SUV,Disponible,,,180 KM/H,6 haut-parleurs | Haut-parleurs Bose | Commandes au volant,,,En hauteur et en profondeur,,,,,,,,3,,Cuir | Multi-fonctions | Avec palettes,,Feux de jour | Avant | Arrières,5.9 L/100 km,7,4.5 L/100 km,,,,,LED,,ESP,LED,Radar de recul | Radar avant | Système de caméras 360,,,Avant,Poignées de portes | Rétroviseurs,999 CM³
https://www.automobile.tn/fr/neuf/faw/bestune-t90/1.5-l-turbo-bva-premium,faw,bestune-t90,1.5-l-turbo-bva-premium,99 990 ,,Métallisée | Nacrée,,,,10.1 s,,1710 mm,,4718 mm,Triangle de présignalisation | Trousse de premiers secours,À distance,,5,HUD,5 ans ou 150000 km,,,,,,Éléctrique,,,,,,,,,,Frontaux | Latéraux | Rideaux,Électriques | 6 directions,,,TPMS,,258 nm 1500 tr/min,Ouvrant | Panoramique | En verre,9 pouces,,Adaptatif (ACC),,5,560 L,,,,,,,,Noir,,Similicuir,Niveau 2,,Électrique,,,2 USB | Bluetooth | Mirrorlink,Chromées,,Démarrage mains libres,TSR,"Noir brillant | Chromée | Inserts décoratifs ""CARBON""",,Autohold | HAC,8 CV,Automatique,,,,,Conducteur et passager,169 CH,FCW,LKA,Accès mains libres,,,,,Normal | Sport | Eco,,,,En aluminium | 18'',Anti-éblouissement,AFU | Active City Brake | EBA | BAS | EBD | VDR,,,Poches aumônières,Tactile | Vertical | 12.6 pouces,LDW,,,,Chrome,Chromée,Automatique | Bizone,,,Ouverture à distance,Avant/Arrière,,,Essence,3,1880 mm,1345 L,,Traction,,,,7 L/100 km,,,Électriques | Dégivrants | Avec clignotants intégrés,,1 prise 12 V,,SUV,Disponible,,,200 KM/H,8 haut-parleurs | Commandes au volant,,,En hauteur et en profondeur,,,,,,,,4,,Cuir | 3 branches | Multi-fonctions | Sport | à méplat,,Feux de jour | Avant | Arrières,9.3 L/100 km,7,5.7 L/100 km,Chromées,,,HDC,,,ESC | ESP | TCS,Full LED,Radar de recul | Système de caméras 360,,,Avant | Arrière,Pare-chocs | Rétroviseurs,1498 CM³
https://www.automobile.tn/fr/neuf/renault/megane-sedan/1.3-l-tce-140,renault,megane-sedan,1.3-l-tce-140,101 650 ,,,Teintées,,141 g/km,8.2 s,,1434 mm,,4630 mm,,À distance,,5,,2 ans ou 100.000 km,,,,,,Éléctrique,,,,,,,,LED | 5 Couleurs,,Frontaux | Latéraux,Réglage lombaire,,,,,260 nm 1750 tr/min,,,,,,4,503 L,,,,,,,,,,Tissu,,,,,,USB | Bluetooth | Commande vocale,,,Démarrage mains libres,,Aluminium brossé,,,8 CV,Manuelle,,,Cuir,,Conducteur,140 CH,,,,,,,,Normal | Confort | Sport | Eco,,,,En aluminium | 16'',,AFU,,,,Tactile,,,,,,,Automatique,,,,Avant/Arrière,,,Essence,3,1814 mm,,,Traction,,,,6.2 L/100 km,,GPS | Cartographie Tunisienne,Électriques | Dégivrants | Éclairage d'accueil à LED,,,,Berline,Disponible,,,205 KM/H,8 haut-parleurs | Commandes au volant,,,En hauteur et en profondeur,,,,,,,,4,,Cuir | 3 branches | Multi-fonctions,,Avant | Arrières,7.7 L/100 km,6,5.4 L/100 km,,,,,,,ESP,,Radar de recul | Radar avant,,,Avant,,1332 CM³
https://www.automobile.tn/fr/neuf/renault/megane-sedan/1.3-l-tce-140-bva,renault,megane-sedan,1.3-l-tce-140-bva,109 950 ,,,Teintées,,134 g/km,8.8 s,,1434 mm,,4630 mm,,À distance,,5,,2 ans ou 100.000 km,,,,,,Éléctrique,,,,,,,,LED | 5 Couleurs,,Frontaux | Latéraux,Réglage lombaire,,,,,240 nm 1750 tr/min,,,,,,4,503 L,,,,,,,,,,Tissu,,,,,,USB | Bluetooth | Commande vocale,,,Démarrage mains libres,,Aluminium brossé,,,8 CV,Automatique,,,Cuir,,Conducteur,140 CH,,,,,,,,Normal | Confort | Sport | Eco,,,,En aluminium | 16'',,AFU,,,,Tactile,,,,,,,Automatique,,,,Avant/Arrière,,,Essence,3,1814 mm,,,Traction,,,,6.2 L/100 km,,GPS | Cartographie Tunisienne,Électriques | Dégivrants | Éclairage d'accueil à LED,,,,Berline,Disponible,,,212 KM/H,8 haut-parleurs | Commandes au volant,,,En hauteur et en profondeur,,,,,,,,4,,Cuir | 3 branches | Multi-fonctions,,Avant | Arrières,6.4 L/100 km,7,5.4 L/100 km,,,,,,,ESP,,Radar de recul | Radar avant,,,Avant,,1332 CM³
https://www.automobile.tn/fr/neuf/citroen/berlingo-multispace/1.6-l-hdi,citroen,berlingo-multispace,1.6-l-hdi,101 900 ,,,,,,13.4 s,,1818 mm,,4410 mm,,À distance,,5,,3 ans,,,,,,Éléctrique,,,,,,,,,,Frontal conducteur,,,,,,215 nm 1750 tr/min,,,,,,5 | 2 portes latérales coulissantes,,,,,,,,,,,Tissu,,,Électrique,,,USB | Android Auto | Apple Carplay | Bluetooth | Commande vocale | 1 fente pour carte SD | Mirrorlink,,,,,,,,5 CV,Manuelle,,,,,,92 CH,,,,,,,,,,,,16'',,AFU,,,,Tactile | 10 pouces,,,,,,,Manuelle,,,Cache Bagages,Avant,,,Diesel,,1921 mm,,,Traction,,,,4.8 L/100 km,,,Électriques | Dégivrants,,,,Monospace,1 mois,,,160 KM/H,Radio numérique DAB,,,En hauteur et en profondeur,,,,,,,,4,,,,,5.1 L/100 km,5,4.3 L/100 km,,,,,,,ESP,,,,,,,1560 CM³
https://www.automobile.tn/fr/neuf/great-wall/jolion/1.5-t-fl,great-wall,jolion,1.5-t-fl,102 900 ,,Métallisée,Lunette et vitres arrières sur-teintées,,,11 s,,1574 mm,,4472 mm,,À distance,,5,,5 ans ou 150000 km,,,,,,Éléctrique,,,,,,,,,,Frontaux | Latéraux | Rideaux,Conducteur à réglage électrique | 6 directions | Chauffants,,,,,210 nm 2000 tr/min,Ouvrant | Panoramique,,,Adaptatif (ACC),,5,390 L,,,,,,,,,,Similicuir,,,Électrique,,,USB | Android Auto | Apple Carplay | Bluetooth | Chargeur de téléphone sans fil,,,Démarrage mains libres,,,,,9 CV,Automatique,,,,,Conducteur et passager,143 CH,,LKA,Accès mains libres,,,,,Normal | Sport | Eco | Winter,,,,En aluminium | 18'',Anti-éblouissement,EBA | EBD,,,Porte-lunettes,Tactile | 12.3 pouces,,,,,Chrome,,Automatique,,,Cache Bagages,Avant/Arrière,,,Essence,,1841 mm,,,Traction,,,,8.1 L/100 km,,,Électriques | Rabattables | Dégivrants,,1 prise 12 V,,SUV,Disponible,,,200 KM/H,6 haut-parleurs | Commandes au volant,,,En hauteur et en profondeur,,,,,,,,4,,Cuir | Multi-fonctions | Avec palettes,,Feux de jour | Avant | Arrières,,7,,,,,HDC,,,ESP | TCS,Full LED,Radar de recul | Radar avant | Système de caméras 360 | Parkassist,,,Avant | Arrière,,1479 CM³
https://www.automobile.tn/fr/neuf/dongfeng/rich-6/2.5-turbo-diesel-4x2-thunder,dongfeng,rich-6,2.5-turbo-diesel-4x2-thunder,93 900 ,,Métallisée,,,,N.C,,1810 mm,,5290 mm,,À distance,,5,,3 ans ou 100.000 km,,,,,,,,,,,,,,,,Frontaux,,,,,,305 nm 1800 tr/min,,,Électronique,,,4,,,,,,,,,,800 KG,Similicuir,,,,,,USB | AUX | Bluetooth,,,Démarrage mains libres,,,,,8 CV,Manuelle,,,,,Conducteur,140 CH,,,Accès mains libres,,,,Elargisseurs d'ailes | Pare-choc offroad,,,,,En aluminium | 16'',,EBD,,,Porte-lunettes,Tactile | 9 pouces,,,,,,Noire mat,Automatique,,,,Avant/Arrière,,,Diesel,,1850 mm,,,Propulsion,,,,7.3 L/100 km,,,Électriques | Rabattables | Avec clignotants intégrés,,1 prise 12 V,,Pick up,Disponible,,,150 KM/H,6 haut-parleurs | Commandes au volant,,,En hauteur,,,,,,,,4,,Multi-fonctions,,Feux de jour | Arrières,,5,,Chromées,,,,,,ESP,,Radar de recul | Caméra de recul,,,Avant,Pare-chocs | Rétroviseurs,2498 CM³
https://www.automobile.tn/fr/neuf/dongfeng/rich-6/2.5-turbo-diesel-4x4-thunder,dongfeng,rich-6,2.5-turbo-diesel-4x4-thunder,103 900 ,,Métallisée,,,,N.C,,1810 mm,,5290 mm,,À distance,,5,,3 ans ou 100.000 km,,,,,,,,,,,,,,,,Frontaux,,,,,,305 nm 1800 tr/min,,,Électronique,,,4,,,,,,,,,,800 KG,Similicuir,,,,,,USB | AUX | Bluetooth,,,Démarrage mains libres,,,,,8 CV,Manuelle,,,,,Conducteur,140 CH,,,Accès mains libres,,,,Elargisseurs d'ailes | Pare-choc offroad,,,,,En aluminium | 16'',,EBD,,,Porte-lunettes,Tactile | 9 pouces,,,,,,Noire mat,Automatique,,,,Avant/Arrière,,,Diesel,,1850 mm,,,Intégrale,,,,7.3 L/100 km,,,Électriques | Rabattables | Avec clignotants intégrés,,1 prise 12 V,,Pick up,Disponible,,,150 KM/H,6 haut-parleurs | Commandes au volant,,,En hauteur,,,,,,,,4,,Multi-fonctions,,Feux de jour | Arrières,,5,,Chromées,,,,,,ESP,,Radar de recul | Caméra de recul,,,Avant,Pare-chocs | Rétroviseurs,2498 CM³
https://www.automobile.tn/fr/neuf/peugeot/2008/1.2-l-puretech-130-bva-active-pack-2024,peugeot,2008,1.2-l-puretech-130-bva-active-pack-2024,93 900 ,,,Lunette et vitres arrières sur-teintées,,148 g/km,9.1 s,,1550 mm,,4304 mm,,À distance,,5,,3 ans,,,,,,,,,,,,,,,,Frontaux | Latéraux | Rideaux,,,,,,230 nm 1750 tr/min,,i-cockpit,,,,5,434 L,,,,,,,,,,Tissu,,,Électrique,,,USB | Bluetooth | Mirrorlink,,,,,,,Hill assist,7 CV,Automatique,,,,,Conducteur et passager,130 CH,,,,,,,,,,,,En aluminium | 16'',Anti-éblouissement,AFU,,,,Tactile | 10 pouces,,,,,,,Automatique,,,,Avant/Arrière,,,Essence,,1550 mm,,,Traction,,,,6.5 L/100 km,,,Électriques | Dégivrants,,,,SUV,Disponible,,,198 KM/H,6 haut-parleurs | Commandes au volant,,,En hauteur et en profondeur,,,,,,,,3,,Multi-fonctions,,Feux de jour,,6,,,,,,,,ESP,Signature LED | LED,Radar de recul,Chromées | Doubles,,,,1199 CM³
https://www.automobile.tn/fr/neuf/peugeot/2008/1.2-l-puretech-130-bva-allure-2024,peugeot,2008,1.2-l-puretech-130-bva-allure-2024,104 900 ,,,Lunette et vitres arrières sur-teintées,,148 g/km,9.1 s,,1550 mm,,4304 mm,,À distance,,5,,3 ans,,,,,,Éléctrique,,,,,,,,,,Frontaux,Confort,,,,,230 nm 1750 tr/min,,i-cockpit | 10 pouces,,,,5,434 L,,,,,,,,,,Similicuir/Tissu,,,Électrique,,,USB | Bluetooth | Mirrorlink,Noires,,Démarrage mains libres,,,,Hill assist,7 CV,Automatique,,,,,Conducteur et passager,130 CH,,,Accès mains libres,,,,,,,,,En aluminium | 17'' | Bi-ton,Anti-éblouissement,AFU,,,,Tactile | 10 pouces,,,,,,,Automatique,,,,Avant/Arrière,,,Essence,,1550 mm,,,Traction,,,,6.5 L/100 km,,,Électriques | Rabattables | Dégivrants | Éclairage d'accueil à LED,,,,SUV,2 mois,,,198 KM/H,6 haut-parleurs | Commandes au volant,,,En hauteur et en profondeur,,,,,,,,3,,Multi-fonctions,,Feux de jour,,6,,,,,,,,ESP,Signature LED | LED,Radar de recul | Radar avant | Caméra de recul,Chromées | Doubles,,Avant,,1199 CM³
https://www.automobile.tn/fr/neuf/suzuki/jimny/1.5-l-gl-4x4-bva,suzuki,jimny,1.5-l-gl-4x4-bva,104 900 ,,,,,,N.C,,1725 mm,,3645 mm,,À distance,,4,,3 ans,,,,,,,,,,,,,,,,Frontaux,,,,,,130 nm 4000 tr/min,,,,,,3,,,,,,,,,,,Tissu,,,,,,USB | Bluetooth,,,,,,,,6 CV,Automatique,,,,,,102 CH,,,,,,,,,,,,En aluminium | 15'',,,,,,,,,,,,,Manuelle,,,,Avant,,,Essence,,1645 mm,,,Intégrale,,,,6.8 L/100 km,,,Électriques,,1 prise 12 V,,SUV,Disponible,,,145 KM/H,4 haut-parleurs | Commandes au volant,,,En hauteur,,,,,,,,4,,3 branches,,,7.7 L/100 km,4,6.2 L/100 km,,,,,,,ESP,,,,,,,1462 CM³
https://www.automobile.tn/fr/neuf/fiat/doblo-combi/1.6-l-hdi,fiat,doblo-combi,1.6-l-hdi,104 900 ,,,,,,13.4 s,,1848 mm,,4403 mm,,À distance,,5,,3 ans,,,,,,Éléctrique,,,,,,,,,,Frontaux | Latéraux,Réglage lombaire,,,TPMS,,215 nm 1750 tr/min,,,,,,5 | 2 portes latérales coulissantes,775 L,,,,,,,,,,Tissu,,,,,,2 USB-C | Android Auto | Apple Carplay | Bluetooth,,,,,,,,5 CV,Manuelle,,,,,Conducteur,92 CH,,,,,,,,,,,,16'',,,,,,Tactile | 10 pouces,,,,,,,Manuelle,,,Cache Bagages,Avant,,,Diesel,,1800 mm,1414 L,,Traction,,,,5.3 L/100 km,,,Électriques,,1 prise 12 V,,Monospace,1 mois,,,160 KM/H,Radio numérique DAB,,,En hauteur et en profondeur,,,,,,,,4,,Multi-fonctions,,,6.0 L/100 km,5,5.0 L/100 km,,,,,,,ESP,,Radar de recul,,,,,1560 CM³
https://www.automobile.tn/fr/neuf/dfsk/glory-ix5/1.5-t-deluxe-cvt,dfsk,glory-ix5,1.5-t-deluxe-cvt,104 900 ,,Métallisée,,,,8.8 s,,1645 mm,,4685 mm,,À distance,,5,,7 ans ou 150.000 km,,,,,,Éléctrique,,,,,,,,,,Frontaux | Latéraux,Conducteur à réglage électrique | Banquette arrière coulissante,,,TPMS,,220 nm 1800 tr/min,Ouvrant | Panoramique,,,,,5,379 L,,,,,,,,,,Cuir | Surpiqures,,,Électrique,,,2 USB | Android Auto | AUX | Bluetooth,,,Démarrage mains libres,,,,HAC,9 CV,Automatique,,,Cuir,,Conducteur,140 CH,,,Accès mains libres,,,,,Normal | Eco | Neige,,,,En aluminium | 18'',,EBA | EBD | VDC,,,Porte-lunettes,Tactile | 10.25 pouces,,,,,Chrome,Chromée,Automatique,,,Ouverture et fermeture motorisées,Avant/Arrière,,,Essence,3,1865 mm,796 L,,Traction,,,,8.6 L/100 km,,,Électriques | Rabattables | Dégivrants | Avec clignotants intégrés,,1 prise 12 V,,SUV,Disponible,,,180 KM/H,6 haut-parleurs | Commandes au volant,,,En hauteur et en profondeur,,,,,,,,4,,Cuir | Multi-fonctions,,Feux de jour | Avant | Arrières,,,,,,,HDC,,,ESP | TCS,LED,Radar de recul | Radar avant | Caméra de recul,,,Avant | Arrière,,1498 CM³
https://www.automobile.tn/fr/neuf/hyundai/i30-fastback/1.0-t-bva-intuitive,hyundai,i30-fastback,1.0-t-bva-intuitive,94 950 ,,,Parebrise athermique | Lunette et vitres arrières sur-teintées,,,11.4 s,,1425 mm,,4455 mm,,À distance,,5,,5 ans ou 100000 km,,,,,,Éléctrique,,,,,,,,,,Frontaux | Latéraux | Rideaux,Conducteur à réglage électrique | Réglage lombaire,,,,,200 nm 1500 tr/min,,,,,Périmétrique,4,450 L,,,,,,,,,,Cuir,,,Électrique | Adaptative,,,USB | Android Auto | Apple Carplay | Bluetooth | Chargeur de téléphone sans fil,,,Démarrage mains libres,,,,,6 CV,Automatique,,,Cuir,,Conducteur et passager,118 CH,,,Accès mains libres,,,,,Normal | Confort | Sport,,,,En aluminium | 16'',Anti-éblouissement,DBC,,,Poches aumônières,Tactile | 10.25 pouces,,,,,,,Manuelle,,,,Avant/Arrière,,,Essence,,1795 mm,,,Traction,,,,5.4 L/100 km,,,Électriques,,,,Berline,Disponible,,,196 KM/H,Commandes au volant,,,En hauteur et en profondeur,,,,,,,,3,,Cuir | Multi-fonctions,,Avant,6.4 L/100 km,7,4.8 L/100 km,,,,,,,ESP,Full LED,Radar de recul | Radar avant | Caméra de recul,,,Arrière | Avant conducteur,,998 CM³
https://www.automobile.tn/fr/neuf/hyundai/i30-fastback/1.0-t-bva,hyundai,i30-fastback,1.0-t-bva,104 950 ,,,Parebrise athermique | Lunette et vitres arrières sur-teintées,,,11.4 s,,1425 mm,,4455 mm,,À distance,,5,,5 ans ou 100000 km,,,,,,Éléctrique,,,,,,,,,,Frontaux | Latéraux | Rideaux,Conducteur à réglage électrique | Réglage lombaire,,,,,200 nm 1500 tr/min,Ouvrant,7 pouces,,,Périmétrique,4,450 L,,,,,,,,,,Cuir,,,Électrique | Adaptative,,,USB | Android Auto | Apple Carplay | Bluetooth | Chargeur de téléphone sans fil,,,Démarrage mains libres,,,,,7 CV,Automatique,,,Cuir,,Conducteur et passager,120 CH,,,Accès mains libres,,,,,Normal | Confort | Sport,,,,En aluminium | 17'',Anti-éblouissement,DBC,,,Poches aumônières,Tactile | 10.25 pouces,,,,,,,Automatique,,,,Avant/Arrière,,,Essence,,1795 mm,,,Traction,,,,5.4 L/100 km,,,Électriques,,,,Berline,Disponible,,,196 KM/H,Commandes au volant,,,En hauteur et en profondeur,,,,,,,,3,,Cuir | Multi-fonctions,,Avant,6.4 L/100 km,7,4.8 L/100 km,,,,,,,ESP,Full LED,Radar de recul | Caméra de recul,,,Arrière | Avant conducteur,,998 CM³
https://www.automobile.tn/fr/neuf/mg/hs/1.5l-turbo-luxury,mg,hs,1.5l-turbo-luxury,104 950 ,,,,,,9.6 s,,1663 mm,,4655 mm,,À distance,,5,,5 ans ou 100000 km,,,,,,Éléctrique,,,,ARP,,,,,,Frontaux | Latéraux | Rideaux,Conducteur à réglage électrique,,,TPMS,,275 nm 1500 tr/min,Ouvrant | Panoramique,12.3 pouces,,,,5,507 L,,,,,,,,,,Cuir,,,,,,4 USB | Android Auto | Apple Carplay | Bluetooth,,,,,,,HHC,9 CV,Automatique,,,,,Conducteur,162 CH,,,,,,,,Normal | Sport | Eco,,,,En aluminium | 19'',,EBD | VDC | BDW | HAZ,,,,Tactile | 12.3 pouces,,,,,,,Automatique | Bizone,,,Ouverture et fermeture motorisées,Avant/Arrière,,,Essence,3,1890 mm,1484 L,,Traction,,,,7.8 L/100 km,,,Électriques | Avec clignotants intégrés,,1 prise 12 V,,SUV,15 jours,,,195 KM/H,6 haut-parleurs | Commandes au volant,,,En hauteur et en profondeur,,,,,,,,4,,Cuir | Multi-fonctions,,Feux de jour | Avant | Arrières,,7,,,,,HDC,,,TCS | CBC,LED,Radar de recul | Caméra de recul,,,Avant | Arrière,,1496 CM³
https://www.automobile.tn/fr/neuf/peugeot/rifter/1.6-l-hdi-92ch,peugeot,rifter,1.6-l-hdi-92ch,105 900 ,,,,,,15.9 s,,1818 mm,,4405 mm,,À distance,,5,,3 ans,,,,,,Éléctrique,,,,,,,,,,Frontal conducteur,,,,,,230 nm 1500 tr/min,,,,,,5 | 2 portes latérales coulissantes,775 L,,,,,,,,,,Tissu,,,,,,Android Auto | Apple Carplay | Bluetooth | Mirrorlink,,,,,,,,5 CV,Manuelle,,,,,,92 CH,,,,,,,,,,,,16'',,AFU,,,,Tactile | 10 pouces,,,,,,,Manuelle,,,,Avant,,,Diesel,,1848 mm,3000 L,,Traction,,,,5.8 L/100 km,,,Électriques,,,,Monospace,Disponible,,,182 KM/H,Commandes au volant,,,En hauteur et en profondeur,,,,,,,,4,,Multi-fonctions,,Feux de jour | Avant,7 L/100 km,5,5.1 L/100 km,,,,,,,ESP,LED,,,,Avant,,1560 CM³
https://www.automobile.tn/fr/neuf/peugeot/rifter/1.6-l-hdi-92ch,peugeot,rifter,1.6-l-hdi-92ch,105 900 ,,,,,,15.9 s,,1818 mm,,4405 mm,,À distance,,5,,3 ans,,,,,,Éléctrique,,,,,,,,,,Frontal conducteur,,,,,,230 nm 1500 tr/min,,,,,,5 | 2 portes latérales coulissantes,775 L,,,,,,,,,,Tissu,,,,,,Android Auto | Apple Carplay | Bluetooth | Mirrorlink,,,,,,,,5 CV,Manuelle,,,,,,92 CH,,,,,,,,,,,,16'',,AFU,,,,Tactile | 10 pouces,,,,,,,Manuelle,,,,Avant,,,Diesel,,1848 mm,3000 L,,Traction,,,,5.8 L/100 km,,,Électriques,,,,Monospace,Disponible,,,182 KM/H,Commandes au volant,,,En hauteur et en profondeur,,,,,,,,4,,Multi-fonctions,,Feux de jour | Avant,7 L/100 km,5,5.1 L/100 km,,,,,,,ESP,LED,,,,Avant,,1560 CM³
https://www.automobile.tn/fr/neuf/dacia/duster/1.5-l-dci-4x2,dacia,duster,1.5-l-dci-4x2,105 980 ,,,Lunette et vitres arrières sur-teintées,,,10.5 s,,1656 mm,,4343 mm,,À distance,,5,,2 ans ou 100.000 km,,,,,,,,,,,,,,,,Frontaux | Latéraux | Rideaux,,,,,,260 nm 1750 tr/min,,7 pouces,,,,5,594 L,,,,,,,,,,Tissu,,,,,,USB-C | Android Auto | Apple Carplay | Bluetooth,,,,,Chromée,,,6 CV,Manuelle,,,,,Conducteur,115 CH,,,,,,,,,,,,En aluminium | 17'',,,,,,Tactile | 10 pouces,,,,,,Avec signature lumineuse LED,Automatique,,,Cache Bagages,Avant/Arrière,,,Diesel,3,1813 mm,1696 L,,Traction,,,,4.7 L/100 km,,,Électriques,,1 prise 12 V,,SUV,Disponible,,,180 KM/H,Commandes au volant | Media Nav Evolution,,,En hauteur et en profondeur,,,,,,,,4,,Cuir | Multi-fonctions,,Feux de jour,,6,,,,,,,,ESC,,Radar de recul | Caméra de recul,,,Avant,Poignées de portes,1461 CM³
https://www.automobile.tn/fr/neuf/byd/king/1.5-l-dm-i,byd,king,1.5-l-dm-i,105 990 ,,Métallisée,,,,7.9 s,,1495 mm,,4765 mm,Triangle de présignalisation,À distance,,5,,6 ans ou 150.000 km | Batterie garantie 8 ans ou 200.000 km,1175 km,,,55 km,,Éléctrique,,,,,,,,,,Frontaux | Latéraux | Rideaux,Conducteur à réglage électrique | 6 directions | Avec Appuie-tête intégrés,,,TPMS,,130 nm 4500 tr/min,,8.8 pouces,,,,4,450 L,,,,,,106 CH,,,,Similicuir,,,,,,2 USB | 2 USB-C | Android Auto | Apple Carplay | Bluetooth | Commande vocale | Chargeur de téléphone sans fil,,,Démarrage mains libres,,,,HHC,5 CV,Automatique,,,,,Conducteur,187 CH,,,Accès mains libres | Démarrage à distance,,,,,Normal | Sport | Eco,,8.3 kWh,,En aluminium | 17'',,EBD | HBA | VDC,,,Poches aumônières | Porte-lunettes,Tactile | 12.8 pouces | Rotatif,,,,,Chrome,Chromée,Automatique | Bizone | Ventilation arrière,,,,Avant/Arrière,316 nm,,Essence | Hybride rechargeable,3,1837 mm,,,Traction,,,,3.9 L/100 km,,,Électriques | Rabattables | Éclairage d'accueil à LED,,1 prise 12 V,,Berline,Disponible,,,185 KM/H,6 haut-parleurs | Commandes au volant,,,En hauteur et en profondeur,,,81 CH,,,,,4,,Similicuir | 3 branches | Multi-fonctions,,Feux de jour | Avant | Arrières | Clignotants à défilement,,,,,,,,,,ESC | TCS,LED,Radar de recul | Radar avant | Système de caméras 360,,,Avant | Arrière,Pare-chocs | Poignées de portes | Rétroviseurs,1498 CM³
https://www.automobile.tn/fr/neuf/toyota/corolla/1.6-l-cvt-bva-active,toyota,corolla,1.6-l-cvt-bva-active,108 900 ,,,,,,9.7 s,,1435 mm,,4630 mm,,À distance,,5,,3 ans ou 100.000 km,,,,,,,,,,,,,,,,Frontaux | Latéraux,,,,,,157 nm 5200 tr/min,,,,,,4,,,,,,,,,,,Tissu,,Ecran TFT 7'',,,,USB | AUX | Bluetooth,,,,,Noir brillant,,HAC,7 CV,Automatique,,,Cuir,,Conducteur,124 CH,,,,,,,,Normal | Sport | Eco,,,,En aluminium | 16'',Anti-éblouissement,EBA | EBD,,,,Tactile | 8 pouces,,,,,,Noire,Automatique | Bizone,,,,Avant/Arrière,,,Essence,,1780 mm,,,Traction,,,,5.7 L/100 km,,,Électriques | Rabattables,,,,Berline,Disponible,,,200 KM/H,Commandes au volant | Toyota Touch,,,En hauteur et en profondeur,,,,,,,,4,,Cuir | Multi-fonctions,,Feux de jour | Arrières,N.C,6,N.C,,,,,LED,,VSC,Bi-LED,Radar de recul | Radar avant | Caméra de recul,,,Avant | Arrière,Poignées de portes,1598 CM³
https://www.automobile.tn/fr/neuf/seat/leon/1.4-tsi-style,seat,leon,1.4-tsi-style,108 980 ,,,Athermiques,,118 g/km,8.2 s,,1456 mm,,4368 mm,,À distance,,5,,3 ans,,,,,,Éléctrique,,,,,,,,,,Frontaux | Latéraux | Protège-tête,Réglage lombaire,,,,,250 nm 1400 tr/min,,,,,,5,380 L,,,,,,,,,,Tissu,,,Servotronic,,,USB-C | Apple Carplay | Bluetooth | Commande vocale,,,Démarrage mains libres,,,,,8 CV,Automatique,,,,,Conducteur et passager,150 CH,,,,,,,,,,,,En aluminium | 16'',Anti-éblouissement,EBD,,,,Tactile | 10.4 pouces,,,,,,,Automatique | 3 zones | Ventilation arrière,,,,Avant/Arrière,,,Essence,3,1799 mm,,,Traction,,,,5.5 L/100 km,,,Électriques | Dégivrants | Avec clignotants intégrés,,,,Compacte,Sur arrivage,,,215 KM/H,,,,En hauteur et en profondeur,,,,,,,,4,,Cuir | Multi-fonctions | Sport | Avec palettes,,Feux de jour | Avant | Arrières,7 L/100 km,8,4.6 L/100 km,,,,,,,ESC,LED,Radar de recul | Radar avant,,,Avant,,1395 CM³
https://www.automobile.tn/fr/neuf/seat/leon/1.4-tsi-emotion,seat,leon,1.4-tsi-emotion,121 980 ,,,Lunette et vitres arrières sur-teintées | Athermiques,,118 g/km,8.2 s,,1456 mm,,4368 mm,,À distance,,5,,3 ans,,,,,,Éléctrique,,,,,,,,,,Frontaux | Latéraux | Protège-tête,Réglage lombaire,,,,,250 nm 1400 tr/min,Ouvrant | Panoramique,,,,Anti-soulèvement,5,380 L,,,,,,,,,,Tissu,,,Servotronic,,,USB-C | Android Auto | Apple Carplay | Bluetooth | Commande vocale,,,Démarrage mains libres,,,,,8 CV,Automatique,,,,,Conducteur et passager,150 CH,,,Accès mains libres,,,,,,,,,En aluminium | 17'',Anti-éblouissement,EBD,,,,Tactile | 10.4 pouces,,,,,,,Automatique | 3 zones | Ventilation arrière,,,,Avant/Arrière,,,Essence,3,1799 mm,,,Traction,,,,5.5 L/100 km,,,Électriques | Rabattables | Dégivrants | Avec clignotants intégrés,,,,Compacte,Sur arrivage,,,215 KM/H,,,,En hauteur et en profondeur,,,,,,,,4,,Cuir | Multi-fonctions | Sport | Avec palettes,,Feux de jour | Avant | Arrières | Clignotants à défilement,7 L/100 km,8,4.6 L/100 km,,,,,,,ESC,Adaptatifs | Matrix LED,Radar de recul | Radar avant | Caméra de recul | Parkassist,,,Avant,,1395 CM³
https://www.automobile.tn/fr/neuf/seat/leon/1.4-tsi-fr-black-edition,seat,leon,1.4-tsi-fr-black-edition,129 980 ,,,Lunette et vitres arrières sur-teintées | Athermiques,,118 g/km,8.2 s,,1456 mm,,4368 mm,,À distance,,5,,3 ans,,,,,,Éléctrique,,,,,,,,LED,,Frontaux | Latéraux | Protège-tête,Conducteur à réglage électrique | Réglage lombaire | Fonction mémoire,,,,,250 nm 1400 tr/min,Ouvrant | Panoramique,,,,,5,380 L,,,,,,,,,,Tissu,,,Servotronic,,,USB-C | Android Auto | Apple Carplay | Bluetooth | Commande vocale,,,Démarrage mains libres,,,Noires,,8 CV,Automatique,,,,Eclairés,Conducteur et passager,150 CH,,,Accès mains libres,,,,FR,Normal | Confort | Sport | Eco,,,,En aluminium | 18'',Anti-éblouissement,EBD,,,,Tactile | 12.9 pouces,,,,,,,Automatique | 3 zones | Ventilation arrière,,,,Avant/Arrière,,,Essence,3,1799 mm,,,Traction,,,,5.5 L/100 km,,GPS,Électriques | Rabattables | Dégivrants | Mémoire de position | Noirs | Avec clignotants intégrés,,,,Compacte,Sur arrivage,,,215 KM/H,6 haut-parleurs,,,En hauteur et en profondeur,,,,,,,,4,,Cuir | Multi-fonctions | Sport | Avec palettes,,Feux de jour | Avant | Arrières | Clignotants à défilement,7 L/100 km,8,4.6 L/100 km,,,,,,,ESC,Adaptatifs | Matrix LED,Radar de recul | Radar avant | Caméra de recul | Parkassist,,,Avant,,1395 CM³
https://www.automobile.tn/fr/neuf/geely/geometry/70-kwh,geely,geometry,70-kwh,109 000 ,8 heures,,,,,7.7 s,IHC,1560 mm,RCTA,4432 mm,,À distance,,5,,5 ans ou 150000 km,,,,460 km,,Éléctrique,,,,RMI,16.5 kWh/100 km,,,,,Frontaux | Latéraux | Rideaux,Électriques | 6 directions | Réglage lombaire | Fonction mémoire,,,TPMS,,310 nm 0 tr/min,Panoramique,5 pouces,,Adaptatif (ACC),,5,259 L,,,,BSD,,,,,,Cuir artificiel,,,,,,2 USB-C | Bluetooth | Chargeur de téléphone sans fil | Mirrorlink,,,Démarrage mains libres,TSI,,,Autohold | HHC,4 CV,Automatique,,,,Acier inoxydable,Conducteur,204 CH,,LKA,Accès mains libres,,,,,Sport | Eco | Eco +,,70 kWh,,En aluminium | 18'',,EBA | EBD | HBA | Système anti-collision avec détection des piétons |  Freinage automatique anti-collision (AEB) | VDC,,,,Tactile | 12.3 pouces,LDW,,,,,Avec signature lumineuse LED,Automatique | Bizone,,,Ouverture et fermeture motorisées,Avant/Arrière,,,Electrique,,1833 mm,,,Traction,,,,,,,Électriques | Rabattables | Dégivrants | Avec clignotants intégrés,,1 prise 12 V,,SUV,Disponible,,,150 KM/H,Haut-parleurs Bose,,,En hauteur et en profondeur,,45 minutes,,,,,,,,Cuir | Multi-fonctions | Sport,,Feux de jour | Avant | Arrières,,,,Escamotables | Ouverture à l'approche,,,HDC,,,ESC | TCS,Full LED,Radar de recul | Radar avant | Système de caméras 360,,,Avant | Arrière,Pare-chocs | Poignées de portes,
https://www.automobile.tn/fr/neuf/jetour/dashing/1.5-turbo-bva,jetour,dashing,1.5-turbo-bva,109 500 ,,Métallisée,,,,8.5 s,,1685 mm,,4590 mm,,À distance,,5,,5 ans ou 100000 km,,,,,,Éléctrique,,,,,,,,,,Frontaux | Latéraux,Électriques | Chauffants | Ventilés,,,TPMS,,230 nm 1750 tr/min,Ouvrant | Panoramique,,,,,5,490 L,,,,,,,,,,Cuir,,,,,,USB | USB-C | Bluetooth | Commande vocale | Wifi | Chargeur de téléphone sans fil | Mirrorlink,Chromées,,Démarrage mains libres,,,,Autohold | HHC,8 CV,Automatique,,,,,,156 CH,,,Démarrage à distance | Accès mains libres,,,,,Sport | Eco,,,,En aluminium | 19'',,BAS | EBA | EBD | BDW,,,,Tactile | 12.8 pouces,,,,,Chrome,,Automatique | Ventilation arrière,,,Ouverture et fermeture motorisées,Avant/Arrière,,,Essence,,1900 mm,,,Traction,,,,7.8 L/100 km,,,Électriques | Rabattables | Avec clignotants intégrés,,,,SUV,Disponible,,,190 KM/H,Commandes au volant,,,En hauteur et en profondeur,,,,,,,,4,,Cuir | Multi-fonctions,,Feux de jour | Avant | Arrières,,6,,,,,HDC,,,ESP | TCS,Full LED,Système de caméras 360,,,Avant | Réfrigéré | Arrière,,1498 CM³
https://www.automobile.tn/fr/neuf/opel/grandland/1.6-l-turbo-bva-gs-line,opel,grandland,1.6-l-turbo-bva-gs-line,109 900 ,,Bi-ton,Lunette et vitres arrières sur-teintées,,,9.5 s,,1630 mm,,4477 mm,,À distance,,5,,3 ans ou 100.000 km,,,,,,Éléctrique,,,,,,,,LED,,Frontaux | Latéraux | Rideaux,Conducteur à réglage électrique | 6 directions | Réglage lombaire,,,,,240 nm 1400 tr/min,,,,,,5,514 L,,,,,,,,,,Tissu,,,,,,Android Auto | Apple Carplay | Bluetooth,,,,,,,,9 CV,Automatique,,,,,,165 CH,,,,,,,,,,,,18'',,,,,,Tactile | 7 pouces,,,,,,,Automatique,,,,Avant/Arrière,,,Essence,3,1906 mm,1652 L,,Traction,,,,7 L/100 km,,,Électriques,,,,SUV,Disponible,,,200 KM/H,Commandes au volant,,,En hauteur et en profondeur,,,,,,,,4,,Cuir | Multi-fonctions | à méplat,,Feux de jour | Avant,9.8 L/100 km,6,5.3 L/100 km,,,,,,,ESC,LED,Radar de recul | Radar avant | Caméra de recul | Parkassist,,,,,1598 CM³
https://www.automobile.tn/fr/neuf/peugeot/boxer-plateau-double-cabine/350-l2-plateau-double-cabine,peugeot,boxer-plateau-double-cabine,350-l2-plateau-double-cabine,109 900 ,,,Teintées,,,N.C,,N.C,,N.C,,À distance,,7,,3 ans,,,,,,,,,,,,,,,,Frontal conducteur,,,,,,340 nm 1750 tr/min,,,,,,4 | 1 porte latérale coulissante | 2 portes arrières battantes vitrées,,,,,,,,,,N.C,Tissu,,,,,,,,,,,,,,7 CV,Manuelle,,,,,,140 CH,,,,,,,,,,,,,,AFU,,,,,,,,,,,Manuelle,,,,Avant,,,Diesel,3,N.C,,,Traction,,,,N.C,,,,,,,Utilitaire,3 mois,,,N.C,,,,En hauteur,,,,,,,,4,,,,,N.C,5,N.C,,,,,,,,,Radar de recul,,,,,2179 CM³
https://www.automobile.tn/fr/neuf/mg/7/1.5-l-turbo-bva-luxury,mg,7,1.5-l-turbo-bva-luxury,109 950 ,,,,,,9.8 s,,1447 mm,,4884 mm,,À distance,,5,,3 ans ou 100.000 km,,,,,,Éléctrique | EPB,,,,,,,,,,Frontaux | Latéraux | Rideaux,Conducteur à réglage électrique,,,,,300 nm 4000 tr/min,,12.3 pouces,,,,4,406 L,,,,,,,,,,Cuir,,,,,,Android Auto | 4 USB-C | Apple Carplay | Bluetooth,,,Démarrage mains libres,,,,Autohold,9 CV,Automatique,,,,,Conducteur,188 CH,,,Accès mains libres,,,,,Normal | Sport | Eco | Supersport,,,,En aluminium | 18'',Anti-éblouissement,EBA | EBD,,,,Tactile | 10.25 pouces,,,,,,,Automatique | Bizone,,,,Avant/Arrière,,,Essence,,1889 mm,,,Traction,,,,7.1 L/100 km,,,Électriques,,,,Berline,Sur arrivage,,,210 KM/H,,,,En hauteur et en profondeur,,,,,,,,4,,Cuir | Multi-fonctions | Avec palettes,,Feux de jour | Avant,,7,,,,,,,,ESP | CBC,LED,Radar de recul | Radar avant | Caméra de recul,,,Avant,,1498 CM³
https://www.automobile.tn/fr/neuf/mg/7/2.0-l-turbo-bva-trophy-plus,mg,7,2.0-l-turbo-bva-trophy-plus,139 950 ,,,,,,6.5 s,,1447 mm,,4884 mm,,À distance,,5,,3 ans ou 100.000 km,,,,,,Éléctrique | EPB,,,,,,,,,,Frontaux | Latéraux | Rideaux,Électriques,,,,,405 nm 3500 tr/min,,12.3 pouces,,Adaptatif (ACC),,4,406 L,,,,,,,,,,Cuir,Niveau 2,,,,,4 USB-C | Android Auto | Apple Carplay | Bluetooth | Chargeur de téléphone sans fil,,,Démarrage mains libres,TSR,,,Autohold,13 CV,Automatique,,,,,Conducteur,261 CH,FCW,,Accès mains libres,,,,,Normal | Sport | Eco | Supersport,,,,En aluminium | 19'',Anti-éblouissement,EBA | EBD,,,,Tactile | 10.25 pouces,,,,,,,Automatique | Bizone,,,Ouverture et fermeture motorisées,Avant/Arrière,,,Essence,,1889 mm,,,Traction,,,,8.2 L/100 km,,,Électriques | Rabattables,,,,Berline,Sur arrivage,,,230 KM/H,9 haut-parleurs | Haut-parleurs Bose,,,,,,,,,,,4,,Cuir | Multi-fonctions | Avec palettes,,Feux de jour | Avant,,9,,,,,,,,ESP | CBC,LED,Radar de recul | Radar avant | Système de caméras 360,,,Avant | Arrière,,1990 CM³
https://www.automobile.tn/fr/neuf/great-wall/poer/2.0-l-diesel-4x4,great-wall,poer,2.0-l-diesel-4x4,112 900 ,,,Lunette et vitres arrières sur-teintées,,,N.C,,1882 mm,,5362 mm,,À distance,,5,,3 ans ou 100.000 km,,,,,,,,,,,,,,,,Frontaux | Latéraux,Conducteur à réglage électrique,,,,,400 nm 1500 tr/min,,,,,,5,,,,,,,,,,,Similicuir,,,,,,2 USB | Android Auto | Apple Carplay | Bluetooth,,,Démarrage mains libres,,,,,11 CV,Manuelle,,,,,,163 CH,,,Accès mains libres | Démarrage à distance,,,,,,,,,En aluminium | 17'',Anti-éblouissement,EBA | EBD,,,,Tactile | 9 pouces,,,,Similicuir,,,Automatique,,,,Avant/Arrière,,,Diesel,,1883 mm,,,Intégrale,,,,10.4 L/100 km,,,Électriques | Rabattables | Avec clignotants intégrés,,,,Pick up,Disponible,,,N.C,6 haut-parleurs,,,En hauteur,,,,,,,,4,,Multi-fonctions,,Feux de jour,11.5 L/100 km,6,8.9 L/100 km,,,,,,,ESP,,Radar de recul | Caméra de recul,,,Avant,Pare-chocs | Poignées de portes | Rétroviseurs,1996 CM³
https://www.automobile.tn/fr/neuf/faw/bestune-t77/1.5-l-160-ch,faw,bestune-t77,1.5-l-160-ch,113 777 ,,Métallisée | Nacrée,Lunette et vitres arrières sur-teintées,,,10.5 s,,1615 mm,,4525 mm,Triangle de présignalisation,À distance,,5,,5 ans ou 150000 km,,,,,,Éléctrique,,,,,,,,,,Frontaux | Latéraux,Conducteur à réglage électrique | 6 directions | Chauffants | Avec Appuie-tête intégrés | Baquets,,,TPMS,,258 nm 1500 tr/min,Ouvrant | Panoramique | En verre,i-cockpit | 8 pouces,,,,5,342 L,,,,,,,,Noir,,Cuir perforé,,,Électrique,,,2 USB | Android Auto | Apple Carplay | Bluetooth,Chromées,,Démarrage mains libres,,Noir brillant | Chromée | Effet bois,,Autohold,9 CV,Automatique,,,Cuir,,Conducteur,160 CH,,,Accès mains libres,,,,,Normal | Sport | Eco,,,,En aluminium | 18'',Anti-éblouissement  | Sans Cadre,EBA | EBD | VDR,,,Poches aumônières | Porte-lunettes,Tactile | 12.3 pouces,,,,,Chrome,Chromée,Automatique | Bizone,,,Ouverture mains libres | Ouverture à distance,Avant/Arrière,,,Essence,3,1845 mm,1350 L,,Traction,,,,7.1 L/100 km,,,Électriques | Rabattables | Dégivrants | Avec clignotants intégrés,,1 prise 12 V,,SUV,Disponible,,,192 KM/H,6 haut-parleurs | Commandes au volant,,,En hauteur et en profondeur,,,,,,,,4,,Cuir | 3 branches | Multi-fonctions | Sport | à méplat,,Feux de jour | Avant | Arrières,,7,,Chromées,,,HDC,,,ESC | ESP | TCS,Full LED,Radar de recul | Caméra de recul,,,Avant,Pare-chocs | Rétroviseurs,1498 CM³
https://www.automobile.tn/fr/neuf/faw/bestune-t77/1.5-l-bva-premium,faw,bestune-t77,1.5-l-bva-premium,118 777 ,,Métallisée | Nacrée,Lunette et vitres arrières sur-teintées,,,10.5 s,,1615 mm,,4525 mm,Triangle de présignalisation,À distance,,5,,5 ans ou 150000 km,,,,,,Éléctrique,,,,,,,,LED,,Frontaux | Latéraux | Rideaux,Conducteur à réglage électrique | 6 directions | Chauffants | Avec Appuie-tête intégrés | Baquets,,,TPMS,,258 nm 1500 tr/min,Ouvrant | Panoramique | En verre,i-cockpit | 12.3 pouces,,Adaptatif (ACC),,5,342 L,,,,,,,,Noir,,Cuir perforé | Surpiqures,,,Électrique,,,2 USB | Android Auto | Apple Carplay | Bluetooth,Chromées,,Démarrage mains libres,TSR,Noir brillant | Chromée | Effet bois,,Autohold,9 CV,Automatique,,,Cuir,,Conducteur,160 CH,FCW,,Accès mains libres,,,,,Normal | Sport | Eco,,,,En aluminium | 19'',Anti-éblouissement  | Sans Cadre,AFU | Active City Brake | EBA | BAS | EBD | Système anti-collision avec détection des piétons |  Freinage automatique anti-collision (AEB),,,Poches aumônières | Porte-lunettes,Tactile | 12.3 pouces,,,,,Chrome,Chromée,Automatique | Bizone,,,Ouverture mains libres | Ouverture à distance,Avant/Arrière,,,Essence,3,1845 mm,1350 L,,Traction,,,,7.1 L/100 km,,,Électriques | Rabattables | Dégivrants | Avec clignotants intégrés,,1 prise 12 V,,SUV,Disponible,,,192 KM/H,6 haut-parleurs | Commandes au volant,,,En hauteur,,,,,,,,4,,Cuir | 3 branches | Multi-fonctions | Sport | à méplat,,Feux de jour | Avant | Arrières,9.3 L/100 km,7,5.7 L/100 km,Chromées,,,HDC,,,ESC | ESP | TCS,Full LED,Radar de recul | Système de caméras 360,,,Avant,Pare-chocs | Rétroviseurs,1498 CM³
https://www.automobile.tn/fr/neuf/geely/azkara/1.5-l-turbo-hybrid,geely,azkara,1.5-l-turbo-hybrid,113 800 ,,,,,,9.9 s,,1713 mm,,4544 mm,,À distance,,5,,5 ans ou 150000 km,,,,,,Éléctrique,,,,RMI,,,,,,Frontaux | Latéraux | Rideaux,Conducteur à réglage électrique | 6 directions,,,TPMS,,300 nm 1500 tr/min,Ouvrant | Panoramique,7 pouces,,,,5,378 L,,,,,,,,,,Cuir | Nappa,,,,,,Android Auto | 4 USB | Apple Carplay | Bluetooth | Chargeur de téléphone sans fil | Mirrorlink,Chromées,,Démarrage mains libres,,,,HHC,9 CV,Automatique,,,,Acier inoxydable,Conducteur,149 CH,,,Accès mains libres,,,,,Confort | Sport | Eco | Offroad,,,,En aluminium | 18'',Anti-éblouissement,AFU | EBD | HBA | VDC,,,,Tactile | 12.3 pouces,,,,Similicuir,Chrome,Chromée,Automatique | Bizone,,,Ouverture et fermeture motorisées,Avant/Arrière,,,Essence | Hybride léger,,1831 mm,,,Intégrale,,,,5.8 L/100 km,,,Électriques | Rabattables | Dégivrants | Avec clignotants intégrés,,1 prise 12 V,,SUV,Disponible,,,200 KM/H,4 haut-parleurs,,,En hauteur et en profondeur,,,13 CH,,,,,3,,Cuir | Multi-fonctions | Sport,,Avant | Arrières,,7,,Chromées,,,HDC,,,ESC | TCS,Full LED,Radar de recul | Radar avant | Système de caméras 360,,,Avant | Arrière,,1477 CM³
https://www.automobile.tn/fr/neuf/mg/hs-hybridplus/1.5l-turbo,mg,hs-hybridplus,1.5l-turbo,114 950 ,,,,,126 g/km,7.9 s,,1663 mm,,4670 mm,,À distance,,5,,5 ans ou 100000 km,,,,,,Éléctrique,,,,ARP,,,,,,Frontaux | Latéraux | Rideaux,Électriques | Chauffants | Réglage lombaire | Fonction mémoire,,,TPMS,,230 nm 1500 tr/min,Ouvrant | Panoramique,12.3 pouces,,Adaptatif (ACC),,5,441 L,,,,,,143 CH,,,,Cuir,,,,,,Android Auto | 4 USB | Apple Carplay | Bluetooth | Chargeur de téléphone sans fil,,,,,,,HHC,7 CV,Automatique,,,,,Conducteur,224 CH,,,,,,,,Normal | Sport | Eco | EV Mode,,1.83 kWh,,En aluminium | 19'',,EBD |  Freinage automatique anti-collision (AEB) | VDC | BDW | HAZ,,,,Tactile | 12.3 pouces,,,,,,,Automatique | Bizone | Ventilation arrière,,,Ouverture et fermeture motorisées | Ouverture mains libres,Avant/Arrière,340 nm,,Essence | Hybride,3,1890 mm,1291 L,,Traction,,,,5.5 L/100 km,,,Électriques | Rabattables | Avec clignotants intégrés,,1 prise 12 V,,SUV,Sur arrivage,,,190 KM/H,8 haut-parleurs | Commandes au volant | Radio numérique DAB,,,En hauteur et en profondeur,,,198 CH,,,,,4,,Cuir | Multi-fonctions,,Feux de jour | Avant | Arrières,,2,,,,,HDC,,,TCS | CBC,LED,Radar de recul | Radar avant | Système de caméras 360,,,Avant | Arrière,,1496 CM³
https://www.automobile.tn/fr/neuf/volkswagen/golf-8/1.4-l-tsi-drive,volkswagen,golf-8,1.4-l-tsi-drive,117 980 ,,,Parebrise athermique | Lunette et vitres arrières sur-teintées,,118 g/km,8.2 s,,1491 mm,,4396 mm,,À distance,,5,,3 ans,,,,,,Éléctrique,,,,,,,,,,Frontaux | Latéraux | Rideaux,,,,,,250 nm 1400 tr/min,,Digital Cockpit,,,,5,381 L,,,,,,,,,,Tissu,,,,,,USB-C | Android Auto | Apple Carplay | Bluetooth | Chargeur de téléphone sans fil | Mirrorlink,,,Démarrage mains libres,,,,,8 CV,Automatique,,,,,Conducteur,150 CH,,,,,,,,Normal | Sport | Eco,,,,En aluminium | 16'',Anti-éblouissement,,,,,Tactile | 8 pouces,,,,,,,Automatique,,,,Avant/Arrière,,,Essence,3,1789 mm,,,Traction,,,,5 L/100 km,,,Électriques | Dégivrants | Avec clignotants intégrés,,,,Compacte,Disponible,,,215 KM/H,4 haut-parleurs,,,En hauteur et en profondeur,,,,,,,,4,,Cuir | Multi-fonctions | Avec palettes,,Feux de jour | Arrières,5.9 L/100 km,8,4.5 L/100 km,,,,,,,ESP,LED,Caméra de recul,,,Avant,,1395 CM³
https://www.automobile.tn/fr/neuf/volkswagen/golf-8/1.4-l-tsi-life,volkswagen,golf-8,1.4-l-tsi-life,131 980 ,,,Parebrise athermique | Lunette et vitres arrières sur-teintées,,118 g/km,8.2 s,,1491 mm,,4396 mm,,À distance,,5,,3 ans,,,,,,Éléctrique,,,,,,,,10 couleurs,,Frontaux | Latéraux | Rideaux,Réglage lombaire | Confort,,,,,250 nm 1400 tr/min,Ouvrant | Panoramique,Digital Cockpit,,,,5,381 L,,,,,,,,,,Tissu,,,,,,USB-C | Android Auto | Apple Carplay | Bluetooth | Chargeur de téléphone sans fil | Mirrorlink,,,Démarrage mains libres,,Chromée,,,8 CV,Automatique,,,,,Conducteur et passager,150 CH,,,Accès mains libres,,,,,Normal | Sport | Eco,,,,En aluminium | 17'',Anti-éblouissement,,,,,Tactile | 8 pouces,,,,,,,Automatique,,,,Avant/Arrière,,,Essence,3,1789 mm,,,Traction,,,,5 L/100 km,,,Électriques | Rabattables | Dégivrants | Avec clignotants intégrés | Éclairage d'accueil à LED,,1 prise 12 V,,Compacte,Disponible,,,215 KM/H,4 haut-parleurs,,,En hauteur et en profondeur,,,,,,,,4,,Cuir | Multi-fonctions | Avec palettes,,Feux de jour | Arrières,5.9 L/100 km,8,4.5 L/100 km,,,,,,,ESP,LED,Caméra de recul,,,Avant | Arrière,,1395 CM³
https://www.automobile.tn/fr/neuf/volkswagen/golf-8/1.4-l-tsi-r-line,volkswagen,golf-8,1.4-l-tsi-r-line,154 980 ,,,Parebrise athermique | Lunette et vitres arrières sur-teintées,,118 g/km,8.2 s,,1491 mm,,4396 mm,,À distance,,5,,3 ans,,,,,,Éléctrique,,,,,,,,30 Couleurs,,Frontaux | Latéraux | Rideaux,Réglage lombaire | Avec Appuie-tête intégrés | Sport,,,,,250 nm 1400 tr/min,Ouvrant | Panoramique,Digital Cockpit Pro,,,Volumétrique,5,381 L,,,Acier inoxydable brossé,,,,,,,Tissu,,,Progressive,,,USB-C | Android Auto | Apple Carplay | Bluetooth | Chargeur de téléphone sans fil | Mirrorlink,,,Démarrage mains libres,,Chromée,,,8 CV,Automatique,,,,,Conducteur et passager,150 CH,,,Accès mains libres,,,,R-line,Normal | Sport | Eco,,,,En aluminium | 18'',Anti-éblouissement,,Amortissement piloté,,,Tactile | 8 pouces,,,,,,,Automatique | 3 zones,,,,Avant/Arrière,,,Essence,3,1789 mm,,,Traction,,,,5 L/100 km,,,Électriques | Rabattables | Dégivrants | Avec clignotants intégrés | Éclairage d'accueil à LED,,1 prise 12 V,,Compacte,Disponible,,,215 KM/H,4 haut-parleurs,,,En hauteur et en profondeur,,,,,,,,4,,Cuir | Multi-fonctions | Sport | Avec palettes,,Feux de jour | Arrières | Clignotants à défilement,5.9 L/100 km,8,4.5 L/100 km,,,,,,,ESP,Full LED,Radar de recul | Radar avant | Caméra de recul,,,Avant | Arrière,,1395 CM³
https://www.automobile.tn/fr/neuf/dongfeng/t5-evo/1.5-l-turbo,dongfeng,t5-evo,1.5-l-turbo,118 900 ,,Métallisée,Lunette et vitres arrières sur-teintées,,,9.5 s,,1690 mm,,4565 mm,,À distance,,5,,5 ans ou 100000 km,,,,,,Éléctrique,,,,,,,,,,Frontaux | Latéraux | Rideaux,Électriques | 8 directions | Chauffants | Réglage lombaire,,,,,260 nm 1500 tr/min,Ouvrant | Panoramique | En verre,10.25 pouces,,Adaptatif (ACC),,5,480 L,,,,,,,,,,Similicuir perforé,,,EPS,,,3 USB | Android Auto | Bluetooth | Commande vocale,Noires,,Démarrage mains libres,,Noir brillant | Chromée,,HAC,9 CV,Automatique,,,Cuir,,Conducteur,176 CH,,,Accès mains libres,,,,,Normal | Sport | Eco,,,,En aluminium | 19'',Anti-éblouissement,EBA | EBD | VDC,,,Porte-lunettes,Tactile | 10.25 pouces,,,,,Chrome,Noire,Automatique | Bizone,,,Ouverture et fermeture motorisées | Ouverture mains libres | Cache Bagages | Ouverture à distance,Avant/Arrière,,,Essence,3,1860 mm,1480 L,,Traction,,,,6.9 L/100 km,,,Électriques | Rabattables | Dégivrants | Avec clignotants intégrés,,1 prise 12 V,,SUV,Disponible,,,240 KM/H,6 haut-parleurs | Commandes au volant,,,En hauteur et en profondeur,,,,,,,,4,,Cuir | Multi-fonctions | Sport | à méplat | Avec palettes,,Feux de jour | Avant | Arrières,,7,,,,,HDC,,,ESP | TCS,Full LED,Radar de recul | Radar avant | Système de caméras 360,,,Avant | Arrière,Pare-chocs | Poignées de portes | Rétroviseurs,1500 CM³
https://www.automobile.tn/fr/neuf/gac-motor/emkoo/1.5t-gdi-bva,gac-motor,emkoo,1.5t-gdi-bva,118 900 ,,Métallisée,,,,N.C,,1670 mm,,4680 mm,,À distance,,5,,5 ans ou 150000 km,,,,,,Éléctrique,,,,,,,,,,Frontaux | Latéraux | Rideaux,Électriques | 6 directions | Ventilés | Sport,,,,,250 nm 1400 tr/min,Panoramique,,,Adaptatif (ACC),Périmétrique,5,420 L,,,,,,,,,,Similicuir,Niveau 2,,Électrique,,,2 USB | USB-C | Android Auto | Apple Carplay | Bluetooth | Commande vocale,,,Démarrage mains libres,TSR,,,HHC,9 CV,Automatique,,,,,Conducteur,170 CH,FCW,LKA,Accès mains libres | Démarrage à distance,,Avant | Arrière,,,Normal | Sport | Eco,,,,En aluminium | 19'',,HBA | Système anti-collision avec détection des piétons |  Freinage automatique anti-collision (AEB),,,,Tactile | 10.1 pouces,LDW,,,,,,Automatique,,,Ouverture et fermeture motorisées,Avant/Arrière,,,Essence,3,1901 mm,,,Traction,,,,6.6 L/100 km,,,Électriques | Rabattables,,1 prise 12 V,,SUV,Disponible,,,N.C,6 haut-parleurs,,,En hauteur et en profondeur,,,,,,,,4,,Cuir | Multi-fonctions,,Feux de jour | Avant | Arrières,,7,,Escamotables | Ouverture à l'approche,,,HDC,,,ESP,Full LED | Adaptatifs,Radar de recul | Radar avant | Système de caméras 360,,,Avant,Pare-chocs | Poignées de portes | Rétroviseurs,1497 CM³
https://www.automobile.tn/fr/neuf/hyundai/creta/1.5-l-bva,hyundai,creta,1.5-l-bva,118 950 ,,,,,,11.5 s,,1630 mm,,4315 mm,,À distance,,5,,5 ans ou 100000 km,,,,,,Éléctrique,,,,,,,,,,Frontaux | Latéraux | Rideaux,Ventilés,,,,,144 nm 4500 tr/min,Ouvrant | Panoramique,10.25 pouces,,Smart Cruise,,5,402 L,,,,RCCA,,,,,,Cuir,,,Électrique,,,USB | Android Auto | Apple Carplay | AUX | Bluetooth | Commande vocale | Chargeur de téléphone sans fil,,,Démarrage mains libres,,,,HAC,6 CV,Automatique,,,Cuir,,,113 CH,,LKA | LFA,Accès mains libres,,,,,Confort | Sport | Eco,,,,En aluminium | 17'',Anti-éblouissement,Freinage automatique anti-collision (AEB),,,,Tactile | 8 pouces,,,,Cuir,,,Automatique | Bizone | Ventilation arrière,,,,Avant/Arrière,,,Essence,,1790 mm,,,Traction,,,,6.1 L/100 km,,,Électriques | Rabattables | Avec clignotants intégrés,,2 prises 12 V,,SUV,Sur arrivage,,,195 KM/H,Haut-parleurs Bose | Commandes au volant,,,En hauteur et en profondeur,,,,,,,,4,,Cuir | Multi-fonctions | Avec palettes,,Feux de jour | Avant | Arrières,7.8 L/100 km,6,5.1 L/100 km,Aluminium,,,,,,ESP,LED,Radar de recul | Caméra de recul,,,Avant | Arrière,,1491 CM³
https://www.automobile.tn/fr/neuf/jetour/x70-plus/1.5-turbo,jetour,x70-plus,1.5-turbo,119 500 ,,Métallisée,,,,9.2 s,,1720 mm,,4727 mm,,À distance,,7,,5 ans ou 150000 km,,,,,,,,,,,,,,,,Frontaux | Latéraux,Conducteur à réglage électrique,,,TPMS,,230 nm 1750 tr/min,Ouvrant | Panoramique,,,,,5,890 L,,,,,,,,,,Cuir perforé,,,,,,USB | Bluetooth | Wifi,Chromées,,Démarrage mains libres,,,,,9 CV,Automatique,,,,,,147 CH,,,Accès mains libres,,,,,Sport | Eco,,,,En aluminium | 20'',,BAS | EBD,,,,Tactile | 10.25 pouces,,,,,Chrome,Chromée,Automatique | Ventilation arrière,,,Ouverture et fermeture motorisées,Avant/Arrière,,,Essence,,1900 mm,,,Traction,,,,7.8 L/100 km,,,Électriques | Rabattables | Avec clignotants intégrés,,,,SUV,Disponible,,,195 KM/H,Commandes au volant,,,En hauteur et en profondeur,,,,,,,,4,,Cuir | Multi-fonctions,,Feux de jour | Avant | Arrières,,6,,,,,HDC,,,ESP | TCS,,Radar de recul | Radar avant | Système de caméras 360,,,Avant,,1498 CM³
https://www.automobile.tn/fr/neuf/toyota/yaris-cross/1.5-l-cvt-2023,toyota,yaris-cross,1.5-l-cvt-2023,119 800 ,,,Lunette et vitres arrières sur-teintées,,,11.2 s,,1595 mm,,4180 mm,,À distance,,5,,3 ans ou 100.000 km | Batterie garantie 5 ans ou 150.000 km,,,,,,Éléctrique,,,,,,,,,,Frontaux | Latéraux | Rideaux,Chauffants,,,,,120 nm 3600 tr/min,,,,,,5,397 L,,,,,,,,,,Cuir/Tissu,,,,,,USB | Android Auto | Apple Carplay | Bluetooth | Chargeur de téléphone sans fil,,,Démarrage mains libres,,,,,5 CV,Automatique,,,,,Conducteur,116 CH,,,Accès mains libres,,,,,Normal | Sport | Eco | EV Mode,,,,En aluminium | 17'' | Noires,Anti-éblouissement,,,,,Tactile,,,,,,,Automatique | Bizone,,,Ouverture et fermeture motorisées,Avant/Arrière,,,Essence | Hybride,,1765 mm,1097 L,,Traction,,,,4.4 L/100 km,,,Électriques | Rabattables,,,,SUV,Disponible,,,170 KM/H,Commandes au volant,,,En hauteur et en profondeur,,,,,,,,3,,Cuir | Multi-fonctions,,Clignotants à défilement,,,,,,,,,,VSC,Full LED,Caméra de recul,,,Avant | Arrière,Poignées de portes,1490 CM³
https://www.automobile.tn/fr/neuf/honda/hr-v/1.5-l-cvt-ex-2023,honda,hr-v,1.5-l-cvt-ex-2023,119 900 ,,,,,,11.4 s,,1581 mm,,4385 mm,,À distance,,5,,3 ans ou 100.000 km,,,,,,Éléctrique,,,,,,,,,,Frontaux | Latéraux | Rideaux,,,,,,145 nm 4300 tr/min,Panoramique,,,,,5,335 L,,,,,,,,,,Cuir perforé,,,EPS | Électrique,,,Android Auto | 4 USB | Apple Carplay | Bluetooth | Commande vocale,,,,,Chromée,,HSA,7 CV,Automatique,,,Cuir,,Conducteur,119 CH,,,Accès mains libres,,,,,Normal | Sport | Eco,,,,En aluminium | 18'',,EBA | EBD | ESS,,,,Tactile | 8 pouces,,,,,,Noire,Automatique | Ventilation arrière,,,,Avant/Arrière,,,Essence,3,1790 mm,,,Traction,,,,6.1 L/100 km,,,Électriques | Rabattables | Avec clignotants intégrés,,1 prise 12 V,,SUV,Disponible,,,187 KM/H,4 haut-parleurs | Commandes au volant,,,En hauteur et en profondeur,,,,,,,,4,,Cuir | Multi-fonctions,,Feux de jour | Avant | Arrières,7.5 L/100 km,,5.4 L/100 km,,,,HDC,LED,,VSA,Full LED,Caméra de recul,,,Avant | Arrière,,1498 CM³
https://www.automobile.tn/fr/neuf/chery/arrizo-8/1.6-t-gdi-bva,chery,arrizo-8,1.6-t-gdi-bva,119 900 ,,,,,,9.8 s,,1471 mm,,4757 mm,,À distance,,5,,7 ans ou 200000 km,,,,,,Éléctrique,,,,,,,,LED,,Frontaux | Latéraux | Rideaux | Genoux,Électriques | Chauffants | Ventilés | Fonction mémoire,,,,,275 nm 2000 tr/min,Ouvrant | Panoramique,12.3 pouces,,Adaptatif (ACC),,4,520 L,,,,,,,,,,Cuir perforé,Niveau 2,,,,,USB | Android Auto | Apple Carplay | Bluetooth | Commande vocale | Wifi | Chargeur de téléphone sans fil,,,Démarrage mains libres,,,,,10 CV,Automatique,,,,,Conducteur et passager,185 CH,,,Accès mains libres,,,,,Sport | Eco,,,,En aluminium | 18'',,EBA | EBD,,,,Tactile | 12.3 pouces,,,,,Chrome,,Automatique | Bizone | Ventilation arrière,,,,Avant/Arrière,,,Essence,3,1832 mm,,,Traction,,,,6.2 L/100 km,,,Électriques | Rabattables | Dégivrants | Avec clignotants intégrés,,,,Berline,Disponible,,,195 KM/H,12 haut-parleurs | Commandes au volant | Sony,,,En hauteur et en profondeur,,,,,,,,4,,Cuir | Chauffant | Multi-fonctions | Avec palettes,,Feux de jour | Avant | Arrières,,7,,,,,,,,ESP,Matrix LED,Radar de recul | Radar avant | Système de caméras 540°,,,Avant | Réfrigéré | Arrière,Pare-chocs | Poignées de portes | Rétroviseurs,1598 CM³
https://www.automobile.tn/fr/neuf/kia/seltos/1.4-t-gdi-top-grade,kia,seltos,1.4-t-gdi-top-grade,120 980 ,,,Teintées,,,10.8 s,,1630 mm,,4385 mm,,À distance,,5,,5 ans,,,,,,Éléctrique,,,,,,,,,,Frontaux | Latéraux | Rideaux,Conducteur à réglage électrique | Ventilés,,,,,242 nm 1500 tr/min,Ouvrant | Panoramique,10.25 pouces,,,Périmétrique,5,433 L,,,Métal Brillant,,,,,,,Cuir artificiel,,,Électrique,,,USB | Android Auto | Apple Carplay | Bluetooth | Commande vocale | Chargeur de téléphone sans fil,,,Démarrage mains libres,,,,HAC,8 CV,Automatique,,,Cuir,,Conducteur,140 CH,,,Accès mains libres,,,,,Confort | Sport | Eco,,,,En aluminium | 17'',Anti-éblouissement,,,,,Tactile | 10.25 pouces,,,,,Chrome,Chromée,Automatique | Bizone,,,,Avant/Arrière,,,Essence,,1800 mm,,,Traction,,,,6.1 L/100 km,,,Électriques | Rabattables,,,,SUV,Disponible,,,185 KM/H,,,,En hauteur et en profondeur,,,,,,,,4,,Cuir | Multi-fonctions | Avec palettes,,Feux de jour | Avant | Arrières,7.5 L/100 km,7,5.3 L/100 km,,,,,LED,,ESC,Full LED,Radar de recul | Radar avant | Caméra de recul,,,Avant,,1353 CM³
https://www.automobile.tn/fr/neuf/ssangyong/korando/1.5-l-gdi-limited-bva,ssangyong,korando,1.5-l-gdi-limited-bva,122 980 ,,,Teintées | Lunette et vitres arrières sur-teintées,,162 g/km,12 s,,1620 mm,,4450 mm,,À distance,,5,,3 ans,,,,,,Éléctrique,,,,,,,,,,Frontaux | Latéraux,Électriques | Chauffants | Ventilés,,,,,280 nm 1500 tr/min,Ouvrant,10.25 pouces,,Cruise control,,5,551 L,,,,,,,,,,Cuir | Nappa,,Ecran TFT 10.25'',Électrique,,,USB | Android Auto | Apple Carplay | Bluetooth | iPod | Chargeur de téléphone sans fil,,,Démarrage mains libres,,Chromée,,,9 CV,Automatique,,,,,Conducteur et passager,163 CH,,,Accès mains libres,,,,,Normal | Sport | Winter,,,,En aluminium | 19'',Anti-éblouissement,,,,,Tactile | 8 pouces,,,,,Chrome,Chromée,Automatique | Bizone,,,Ouverture et fermeture motorisées,Avant/Arrière,,,Essence,,1870 mm,,,Traction,,,,7 L/100 km,,,Électriques | Rabattables | Dégivrants | Avec clignotants intégrés | Éclairage d'accueil à LED,,1 prise 12 V,,SUV,Disponible,,,188 KM/H,6 haut-parleurs | Commandes au volant,,,En hauteur et en profondeur,,,,,,,,4,,Cuir | Avec palettes,,Feux de jour | Avant | Arrières,8.3 L/100 km,6,6.4 L/100 km,,,,,,,ESP,Full LED,Radar de recul | Radar avant | Caméra de recul,,,Avant | Arrière,Poignées de portes | Rétroviseurs,1497 CM³
https://www.automobile.tn/fr/neuf/changan/hunter/1.9-l-turbo-diesel-4x4,changan,hunter,1.9-l-turbo-diesel-4x4,123 046 ,,,,,,15.8 s,,1835 mm,,5330 mm,,À distance,,5,,3 ans ou 100.000 km,,,,,,,,,,,,,,,,Frontaux | Latéraux,Électriques | Réglage lombaire,,,,,350 nm 1800 tr/min,,,Arrière,,,4,,,,,,,,,,980 KG,Cuir,,,,,,3 USB | Bluetooth,,,Démarrage mains libres,,,,HAC,6 CV,Manuelle,,,,,Conducteur,150 CH,,,Accès mains libres,,,,,,,,,En aluminium | 17'',Anti-éblouissement,EBD,,,,Tactile | 10 pouces,,,,,,Chromée,Automatique | Ventilation arrière,,,,Avant/Arrière,,,Diesel,,1930 mm,,,Intégrale,,,,8 L/100 km,,,Électriques | Rabattables | Dégivrants | Avec clignotants intégrés,,1 prise 12 V,,Pick up,Indisponible,,,171 KM/H,6 haut-parleurs | Commandes au volant,,,En hauteur et en profondeur,,,,,,,,4,,Cuir | Multi-fonctions,,Feux de jour,,6,,Chromées,,,HDC,,,ESP,,Radar de recul | Caméra de recul,,,Avant | Arrière,Pare-chocs | Rétroviseurs,1910 CM³
https://www.automobile.tn/fr/neuf/toyota/hilux-simple-cabine/2.4-l-diesel-d-4d-4x4,toyota,hilux-simple-cabine,2.4-l-diesel-d-4d-4x4,123 800 ,,,,,,13.2 s,,1795 mm,,5325 mm,,À distance,,2,,3 ans ou 100.000 km,,,,,,,,,,,,,,,,Frontaux | Genoux conducteur,,,,,,400 nm 1600 tr/min,,,Arrière,,,2,,,,,,,,,,1125 KG,Tissu,,,Adaptative,,,,,,,,,,HAC,8 CV,Manuelle,,,,,,150 CH,,,,,,,,,,,TSC,17'',,,,,,,,,,,,Chromée,Manuelle,,,,Avant,,,Diesel,,1800 mm,,,Intégrale,,,,7 L/100 km,,,Électriques,,,,Pick up,Disponible,,,170 KM/H,,,,En hauteur,,,,,,,,4,,Multi-fonctions,,,8.2 L/100 km,6,6.3 L/100 km,,,,,,,VSC,,,,,,,2393 CM³
https://www.automobile.tn/fr/neuf/hyundai/kona-ev/bva,hyundai,kona-ev,bva,123 900 ,4.8 heures,,Parebrise athermique | Lunette et vitres arrières sur-teintées,,,9.9 s,,1570 mm,,4205 mm,,À distance,,5,,5 ans ou 100000 km | Batterie garantie 8 ans ou 160.000 KM,,,,317 km,,Éléctrique,,,,,14.3 kWh/100 km,,,,,Frontaux | Latéraux | Rideaux,Conducteur à réglage électrique | Réglage lombaire,,,,,395 nm 0 tr/min,Ouvrant,10.25 pouces,,Adaptatif (ACC),Périmétrique,5,332 L,,1,,,,,,,,Cuir,,,Électrique,,,USB | Android Auto | Apple Carplay | AUX | Bluetooth | Chargeur de téléphone sans fil,,,Démarrage mains libres,,,,,3 CV,Automatique,,,Cuir,,Conducteur et passager,136 CH,FCW,,Accès mains libres | Démarrage à distance,,,,,Sport | Eco,,39.2 kWh,,En aluminium | 17'',Anti-éblouissement,AFU | EBA | EBD | HBA |  Freinage automatique anti-collision (AEB) | VDC,,,Poches aumônières,Tactile | 8 pouces,,,,,,,Automatique,,,,Avant/Arrière,,,Electrique,3,1800 mm,1114 L,,Traction,,,,,,,Électriques | Rabattables | Dégivrants | Avec clignotants intégrés,,2 prises 12 V,,SUV,Disponible,,,155 KM/H,4 haut-parleurs | Commandes au volant,,,En hauteur et en profondeur,Intelligent,54 minutes,,,,,,,,Cuir | Multi-fonctions,,Feux de jour | Avant | Arrières,,,,,,,DBC,,,ESP,Full LED,Radar de recul | Caméra de recul,,,Arrière | Avant conducteur,,
https://www.automobile.tn/fr/neuf/byd/atto-3/bev,byd,atto-3,bev,123 990 ,5 heures,Métallisée,,,,7.3 s,,1615 mm,Rear Cross Traffic Monitor,4455 mm,,À distance,,5,,6 ans ou 150.000 km | Batterie garantie 8 ans ou 200.000 km,,,,420 km,,Éléctrique | EPB,,,,,14.9 kWh/100 km,,,LED,,Frontaux | Latéraux | Rideaux,Conducteur à réglage électrique | 6 directions,,,TPMS,,310 nm 0 tr/min,Ouvrant | Panoramique,5 pouces,,,,5,440 L,,1,,,,,,,,Similicuir,,,,,,2 USB | 2 USB-C | Android Auto | Apple Carplay | Bluetooth | Commande vocale | Chargeur de téléphone sans fil,Aluminium,,Démarrage mains libres,TSR,,,HHC,5 CV,Automatique,,,,,Conducteur,204 CH,FCW,LKA,Accès mains libres | Démarrage à distance,,,,,Normal | Sport | Eco,,60.48 kWh,,En aluminium | 18'' | Bi-ton,Anti-éblouissement,EBD | HBA |  Freinage automatique anti-collision (AEB) | VDC,,,Poches aumônières,Tactile | 12.8 pouces | Rotatif,,,,,Chrome,,Automatique | Bizone | Ventilation arrière,,,,Avant/Arrière,,,Electrique,3,1875 mm,,,Traction,,,,,,,Électriques | Rabattables | Dégivrants,,1 prise 12 V | Chargeur inversé (V2L),,SUV,Disponible,,,160 KM/H,8 haut-parleurs | Commandes au volant,,,En hauteur et en profondeur,,30 minutes,,,,,,,,Similicuir | 3 branches | Multi-fonctions,,Feux de jour | Avant | Arrières | Clignotants à défilement,,,,,,,HDC,,,ESP | TCS,LED,Radar de recul | Radar avant | Système de caméras 360,,,Avant | Arrière,Pare-chocs | Poignées de portes | Rétroviseurs,
https://www.automobile.tn/fr/neuf/toyota/corolla-sedan-hybride/1.8-l-hybride,toyota,corolla-sedan-hybride,1.8-l-hybride,124 800 ,,,Lunette et vitres arrières sur-teintées,,,11 s,,1435 mm,,4630 mm,,À distance,,5,,3 ans ou 100.000 km | Batterie garantie 5 ans ou 150.000 km,,,,,,Éléctrique,,,,,,,,,,Frontaux | Latéraux | Rideaux,Réglage lombaire,,,,,142 nm 5200 tr/min,,,,,,4,471 L,,,,,,,,,,Cuir/Tissu,,Ecran TFT 7'',,,,USB | AUX | Bluetooth | Chargeur de téléphone sans fil,,,Démarrage mains libres,,Noir brillant,,,5 CV,Automatique,,,Cuir,,Conducteur et passager,122 CH,,,Accès mains libres,,,,,Normal | Sport | Eco | EV Mode,,,,En aluminium | 17'' | Bi-ton,Anti-éblouissement,EBA | EBD,,,,Tactile | 8 pouces,,,,,,Noire,Automatique | Bizone,,,,Avant/Arrière,,,Essence | Hybride,2,1780 mm,,,Traction,,,,4.2 L/100 km,,,Électriques | Rabattables,,,,Berline,Disponible,,,180 KM/H,Commandes au volant | Toyota Touch,,,En hauteur et en profondeur,,,,,,,,4,,Cuir | Multi-fonctions,,Feux de jour | Arrières,4.0 L/100 km,6,4.4 L/100 km,,,,,LED,,VSC,Full LED,Radar de recul | Radar avant | Caméra de recul,,,Avant | Arrière,Poignées de portes,1798 CM³
https://www.automobile.tn/fr/neuf/volvo/ex30/single-motor,volvo,ex30,single-motor,124 900 ,6 heures,Métallisée,Lunette et vitres arrières sur-teintées,,,5.7 s,,1549 mm,,4233 mm,Triangle de présignalisation | Trousse de premiers secours,À distance,,5,,3 ans ou 100.000 km | Batterie garantie 8 ans,,,,344 km,,Éléctrique,,,,,16.7 kWh/100 km,,,,,Frontaux | Latéraux | Rideaux | Genoux conducteur,,,,,,343 nm 0 tr/min,,,,Adaptatif (ACC),,5,325 L,,1,,,,,,,,Nordico,,,Adaptative,,,"USB-C | Apple Carplay | Bluetooth | Commande vocale | Digital Services (Google Assistant, Google Maps, Youtube)",,,,TSR,Incrustations en Topographie,,,5 CV,Automatique,,,,Aluminium,Conducteur et passager,272 CH,,,,,,,,,,51 kWh,,En aluminium | 18'',Anti-éblouissement,Freinage automatique anti-collision (AEB),,,,Tactile | 12.3 pouces,,,,,Noir Brillant,,Automatique,,,,Avant/Arrière,,,Electrique,3,1837 mm,904 L,,Propulsion,7 L,,,,,,Électriques | Rabattables | Dégivrants,11 kwh,,,SUV,Disponible,,,180 KM/H,5 haut-parleurs | Commandes au volant,,,En hauteur et en profondeur,,26 minutes,,,,,,,,Similicuir | Multi-fonctions | Sport,,Feux de jour | Avant | Arrières,,,,,,,,LED,,,Adaptatifs | LED,Radar de recul | Radar avant | Caméra de recul | Parkassist | Détection du trafic en marche arrière,,,Avant,Pare-chocs | Poignées de portes | Rétroviseurs,
https://www.automobile.tn/fr/neuf/volvo/ex30/single-motor-extended-range-plus,volvo,ex30,single-motor-extended-range-plus,149 900 ,8 heures,Métallisée,Lunette et vitres arrières sur-teintées,,,5.3 s,,1549 mm,,4233 mm,Triangle de présignalisation | Trousse de premiers secours,À distance,,5,,3 ans ou 100.000 km | Batterie garantie 8 ans,,,,476 km,,Éléctrique,,,,,17 kWh/100 km,,,,,Frontaux | Latéraux | Rideaux | Genoux conducteur,Électriques | Réglage lombaire,,,,,343 nm 0 tr/min,,,,Adaptatif (ACC),,5,325 L,,1,,,,,,,,Nordico,,,Adaptative,,,"USB-C | Apple Carplay | Bluetooth | Commande vocale | Chargeur de téléphone sans fil | Digital Services (Google Assistant, Google Maps, Youtube)",,,Démarrage mains libres,TSR,Incrustations en Topographie,,,5 CV,Automatique,,,,Aluminium,Conducteur et passager,272 CH,,,Accès mains libres,,,,,,,69 kWh,,En aluminium | 19'',Anti-éblouissement,Freinage automatique anti-collision (AEB),,,,Tactile | 12.3 pouces,,,,,Noir Brillant,,Automatique | Bizone,,,Ouverture et fermeture motorisées | Ouverture mains libres,Avant/Arrière,,,Electrique,3,1837 mm,904 L,,Propulsion,7 L,,,,,,Électriques | Rabattables | Dégivrants,11 kwh,,,SUV,Disponible,,,180 KM/H,9 haut-parleurs | Harman/Kardon | Commandes au volant | 1040W,,,En hauteur et en profondeur,,26 minutes,,,,,,,,Similicuir | Multi-fonctions | Sport,,Feux de jour | Avant | Arrières,,,,,,,,LED,,,Adaptatifs | LED,Radar de recul | Radar avant | Caméra de recul | Parkassist | Détection du trafic en marche arrière,,,Avant,Pare-chocs | Poignées de portes | Rétroviseurs,
https://www.automobile.tn/fr/neuf/volvo/ex30/twin-motor,volvo,ex30,twin-motor,169 900 ,4 heures,Métallisée,Lunette et vitres arrières sur-teintées,,,3.6 s,,1549 mm,,4233 mm,Triangle de présignalisation | Trousse de premiers secours,À distance,,5,,3 ans ou 100.000 km | Batterie garantie 8 ans,,,,450 km,,Éléctrique,,,,,17.5 kWh/100 km,,,,,Frontaux | Latéraux | Rideaux | Genoux conducteur,Électriques | Réglage lombaire,,,,,543 nm 0 tr/min,Panoramique,,,Adaptatif (ACC),,5,325 L,,2,,,,,,,,Nordico,,,Adaptative,,,"USB-C | Apple Carplay | Bluetooth | Commande vocale | Chargeur de téléphone sans fil | Digital Services (Google Assistant, Google Maps, Youtube)",,,Démarrage mains libres,TSR,Incrustations en Topographie,,,8 CV,Automatique,,,,Aluminium,Conducteur et passager,428 CH,,,Accès mains libres,,,,,,,69 kWh,,En aluminium | 20'',Anti-éblouissement,Freinage automatique anti-collision (AEB),,,,Tactile | 12.3 pouces,,,,,Noir Brillant,,Automatique | Bizone,,,Ouverture et fermeture motorisées | Ouverture mains libres,Avant/Arrière,,,Electrique,3,1837 mm,904 L,,Intégrale,7 L,,,,,,Électriques | Rabattables | Dégivrants,22 kwh,,,SUV,Disponible,,,180 KM/H,9 haut-parleurs | Harman/Kardon | Commandes au volant | 1040W,,,En hauteur et en profondeur,,26 minutes,,,,,,,,Similicuir | Multi-fonctions | Sport,,Feux de jour | Avant | Arrières,,,,,,,,LED,,,Adaptatifs | LED,Radar de recul | Radar avant | Système de caméras 360 | Park Pilot | Détection du trafic en marche arrière,,,Avant,Pare-chocs | Poignées de portes | Rétroviseurs,
https://www.automobile.tn/fr/neuf/ford/territory/1.5-l-ecoboost-titanium,ford,territory,1.5-l-ecoboost-titanium,124 900 ,,Métallisée,,,168 g/km,10.2 s,,1706 mm,,4630 mm,,À distance,,5,,3 ans ou 100.000 km,,,,,,Éléctrique,,,,RSC,,,,,,Frontaux | Latéraux | Rideaux,Conducteur à réglage électrique | 10 directions | Réglage lombaire,,,,,248 nm 1500 tr/min,,7 pouces,,,Anti-soulèvement,5,448 L,,,,,,,,,,Cuir,,,Électrique,,,USB | USB-C | Android Auto | Apple Carplay | Bluetooth | Commande vocale | Chargeur de téléphone sans fil | Mirrorlink,,,Démarrage mains libres,,,,,8 CV,Automatique,,,Rotatif,,Conducteur,160 CH,,,Accès mains libres,,,,,Normal | Sport | Eco | Montagne,,,,En aluminium | 18'',Anti-éblouissement,EBD,,,,Tactile | 12 pouces,,,,,Chrome,Chromée,Automatique | Bizone | Ventilation arrière,,,Ouverture à distance,Avant/Arrière,,,Essence,3,1935 mm,1422 L,,Traction,,,,7.0 L/100 km,,,Électriques | Rabattables | Dégivrants | Avec clignotants intégrés,,,,SUV,Sur arrivage,,,180 KM/H,6 haut-parleurs | Commandes au volant | Système audio Arkamys 3D,,,En hauteur et en profondeur,,,,,,,,4,,Cuir | Multi-fonctions,,Feux de jour | Avant | Arrières | Clignotants à défilement,8.5 L/100 km,7,6.2 L/100 km,Chromées,,,,LED,,ESP | TCS,Full LED,Radar de recul | Radar avant | Système de caméras 360,,,Avant | Arrière,,1490 CM³
https://www.automobile.tn/fr/neuf/ford/territory/1.5-l-ecoboost-titanium-x,ford,territory,1.5-l-ecoboost-titanium-x,139 900 ,,Métallisée,,,168 g/km,10.2 s,,1706 mm,,4630 mm,,À distance,,5,,3 ans ou 100.000 km,,,,,,Éléctrique,,,,RSC,,,,,,Frontaux | Latéraux | Rideaux,Conducteur à réglage électrique | 10 directions | Ventilés | Réglage lombaire,,,,,248 nm 1500 tr/min,Ouvrant | Panoramique,12 pouces,,Adaptatif (ACC),Anti-soulèvement,5,448 L,,,,,,,,,,Cuir perforé,,,Électrique,,,USB | USB-C | Android Auto | Apple Carplay | Bluetooth | Commande vocale | Chargeur de téléphone sans fil | Mirrorlink,,,Démarrage mains libres,,,,,8 CV,Automatique,,,Rotatif,,Conducteur,160 CH,,,Accès mains libres,,,,,Normal | Sport | Eco | Montagne,,,,En aluminium | 19'',Anti-éblouissement,EBD | Système anti-collision avec détection des piétons,,,,Tactile | 12 pouces,,,,,Chrome,Chromée,Automatique | Bizone | Ventilation arrière,,,Ouverture et fermeture motorisées | Ouverture mains libres,Avant/Arrière,,,Essence,3,1935 mm,1422 L,,Traction,,,,7.0 L/100 km,,,Électriques | Rabattables | Dégivrants | Avec clignotants intégrés | Éclairage d'accueil à LED,,,,SUV,Sur arrivage,,,180 KM/H,8 haut-parleurs | Commandes au volant | Système audio Arkamys 3D,,,En hauteur et en profondeur,,,,,,,,4,,Cuir | Multi-fonctions,,Feux de jour | Avant | Arrières | Clignotants à défilement,8.5 L/100 km,7,6.2 L/100 km,Chromées,,,,LED,,ESP | TCS,Full LED,Radar de recul | Radar avant | Système de caméras 360,,,Avant | Arrière,,1490 CM³
https://www.automobile.tn/fr/neuf/jeep/renegade/1.4-turbo-limited-bva-4x2,jeep,renegade,1.4-turbo-limited-bva-4x2,126 500 ,,,Lunette et vitres arrières sur-teintées,,,10.9 s,,1697 mm,,4255 mm,,À distance,,5,,3 ans ou 100.000 km,,,,,,Éléctrique,,,,,,,,,,Frontaux | Latéraux | Rideaux,,,,,,230 nm 1750 tr/min,Ouvrant | Panoramique | +6000 DT,,,,,5,351 L,,,,,,,,,,Tissu,,Ecran TFT 7'',,,,USB | Android Auto | Apple Carplay | AUX | Bluetooth | Commande vocale,,,Démarrage mains libres,,,,,8 CV,Automatique,,,,,Conducteur,140 CH,,,,,,,,,,,,En aluminium | 17'',,,,,,Tactile | 7 pouces,,,,,,Chromée,Automatique | Bizone,,,,Avant/Arrière,,,Essence,3,1805 mm,,,Traction,,,,6 L/100 km,,,Électriques | Chromés,,,,SUV,Indisponible,,,181 KM/H,6 haut-parleurs | Commandes au volant | Uconnect,,,En hauteur et en profondeur,,,,,,,,4,,Cuir | Multi-fonctions,,,7.6 L/100 km,6,5.1 L/100 km,,,,,,,ESP,,Caméra de recul,,,Avant,,1368 CM³
https://www.automobile.tn/fr/neuf/seat/ateca/2020-1.4-l-tsi-style,seat,ateca,2020-1.4-l-tsi-style,127 980 ,,,,,,8.5 s,,1615 mm,,4381 mm,,À distance,,5,,3 ans,,,,,,Éléctrique,,,,,,,,,,Frontaux | Latéraux | Genoux | Protège-tête,Réglage lombaire,,,,,250 nm 1500 tr/min,Ouvrant | Panoramique,Digital Cockpit,,,,5,510 L,,,,,,,,,,Alcantara | Cuir | Tissu,,,Servotronic,,,USB-C | Android Auto | Apple Carplay | Bluetooth,Chromées,,Démarrage mains libres,,,,,8 CV,Automatique,,,Cuir,,Conducteur et passager,150 CH,,,Accès mains libres,,,,,,,,,En aluminium | 18'',Anti-éblouissement,,,,Poches aumônières,Tactile | 8.25 pouces,,,,,Chrome,,Automatique,,,,Avant/Arrière,,,Essence,3,1841 mm,,,Traction,,,,6.3 L/100 km,,,Électriques | Dégivrants,,,,SUV,Disponible,,,201 KM/H,Commandes au volant,,,En hauteur et en profondeur,,,,,,,,4,,Cuir | Multi-fonctions | Sport | Avec palettes,,Feux de jour | Avant | Arrières | Clignotants à défilement,7.4 L/100 km,8,5.7 L/100 km,,,,,,,ESP,LED,Radar de recul | Caméra de recul,,,Avant | Arrière,,1395 CM³
https://www.automobile.tn/fr/neuf/seat/ateca/1.4-l-tsi-fr,seat,ateca,1.4-l-tsi-fr,142 980 ,,,,,,8.5 s,,1615 mm,,4381 mm,,À distance,,5,,3 ans,,,,,,Éléctrique,,,,,,,,,,Frontaux | Latéraux | Genoux | Protège-tête,Conducteur à réglage électrique | Chauffants | Réglage lombaire | Fonction mémoire,,,,,250 nm 1500 tr/min,Ouvrant | Panoramique,Digital Cockpit,,,,5,510 L,,,,,,,,,,Cuir/Alcantara,,,Servotronic,,,USB-C | Android Auto | Apple Carplay | Bluetooth | Commande vocale,Chromées,,Démarrage mains libres,,,,,8 CV,Automatique,,,Cuir,,Conducteur et passager,150 CH,,,Accès mains libres,,,,FR,Confort | Sport | Eco,,,,En aluminium | 19'',Anti-éblouissement,,,,Poches aumônières,Tactile | 8.25 pouces,,,,,Chrome,,Automatique,,,Ouverture et fermeture motorisées | Ouverture mains libres,Avant/Arrière,,,Essence,3,1841 mm,,,Traction,,,,6.3 L/100 km,,GPS,Électriques | Rabattables | Dégivrants | Mémoire de position,,,,SUV,Disponible,,,201 KM/H,Commandes au volant | Système Audio Beats | Subwoofer 340W,,,En hauteur et en profondeur,,,,,,,,4,,Cuir | Multi-fonctions | Sport | Avec palettes,,Feux de jour | Avant | Arrières | Clignotants à défilement,7.4 L/100 km,8,5.7 L/100 km,,,,,,,ESP,LED,Radar de recul | Système de caméras 360 | Parkassist,,,Avant | Arrière,,1395 CM³
https://www.automobile.tn/fr/neuf/seat/ateca/1.4-l-tsi-fr-black-edition,seat,ateca,1.4-l-tsi-fr-black-edition,144 980 ,,,,,,8.5 s,,1615 mm,,4381 mm,,À distance,,5,,3 ans,,,,,,Éléctrique,,,,,,,,,,Frontaux | Latéraux | Genoux | Protège-tête,Conducteur à réglage électrique | Chauffants | Réglage lombaire | Fonction mémoire,,,,,250 nm 1500 tr/min,Ouvrant | Panoramique,Digital Cockpit,XDS,,,5,510 L,,,,,,,,,,Cuir,,,Servotronic,,,USB-C | Android Auto | Apple Carplay | Bluetooth | Commande vocale,Noires,,Démarrage mains libres,,,,,8 CV,Automatique,,,Cuir,,Conducteur et passager,150 CH,,,Accès mains libres,,,,FR,Confort | Sport | Eco,,,,En aluminium | 19'' | Noires,Anti-éblouissement,,,,Poches aumônières,Tactile | 8.25 pouces,,,,,,,Automatique,,,Ouverture et fermeture motorisées | Ouverture mains libres,Avant/Arrière,,,Essence,3,1841 mm,,,Traction,,,,6.3 L/100 km,,GPS,Électriques | Rabattables | Dégivrants | Mémoire de position,,,,SUV,Disponible,,,201 KM/H,Commandes au volant | Subwoofer,,,En hauteur et en profondeur,,,,,,,,4,,Cuir | Chauffant | Multi-fonctions | Sport | Avec palettes,,Feux de jour | Avant | Arrières | Clignotants à défilement,7.4 L/100 km,8,5.7 L/100 km,,,,,,,ESP,LED,Radar de recul | Système de caméras 360 | Parkassist,,,Avant | Arrière,,1395 CM³
https://www.automobile.tn/fr/neuf/geely/starray/1.5-l-turbo-gfplus,geely,starray,1.5-l-turbo-gfplus,129 800 ,,,,,,7.9 s,IHC,1705 mm,,4670 mm,,À distance,,5,,6 ans ou 200.000 km,,,,,,Éléctrique,,,,RMI,,,,,,Frontaux | Latéraux | Rideaux,Électriques | 6 directions | Réglage lombaire,,,TPMS,,270 nm 2000 tr/min,Ouvrant | Panoramique,10.2 pouces,,Adaptatif (ACC),,5,650 L,,,,,,,,,,Cuir artificiel,,,,,,4 USB | Bluetooth | Chargeur de téléphone sans fil | Mirrorlink,,,Démarrage mains libres,TSI,Chromée,,Autohold | HHC,9 CV,Automatique,,,Cristal,,Conducteur et passager,174 CH,,LKA,Accès mains libres,,,,,Confort | Sport | Eco | Intelligent,,,,En aluminium | 20'',,EBA | EBD | HBA | Système anti-collision avec détection des piétons |  Freinage automatique anti-collision (AEB) | VDC,,,,Tactile | 13.2 pouces,LDW,,,Alcantara,,Avec signature lumineuse LED,Automatique | Bizone,,,Ouverture et fermeture motorisées,Avant/Arrière,,,Essence,,1900 mm,,,Traction,,,,6.3 L/100 km,,,Électriques | Rabattables | Dégivrants | Avec clignotants intégrés,,1 prise 12 V,,SUV,Disponible,,,215 KM/H,5 haut-parleurs,,,En hauteur et en profondeur,,,,,,,,4,,Cuir | Multi-fonctions | Sport,,Feux de jour | Avant | Arrières,,7,,,,,HDC,,,ESC | TCS,Full LED,Radar de recul | Radar avant | Système de caméras 360,,,Avant | Arrière,Pare-chocs | Poignées de portes,1498 CM³
https://www.automobile.tn/fr/neuf/suzuki/jimny-5p/1.5-l-gl-4x4-bva,suzuki,jimny-5p,1.5-l-gl-4x4-bva,129 900 ,,,,,,N.C,,1705 mm,,3965 mm,,À distance,,4,,3 ans,,,,,,,,,,,,,,,,Frontaux | Latéraux | Rideaux,,,,,,130 nm 4000 tr/min,,,,,,5,211 L,,,,,,,,,,Tissu,,,,,,USB | Android Auto | Apple Carplay | Bluetooth,,,,,,,,6 CV,Automatique,,,,,,102 CH,,,,,,,,,,,,En aluminium | 15'',,,,,,Tactile | 9 pouces,,,,,,,Automatique,,,,Avant/Arrière,,,Essence,,1645 mm,,,Intégrale,,,,6.8 L/100 km,,,Électriques | Noirs,,1 prise 12 V,,SUV,Disponible,,,145 KM/H,Commandes au volant,,,En hauteur,,,,,,,,4,,3 branches,,Feux de jour,7.7 L/100 km,4,6.2 L/100 km,,,,,,,ESP,LED,Radar de recul | Caméra de recul,,,,,1462 CM³
https://www.automobile.tn/fr/neuf/mini/cooper-e/36.6-kwh-classic,mini,cooper-e,36.6-kwh-classic,129 900 ,4.25 heures,,Calorifuges,,,7.3 s,,1460 mm,,3858 mm,Triangle de présignalisation | Trousse de premiers secours,À distance,,4,,5 ans (2+3),,,,300 km,,Éléctrique,,,,,14.3 kWh/100 km,Velours,,,,Frontaux | Latéraux | Rideaux,,,,,,290 nm 0 tr/min,,,,,,3,210 L,,1,,,,,,,,Similicuir,,,,,,USB-C | Android Auto | Apple Carplay | Bluetooth | Chargeur de téléphone sans fil,,,Démarrage mains libres,,,,,4 CV,Automatique,,,,,Conducteur et passager,184 CH,,,Accès mains libres,,,,,,,36.6 kWh,,En aluminium | 17'' | Bi-ton,Anti-éblouissement,Freinage automatique anti-collision (AEB),,,,Tactile,,,,,,,Automatique | Bizone,,,,Avant,,,Electrique,,1756 mm,800 L,,Traction,,,,,,GPS,Électriques | Rabattables | Dégivrants,,,,Citadine,Disponible,,Teleservices | Connected+,160 KM/H,Commandes au volant | Radio numérique DAB,,,En hauteur et en profondeur,,28 minutes,,,,,,,,Cuir | Chauffant | Multi-fonctions | Sport,,Feux de jour | Avant | Arrières,,,,,,,,,,,Full LED,Radar de recul | Radar avant | Caméra de recul | Parkassist,,,Avant,,
https://www.automobile.tn/fr/neuf/kia/niro/1.6-l-ex,kia,niro,1.6-l-ex,129 980 ,,,Teintées | Lunette et vitres arrières sur-teintées,,,10.8 s,,1560 mm,,4420 mm,,À distance,,5,,5 ans,,,,,,Éléctrique,,,,,,,,LED,,Frontaux | Latéraux | Rideaux | Genoux conducteur,Conducteur à réglage électrique | Réglage lombaire,,,,,265 nm 1000 tr/min,,,,,,5,401 L,,,Aluminium,,,,,,,Cuir/Tissu,,Ecran TFT 4.2'',Électrique,,,USB | Android Auto | Apple Carplay | Bluetooth | Commande vocale | Chargeur de téléphone sans fil,,,Démarrage mains libres,,Noir brillant,,HAC,5 CV,Automatique,,,Cuir,Aluminium,Conducteur,141 CH,,LKA | LFA,Accès mains libres,,,,,Sport | Eco,,,,En aluminium | 18'',Anti-éblouissement,Système anti-collision avec détection des piétons |  Freinage automatique anti-collision (AEB) | Freinage multi-collision,,,Porte-lunettes,Tactile | 8 pouces,,,,,,,Automatique | Bizone | Ventilation arrière,,,,Avant/Arrière,,,Essence | Hybride,,1825 mm,,,Traction,,,,4 L/100 km,,,Électriques | Dégivrants,,1 prise 12 V,,SUV,Disponible,,,165 KM/H,Commandes au volant,,,En hauteur et en profondeur,,,,,,,,4,,Cuir | Multi-fonctions | Avec palettes,,Feux de jour | Avant | Arrières,,6,,Chromées,,,,LED,,ESC,Full LED,Radar de recul | Radar avant | Caméra de recul,,,Avant | Arrière,,1580 CM³
https://www.automobile.tn/fr/neuf/kia/niro/1.6-l-sx,kia,niro,1.6-l-sx,139 980 ,,,Teintées | Lunette et vitres arrières sur-teintées,,,10.8 s,,1560 mm,,4420 mm,,À distance,,5,,5 ans,,,,,,Éléctrique,,,,,,,,LED,,Frontaux | Latéraux | Rideaux | Genoux conducteur,Électriques | Réglage lombaire,,,,,265 nm 1000 tr/min,Ouvrant,,,,,5,401 L,,,Aluminium,,,,,,,Cuir artificiel,,Ecran TFT 4.2'',Électrique,,,USB | Android Auto | Apple Carplay | Bluetooth | Commande vocale | Chargeur de téléphone sans fil,,,Démarrage mains libres,,Noir brillant,,HAC,5 CV,Automatique,,,Cuir,Aluminium,Conducteur et passager,141 CH,,LKA | LFA,Accès mains libres,,,,,Sport | Eco,,,,En aluminium | 18'',Anti-éblouissement,Système anti-collision avec détection des piétons |  Freinage automatique anti-collision (AEB) | Freinage multi-collision,,,Porte-lunettes,Tactile | 8 pouces,,,,,,,Automatique | Bizone | Ventilation arrière,,,,Avant/Arrière,,,Essence | Hybride,,1825 mm,,,Traction,,,,4 L/100 km,,,Électriques | Dégivrants,,1 prise 12 V,,SUV,Disponible,,,165 KM/H,Commandes au volant,,,En hauteur et en profondeur,,,,,,,,4,,Multi-fonctions | Avec palettes | Cuir artificiel,,Feux de jour | Avant | Arrières,,6,,Chromées,,,,LED,,ESC,Full LED,Radar de recul | Radar avant | Caméra de recul,,,Avant | Arrière,,1580 CM³
https://www.automobile.tn/fr/neuf/omoda-jaecoo/7/1.5-tgdi-shs,omoda-jaecoo,7,1.5-tgdi-shs,132 900 ,2.6 heures,Bi-ton | +2500 DT,Acoustiques,,,8.5 s,,1670 mm,RCTA,4500 mm,,À distance,,5,,7 ans ou 200000 km | Batterie garantie 8 ans,,,,90 km,DMS,Éléctrique | EPB,,,,,,,,,,Frontaux | Latéraux | Rideaux | Genoux conducteur,Électriques | Chauffants | Ventilés | Réglage lombaire | Fonction mémoire,,,TPMS,,215 nm 2500 tr/min,Ouvrant | Panoramique,10.25 pouces,,Adaptatif (ACC),,5,500 L,,,,BSD,,143 CH,,,,Similicuir,Niveau 2 | TJA,,,,,2 USB | 2 USB-C | Android Auto | Apple Carplay | Bluetooth | Commande vocale | Chargeur de téléphone sans fil,,,Démarrage mains libres,,,,,7 CV,Automatique,,,,,Conducteur,279 CH,FCW,LCA | LDP | ELK,Accès mains libres | Démarrage à distance,,,,,Normal | Sport | Eco,,18.3 kWh,,En aluminium | 19'',Anti-éblouissement,BAS | EBD | Système anti-collision avec détection des piétons | BOS,,,,Tactile | 14.8 pouces,LDW,,,,,,Automatique | Bizone | Capteur de qualité de l'air,,,Ouverture à distance,Avant/Arrière,310 nm,,Essence | Hybride rechargeable,,1865 mm,,,Traction,,,,4.7 L/100 km,,GPS,Électriques | Rabattables | Dégivrants | Avec clignotants intégrés,,2 prises 12 V,,SUV,Disponible,,,180 KM/H,8 haut-parleurs | Commandes au volant | Sony,,,En hauteur et en profondeur,,20 minutes,204 CH,,,,,4,,Cuir | 3 branches | Chauffant | Multi-fonctions,,Feux de jour | Avant | Arrières,,,,,,,,,,ESP,Full LED,Radar de recul | Radar avant | Système de caméras 540°,,,Avant | Réfrigéré | Arrière,,1499 CM³
https://www.automobile.tn/fr/neuf/renault/austral/1.3-l,renault,austral,1.3-l,134 900 ,,Métallisée,Lunette et vitres arrières sur-teintées,,,8.9 s,,1620 mm,,4505 mm,,À distance,,5,,2 ans ou 100.000 km,,,,,,Éléctrique,,,,,,,,LED,,Frontaux | Latéraux | Rideaux,,,,,,250 nm 2800 tr/min,Panoramique,12 pouces,,,,5,575 L,,,,,,,,,,Similicuir/Tissu,,,,,,USB | USB-C | Android Auto | Apple Carplay | Bluetooth,,,,,,,,8 CV,Automatique,,,,,Conducteur et passager,150 CH,,,,,,,,Confort | Sport | Eco | Perso,,,,En aluminium | 19'',Anti-éblouissement,,,,,Tactile | 9 pouces,,,,,Chrome,Chromée,Automatique | Bizone,,,,Avant/Arrière,,,Essence,3,1830 mm,,,Traction,,,,6.1 L/100 km,,,Électriques | Rabattables | Dégivrants,,,,SUV,Disponible,,,199 KM/H,,,,En hauteur et en profondeur,,,,,,,,4,,Cuir | Multi-fonctions | Avec palettes,,Feux de jour | Avant | Arrières,7.5 L/100 km,7,5.3 L/100 km,,,,,,,,Full LED,Radar de recul | Radar avant | Caméra de recul,,,Avant | Arrière,,1332 CM³
https://www.automobile.tn/fr/neuf/hyundai/kona/1.6-l-t-gdi-7-dct-4wd,hyundai,kona,1.6-l-t-gdi-7-dct-4wd,137 000 ,,Two-tone,Parebrise athermique | Lunette et vitres arrières sur-teintées,,,7.4 s,,1500 mm,,4165 mm,,À distance,,5,,5 ans ou 100000 km,,,,,,,,,,,,,,,,Frontaux | Latéraux,Conducteur à réglage électrique | Réglage lombaire,,,,,265 nm 1500 tr/min,Ouvrant,,,,Périmétrique,5,544 L,,,,,,,,,,Cuir,,,Électrique,,,USB | Android Auto | Apple Carplay | AUX | Bluetooth | Chargeur de téléphone sans fil,,,Démarrage mains libres,,,,,11 CV,Automatique,,,Cuir,,,200 CH,,,Accès mains libres,,,,,Normal | Sport | Eco,,,,En aluminium | 18'',,DBC,,,Poches aumônières,Tactile | 8 pouces,,,,,,,Automatique,,,,Avant/Arrière,,,Essence,,1800 mm,,,Intégrale,,,,6.2 L/100 km,,,Électriques,,1 prise 12 V,,SUV,Disponible,,,210 KM/H,4 haut-parleurs | Commandes au volant,,,En hauteur et en profondeur,,,,,,,,4,,Cuir | Multi-fonctions,,,7.4 L/100 km,7,5.5 L/100 km,,,,,,,ESP,Full LED,Radar de recul | Caméra de recul,,,Arrière | Avant conducteur,,1598 CM³
https://www.automobile.tn/fr/neuf/hyundai/kona/1.6-l-t-gdi-7-dct-4wd-n-line,hyundai,kona,1.6-l-t-gdi-7-dct-4wd-n-line,150 000 ,,Two-tone,Parebrise athermique | Lunette et vitres arrières sur-teintées,,,7.4 s,,1500 mm,,4165 mm,,À distance,,5,,5 ans ou 100000 km,,,,,,,,,,,,,,,,Frontaux | Latéraux | Rideaux,Conducteur à réglage électrique | Réglage lombaire,,,,,265 nm 1500 tr/min,Ouvrant,10.25 pouces,,,Périmétrique,5,544 L,,,,,,,,,,Cuir/Alcantara,,,Électrique,,,USB | Android Auto | Apple Carplay | AUX | Bluetooth | Chargeur de téléphone sans fil,,,Démarrage mains libres,,,,,11 CV,Automatique,,,Cuir | N-Line,,Conducteur et passager,200 CH,,,Accès mains libres,,,,N-Line,Normal | Sport | Eco,,,,En aluminium | 18'',,DBC,,,Poches aumônières,Tactile | 10.25 pouces,,,,,,,Automatique,,,,Avant/Arrière,,,Essence,,1800 mm,,,Intégrale,,,,6.2 L/100 km,,,Électriques,,1 prise 12 V,,SUV,Disponible,,,210 KM/H,4 haut-parleurs | Commandes au volant,,,En hauteur et en profondeur,,,,,,,,4,,Cuir | Multi-fonctions | Sport | N-Line,,,7.4 L/100 km,7,5.5 L/100 km,,,,,,,ESP,Full LED,Radar de recul | Caméra de recul,,,Arrière | Avant conducteur,,1598 CM³
https://www.automobile.tn/fr/neuf/great-wall/poer-at/2.0-l-diesel-4x4-bva,great-wall,poer-at,2.0-l-diesel-4x4-bva,138 900 ,,Métallisée,Lunette et vitres arrières sur-teintées,,,N.C,,1886 mm,Rear Cross Traffic Monitor,5410 mm,,À distance,,5,,3 ans ou 100.000 km,,,,,,Éléctrique,,,,RMI,,,,,,Frontaux | Latéraux,Électriques,,,TPMS,,400 nm 1800 tr/min,,,,Adaptatif (ACC),,5,,,,,,,,,,1050 KG,Similicuir,Niveau 2,,Électrique,,,Android Auto | 4 USB | Apple Carplay | Bluetooth | Chargeur de téléphone sans fil,,,Démarrage mains libres,TSR,,,HAC,7 CV,Automatique,,,,,Conducteur et passager,163 CH,FCW,,Accès mains libres | Démarrage à distance,,Avant,,,,,,,En aluminium | 18'',Anti-éblouissement,EBA | EBD | Système anti-collision avec détection des piétons |  Freinage automatique anti-collision (AEB),,,,Tactile | 9 pouces,,,,Similicuir,,Chromée,Automatique,,,,Avant/Arrière,,,Diesel,,1934 mm,,,Intégrale,,,,10.4 L/100 km,,,Électriques | Rabattables | Avec clignotants intégrés,,1 prise 12 V | 220 V,,Pick up,Disponible,,,N.C,6 haut-parleurs,,,En hauteur,,,,,,,,4,,Cuir | Multi-fonctions | Avec palettes,,Feux de jour | Avant,11.5 L/100 km,8,8.9 L/100 km,,,,HDC,,,ESP | TCS,Full LED,Radar de recul | Système de caméras 360,,,Avant | Arrière,Pare-chocs,1996 CM³
https://www.automobile.tn/fr/neuf/mini/aceman/42.5-kwh,mini,aceman,42.5-kwh,139 900 ,4.25 heures,,,,,7.9 s,,1514 mm,,4079 mm,Triangle de présignalisation,À distance,,4,,5 ans (2+3),,,,309 km,,Éléctrique,,,,,14.5 kWh/100 km,,,,,Frontaux | Latéraux | Protège-tête,,,,,,290 nm 0 tr/min,,,,Avec fonction freinage,,5,300 L,,1,,,,,,,,Tissu | Schwarz | Vescin,,,,,,USB-C | Android Auto | Apple Carplay | Bluetooth | Chargeur de téléphone sans fil,,,Démarrage mains libres,,,,Autohold,4 CV,Automatique,,,,,Conducteur et passager,184 CH,FCW,,Accès mains libres,,,,,MINI Experience,,42.5 kWh,,En aluminium | 18'',Anti-éblouissement,Freinage automatique anti-collision (AEB),,,,Tactile,,,,,,,Automatique,,,,Avant/Arrière,,,Electrique,,1754 mm,1005 L,,Traction,,,,,,GPS,Électriques | Rabattables | Dégivrants,,,,SUV,Disponible,,Teleservices | Connected+,160 KM/H,Commandes au volant | Radio numérique DAB,,,En hauteur et en profondeur,,28 minutes,,,,,,,,Cuir | Chauffant | Multi-fonctions | Sport,,Feux de jour | Avant | Arrières,,,,,,,,,,DSC,LED,Radar de recul | Radar avant | Caméra de recul | Parkassist | Park distance control,,,Avant,,
https://www.automobile.tn/fr/neuf/audi/a3-sportback/35-tfsi-iconic-line,audi,a3-sportback,35-tfsi-iconic-line,139 990 ,,,Parebrise athermique,,,8.1 s,,1441 mm,,4352 mm,Triangle de présignalisation,À distance,,5,,3 ans,,,,,,Éléctrique,,,,,,,,LED,,Frontaux | Latéraux | Protège-tête,Chauffants | Réglage lombaire,,,,,250 nm 1500 tr/min,,Audi Virtual Cockpit | 10.25 pouces,,,,5,380 L,,,,,,,,,,Tissu,,,,,,USB | USB-C | Android Auto | Apple Carplay | Bluetooth | Commande vocale | Chargeur de téléphone sans fil,,,Démarrage mains libres,,Style aluminium | Applications décoratives en peinture fine Gris Volcan,,Audi hold assist,8 CV,Automatique,,,,Aluminium,Conducteur et passager,150 CH,,,Accès mains libres,,,,,,,,,En aluminium | 17'',Anti-éblouissement  | Sans Cadre,,,,,Tactile | 10.1 pouces,,,,,Noir Mat,,Automatique | 3 zones | Ventilation arrière,,,,Avant/Arrière,,,Essence,,1816 mm,1200 L,,Traction,,,,5.4 L/100 km,,,Électriques | Rabattables | Dégivrants | Photosensibles | Avec clignotants intégrés,,,,Compacte,Disponible,,,226 KM/H,MMI Radio Plus | Commandes au volant,,,En hauteur et en profondeur,,,,,,,,4,,Cuir | 3 branches | Multi-fonctions | Avec palettes,,Feux de jour | Avant,,8,,,,,,,,ESP,LED,Radar de recul | Radar avant | Caméra de recul | Parkassist,,,Avant,,1395 CM³
https://www.automobile.tn/fr/neuf/audi/a3-sportback/35-tfsi-tech-line,audi,a3-sportback,35-tfsi-tech-line,159 990 ,,,Parebrise athermique | Lunette et vitres arrières sur-teintées,,,8.1 s,,1441 mm,,4352 mm,Triangle de présignalisation,À distance,,5,,3 ans,,,,,,Éléctrique,,,,,,,,LED,,Frontaux | Latéraux | Protège-tête,Chauffants | Réglage lombaire,,,,,250 nm 1500 tr/min,Panoramique | En verre,Audi Virtual Cockpit | 10.25 pouces,,,,5,380 L,,,,,,,,,,Tissu,,,,,,USB | USB-C | Android Auto | Apple Carplay | Bluetooth | Commande vocale | Chargeur de téléphone sans fil,,,Démarrage mains libres,,Style aluminium | Applications décoratives en peinture fine Gris Volcan,,Audi hold assist,8 CV,Automatique,,,,Aluminium,Conducteur et passager,150 CH,,,Accès mains libres,,,,,,,,,En aluminium | 17'',Anti-éblouissement  | Sans Cadre,,,,,Tactile | 10.1 pouces,,,,,Noir Mat,,Automatique | 3 zones | Ventilation arrière,,,,Avant/Arrière,,,Essence,,1816 mm,1200 L,,Traction,,,,5.4 L/100 km,,,Électriques | Rabattables | Dégivrants | Photosensibles | Avec clignotants intégrés,,,,Compacte,Disponible,,,226 KM/H,MMI Radio Plus | Commandes au volant,,,En hauteur et en profondeur,,,,,,,,4,,Cuir | 3 branches | Multi-fonctions | Avec palettes,,Feux de jour | Avant | Arrières | Clignotants à défilement,,8,,,,,,,,ESP,Full LED | Signature LED,Radar de recul | Radar avant | Caméra de recul | Parkassist,,,Avant,,1395 CM³
https://www.automobile.tn/fr/neuf/audi/a3-sportback/35-tfsi-s-line,audi,a3-sportback,35-tfsi-s-line,179 990 ,,Métallisée,Parebrise athermique | Lunette et vitres arrières sur-teintées,Noir,,8.1 s,,1441 mm,,4352 mm,Triangle de présignalisation,À distance,,5,,3 ans,,,,,,Éléctrique,,,,,,,,LED | 30 Couleurs,,Frontaux | Latéraux | Protège-tête,Chauffants | Réglage lombaire | Sport,,,,,250 nm 1500 tr/min,Panoramique | En verre,Audi Virtual Cockpit | 10.25 pouces,,,,5,380 L,,,Acier inoxydable brossé,,,,,,,Similicuir/Tissu,,,,,,USB | USB-C | Android Auto | Apple Carplay | Bluetooth | Commande vocale | Chargeur de téléphone sans fil,,,Démarrage mains libres,,Aluminium Spectre Foncé,,Audi hold assist,8 CV,Automatique,,,,Aluminium | Eclairés | S-line,Conducteur et passager,150 CH,,,Accès mains libres,,,,S-line,,,,,En aluminium | 17'',Anti-éblouissement  | Sans Cadre,,,,Pack vide-poches et coffre à bagages,Tactile | 10.1 pouces,,,,,Noir Mat,,Automatique | 3 zones | Ventilation arrière,,,Ouverture et fermeture motorisées,Avant/Arrière,,,Essence,,1816 mm,1200 L,,Traction,,,,5.4 L/100 km,,,Électriques | Rabattables | Dégivrants | Photosensibles | Avec clignotants intégrés,,,,Compacte,Disponible,,,226 KM/H,MMI Radio Plus | Commandes au volant,,,En hauteur et en profondeur,,,,,,,,4,,Cuir | 3 branches | Multi-fonctions | Sport | à méplat | Avec palettes,,Feux de jour | Avant | Arrières | Clignotants à défilement,,8,,,,,,,,ESP,Full LED | Signature LED,Radar de recul | Radar avant | Caméra de recul | Parkassist,,,Avant,,1395 CM³
https://www.automobile.tn/fr/neuf/peugeot/408/1.6-l-allure-bva,peugeot,408,1.6-l-allure-bva,140 900 ,,,Lunette et vitres arrières sur-teintées,,,8.9 s,,1480 mm,,4687 mm,,À distance,,5,,3 ans,,,,,,,,,,,,,,LED,,Frontaux | Latéraux | Rideaux,Réglage lombaire,,,,,300 nm 2000 tr/min,,i-cockpit | Dalle Numérique Haute Définition,,,,4,536 L,,,,,,,,,,Mi-TEP,,,Électrique,,,4 USB-C | Android Auto | Apple Carplay | Bluetooth | Commande vocale | Mirrorlink,Aluminium,,,,,,Hill assist,13 CV,Automatique,,,,,Conducteur et passager,215 CH,,,,,,,,Normal | Confort | Sport,,,,En aluminium | 18'',,AFU,,,Poches aumônières,Tactile | 10 pouces,,,,,,,Automatique | Bizone,,,,Avant/Arrière,,,Essence,,1848 mm,,,Traction,,,,7 L/100 km,,,Électriques | Rabattables | Dégivrants | Avec clignotants intégrés | Éclairage d'accueil à LED,,1 prise 12 V,,Berline,Disponible,,,220 KM/H,6 haut-parleurs | Commandes au volant,,,En hauteur et en profondeur,,,,,,,,4,,Multi-fonctions | Croûte de cuir | Avec palettes,,Feux de jour | Avant | Arrières,9.2 L/100 km,8,5.7 L/100 km,,,,HDC,,,ESP | ASR,Full LED | Signature LED,Radar de recul | Caméra de recul,,,Avant,,1598 CM³
https://www.automobile.tn/fr/neuf/peugeot/408/1.6-l-allure-pack-bva,peugeot,408,1.6-l-allure-pack-bva,141 900 ,,,Lunette et vitres arrières sur-teintées,,,8.9 s,,1480 mm,,4687 mm,,À distance,,5,,3 ans,,,,,,Éléctrique,,,,,,,,LED,,Frontaux | Latéraux | Rideaux,Réglage lombaire,,,,,300 nm 2000 tr/min,,i-cockpit | Dalle Numérique Haute Définition,,,,4,536 L,,,,,,,,,,Mi-TEP,,,Électrique,,,Android Auto | 4 USB-C | Apple Carplay | Bluetooth | Commande vocale | Mirrorlink,Aluminium,,,,,,Hill assist,13 CV,Automatique,,,,,Conducteur et passager,215 CH,,,Accès mains libres,,,,,Normal | Confort | Sport,,,,En aluminium | 18'',,AFU,,,Poches aumônières,Tactile | 10 pouces,,,,,,,Automatique | Bizone,,,,Avant/Arrière,,,Essence,,1848 mm,,,Traction,,,,7 L/100 km,,,Électriques | Rabattables | Dégivrants | Avec clignotants intégrés | Éclairage d'accueil à LED,,1 prise 12 V,,Berline,Disponible,,,220 KM/H,6 haut-parleurs | Commandes au volant,,,En hauteur et en profondeur,,,,,,,,4,,Multi-fonctions | Croûte de cuir | Avec palettes,,Feux de jour | Avant | Arrières,9.2 L/100 km,8,5.7 L/100 km,,,,HDC,,,ESP | ASR,Full LED | Signature LED,Radar de recul | Radar avant | Caméra de recul,,,Avant,,1598 CM³
https://www.automobile.tn/fr/neuf/toyota/hiace/2.5-l-diesel-16-places,toyota,hiace,2.5-l-diesel-16-places,142 000 ,,,,,,24.1 s,,2285 mm,,5380 mm,,,,16,,1 an ou 50000 km,,,,,,,,,,,,Plastique antidérapant,,,,Frontal conducteur,,,,,,260 nm 1600 tr/min,,,,,,5 | 2 portes latérales coulissantes,,,,,,,,,,,Tissu,,,,,,USB | AUX,,,,,,,,10 CV,Manuelle,,,,,,102 CH,,,,,,,,,,,,15'',,,,,,,,,,,,,Manuelle | Ventilation arrière,,,,,,,Diesel,,1880 mm,,,Propulsion,,,,9.3 L/100 km,,,,,1 prise 12 V,,Utilitaire,Disponible,,,145 KM/H,,,,,,,,,,,,4,,,,,8 L/100 km,5,11.6 L/100 km,,,,,,,,,,,,,,2494 CM³
https://www.automobile.tn/fr/neuf/wallyscar/annibal-xxl/2.3-l-turbo-4x4-bva,wallyscar,annibal-xxl,2.3-l-turbo-4x4-bva,142 200 ,,Métallisée,Teintées,,212 g/km,11.6 s,,1965 mm,,5393 mm,,À distance,+1000 DT,5,,3 ans ou 100.000 km,,+1000 DT,,,,Éléctrique,,,,,,,,,,Frontaux | Latéraux,Électriques,,,,,380 nm 2OOO tr/min,,,,Cruise control,,4,,,,,,,,,,850 KG,Similicuir | Cuir +3000 DT,,,Électrique,,+1000 DT,USB | Apple Carplay | Bluetooth | Wifi | Chargeur de téléphone sans fil,,,Démarrage mains libres,,,,,8 CV,Automatique,,,,,Conducteur,160 CH,FCW,,Accès mains libres,,Avant,,,Normal | Sport | Eco,,,,En aluminium | 18'',,EBD,,,Porte-lunettes,Tactile | 10.2 pouces,,,,,,,Manuelle,,,,Avant/Arrière,,,Diesel,2,2045 mm,,,Intégrale,,,,7.8 L/100 km,,,Électriques | Rabattables | Chromés | Avec clignotants intégrés,,1 prise 12 V,,Pick up,Sur arrivage,,,180 KM/H,6 haut-parleurs | Commandes au volant,,,En hauteur,,,,,,,,4,1.5 m³,Cuir | Multi-fonctions,,Feux de jour | Avant,8.8 L/100 km,8,7 L/100 km,Chromées,,,,LED,,ESC | ESP,,Radar de recul | Radar latéral | Système de caméras 360,,,Avant | Arrière,Pare-chocs,2299 CM³
https://www.automobile.tn/fr/neuf/wallyscar/annibal-xxl/2.0-l-turbo-4x4-bva,wallyscar,annibal-xxl,2.0-l-turbo-4x4-bva,144 800 ,,Métallisée,Teintées,,212 g/km,9.2 s,,1965 mm,,5393 mm,,À distance,+1000 DT,5,,3 ans ou 100.000 km,,+1000 DT,,,,Éléctrique,,,,,,,,,,Frontaux | Latéraux,Électriques,,,,,360 nm 1800 tr/min,,,,Cruise control,,4,,,,,,,,,,850 KG,Similicuir | Cuir +3000 DT,,,Électrique,,+1000 DT,USB | Apple Carplay | Bluetooth | Wifi | Chargeur de téléphone sans fil,,,Démarrage mains libres,,,,,10 CV,Automatique,,,,,Conducteur,190 CH,FCW,,Accès mains libres,,Avant,,,Normal | Sport | Eco,,,,En aluminium | 18'',,EBD,,,Porte-lunettes,Tactile | 10.2 pouces,,,,,,,Manuelle,,,,Avant/Arrière,,,Essence,2,2045 mm,,,Intégrale,,,,7.9 L/100 km,,,Électriques | Rabattables | Chromés | Avec clignotants intégrés,,1 prise 12 V,,Pick up,Sur arrivage,,,180 KM/H,6 haut-parleurs | Commandes au volant,,,En hauteur,,,,,,,,4,1.5 m³,Cuir | Multi-fonctions,,Feux de jour | Avant,8.9 L/100 km,8,7.2 L/100 km,Chromées,,,,LED,,ESC | ESP,,Radar de recul | Radar latéral | Système de caméras 360,,,Avant | Arrière,Pare-chocs,1967 CM³
https://www.automobile.tn/fr/neuf/great-wall/h6-hybride/1.5-t-hev,great-wall,h6-hybride,1.5-t-hev,144 900 ,,Métallisée,Lunette et vitres arrières sur-teintées,,,8.5 s,,1730 mm,,4653 mm,,À distance,,5,,5 ans ou 150000 km | Batterie garantie 8 ans ou 150000 km,,,,,,Éléctrique,,,,,,,,LED,,Frontaux | Latéraux | Rideaux,Électriques | Chauffants | Ventilés | Réglage lombaire,,,,,530 nm 1500 tr/min,Ouvrant | Panoramique | En verre,10.25 pouces,,Adaptatif (ACC),Périmétrique,5,600 L,,,,,,,,,,Similicuir,Niveau 2,,Électrique,,,USB | Android Auto | Apple Carplay | Bluetooth | Chargeur de téléphone sans fil,,,Démarrage mains libres,TSR,,,HHC,8 CV,Automatique,,,,Eclairés,Conducteur et passager,240 CH,FCW,,Accès mains libres,,Avant | Arrière,,,Normal | Sport | Eco,,,,En aluminium | 19'',Anti-éblouissement,AFU | Active City Brake | EBA | BAS | EBD | Système anti-collision avec détection des piétons |  Freinage automatique anti-collision (AEB),,,Porte-lunettes,Tactile | 12.3 pouces,,,,,Chrome,Chromée,Automatique | Bizone,,,Ouverture et fermeture motorisées | Ouverture mains libres,Avant/Arrière,,,Essence | Hybride,3,1886 mm,,,Traction,,,,5.2 L/100 km,,,Électriques | Rabattables | Dégivrants | Avec clignotants intégrés | Éclairage d'accueil à LED,,1 prise 12 V,,SUV,Disponible,,,180 KM/H,8 haut-parleurs | Commandes au volant,,,En hauteur et en profondeur,,,,,,,,4,,Cuir | Multi-fonctions,,Feux de jour | Avant | Arrières,,,,,,,HDC,Avec fonction Cornering,,ESC | ESP | TCS,Full LED,Radar de recul | Radar avant | Système de caméras 360 | Parkassist,,,Avant | Arrière,Pare-chocs | Poignées de portes | Rétroviseurs,1499 CM³
https://www.automobile.tn/fr/neuf/honda/zr-v/1.5-l-cvt,honda,zr-v,1.5-l-cvt,145 000 ,,,,,,11 s,HBSS,1612 mm,,4569 mm,,À distance,,5,,3 ans ou 100.000 km,,,,,,Éléctrique | EPB,,,,,,,,,,Frontaux | Latéraux | Rideaux | Genoux,Électriques | 12 directions | Réglage lombaire | Fonction mémoire,,,TPMS,,240 nm 1700 tr/min,,10.2 pouces,,Adaptatif (ACC) | Cruise control,,5,370 L,,,,,,,,,,Cuir perforé,,,EPS | Électrique,,,USB | Android Auto | Apple Carplay | Bluetooth | Commande vocale | Chargeur de téléphone sans fil | 3 USB-C,,,Démarrage mains libres,,Chromée,,Autohold | HSA,11 CV,Automatique,,,Cuir,,Conducteur,182 CH,,LKA,Accès mains libres,,,,,Normal | Sport | Eco,,,,En aluminium | 18'',Anti-éblouissement,EBA | EBD | ESS | Système anti-collision avec détection des piétons |  Freinage automatique anti-collision (AEB) | EBB,,,Porte-lunettes,Tactile | 9 pouces,,,,,,Noire,Automatique | Bizone | Ventilation arrière,,,,Avant/Arrière,,,Essence,3,1840 mm,1300 L,,Traction,,,,7 L/100 km,,,Électriques | Rabattables | Dégivrants | Avec clignotants intégrés,,1 prise 12 V,,SUV,Disponible,,,200 KM/H,12 haut-parleurs | Haut-parleurs Bose | Commandes au volant | Subwoofer,Lane Watch,,En hauteur et en profondeur,,,,,,,,4,,Cuir | Multi-fonctions,,Feux de jour | Avant | Arrières,8.9 L/100 km,,5.9 L/100 km,,,,,LED,,VSA,Full LED,Radar de recul | Radar avant | Système de caméras 360,,,Avant | Arrière,,1498 CM³
https://www.automobile.tn/fr/neuf/honda/civic/1.5-l-cvt,honda,civic,1.5-l-cvt,145 990 ,,,,,,8.3 s,,1432 mm,,4679 mm,,À distance,,5,,3 ans ou 100.000 km,,,,,,Éléctrique,,,,,,,,,,Frontaux | Latéraux | Rideaux,,,,,,220 nm 4500 tr/min,Ouvrant,7 pouces,,,,4,419 L,,,,,,,,,,Cuir,,,EPS | Électrique,,,2 USB | Android Auto | Apple Carplay | Bluetooth | Commande vocale,,,Démarrage mains libres,,,,Autohold | HSA,10 CV,Automatique,,,,,Conducteur et passager,178 CH,,,Accès mains libres | Démarrage à distance,,,,,Normal | Sport | Eco,,,,En aluminium | 17'',Anti-éblouissement,EBA | EBD | ESS,,,Porte-lunettes,Tactile | 9 pouces,,,,,,Noire,Automatique | Bizone | Ventilation arrière,,,,Avant/Arrière,,,Essence,3,1802 mm,,,Traction,,,,6.2 L/100 km,,,Électriques | Dégivrants | Avec clignotants intégrés,,1 prise 12 V,,Berline,Disponible,,,200 KM/H,4 haut-parleurs | Commandes au volant,,,En hauteur et en profondeur,,,,,,,,4,,Cuir | Multi-fonctions,,Feux de jour | Avant | Arrières,8.1 L/100 km,,5.1 L/100 km,,,,,LED,,VSA,Full LED,Radar de recul | Radar avant | Caméra de recul,,,Avant | Arrière,Pare-chocs | Poignées de portes | Rétroviseurs,1498 CM³
https://www.automobile.tn/fr/neuf/cupra/leon/1.4-tsi-2025,cupra,leon,1.4-tsi-2025,146 980 ,,,Lunette et vitres arrières sur-teintées | Athermiques,,118 g/km,8.2 s,,1444 mm,,4398 mm,,À distance,,5,,3 ans,,,,,,Éléctrique,,,,,,,,,,Frontaux | Latéraux | Genoux | Protège-tête,Conducteur à réglage électrique | Chauffants | Réglage lombaire | Fonction mémoire | Sport,,,,,250 nm 1400 tr/min,Ouvrant | Panoramique,10.25 pouces,XDS,,,5,380 L,,,,,,,,,,Tissu,,,Dynamique,,,USB-C | Android Auto | Apple Carplay | Bluetooth | Commande vocale | Mirrorlink,,,Démarrage mains libres,,,,,8 CV,Automatique,,,Cuir,Eclairés | Baguettes dans les baies de porte,Conducteur et passager,150 CH,,,Accès mains libres,,,,,Confort | Individual | Cupra | Performance,,,,En aluminium | 18'',Anti-éblouissement,,,,Poches aumônières,Tactile | 12.9 pouces,,,,,,,Automatique | 3 zones,,,,Avant/Arrière,,,Essence,3,1799 mm,,,Traction,,,,5 L/100 km,,,Électriques | Rabattables | Dégivrants | Mémoire de position | Avec clignotants intégrés | Éclairage d'accueil à LED,,,,Compacte,En pré-commande,,,215 KM/H,6 haut-parleurs,,,En hauteur et en profondeur,,,,,,,,4,,Cuir | Multi-fonctions | Sport | Avec palettes,,Feux de jour | Avant | Arrières | Clignotants à défilement,5.9 L/100 km,8,4.5 L/100 km,,,,,,,ESC,Adaptatifs | Matrix LED,Radar de recul | Radar avant | Caméra de recul | Parkassist,,,Avant,,1395 CM³
https://www.automobile.tn/fr/neuf/cupra/leon/1.4-tsi-2025-sport,cupra,leon,1.4-tsi-2025-sport,155 980 ,,,Lunette et vitres arrières sur-teintées | Athermiques,,118 g/km,8.2 s,,1444 mm,,4398 mm,,À distance,,5,,3 ans,,,,,,Éléctrique,,,,,,,,,,Frontaux | Latéraux | Genoux | Protège-tête,Électriques | Chauffants | Réglage lombaire | Fonction mémoire | Sport,,,,,250 nm 1400 tr/min,Ouvrant | Panoramique,10.25 pouces,XDS,,,5,380 L,,,,,,,,,,Cuir,,,Dynamique,,,USB-C | Android Auto | Apple Carplay | Bluetooth | Commande vocale | Mirrorlink,,,Démarrage mains libres,,,,,8 CV,Automatique,,,Cuir,Eclairés | Baguettes dans les baies de porte,Conducteur et passager,150 CH,,,Accès mains libres,,,,,Confort | Individual | Cupra | Performance,,,,En aluminium | 18'',Anti-éblouissement,,,,Poches aumônières,Tactile | 12.9 pouces,,,,,,,Automatique | 3 zones,,,,Avant/Arrière,,,Essence,3,1799 mm,,,Traction,,,,5 L/100 km,,,Électriques | Rabattables | Dégivrants | Mémoire de position | Avec clignotants intégrés | Éclairage d'accueil à LED | Carbone,,,,Compacte,En pré-commande,,,215 KM/H,11 haut-parleurs | Subwoofer | Radio numérique DAB | Sennheiser,,,En hauteur et en profondeur,,,,,,,,4,,Cuir | Multi-fonctions | Sport | Avec palettes,,Feux de jour | Avant | Arrières | Clignotants à défilement,5.9 L/100 km,8,4.5 L/100 km,,,,,,,ESC,Adaptatifs | Matrix LED,Radar de recul | Radar avant | Caméra de recul | Parkassist,,,Avant,,1395 CM³
https://www.automobile.tn/fr/neuf/toyota/land-cruiser-79/4.2-l-diesel-4x4-simple-cabine,toyota,land-cruiser-79,4.2-l-diesel-4x4-simple-cabine,149 800 ,,,,,,N.C,,1970 mm,,5095 mm,,,,2,,3 ans ou 100.000 km,,,,,,,,,,,,,,,,Frontaux,,,,,,285 nm 2200 tr/min,,,,,,2,,,,,,,,,,,Tissu,,,,,,USB,,,,,,,,11 CV,Manuelle,,,,,,130 CH,,,,,,,,,,,,En aluminium | 16'',,,,,,,,,,,,,Manuelle,,,,,,,Diesel,,1770 mm,,,Intégrale,,,,12.2 L/100 km,,,,,,,Pick up,Sur arrivage,,,140 KM/H,2 haut-parleurs,,,En hauteur et en profondeur,,,,,,,,6,,,,,,5,,,,,,,,,,,,,,,4164 CM³
https://www.automobile.tn/fr/neuf/audi/q2/35-tfsi-bva-urban-line,audi,q2,35-tfsi-bva-urban-line,149 990 ,,,Parebrise athermique | Lunette et vitres arrières sur-teintées | Acoustiques,,,8.6 s,,1508 mm,,4191 mm,Triangle de présignalisation,À distance,,5,,3 ans,,,,,,,,,,,,,,,,Frontaux | Latéraux | Protège-tête,,,,,,250 nm 1500 tr/min,Ouvrant | Panoramique,Audi Virtual Cockpit | 12.3 pouces,,,Anti-soulèvement,5,405 L,,,,,,,,,,Tissu,,,Progressive,,,2 USB-C | Android Auto | Apple Carplay | Bluetooth,,,Démarrage mains libres,,Format graphique lumineux | Style aluminium,,,8 CV,Automatique,,,,Aluminium | Eclairés,Conducteur et passager,150 CH,,,Accès mains libres,,,,,,,,,En aluminium | 17'',Anti-éblouissement  | Sans Cadre,,,,,8.8 pouces,,,,,,Contour chromé,Automatique,,,Ouverture et fermeture motorisées,Avant/Arrière,,,Essence,,1794 mm,,,Traction,,,,6.0 L/100 km,,,Électriques | Rabattables | Dégivrants | Photosensibles,,,,SUV,Disponible,,,218 KM/H,10 haut-parleurs | MMI Radio Plus | MMI Touch | Commandes au volant | Système Audio Audi (180W),,,En hauteur et en profondeur,,,,,,,,4,,Cuir | 3 branches | Multi-fonctions | à méplat,,Feux de jour | Avant,6.9 L/100 km,8,5.8 L/100 km,,,,,,,ESP,LED,Radar de recul | Radar avant | Caméra de recul,,,Avant,,1498 CM³
https://www.automobile.tn/fr/neuf/citroen/jumpy-combi/2.0-l-hdi-9-places,citroen,jumpy-combi,2.0-l-hdi-9-places,152 900 ,,,,,,9.9 s,,1890 mm,,4960 mm,,À distance,,9,,3 ans,,,,,,,,,,,,,,,,Frontaux,,,,,,370 nm 2000 tr/min,,,,,,4 | 1 porte latérale coulissante,,,,,,,,,,,Tissu | Bi-ton,,,Électrique,,,USB | Bluetooth,,,,,,,,8 CV,Manuelle,,,,,,150 CH,,,,,,,,,,,,16'',,AFU,,,,Tactile | 5 pouces,,,,,,,Automatique | Bizone,,,,Avant,,,Diesel,,1920 mm,,,Traction,,,,5.5 L/100 km,,,Électriques | Dégivrants,,2 prises 12 V,,Monospace,10 jours,,,170 KM/H,4 haut-parleurs | Commandes au volant | Radio numérique DAB,,,En hauteur et en profondeur,,,,,,,,4,,Multi-fonctions,,,6 L/100 km,6,5.2 L/100 km,,,,,,,ESP | ASR,,Radar de recul,,,Avant conducteur,,1997 CM³
https://www.automobile.tn/fr/neuf/peugeot/expert-combi/2.0-l-hdi-9-places,peugeot,expert-combi,2.0-l-hdi-9-places,152 900 ,,,,,142 g/km,10.3 s,,1890 mm,,4956 mm,,,,9,,3 ans,,,,,,,,,,,,,,,,Frontaux,,,,,,370 nm 2000 tr/min,,,,,,4 | 1 porte latérale coulissante,N.C,,,,,,,,,,Tissu | Bi-ton,,,Électrique,,,USB | Bluetooth,,,,,,,,8 CV,Manuelle,,,,,,150 CH,,,,,,,,,,,,16'',,AFU,,,,Tactile | 5 pouces,,,,,,,Automatique | Bizone,,,,Avant,,,Diesel,,1920 mm,,,Traction,,,,5.4 L/100 km,,,Électriques | Dégivrants,,2 prises 12 V,,Monospace,10 jours,,,185 KM/H,4 haut-parleurs | Commandes au volant | Radio numérique DAB,,,En hauteur et en profondeur,,,,,,,,4,,Multi-fonctions,,,6.1 L/100 km,6,5 L/100 km,,,,,,,ESP | ASR,,,,,,,1997 CM³
https://www.automobile.tn/fr/neuf/nissan/qashqai-e-power/1.5-l-n-connecta,nissan,qashqai-e-power,1.5-l-n-connecta,152 900 ,,Métallisée,Teintées | Lunette et vitres arrières sur-teintées,,120 g/km,7.9 s,,1625 mm,,4425 mm,,À distance,,5,,2 ans,1058 km,,,,,Éléctrique,,,,,,,,,,Frontaux | Latéraux | Rideaux,Réglage lombaire,,,,,330 nm 0 tr/min,Panoramique,12.3 pouces,,,,5,504 L,,,,,,158 CH,,,,Tissu,,Ecran TFT 7'',,,,USB | USB-C | Android Auto | Apple Carplay | AUX | Bluetooth | Chargeur de téléphone sans fil,,,Démarrage mains libres,,,,Autohold | HSA,8 CV,Automatique,,,,,Conducteur et passager,190 CH,,,Accès mains libres,,,,,Normal | Sport | Eco,,,,En aluminium | 18'',Anti-éblouissement,EBD | Système anti-collision avec détection des piétons |  Freinage automatique anti-collision (AEB) | NBAS | VDC,,,,Tactile | 12 pouces,,,,,Chrome,Chromée,Automatique | Bizone | Ventilation arrière,,,Ouverture et fermeture motorisées | Ouverture mains libres | Cache Bagages,Avant/Arrière,,,Essence | Hybride,,1835 mm,,,Traction,,,,5.2 L/100 km,,GPS,Électriques | Rabattables | Dégivrants | Avec clignotants intégrés,,1 prise 12 V,,SUV,Disponible,,,170 KM/H,6 haut-parleurs | Commandes au volant,,,En hauteur et en profondeur,,,,,,,,3,,Cuir | Avec palettes,,Feux de jour | Avant | Arrières,,1,,,,,,LED,,ESP,Full LED | Adaptatifs,Radar de recul | Radar avant | Caméra de recul | Système de caméras 360,,,Avant | Arrière,Poignées de portes,1497 CM³
https://www.automobile.tn/fr/neuf/kia/sportage/1.6-l-t-gdi-7-dct-ex,kia,sportage,1.6-l-t-gdi-7-dct-ex,140 980 ,,,Teintées | Lunette et vitres arrières sur-teintées,,,8.8 s,,1650 mm,,4515 mm,,À distance,,5,,5 ans,,,,,,Éléctrique,,,,,,,,,,Frontaux | Latéraux | Rideaux,Conducteur à réglage électrique | Chauffants,,,,,265 nm 1500 tr/min,Ouvrant | Panoramique,,,,,5,591 L,,,,,,,,,,Cuir/Tissu,,,,,,USB | Android Auto | Apple Carplay | Bluetooth | Commande vocale | Chargeur de téléphone sans fil,,,Démarrage mains libres,,,,HAC,10 CV,Automatique,,,,,Conducteur et passager,180 CH,,LKA | LFA,Accès mains libres,,,,,Confort | Sport | Eco,,,TSA,En aluminium | 17'',Anti-éblouissement,FCA,,,,Tactile | 8 pouces,,,,,,,Automatique | Bizone | Ventilation arrière,,,,Avant/Arrière,,,Essence,,1865 mm,,,Traction,,,,6.3 L/100 km,,,Électriques | Dégivrants | Avec clignotants intégrés,,,,SUV,Disponible,,,201 KM/H,4 haut-parleurs | Commandes au volant,,,En hauteur et en profondeur,,,,,,,,4,,Cuir | Chauffant | Multi-fonctions,,Feux de jour | Avant,7.6 L/100 km,7,5.6 L/100 km,,,,DBC,,,ESC,Full LED | Adaptatifs,Radar de recul | Radar avant | Caméra de recul,,,Avant | Arrière,,1598 CM³
https://www.automobile.tn/fr/neuf/kia/sportage/1.6-l-t-gdi-7-dct-sx,kia,sportage,1.6-l-t-gdi-7-dct-sx,152 980 ,,,Teintées | Lunette et vitres arrières sur-teintées,,,8.8 s,,1650 mm,,4515 mm,,À distance,,5,,5 ans,,,,,,Éléctrique,,,,,,,,,,Frontaux | Latéraux | Rideaux,Électriques | Chauffants | Ventilés,,,,,265 nm 1500 tr/min,Ouvrant | Panoramique,,,,,5,591 L,,,,,,,,,,Cuir,,,,,,USB | Android Auto | Apple Carplay | Bluetooth | Commande vocale | Chargeur de téléphone sans fil,,,Démarrage mains libres,,,,HAC,10 CV,Automatique,,,,,Conducteur et passager,180 CH,,LKA | LFA,Accès mains libres,,,,,Confort | Sport | Eco,,,TSA,En aluminium | 19'',Anti-éblouissement,FCA,,,,Tactile | 8 pouces,,,,,,,Automatique | Bizone | Ventilation arrière,,,Ouverture et fermeture motorisées,Avant/Arrière,,,Essence,,1865 mm,,,Traction,,,,6.3 L/100 km,,,Électriques | Dégivrants | Avec clignotants intégrés,,,,SUV,Disponible,,,201 KM/H,4 haut-parleurs | Commandes au volant,,,En hauteur et en profondeur,,,,,,,,4,,Cuir | Chauffant | Multi-fonctions,,Feux de jour | Avant | Arrières,7.6 L/100 km,7,5.6 L/100 km,,,,DBC,LED,,ESC,Full LED | Adaptatifs,Radar de recul | Radar avant | Caméra de recul,,,Avant | Arrière,,1598 CM³
https://www.automobile.tn/fr/neuf/volkswagen/tiguan/1.4-l-tsi-life-2024,volkswagen,tiguan,1.4-l-tsi-life-2024,154 980 ,,,Parebrise athermique,,,9.2 s,,1658 mm,,4539 mm,,À distance,,5,,3 ans,,,,,,Éléctrique,,,,,,,,10 couleurs,,Frontaux | Latéraux | Rideaux | Centraux,Réglage lombaire | Confort,,,,,250 nm 1500 tr/min,Ouvrant | Panoramique,Digital Cockpit Pro,,,,5,652 L,,,,,,,,,,Tissu,,,,,,USB-C | Android Auto | Apple Carplay | Bluetooth,Noires,,Démarrage mains libres,,,,,8 CV,Automatique,,,Cuir,,Conducteur et passager,150 CH,,,Accès mains libres,,,,,,,,,En aluminium | 18'',,,,,,Tactile | 12.9 pouces,,,,,Noir Mat,,Automatique | 3 zones | Ventilation arrière,,,Ouverture et fermeture motorisées | Ouverture à distance,Avant/Arrière,,,Essence,3,1842 mm,1650 L,,Traction,,,,6.7 L/100 km,,,Électriques | Dégivrants | Éclairage d'accueil à LED,,2 prises 12 V,,SUV,Disponible,,,200 KM/H,Composition Media | 8 haut-parleurs,,,En hauteur et en profondeur,,,,,,,,4,,Cuir | Multi-fonctions | Avec palettes,,Feux de jour | Avant | Arrières,8.6 L/100 km,7,5.6 L/100 km,,,,,,,ESP | ASR,Directionnels | LED,Radar de recul | Radar avant | Caméra de recul | Parkassist,,,Avant | Arrière,,1395 CM³
https://www.automobile.tn/fr/neuf/volkswagen/tiguan/1.4-l-tsi-exclusive,volkswagen,tiguan,1.4-l-tsi-exclusive,178 980 ,,,Parebrise athermique | Lunette et vitres arrières sur-teintées | Pare-brise en verre feuilleté,,,9.2 s,Dynamic Light Assist,1658 mm,,4539 mm,,À distance,,5,,3 ans,,,,,,Éléctrique,,,,,,,,,,Frontaux | Latéraux | Rideaux | Centraux,Électriques | Réglage lombaire | Fonction mémoire | Sport | Confort,,,,,250 nm 1500 tr/min,Ouvrant | Panoramique,Digital Cockpit Pro,,,Volumétrique | Anti-soulèvement,5,652 L,,,,,,,,,,Cuir,,,Adaptative,,,Android Auto | 4 USB-C | Apple Carplay | Bluetooth | Commande vocale | Chargeur de téléphone sans fil,Anodisées Argent,,Démarrage mains libres,,,,,8 CV,Automatique,,,,,Conducteur et passager,150 CH,,,Accès mains libres,,Avant | Arrière,,,,,,,En aluminium | 18'',Anti-éblouissement,,,,,Tactile | 15 pouces,,,,,Chrome,,Automatique | 3 zones | Ventilation arrière,,,,Avant/Arrière,,,Essence,3,1842 mm,1650 L,,Traction,,,,6.7 L/100 km,,GPS,Électriques | Dégivrants | Mémoire de position | Éclairage d'accueil à LED,,1 prise 12 V,,SUV,Disponible,,,200 KM/H,8 haut-parleurs,,,En hauteur et en profondeur,,,,,,,,4,,Cuir | Multi-fonctions | Avec palettes,,Feux de jour | Avant | Arrières,8.6 L/100 km,7,5.6 L/100 km,,,,,,,ESP | ASR,Full LED | Directionnels,Radar de recul | Radar avant | Caméra de recul | Parkassist,,,Avant | Arrière,Pare-chocs | Poignées de portes,1395 CM³
https://www.automobile.tn/fr/neuf/volkswagen/tiguan/1.4-l-tsi-r-line-2024,volkswagen,tiguan,1.4-l-tsi-r-line-2024,196 980 ,,,Parebrise athermique | Avant et arrière feuilletées,,,9.2 s,Dynamic Light Assist,1658 mm,,4539 mm,,À distance,,5,,3 ans,,,,,,Éléctrique,,,,,,,,10 couleurs,,Frontaux | Latéraux | Rideaux | Centraux,Électriques | Chauffants | Massants | Ventilés | Réglage lombaire | Fonction mémoire | Confort,,,,,250 nm 1500 tr/min,Ouvrant | Panoramique,Digital Cockpit Pro,,,,5,652 L,,,Acier inoxydable brossé,,,,,,,Cuir/Tissu,,,,,,USB-C | Android Auto | Apple Carplay | Bluetooth | Chargeur de téléphone sans fil,Noires,,Démarrage mains libres,,Noir brillant,,,8 CV,Automatique,,,Cuir,,Conducteur et passager,150 CH,,,Accès mains libres,,,,R-line,,,,,En aluminium | 19'',Anti-éblouissement,,,,,Tactile | 15 pouces,,,,,Chrome,,Automatique | 3 zones | Ventilation arrière,,,Ouverture et fermeture motorisées | Ouverture à distance,Avant/Arrière,,,Essence,3,1842 mm,1650 L,,Traction,,,,6.7 L/100 km,,,Électriques | Dégivrants | Noirs | Éclairage d'accueil à LED,,2 prises 12 V,,SUV,Disponible,,,200 KM/H,Composition Media | 8 haut-parleurs,,,En hauteur et en profondeur,,,,,,,,4,,Cuir | Chauffant | Multi-fonctions | Sport | Avec palettes,,Feux de jour | Avant | Arrières,8.6 L/100 km,7,5.6 L/100 km,,,,,,,ESP | ASR,Full LED | Directionnels,Radar de recul | Radar avant | Caméra de recul | Parkassist,,,Avant | Arrière,,1395 CM³
https://www.automobile.tn/fr/neuf/bmw/serie-1-5p/118i-business-line,bmw,serie-1-5p,118i-business-line,155 900 ,,Métallisée +3000 DT,Calorifuges,,,8.4 s,,1459 mm,,4361 mm,Triangle de présignalisation | Trousse de premiers secours,À distance,,5,,5 ans (2+3),,,,,,Éléctrique,,,,,,Velours,,,,Frontaux | Latéraux | Rideaux,Électriques | Fonction mémoire,,,,,240 nm 1500 tr/min,,10.25 pouces | BMW Live Plus,,Avec fonction freinage,,5,300 L,,,,,,,,,,Tissu | Arktur anthrazit,,,,,,USB-C | Android Auto | Apple Carplay | Bluetooth | Chargeur de téléphone sans fil,,,Démarrage mains libres,,Inserts décoratifs Aluminium Graphite illuminés,,,8 CV,Automatique,,,,,Conducteur et passager,156 CH,FCW,,Accès mains libres,,,,,Normal | Sport | Eco,,,,En aluminium | 17'',Anti-éblouissement,DBC,,,,Tactile | 10.7 pouces,LDW,,,,Alu satiné,Aluminium satiné,Automatique | Bizone,,,,Avant/Arrière,,,Essence,3,1800 mm,,,Traction,,,,6.4 L/100 km,,,Électriques | Rabattables | Avec clignotants intégrés,,,,Compacte,Disponible,,,226 KM/H,6 haut-parleurs | Commandes au volant,,,En hauteur et en profondeur,,,,,,,,3,,Cuir | Multi-fonctions,,Feux de jour | Avant | Arrières,8.2 L/100 km,7,5.3 L/100 km,,,,,,,DSC,Full LED | Adaptatifs,Radar de recul | Radar avant | Caméra de recul | Parkassist | Autoreverse,,,Avant,,1499 CM³
https://www.automobile.tn/fr/neuf/bmw/serie-1-5p/118i-lounge,bmw,serie-1-5p,118i-lounge,174 900 ,,Métallisée +3000 DT,Calorifuges,,,8.4 s,,1459 mm,,4361 mm,Triangle de présignalisation | Trousse de premiers secours,À distance,,5,,5 ans (2+3),,,,,,Éléctrique,,,,,,Velours,,,,Frontaux | Latéraux | Rideaux,Électriques | Fonction mémoire | Sport,,,,,240 nm 1500 tr/min,Ouvrant | Panoramique,10.25 pouces | BMW Live Plus,,Avec fonction freinage,,5,300 L,,,,,,,,,,Mokka | Veganza perforé,,,,,,USB-C | Android Auto | Apple Carplay | Bluetooth | Chargeur de téléphone sans fil,,,Démarrage mains libres,,Inserts décoratifs Aluminium Graphite illuminés,,,8 CV,Automatique,,,,,Conducteur et passager,156 CH,FCW,,Accès mains libres,,,,,Normal | Sport | Eco,,,,En aluminium | 18'',Anti-éblouissement,DBC,,,,Tactile | 10.7 pouces,LDW,,,,Alu satiné,Aluminium satiné,Automatique | Bizone,,,Ouverture et fermeture motorisées,Avant/Arrière,,,Essence,3,1800 mm,,,Traction,,,,6.4 L/100 km,,,Électriques | Rabattables | Avec clignotants intégrés,,,,Compacte,Disponible,,,226 KM/H,6 haut-parleurs | Commandes au volant,,,En hauteur et en profondeur,,,,,,,,3,,Cuir | Multi-fonctions,,Feux de jour | Avant | Arrières,8.2 L/100 km,7,5.3 L/100 km,,,,,,,DSC,Full LED | Adaptatifs,Radar de recul | Radar avant | Caméra de recul | Parkassist | Autoreverse,,,Avant,,1499 CM³
https://www.automobile.tn/fr/neuf/bmw/serie-1-5p/118i-pack-m,bmw,serie-1-5p,118i-pack-m,187 900 ,,Métallisée,Calorifuges,M anthracite,,8.4 s,,1459 mm,,4361 mm,Triangle de présignalisation | Trousse de premiers secours,À distance,,5,,5 ans (2+3),,,,,,Éléctrique,,,,,,Velours,,,,Frontaux | Latéraux | Rideaux,Électriques | Fonction mémoire | Sport,,Sport M | Régulation adaptative,,,240 nm 1500 tr/min,Ouvrant | Panoramique,10.25 pouces | BMW Live Plus,,Avec fonction freinage,,5,300 L,,,,,,,,,,Alcantara/Veganza Schwarz avec surpiqûres bleues,,,,,,USB-C | Android Auto | Apple Carplay | Bluetooth | Chargeur de téléphone sans fil,,,Démarrage mains libres,,Inserts décoratifs M Aluminium mat Hexacube illuminés,,,8 CV,Automatique,,,,,Conducteur et passager,156 CH,FCW,,Accès mains libres,,,,Pack Sport M,Normal | Sport | Eco,,,,En aluminium | 18'',Anti-éblouissement,DBC,Adaptative,,,Tactile | 10.7 pouces,LDW,,,,Shadow Line,Noire | Sport M,Automatique | Bizone,,,Ouverture et fermeture motorisées,Avant/Arrière,,,Essence,3,1800 mm,,,Traction,,,,6.4 L/100 km,,,Électriques | Rabattables | Avec clignotants intégrés,,,,Compacte,45 jours,,,226 KM/H,6 haut-parleurs | Commandes au volant,,,En hauteur et en profondeur,,,,,,,,3,,Cuir | Multi-fonctions | M | Sport | Avec palettes,,Feux de jour | Avant | Arrières,8.2 L/100 km,7,5.3 L/100 km,,,,,,,DSC,Full LED | Adaptatifs,Radar de recul | Radar avant | Caméra de recul | Parkassist | Autoreverse,,,Avant,,1499 CM³
https://www.automobile.tn/fr/neuf/bmw/serie-1-5p/118i-pack-m-pro,bmw,serie-1-5p,118i-pack-m-pro,209 900 ,,Métallisée,Calorifuges,M anthracite,,8.4 s,,1459 mm,,4361 mm,Triangle de présignalisation | Trousse de premiers secours,À distance,,5,,5 ans (2+3),,,,,,Éléctrique,,Étriers rouges | Sport M,,,,Velours,,,,Frontaux | Latéraux | Rideaux,Électriques | Fonction mémoire | Sport,,Sport M | Régulation adaptative,,,240 nm 1500 tr/min,Ouvrant | Panoramique,Live Cockpit Professional | 10.25 pouces,,Avec fonction freinage,,5,300 L,,,,,,,,,,Alcantara/Veganza Schwarz avec surpiqûres bleues,,,,,,USB-C | Android Auto | Apple Carplay | Bluetooth | Chargeur de téléphone sans fil,,,Démarrage mains libres,,Inserts décoratifs M Aluminium mat Hexacube illuminés,,,8 CV,Automatique,,,,,Conducteur et passager,156 CH,FCW,,Accès mains libres,,,,Pack Sport M,Normal | Sport | Eco,,,,En aluminium | 19'',Anti-éblouissement,DBC,Adaptative,,,Tactile | 10.7 pouces,LDW,,,,Shadow Line,Noire | Sport M,Automatique | Bizone,,,Ouverture et fermeture motorisées,Avant/Arrière,,,Essence,3,1800 mm,,,Traction,,,,6.4 L/100 km,,,Électriques | Rabattables | Avec clignotants intégrés,,,,Compacte,Disponible,,,226 KM/H,12 haut-parleurs | Harman/Kardon | Commandes au volant,,,En hauteur et en profondeur,,,,,,,,3,,Cuir | Multi-fonctions | M | Sport | Avec palettes,,Feux de jour | Avant | Arrières,8.2 L/100 km,7,5.3 L/100 km,,,,,,,DSC,Full LED | Adaptatifs | Shadow Line M,Radar de recul | Radar avant | Système de caméras 360 | Parkassist | Autoreverse,,,Avant,,1499 CM³
https://www.automobile.tn/fr/neuf/byd/song-plus/1.5-l-dm-i,byd,song-plus,1.5-l-dm-i,156 990 ,,Métallisée,,,,8.3 s,,1670 mm,,4775 mm,Triangle de présignalisation | Extincteur,À distance,,5,,6 ans ou 150.000 km | Batterie garantie 8 ans ou 200.000 km,970 km,,,90 km,,Éléctrique | EPB,,,,,,,,LED,,Frontaux | Latéraux | Rideaux,Conducteur à réglage électrique | 6 directions | Avec Appuie-tête intégrés,,,TPMS,,220 nm 1600 tr/min,Ouvrant | Panoramique,12.3 pouces,,Cruise control,,5,552 L,,,,,,130 CH,,,,Similicuir,,,,,,2 USB | 2 USB-C | Android Auto | Apple Carplay | Bluetooth | Commande vocale | 1 fente pour carte SD | Chargeur de téléphone sans fil,Aluminium,,Démarrage mains libres,,,,HHC,7 CV,Automatique,,,,,Conducteur,265 CH,,,Accès mains libres | Démarrage à distance,,,,,Normal | Sport | Eco,,18.3 kWh,,En aluminium | 19'',,EBD | HBA | VDC,,,Poches aumônières | Porte-lunettes,Tactile | 12.8 pouces | Rotatif,,,,,Chrome,Chromée,Automatique | Bizone | Ventilation arrière,,,Ouverture et fermeture motorisées,Avant/Arrière,300 nm,,Essence | Hybride rechargeable,3,1890 mm,,,Traction,,,,5.1 L/100 km,,GPS,Électriques | Rabattables | Éclairage d'accueil à LED,,1 prise 12 V | Chargeur inversé (V2L),,SUV,Disponible,,,180 KM/H,9 haut-parleurs | Commandes au volant,,,En hauteur et en profondeur,,,204 CH,,,,,4,,Similicuir | 3 branches | Multi-fonctions,,Feux de jour | Avant | Arrières | Clignotants à défilement,,,,,,,,,,ESC | TCS,LED,Radar de recul | Radar avant | Système de caméras 360,,,Avant | Arrière,Pare-chocs | Poignées de portes | Rétroviseurs,1497 CM³
https://www.automobile.tn/fr/neuf/ssangyong/musso/2.2-l-diesel-4wd-crm,ssangyong,musso,2.2-l-diesel-4wd-crm,139 800 ,,,,,,N.C,,1840 mm,,5095 mm,,À distance,,5,,3 ans,,,,,,,,,,ARP,,,,,,Frontaux,,,,TPMS,,400 nm 1400 tr/min,,10.25 pouces,,Cruise control,,4,,,,,,,,,,790 KG,Tissu,,,,,,USB | Android Auto | Apple Carplay | Bluetooth,,,Démarrage mains libres,,,,HSA,7 CV,Manuelle,,,Cuir,,Conducteur,181 CH,,,Accès mains libres,,,,,Eco | Power | Winter,,,,En aluminium | 17'',Anti-éblouissement,EBD | ESS,,,Porte-lunettes,Tactile | 12 pouces,,,,,,,Automatique | Bizone,,,,Avant/Arrière,,,Diesel,,1950 mm,,,Intégrale,,,,8.6 L/100 km,,,Électriques | Rabattables | Dégivrants | Avec clignotants intégrés,,1 prise 12 V,,Pick up,Disponible,,,185 KM/H,6 haut-parleurs | Commandes au volant,,,En hauteur,,,,,,,,4,,Cuir,,,10.9 L/100 km,6,7.2 L/100 km,,,,HDC,LED,,ESP,Bi-xénon,Radar de recul | Radar avant | Caméra de recul,,,Avant | Arrière,Poignées de portes | Rétroviseurs,2157 CM³
https://www.automobile.tn/fr/neuf/ssangyong/musso/2.2-l-diesel-4wd-bva,ssangyong,musso,2.2-l-diesel-4wd-bva,158 645 ,,,,,,N.C,,1840 mm,,5095 mm,,À distance,,5,,3 ans,,,,,,,,,,ARP,,,,,,Frontaux,,,,TPMS,,400 nm 1400 tr/min,,12.3 pouces,,Cruise control,,4,,,,,,,,,,790 KG,Tissu,,,,,,USB | Android Auto | Apple Carplay | Bluetooth,,,Démarrage mains libres,,,,HSA,7 CV,Automatique,,,Cuir,,Conducteur,181 CH,,,Accès mains libres,,,,,Eco | Power | Winter,,,,En aluminium | 18'',Anti-éblouissement,EBD,,,Porte-lunettes,Tactile | 9.2 pouces,,,,,,,Automatique,,,,Avant/Arrière,,,Diesel,,1950 mm,,,Intégrale,,,,8.6 L/100 km,,,Électriques | Rabattables | Avec clignotants intégrés,,1 prise 12 V,,Pick up,Indisponible,,,185 KM/H,6 haut-parleurs | Commandes au volant,,,En hauteur,,,,,,,,4,,Cuir,,,10.9 L/100 km,6,7.2 L/100 km,,,,,LED,,ESP,Bi-xénon,Radar de recul | Radar avant | Caméra de recul,,,Avant | Arrière,Poignées de portes | Rétroviseurs,2157 CM³
https://www.automobile.tn/fr/neuf/fiat/scudo-combi/2.0-l-hdi-9-places,fiat,scudo-combi,2.0-l-hdi-9-places,159 000 ,,,Lunette et vitres arrières sur-teintées,,142 g/km,10.3 s,,1890 mm,,4956 mm,,À distance,,9,,3 ans,,,,,,,,,,,,,,,,Frontaux | Latéraux | Rideaux,Réglage lombaire,,,,,370 nm 2000 tr/min,,,,,,5 | 1 porte latérale coulissante,N.C,,,,,,,,,,Tissu,,,,,,USB | Bluetooth,,,,,,,Hill assist,8 CV,Manuelle,,,,,,150 CH,,,,,,,,,,,,17'',,,,,,,,,,,,,Manuelle,,,,Avant,,,Diesel,,1920 mm,,,Traction,,,,5.4 L/100 km,,,Électriques | Rabattables | Dégivrants,,1 prise 12 V,,Monospace,3 mois | Sur arrivage,,,185 KM/H,Commandes au volant | Radio numérique DAB,,,En hauteur et en profondeur,,,,,,,,4,,Multi-fonctions,,,6.1 L/100 km,6,5 L/100 km,,,,,,,ESC,,Radar de recul,,,Avant conducteur,Pare-chocs,1997 CM³
https://www.automobile.tn/fr/neuf/fiat/scudo-combi/2.0-l-hdi-ulysse-9-places,fiat,scudo-combi,2.0-l-hdi-ulysse-9-places,165 000 ,,,Lunette et vitres arrières sur-teintées,,142 g/km,10.3 s,,1890 mm,,4956 mm,,À distance,,9,,3 ans,,,,,,,,,,,,,,,,Frontaux | Latéraux | Rideaux,Réglage lombaire,,,,,370 nm 2000 tr/min,,,,,,5 | 2 portes latérales coulissantes,N.C,,,,,,,,,,Tissu,,,,,,USB | Bluetooth,,,,,,,Hill assist,8 CV,Manuelle,,,,,,150 CH,,,,,,,,,,,,17'',,,,,,,,,,,,,Automatique | Bizone | Ventilation arrière,,,,Avant,,,Diesel,,1920 mm,,,Traction,,,,5.4 L/100 km,,,Électriques | Rabattables | Dégivrants,,1 prise 12 V,,Monospace,3 mois | Sur arrivage,,,185 KM/H,Commandes au volant | Radio numérique DAB,,,En hauteur et en profondeur,,,,,,,,4,,Multi-fonctions,,,6.1 L/100 km,6,5 L/100 km,,,,,,,ESP,,Radar de recul,,,Avant conducteur,Pare-chocs,1997 CM³
https://www.automobile.tn/fr/neuf/hyundai/staria/2.2-crdi,hyundai,staria,2.2-crdi,159 600 ,,,,,,12.4 s,,1990 mm,,5253 mm,,À distance,,11,,5 ans ou 100000 km,,,,,,,,,,,,,,,,Frontaux | Latéraux,,,,,,430 nm 1500 tr/min,,,,,,5,,,,,,,,,,,Tissu,,,,,,2 USB | Bluetooth,,,,,,,,8 CV,Manuelle,,,,,,177 CH,,,,,,,,Normal | Sport | Eco,,,,,,,,,,,,,,,,,Manuelle,,,,Avant,,,Diesel,,1997 mm,,,Traction,,,,8.7 L/100 km,,,Électriques | Rabattables,,1 prise 12 V,,Monospace,Disponible,,,185 KM/H,,,,En hauteur et en profondeur,,,,,,,,4,,Multi-fonctions,,,,6,,,,,,,,,,Radar de recul,,,,,2199 CM³
https://www.automobile.tn/fr/neuf/toyota/hilux/2.4-l-diesel-d-4d-4x4-double-cabine,toyota,hilux,2.4-l-diesel-d-4d-4x4-double-cabine,159 800 ,,,,,,13.2 s,,1815 mm,,5330 mm,,À distance,,5,,3 ans ou 100.000 km,,,,,,,,,,,,,,,,Frontaux | Latéraux | Rideaux | Genoux conducteur,,2.35 m²,,,,400 nm 1600 tr/min,,,Arrière,,,4,,,,,,,,,,850 KG,Tissu,,,,,,Android Auto | Apple Carplay | Bluetooth,,,,,,,HAC,8 CV,Manuelle,,,,,,150 CH,,,,,,,,,,,,17'',,,,,,8 pouces,,,,,,Chromée,Manuelle,,,,Avant/Arrière,,,Diesel,,1800 mm,,,Intégrale,,,,7 L/100 km,,,Électriques,,,,Pick up,Disponible,,,170 KM/H,,,,En hauteur et en profondeur,,,,,,,,4,,Multi-fonctions,,,8.2 L/100 km,6,6.3 L/100 km,,,,,,,VSC,,,,,,,2393 CM³
https://www.automobile.tn/fr/neuf/toyota/hilux/2.4-l-diesel-d-4d-4x4-bva-double-cabine,toyota,hilux,2.4-l-diesel-d-4d-4x4-bva-double-cabine,192 900 ,,,,,,13.2 s,,1815 mm,,5330 mm,,À distance,,5,,3 ans ou 100.000 km,,,,,,,,,,,,,,,,Frontaux | Genoux conducteur,,2.35 m²,,,,400 nm 1600 tr/min,,,Arrière,,,4,,,,,,,,,,850 KG,Tissu | Surpiqures,,,,,,Android Auto | Apple Carplay | Bluetooth,,,Démarrage mains libres,,,,HAC,8 CV,Automatique,,,,,Conducteur,150 CH,,,Accès mains libres,,,,,,,,,En aluminium | 17'',,,,,,8 pouces,,,,,,Chromée | Noire,Automatique | Bizone | Ventilation arrière,,,,Avant/Arrière,,,Diesel,,1800 mm,,,Intégrale,,,,7 L/100 km,,,Électriques,,1 prise 12 V,,Pick up,Disponible,,,170 KM/H,,,,En hauteur et en profondeur,,,,,,,,4,,Multi-fonctions,,Feux de jour | Avant | Arrières,8.2 L/100 km,6,6.3 L/100 km,,,,,LED,,VSC,LED,Radar de recul | Radar avant | Caméra de recul,,,Avant | Arrière,,2393 CM³
https://www.automobile.tn/fr/neuf/mg/rx9/2.0-t,mg,rx9,2.0-t,164 950 ,,,Lunette et vitres arrières sur-teintées,,,9.0 s,,1786 mm,,4983 mm,,À distance,,7,,5 ans,,,,,,Éléctrique | EPB,,,,,,,,,,Frontaux | Latéraux,Conducteur à réglage électrique | Réglage lombaire,,,TPMS,,360 nm 4000 tr/min,Ouvrant | Panoramique,12.3 pouces,,,,5,,,,,,,,,,,,,,,,,2 USB | Android Auto | Apple Carplay | Bluetooth,,,Démarrage mains libres,,,,Autohold,11 CV,Automatique,,,,,Conducteur et passager,205 CH,,,Accès mains libres,,,,,Confort | Sport | Eco,,,,En aluminium | 20'',Anti-éblouissement,EBD | VDC,,,,Tactile | 12.3 pouces,,,,,,,Automatique | 3 zones | Ventilation arrière,,,Ouverture et fermeture motorisées,Avant/Arrière,,,Essence,,1967 mm,1026 L,,Traction,,,,11.8 L/100 km,,,Électriques | Rabattables | Dégivrants | Avec clignotants intégrés,,,,SUV,4 mois,,,220 KM/H,8 haut-parleurs | Commandes au volant,,,En hauteur et en profondeur,,,,,,,,4,,Cuir | Multi-fonctions,,Feux de jour | Avant | Arrières,,9,,,,,HDC,,,ESP | TCS | CBC,,Radar de recul | Système de caméras 360,,,Avant | Arrière,,1995 CM³
https://www.automobile.tn/fr/neuf/bmw/serie-2-gran-coupe/218i-collection-edition-speciale,bmw,serie-2-gran-coupe,218i-collection-edition-speciale,165 900 ,,Métallisée +3000 DT,Lunette et vitres arrières sur-teintées | Calorifuges,Anthracite,,8.6 s,,1445 mm,,4546 mm,Triangle de présignalisation | Trousse de premiers secours,À distance,,5,,5 ans (2+3),,,,,,Éléctrique,,,,,,Velours,,,,Frontaux | Latéraux | Rideaux,Électriques | Fonction mémoire,,,,,230 nm 1500 tr/min,,10.25 pouces | BMW Live Plus,,Avec fonction freinage,,4,360 L,,,,,,,,,,Tissu | Arktur anthrazit,,,,,,USB-C | Android Auto | Apple Carplay | Bluetooth | Chargeur de téléphone sans fil,,,Démarrage mains libres,,Inserts décoratifs Aluminium Graphite illuminés,,,8 CV,Automatique,,,,,Conducteur et passager,156 CH,FCW,,Accès mains libres,,,,,Confort | Sport | Eco,,,,En aluminium | 17'',Anti-éblouissement,DBC,,,,Tactile | 10.7 pouces,LDW,,,,Alu satiné,,Automatique | Bizone,,,,Avant/Arrière,,,Essence,3,1800 mm,,,Traction,,,,6.3 L/100 km,,,Électriques | Rabattables | Avec clignotants intégrés,,,,Berline,Disponible,,,230 KM/H,6 haut-parleurs | Commandes au volant,,,En hauteur et en profondeur,,,,,,,,3,,Cuir | Multi-fonctions,,Feux de jour | Avant | Arrières,8.1 L/100 km,7,5.2 L/100 km,,,,,,,DSC,Full LED | Adaptatifs,Radar de recul | Radar avant | Caméra de recul | Parkassist | Autoreverse,,,Avant,,1499 CM³
https://www.automobile.tn/fr/neuf/bmw/serie-2-gran-coupe/218i-business-line,bmw,serie-2-gran-coupe,218i-business-line,181 900 ,,Métallisée +3000 DT,Lunette et vitres arrières sur-teintées | Calorifuges,,,8.6 s,,1445 mm,,4546 mm,Triangle de présignalisation | Trousse de premiers secours,À distance,,5,,5 ans (2+3),,,,,,Éléctrique,,,,,,Velours,,,,Frontaux | Latéraux | Rideaux,Électriques | Fonction mémoire,,,,,230 nm 1500 tr/min,,10.25 pouces | BMW Live Plus,,Avec fonction freinage,,4,360 L,,,,,,,,,,Tissu | Arktur anthrazit,,,,,,USB-C | Android Auto | Apple Carplay | Bluetooth | Chargeur de téléphone sans fil,,,Démarrage mains libres,,Inserts décoratifs Aluminium Graphite illuminés,,,8 CV,Automatique,,,,,Conducteur et passager,156 CH,FCW,,Accès mains libres | Digital Key Card,,,,,Confort | Sport | Eco,,,,En aluminium | 17'',Anti-éblouissement,DBC,,,,Tactile | 10.7 pouces,LDW,,,,Alu satiné,,Automatique | Bizone,,,,Avant/Arrière,,,Essence,3,1800 mm,,,Traction,,,,6.3 L/100 km,,,Électriques | Rabattables | Avec clignotants intégrés,,,,Berline,Disponible,,Teleservices | Connected+,230 KM/H,6 haut-parleurs | Commandes au volant,,,En hauteur et en profondeur,,,,,,,,3,,Cuir | Multi-fonctions,,Feux de jour | Avant | Arrières,8.1 L/100 km,7,5.2 L/100 km,,,,,,,DSC,Full LED | Adaptatifs,Radar de recul | Radar avant | Caméra de recul | Parkassist | Autoreverse,,,Avant,,1499 CM³
https://www.automobile.tn/fr/neuf/bmw/serie-2-gran-coupe/218i-lounge,bmw,serie-2-gran-coupe,218i-lounge,197 900 ,,Métallisée +3000 DT,Lunette et vitres arrières sur-teintées | Calorifuges,,,8.6 s,,1445 mm,,4546 mm,Triangle de présignalisation | Trousse de premiers secours,À distance,,5,,5 ans (2+3),,,,,,Éléctrique,,,,,,Velours,,,,Frontaux | Latéraux | Rideaux,Électriques | Fonction mémoire | Sport,,,,,230 nm 1500 tr/min,Ouvrant | Panoramique | En verre,10.25 pouces | BMW Live Plus,,Avec fonction freinage,,4,360 L,,,,,,,,,,Veganza perforé,,,,,,USB-C | Android Auto | Apple Carplay | Bluetooth | Chargeur de téléphone sans fil,,,Démarrage mains libres,,Inserts décoratifs Aluminium Graphite illuminés,,,8 CV,Automatique,,,,,Conducteur et passager,156 CH,FCW,,Accès mains libres | Digital Key Card,,,,,Confort | Sport | Eco,,,,En aluminium | 18'' | Bi-ton,Anti-éblouissement,DBC,,,,Tactile | 10.7 pouces,LDW,,,,Alu satiné,,Automatique | Bizone,,,,Avant/Arrière,,,Essence,3,1800 mm,,,Traction,,,,6.3 L/100 km,,,Électriques | Rabattables | Avec clignotants intégrés,,,,Berline,Disponible,,Teleservices | Connected+,230 KM/H,6 haut-parleurs | Commandes au volant,,,En hauteur et en profondeur,,,,,,,,3,,Cuir | Multi-fonctions,,Feux de jour | Avant | Arrières,8.1 L/100 km,7,5.2 L/100 km,,,,,,,DSC,Full LED | Adaptatifs,Radar de recul | Radar avant | Caméra de recul | Parkassist | Autoreverse,,,Avant,,1499 CM³
https://www.automobile.tn/fr/neuf/bmw/serie-2-gran-coupe/218i-pack-m,bmw,serie-2-gran-coupe,218i-pack-m,203 900 ,,Métallisée +3000 DT,Lunette et vitres arrières sur-teintées | Calorifuges,M anthracite,,8.6 s,,1445 mm,,4546 mm,Triangle de présignalisation | Trousse de premiers secours,À distance,,5,,5 ans (2+3),,,,,,Éléctrique,,,,,,Velours,,,,Frontaux | Latéraux | Rideaux,Électriques | Fonction mémoire | Sport,,Sport M | Régulation adaptative,,,230 nm 1500 tr/min,Ouvrant | Panoramique | En verre,10.25 pouces | BMW Live Plus,,Avec fonction freinage,,4,360 L,,,,,,,,,,Alcantara/Veganza Schwarz avec surpiqûres bleues,,,,,,USB-C | Android Auto | Apple Carplay | Bluetooth | Chargeur de téléphone sans fil,,,Démarrage mains libres,,Inserts décoratifs M Aluminium mat Hexacube illuminés,,,8 CV,Automatique,,,,,Conducteur et passager,156 CH,FCW,,Accès mains libres | Digital Key Card,,,,Pack Sport M,Confort | Sport | Eco,,,,En aluminium | 18'' | Bi-ton,Anti-éblouissement,DBC,,,,Tactile | 10.7 pouces,LDW,,,,Noir Brillant | Shadow Line,Noire | Sport M,Automatique | Bizone,,,,Avant/Arrière,,,Essence,3,1800 mm,,,Traction,,,,6.3 L/100 km,,,Électriques | Rabattables | Avec clignotants intégrés,,,,Berline,Disponible,,Teleservices | Connected+,230 KM/H,6 haut-parleurs | Commandes au volant,,,En hauteur et en profondeur,,,,,,,,3,,Cuir | Multi-fonctions | M | Sport | Avec palettes,,Feux de jour | Avant | Arrières,8.1 L/100 km,7,5.2 L/100 km,,,,,,,DSC,Full LED | Adaptatifs,Radar de recul | Radar avant | Caméra de recul | Parkassist | Autoreverse,,,Avant,,1499 CM³
https://www.automobile.tn/fr/neuf/bmw/serie-2-gran-coupe/218i-pack-m-pro,bmw,serie-2-gran-coupe,218i-pack-m-pro,223 900 ,,,Lunette et vitres arrières sur-teintées | Calorifuges,M anthracite,,8.6 s,,1445 mm,,4546 mm,Triangle de présignalisation | Trousse de premiers secours,À distance,,5,,5 ans (2+3),,,,,,Éléctrique,,Étriers rouges | Sport M,,,,Velours,,,,Frontaux | Latéraux | Rideaux,Électriques | Fonction mémoire | Avec Appuie-tête intégrés | Sport,,Sport M | Régulation adaptative,,,230 nm 1500 tr/min,Ouvrant | Panoramique | En verre,Live Cockpit Professional | 10.25 pouces,,Avec fonction freinage,,4,360 L,,,Acier inoxydable brossé,,,,,,,Alcantara/Veganza Schwarz avec surpiqûres bleues,,,,,,USB-C | Android Auto | Apple Carplay | Bluetooth | Chargeur de téléphone sans fil,,,Démarrage mains libres,,Inserts décoratifs M Aluminium mat Hexacube illuminés,,,8 CV,Automatique,,,,,Conducteur et passager,156 CH,FCW,,Accès mains libres | Digital Key Card,,,,Pack Sport M,Confort | Sport | Eco,,,,En aluminium | 19'' | M,Anti-éblouissement,DBC,,,,Tactile | 10.7 pouces,LDW,,,,Noir Brillant | Shadow Line,Noire | Sport M,Automatique | Bizone,,,,Avant/Arrière,,,Essence,3,1800 mm,,,Traction,,,,6.3 L/100 km,,,Électriques | Rabattables | Avec clignotants intégrés,,,,Berline,Disponible,,Teleservices,230 KM/H,12 haut-parleurs | Harman/Kardon | Commandes au volant | Système HiFi,,,En hauteur et en profondeur,,,,,,,,3,,Cuir | Multi-fonctions | M | Sport | Avec palettes,,Feux de jour | Avant | Arrières,8.1 L/100 km,7,5.2 L/100 km,,,,,,,DSC,Full LED | Adaptatifs | Shadow Line M,Radar de recul | Radar avant | Système de caméras 360 | Autoreverse | Parkassit Plus,,,Avant,,1499 CM³
https://www.automobile.tn/fr/neuf/audi/a3-berline/35-tfsi-dynamic-edition,audi,a3-berline,35-tfsi-dynamic-edition,165 990 ,,,Parebrise athermique | Lunette et vitres arrières sur-teintées,,,8.4 s,,1417 mm,,4504 mm,Triangle de présignalisation,À distance,,5,,3 ans,,,,,,Éléctrique,,,,,,,,LED,,Frontaux | Latéraux | Protège-tête,Chauffants | Réglage lombaire,,,,,250 nm 1500 tr/min,Panoramique | En verre,Audi Virtual Cockpit | 10.25 pouces,,,,4,425 L,,,,,,,,,,Tissu,,,,,,USB | USB-C | Android Auto | Apple Carplay | Bluetooth | Commande vocale | Chargeur de téléphone sans fil,,,Démarrage mains libres,,Style aluminium | Applications décoratives en peinture fine Gris Volcan,,Audi hold assist,8 CV,Automatique,,,,Aluminium,Conducteur et passager,150 CH,,,Accès mains libres,,,,,,,,,En aluminium | 17'',Anti-éblouissement  | Sans Cadre,,,,,Tactile | 10.1 pouces,,,,,Aluminium,,Automatique | 3 zones | Ventilation arrière,,,Ouverture mains libres,Avant/Arrière,,,Essence,,1816 mm,,,Traction,,,,5.4 L/100 km,,,Électriques | Rabattables | Dégivrants | Photosensibles | Avec clignotants intégrés,,,,Berline,Disponible,,,232 KM/H,MMI Radio Plus | Commandes au volant,,,En hauteur et en profondeur,,,,,,,,4,,Cuir | Multi-fonctions | Avec palettes,,Feux de jour | Avant | Arrières | Clignotants à défilement,,8,,,,,,,,ESP,Full LED | Adaptatifs | Signature LED,Radar de recul | Radar avant | Caméra de recul | Parkassist,,,Avant,,1395 CM³
https://www.automobile.tn/fr/neuf/toyota/rav-4-hybride/2.5-l-hybride,toyota,rav-4-hybride,2.5-l-hybride,168 500 ,,,Lunette et vitres arrières sur-teintées,,,8.4 s,,1690 mm,,4600 mm,,À distance,,5,,3 ans ou 100.000 km | Batterie garantie 5 ans ou 150.000 km,,,,,,Éléctrique,,,,,,,,,,Frontaux | Latéraux | Rideaux | Genoux,Conducteur à réglage électrique | Chauffants | Réglage lombaire | Fonction mémoire,,,,,221 nm 5200 tr/min,Ouvrant | Panoramique,,,,,5,580 L,,,,,,,,,,Cuir,,Ecran TFT 7'',,,,USB | Android Auto | Apple Carplay | AUX | Bluetooth | Chargeur de téléphone sans fil,,,Démarrage mains libres,,Noir brillant,,,9 CV,Automatique,,,Cuir,,Conducteur et passager,218 CH,,,Accès mains libres,,,,,Normal | Sport | Eco | EV Mode,,,,En aluminium | 18'',Anti-éblouissement,EBA | EBD,,,,Tactile | 8 pouces,,,,,Chrome,,Automatique | Bizone,,,,Avant/Arrière,,,Essence | Hybride,3,1855 mm,,,Traction,,,,4.8 L/100 km,,,Électriques | Rabattables | Dégivrants | Avec clignotants intégrés,,,,SUV,Disponible,,,180 KM/H,Commandes au volant,,,En hauteur et en profondeur,,,,,,,,4,,Cuir | Multi-fonctions,,Feux de jour | Arrières,5.0 L/100 km,7,4.8 L/100 km,,,,,,,VSC,Full LED,Radar de recul | Radar avant | Caméra de recul,Doubles,,Avant | Arrière,Poignées de portes,2478 CM³
https://www.automobile.tn/fr/neuf/hyundai/ioniq-5/58-kwh-2wd-hg,hyundai,ioniq-5,58-kwh-2wd-hg,168 950 ,5 heures,,Parebrise athermique | Lunette et vitres arrières sur-teintées,,0 g/km,8.5 s,AHBA,1605 mm,,4635 mm,,À distance,,5,,5 ans ou 100000 km | Batterie garantie 8 ans ou 160.000 KM,,,,384 km,DAW,Éléctrique,,,,,16.7 kWh/100 km,,,LED,,Frontaux | Latéraux | Rideaux | Centraux,Électriques | Chauffants | Fonction mémoire,,,,,350 nm 0 tr/min,Panoramique | En verre,12.3 pouces,,Adaptatif (ACC),Périmétrique,5,527 L,,1,,BCA,,,,,,Cuir,Niveau 2,,Électrique,,,USB | Android Auto | Apple Carplay | AUX | Bluetooth | Commande vocale | Chargeur de téléphone sans fil,,,Démarrage mains libres,TSR | Avec régulation de la vitesse,,,,3 CV,Automatique,,,,,Conducteur et passager,166 CH,,LKA | LFA,Accès mains libres,,,,,Normal | Sport | Eco | Neige,,58 kWh,,En aluminium | 19'' | Bi-ton,Anti-éblouissement,EBD | Système anti-collision avec détection des piétons | Freinage multi-collision,,,,Tactile | 10.25 pouces,,,,,,,Automatique | Bizone | Ventilation arrière,,,Ouverture et fermeture motorisées | Ouverture mains libres,Avant/Arrière,,,Electrique,3,1890 mm,1587 L,,Propulsion,57 L,,,,,Cartographie Tunisienne,Électriques | Rabattables | Dégivrants | Avec clignotants intégrés,,2 prises 12 V | Chargeur inversé (V2L),,SUV,Indisponible,,,185 KM/H,7 haut-parleurs | Haut-parleurs Bose | Commandes au volant | Subwoofer | Radio numérique DAB,,,En hauteur et en profondeur,Intelligent,18 minutes,,,,,,,,Chauffant | Multi-fonctions | Avec palettes,,Feux de jour | Avant | Arrières | Pixel LED,,,,Escamotables,,,,,,ESP,Pixel LED | Bi-LED,Radar de recul | Radar avant | Système de caméras 360 | Détection du trafic en marche arrière,,,Avant | Arrière,,
https://www.automobile.tn/fr/neuf/hyundai/ioniq-5/77-kwh-4wd-hg,hyundai,ioniq-5,77-kwh-4wd-hg,210 715 ,7.4 heures,,Parebrise athermique | Lunette et vitres arrières sur-teintées,,0 g/km,5.2 s,AHBA,1605 mm,,4635 mm,,À distance,,5,,5 ans ou 100000 km | Batterie garantie 8 ans ou 160.000 KM,,,,476 km,DAW,Éléctrique,,,,,19.1 kWh/100 km,,,LED,,Frontaux | Latéraux | Rideaux | Centraux,Électriques | Chauffants | Ventilés | Fonction mémoire,,,,,605 nm 0 tr/min,Panoramique | En verre,12.3 pouces,,Adaptatif (ACC),Périmétrique,5,527 L,,2,Aluminium,BCA,,,,,,Cuir,Niveau 2,,Électrique,,,USB | Android Auto | Apple Carplay | AUX | Bluetooth | Commande vocale | Chargeur de téléphone sans fil,,,Démarrage mains libres,TSR | Avec régulation de la vitesse,,,,6 CV,Automatique,,,,,Conducteur et passager,325 CH,,LKA | LFA,Accès mains libres,,,,,Normal | Sport | Eco | Neige,,77.4 kWh,,En aluminium | 20'' | Bi-ton,Anti-éblouissement,EBD | Système anti-collision avec détection des piétons | Freinage multi-collision,,,,Tactile | 12.3 pouces,,,,,,,Automatique | Bizone | Ventilation arrière,,,Ouverture et fermeture motorisées | Ouverture mains libres,Avant/Arrière,,,Electrique,3,1890 mm,1587 L,,Intégrale,24 L,,,,,,Électriques | Rabattables | Dégivrants | Avec clignotants intégrés,,2 prises 12 V | Chargeur inversé (V2L),,SUV,Disponible,,,185 KM/H,7 haut-parleurs | Haut-parleurs Bose | Commandes au volant | Subwoofer | Radio numérique DAB,,,En hauteur et en profondeur,Intelligent,18 minutes,,,,,,,,Chauffant | Multi-fonctions | Avec palettes,,Feux de jour | Avant | Arrières | Pixel LED,,,,Escamotables,,,,,,ESP,Pixel LED | Bi-LED,Radar de recul | Radar avant | Système de caméras 360 | Détection du trafic en marche arrière,,,Avant | Arrière,,
https://www.automobile.tn/fr/neuf/mercedes-benz/classe-a/200-progressive-sept-23,mercedes-benz,classe-a,200-progressive-sept-23,169 000 ,,+2000 DT | Blanche,Teintées,,,8.2 s,,1423 mm,,4419 mm,Triangle de présignalisation | Trousse de premiers secours,À distance,,5,,2 ans,,,,,Attention Assist,Éléctrique,,,,,,Velours,,,,Frontaux | Rideaux | Bassin,Confort,,Confort,,,270 nm 1620 tr/min,,7 pouces,,TEMPOMAT,,5,370 L,,,,,,,,,,Similicuir/Tissu,,,,,,USB-C | Bluetooth | Commande vocale,,,Démarrage mains libres,,Carbone foncé,,,9 CV,Automatique,,,,Aluminium,Conducteur et passager,163 CH,,,,,,,Progressive Line,Confort | Sport | Eco | Individual,,,,En aluminium | 17'',Anti-éblouissement  | Sans Cadre,BAS,,,,Tactile | 10.25 pouces,,,,,Chrome,Chromée,Automatique,,,,Avant/Arrière,,,Essence,3,1907 mm,,,Traction,,,,6 L/100 km,,,Électriques | Rabattables | Photosensibles | Avec clignotants intégrés,,,,Compacte,Disponible,,,225 KM/H,MBUX | Commandes au volant,,,En hauteur et en profondeur,,,,,,,,4,,Cuir | Multi-fonctions | 4 branches | Avec palettes,,Feux de jour | Avant | Arrières,,7,,,,,,,,ESP | ASR,LED Hautes performances,Radar de recul | Radar avant | Caméra de recul | Parktronic,,,Avant,,1332 CM³
https://www.automobile.tn/fr/neuf/mercedes-benz/classe-a/200-premium-sept-23,mercedes-benz,classe-a,200-premium-sept-23,182 000 ,,+2000 DT | Blanche,Teintées,,,8.2 s,,1423 mm,,4419 mm,Triangle de présignalisation | Trousse de premiers secours,À distance,,5,,2 ans,,,,,Attention Assist,Éléctrique,,,,,,Velours,,,,Frontaux | Rideaux | Bassin,Réglage lombaire | Sport,,Confort,,,270 nm 1620 tr/min,,10.25 pouces,,TEMPOMAT,,5,370 L,,,,,,,,,,Similicuir Artico,,,,,,USB-C | Android Auto | Apple Carplay | Bluetooth | Commande vocale | Chargeur de téléphone sans fil,,,Démarrage mains libres,,Carbone foncé,,,9 CV,Automatique,,,,Aluminium,Conducteur et passager,163 CH,,,Accès mains libres,,,,Progressive Line,Confort | Sport | Eco | Individual,,,,En aluminium | 17'',Anti-éblouissement  | Sans Cadre,BAS,,,,Tactile | 10.25 pouces,,,,,Chrome,Chromée,Automatique,,,,Avant/Arrière,,,Essence,3,1907 mm,,,Traction,,,,6 L/100 km,,,Électriques | Rabattables | Photosensibles | Avec clignotants intégrés,,,,Compacte,Disponible,,,225 KM/H,MBUX | Commandes au volant,,,En hauteur et en profondeur,,,,,,,,4,,Cuir | Multi-fonctions | 4 branches | Avec palettes,,Feux de jour | Avant | Arrières,,7,,,,,,,,ESP | ASR,LED Hautes performances,Radar de recul | Radar avant | Caméra de recul | Parktronic,,,Avant,,1332 CM³
https://www.automobile.tn/fr/neuf/mercedes-benz/classe-a/200-amg-sept-23,mercedes-benz,classe-a,200-amg-sept-23,194 000 ,,+2000 DT | Blanche,Teintées,,,8.2 s,,1423 mm,,4419 mm,Triangle de présignalisation | Trousse de premiers secours,À distance,,5,,2 ans,,,,,Attention Assist,Éléctrique,,,,,,Velours,,,,Frontaux | Rideaux | Bassin,Réglage lombaire | Sport | Confort,,Confort,,,270 nm 1620 tr/min,,10.25 pouces,,TEMPOMAT,,5,370 L,,,,,,,,,,Similicuir Artico/Microfibre,,,,,,USB-C | Android Auto | Apple Carplay | Bluetooth | Commande vocale | Chargeur de téléphone sans fil,,,Démarrage mains libres,,Aluminium clair à stries longitudinales,,,9 CV,Automatique,,,,Aluminium,Conducteur et passager,163 CH,,,Accès mains libres,,,,Pack Sport AMG,Confort | Sport | Eco | Individual,,,,En aluminium | 18'',Anti-éblouissement  | Sans Cadre,BAS,,,,Tactile | 10.25 pouces,,,,,Chrome,Chromée,Automatique,,,,Avant/Arrière,,,Essence,3,1907 mm,,,Traction,,,,6 L/100 km,,,Électriques | Rabattables | Photosensibles | Avec clignotants intégrés,,,,Compacte,Disponible,,,225 KM/H,MBUX | Commandes au volant,,,En hauteur et en profondeur,,,,,,,,4,,Cuir | Multi-fonctions | Sport | à méplat | Avec palettes | 6 branches,,Feux de jour | Avant | Arrières,,7,,,,,,,,ESP | ASR,LED Hautes performances,Radar de recul | Radar avant | Caméra de recul | Parktronic,,,Avant,,1332 CM³
https://www.automobile.tn/fr/neuf/mini/countryman/1.5-l-bva-classic,mini,countryman,1.5-l-bva-classic,169 900 ,,,Calorifuges,,,8.3 s,,1656 mm,,4433 mm,Triangle de présignalisation,À distance,,5,,5 ans (2+3),,,,,,Éléctrique,,,,,,,,,,Frontaux | Latéraux | Rideaux,,,,,,240 nm 1400 tr/min,,,,Avec fonction freinage,,5,450 L,,,,,,,,,,Tissu | Schwarz | Vescin,,,,,,USB | Apple Carplay | AUX | Bluetooth | Commande vocale | Chargeur de téléphone sans fil,,,,,Classic,,,8 CV,Automatique,,,,,Conducteur et passager,156 CH,,,Accès mains libres | Digital Key Card,,,,,Normal | Sport | Eco,,,,En aluminium | 17'',Anti-éblouissement,,,,,Tactile | 9.4 pouces | Circulaire | OLED,,,,,,,Automatique,,,Ouverture et fermeture motorisées,Avant/Arrière,,,Essence,,2069 mm,,,Traction,,,,5.9 L/100 km,,GPS,Électriques | Rabattables | Dégivrants,,,,SUV,Disponible,,Teleservices | Connected+,212 KM/H,6 haut-parleurs | Commandes au volant,,,En hauteur et en profondeur,,,,,,,,3,,Cuir | Chauffant | Multi-fonctions | Sport,,,7.1 L/100 km,7,5.2 L/100 km,,,,,,,ESP,Full LED | Adaptatifs,Radar de recul | Radar avant | Caméra de recul | Parkassist,,,Avant,,1499 CM³
https://www.automobile.tn/fr/neuf/mini/countryman/1.5-l-bva-favoured,mini,countryman,1.5-l-bva-favoured,199 900 ,,,Calorifuges,Anthracite,,8.3 s,,1656 mm,,4433 mm,Triangle de présignalisation,À distance,,5,,5 ans (2+3),,,,,,Éléctrique,,,,,,,,,,Frontaux | Latéraux | Rideaux,Électriques | Fonction mémoire | Sport,,,,,240 nm 1400 tr/min,Ouvrant | En verre,,,Avec fonction freinage,,5,450 L,,,,,,,,,,Vescin | Vintage Brown,,,,,,USB | Apple Carplay | AUX | Bluetooth | Commande vocale | Chargeur de téléphone sans fil,,,,TSR,Favoured,,,8 CV,Automatique,,,,,Conducteur et passager,156 CH,FCW,,Accès mains libres | Digital Key Card,,,,,Normal | Sport | Eco,,,,En aluminium | 19'' | Bi-ton,Anti-éblouissement,Freinage automatique anti-collision (AEB),,,,Tactile | 9.4 pouces | Circulaire | OLED,,,,,,,Automatique,,,Ouverture et fermeture motorisées,Avant/Arrière,,,Essence,,2069 mm,,,Traction,,,,5.9 L/100 km,,GPS,Électriques | Rabattables | Dégivrants,,,,SUV,Disponible,,Teleservices | Connected+,212 KM/H,12 haut-parleurs | Harman/Kardon | Commandes au volant,,,En hauteur et en profondeur,,,,,,,,3,,Cuir | Chauffant | Multi-fonctions | Sport,,,7.1 L/100 km,7,5.2 L/100 km,,,,,,,ESP,Full LED | Adaptatifs,Radar de recul | Radar avant | Système de caméras 360 | Parkassist,,,Avant,,1499 CM³
https://www.automobile.tn/fr/neuf/peugeot/traveller/2.0-l-hdi-9-places,peugeot,traveller,2.0-l-hdi-9-places,169 900 ,,,Lunette et vitres arrières sur-teintées,,139 g/km,11 s,,1890 mm,,4983 mm,,À distance,,9,,3 ans,,,,,,,,,,,,,,,,Frontaux | Latéraux,Réglage lombaire,,,,,370 nm 2000 tr/min,,,,,,5 | 2 portes latérales coulissantes,507 L,,,,,,,,,,Tissu | Bi-ton,,,Électrique,,,USB | Android Auto | Apple Carplay | Bluetooth | Commande vocale | Mirrorlink,,,,,,,,8 CV,Manuelle,,,,,,150 CH,,,,,,,,,,,,17'' | Enjoliveurs,,AFU,,,,Tactile | 10 pouces,,,,,,,Automatique | Bizone,,,,Avant,,,Diesel,,1920 mm,,,Traction,,,,5.5 L/100 km,,,Électriques | Rabattables | Dégivrants,,2 prises 12 V,,Monospace,3 mois,,,170 KM/H,Commandes au volant | Radio numérique DAB,,,En hauteur et en profondeur,,,,,,,,4,,Multi-fonctions,,Feux de jour | Avant,6 L/100 km,5,5.2 L/100 km,,,,,,,ESP | ASR,Full LED,Radar de recul,,,Avant conducteur,Pare-chocs | Poignées de portes,1997 CM³
https://www.automobile.tn/fr/neuf/ford/ranger/2.0-l-170-ch-4x4-bvm-xlt,ford,ranger,2.0-l-170-ch-4x4-bvm-xlt,145 000 ,,,Pare-brise en verre feuilleté,,,11.6 s,,1884 mm,,5370 mm,,À distance,,5,,3 ans ou 60.000 km,,,,,,,,,,,,,,,,Frontaux | Latéraux | Rideaux | Genoux | Centraux,,2.40 m²,,,,405 nm 1750 tr/min,,Digital Cockpit | 8 pouces,Arrière,,,4,,,,,,,,,,1100 KG,Tissu,,,,,,USB | USB-C | Bluetooth | Commande vocale,,,,,,,,9 CV,Manuelle,,,Cuir,,Conducteur et passager,170 CH,,,,,,,,,,,,En aluminium | 18'' | Roue de secours en Aluminium,,,,,,Tactile | 10.1 pouces,,,,,,Chromée,Manuelle,,,,Avant/Arrière,,,Diesel,3,1918 mm,,,Intégrale,,,,6.5 L/100 km,,,Électriques | Dégivrants | Avec clignotants intégrés,,2 prises 12 V,,Pick up,1 mois,,,180 KM/H,6 haut-parleurs,,,En hauteur et en profondeur,,,,,,,,4,,Cuir | Multi-fonctions,,,8.2 L/100 km,6,7.1 L/100 km,,,,,,,ESP,,Radar de recul | Caméra de recul,,,Avant | Arrière,Pare-chocs | Poignées de portes | Rétroviseurs,1996 CM³
https://www.automobile.tn/fr/neuf/ford/ranger/2.0-l-170-ch-4x4-bva-xlt,ford,ranger,2.0-l-170-ch-4x4-bva-xlt,170 000 ,,,Pare-brise en verre feuilleté,,203 g/km,11.6 s,,1884 mm,,5370 mm,,À distance,,5,,3 ans ou 60.000 km,,,,,,,,,,,,,,,,Frontaux | Latéraux | Rideaux | Genoux | Centraux,,2.40 m²,,,,405 nm 1750 tr/min,,Digital Cockpit | 8 pouces,Arrière,,,4,,,,,,,,,,1080 KG,Tissu,,,,,,USB | USB-C | Bluetooth | Commande vocale,,,,,,,,7 CV,Automatique,,,Cuir,,Conducteur et passager,170 CH,,,,,,,,,,,,En aluminium | 18'' | Roue de secours en Aluminium,,,,,,Tactile | 10.1 pouces,,,,,,Chromée,Manuelle,,,,Avant/Arrière,,,Diesel,3,1918 mm,,,Intégrale,,,,7.9 L/100 km,,,Électriques | Dégivrants | Avec clignotants intégrés,,2 prises 12 V,,Pick up,Disponible,,,180 KM/H,6 haut-parleurs,,,En hauteur et en profondeur,,,,,,,,4,,Cuir | Multi-fonctions,,,9.8 L/100 km,6,6.9 L/100 km,,,,,,,ESP,,Radar de recul | Caméra de recul,,,Avant | Arrière,Pare-chocs | Poignées de portes | Rétroviseurs,1996 CM³
https://www.automobile.tn/fr/neuf/ford/ranger/2.0-l-tdi-210-ch-4x4-bva-wildtrak,ford,ranger,2.0-l-tdi-210-ch-4x4-bva-wildtrak,230 000 ,,,Pare-brise en verre feuilleté,,199 g/km,10.5 s,AHBA,1884 mm,,5370 mm,,À distance,Chromés,5,,3 ans ou 60.000 km,,,,,,Éléctrique,,,,,,Velours,,,,Frontaux | Latéraux | Rideaux | Genoux | Centraux,Conducteur à réglage électrique | 8 directions | Chauffants,,,,,500 nm 1750 tr/min,,Digital Cockpit | 8 pouces,Arrière,,Volumétrique | Anti-soulèvement,4,,,,,,,,,,1020 KG,Cuir,,,,,,USB | USB-C | Bluetooth | Commande vocale | Chargeur de téléphone sans fil,Argent,,Démarrage mains libres,,,,,5 CV,Automatique,,,Cuir,,Conducteur et passager,210 CH,,,Accès mains libres,,,,,,,,,En aluminium | 18'' | Roue de secours en Aluminium | Medium Boulder Grey,,Système anti-collision avec détection des piétons | Freinage multi-collision,,,Porte-lunettes,Tactile | 12.1 pouces,,,,Similicuir,,Medium Boulder Grey,Automatique | Bizone,,,,Avant/Arrière,,,Diesel,3,1918 mm,,,Intégrale,,,,7.5 L/100 km,,,Électriques | Rabattables | Dégivrants | Chromés | Avec clignotants intégrés | Éclairage d'accueil à LED,,2 prises 230 V,,Pick up,Disponible,,,180 KM/H,6 haut-parleurs,,,En hauteur et en profondeur,,,,,,,,4,1.3 m³,Cuir | Multi-fonctions,Électrique | Ouverture et fermeture à distance,Feux de jour | Avant | Arrières,8.8 L/100 km,10,6.8 L/100 km,,,,,LED,,ESP,Full LED,Radar de recul | Radar avant | Caméra de recul,,,Avant | Arrière,Pare-chocs | Poignées de portes,1996 CM³
https://www.automobile.tn/fr/neuf/mercedes-benz/classe-a-berline/200-progressive-sept-23,mercedes-benz,classe-a-berline,200-progressive-sept-23,170 000 ,,+2000 DT | Blanche,Teintées,,,8.2 s,,1430 mm,,4560 mm,Triangle de présignalisation | Trousse de premiers secours,À distance,,5,,2 ans,,,,,Attention Assist,Éléctrique,,,,,,Velours,,,,Frontaux | Rideaux | Bassin,Confort,,Confort,,,270 nm 1620 tr/min,,7 pouces,,TEMPOMAT,,5,405 L,,,,,,,,,,Similicuir/Tissu,,,,,,USB-C | Bluetooth | Commande vocale,,,Démarrage mains libres,,Carbone foncé,,,9 CV,Automatique,,,,Aluminium,Conducteur et passager,163 CH,,,,,,,Progressive Line,Confort | Sport | Eco | Individual,,,,En aluminium | 17'',Anti-éblouissement  | Sans Cadre,BAS,,,,Tactile | 10.25 pouces,,,,,Chrome,Chromée,Automatique,,,,Avant/Arrière,,,Essence,3,1800 mm,,,Traction,,,,6 L/100 km,,,Électriques | Rabattables | Photosensibles | Avec clignotants intégrés,,,,Berline,Disponible,,,225 KM/H,MBUX | Commandes au volant,,,En hauteur et en profondeur,,,,,,,,4,,Cuir | Multi-fonctions | 4 branches | Avec palettes,,Feux de jour | Avant | Arrières,,7,,,,,,,,ESP | ASR,LED Hautes performances,Radar de recul | Radar avant | Caméra de recul | Parktronic,,,Avant,,1332 CM³
https://www.automobile.tn/fr/neuf/mercedes-benz/classe-a-berline/200-premium-sept-23,mercedes-benz,classe-a-berline,200-premium-sept-23,182 000 ,,+2000 DT | Blanche,Teintées,,,8.2 s,,1430 mm,,4560 mm,Triangle de présignalisation | Trousse de premiers secours,À distance,,5,,2 ans,,,,,Attention Assist,Éléctrique,,,,,,Velours,,,,Frontaux | Rideaux | Bassin,Réglage lombaire | Confort,,Confort,,,270 nm 1620 tr/min,,10.25 pouces,,TEMPOMAT,,5,405 L,,,,,,,,,,Similicuir Artico,,,,,,USB-C | Android Auto | Apple Carplay | Bluetooth | Commande vocale | Chargeur de téléphone sans fil,,,Démarrage mains libres,,Carbone foncé,,,9 CV,Automatique,,,,Aluminium,Conducteur et passager,163 CH,,,Accès mains libres,,,,Progressive Line,Confort | Sport | Eco | Individual,,,,En aluminium | 17'',Anti-éblouissement  | Sans Cadre,BAS,,,,Tactile | 10.25 pouces,,,,,Chrome,Chromée,Automatique,,,,Avant/Arrière,,,Essence,3,1800 mm,,,Traction,,,,6 L/100 km,,,Électriques | Rabattables | Photosensibles | Avec clignotants intégrés,,,,Berline,Disponible,,,225 KM/H,MBUX | Commandes au volant,,,En hauteur et en profondeur,,,,,,,,4,,Cuir | Multi-fonctions | 4 branches | Avec palettes,,Feux de jour | Avant | Arrières,,7,,,,,,,,ESP | ASR,LED Hautes performances,Radar de recul | Radar avant | Caméra de recul | Parktronic,,,Avant,,1332 CM³
https://www.automobile.tn/fr/neuf/mercedes-benz/classe-a-berline/200-amg-sept-23,mercedes-benz,classe-a-berline,200-amg-sept-23,195 000 ,,+2000 DT | Blanche,Teintées,,,8.2 s,,1430 mm,,4560 mm,Triangle de présignalisation | Trousse de premiers secours,À distance,,5,,2 ans,,,,,Attention Assist,Éléctrique,,,,,,Velours,,,,Frontaux | Rideaux | Bassin,Réglage lombaire | Sport | Confort,,Confort,,,270 nm 1620 tr/min,,10.25 pouces,,TEMPOMAT,,5,405 L,,,,,,,,,,Similicuir Artico/Microfibre,,,,,,USB-C | Android Auto | Apple Carplay | Bluetooth | Commande vocale | Chargeur de téléphone sans fil,,,Démarrage mains libres,,Aluminium clair à stries longitudinales,,,9 CV,Automatique,,,,Aluminium,Conducteur et passager,163 CH,,,Accès mains libres,,,,Pack Sport AMG,Confort | Sport | Eco | Individual,,,,En aluminium | 18'',Anti-éblouissement  | Sans Cadre,BAS,,,,Tactile | 10.25 pouces,,,,,Chrome,Chromée,Automatique,,,,Avant/Arrière,,,Essence,3,1800 mm,,,Traction,,,,6 L/100 km,,,Électriques | Rabattables | Photosensibles | Avec clignotants intégrés,,,,Berline,Disponible,,,225 KM/H,MBUX | Commandes au volant,,,En hauteur et en profondeur,,,,,,,,4,,Cuir | Multi-fonctions | Sport | à méplat | Avec palettes | 6 branches,,Feux de jour | Avant | Arrières,,7,,,,,,,,ESP | ASR,LED Hautes performances,Radar de recul | Radar avant | Caméra de recul | Parktronic,,,Avant,,1332 CM³
https://www.automobile.tn/fr/neuf/honda/civic-hybride/2.0-l-e-hev,honda,civic-hybride,2.0-l-e-hev,171 990 ,,,,,,7.1 s,,1432 mm,,4679 mm,,À distance,,5,,3 ans ou 100.000 km,,,,,,Éléctrique,,,,,,,,,,Frontaux | Latéraux | Rideaux,,,,,,189 nm 4500 tr/min,Ouvrant,7 pouces,,,,4,419 L,,2,,,,,,,,Cuir,,,EPS | Électrique,,,2 USB | Android Auto | Apple Carplay | Bluetooth | Commande vocale,,,Démarrage mains libres,,,,Autohold | HSA,7 CV,Automatique,,,,,Conducteur et passager,143 CH,,,Accès mains libres | Démarrage à distance,,,,,Normal | Sport | Eco,,,,En aluminium | 17'',Anti-éblouissement,EBA | EBD | ESS,,,Porte-lunettes,Tactile | 9 pouces,,,,,,Noire,Automatique | Bizone | Ventilation arrière,,,,Avant/Arrière,315 nm,,Essence | Hybride,3,1802 mm,,,Traction,,,,4.0 L/100 km,,,Électriques | Dégivrants | Avec clignotants intégrés,,1 prise 12 V,,Berline,Disponible,,,180 KM/H,4 haut-parleurs | Commandes au volant,,,En hauteur et en profondeur,,,184 CH,,,,,4,,Cuir | Multi-fonctions,,Feux de jour | Avant | Arrières,2.3 L/100 km,,5.0 L/100 km,,,,,LED,,VSA,Full LED,Radar de recul | Radar avant | Caméra de recul,,,Avant | Arrière,Pare-chocs | Poignées de portes | Rétroviseurs,1993 CM³
https://www.automobile.tn/fr/neuf/cupra/terramar/1.4-tsi,cupra,terramar,1.4-tsi,172 980 ,,,Lunette et vitres arrières sur-teintées | Athermiques,,139 g/km,9.3 s,,1584 mm,,4519 mm,,À distance,,5,,3 ans,,,,,,Éléctrique,,,,,,,,,,Frontaux | Latéraux | Genoux | Protège-tête,Électriques | Chauffants | Réglage lombaire | Fonction mémoire | Sport,,,,,250 nm 1400 tr/min,Ouvrant | Panoramique,10.25 pouces,XDS,,,5,400 L,,,,,,,,,,Tissu,,,Dynamique,,,USB-C | Android Auto | Apple Carplay | Bluetooth | Commande vocale | Chargeur de téléphone sans fil | Mirrorlink,,,Démarrage mains libres,,,,,8 CV,Automatique,,,,Eclairés | Baguettes dans les baies de porte,Conducteur et passager,150 CH,,,Accès mains libres,,,,,Confort | Individual | Cupra | Performance,,,,En aluminium | 19'',Anti-éblouissement,,,,Poches aumônières,Tactile | 12.9 pouces,,,,,,,Automatique | 3 zones,,,Ouverture et fermeture motorisées | Ouverture mains libres,Avant/Arrière,,,Essence,3,1863 mm,,,Traction,,,,6.1 L/100 km,,GPS,Électriques | Rabattables | Dégivrants | Mémoire de position | Avec clignotants intégrés | Éclairage d'accueil à LED,,,,SUV,En pré-commande,,,205 KM/H,6 haut-parleurs,,,En hauteur et en profondeur,,,,,,,,4,,Cuir | Multi-fonctions | Sport | Avec palettes,,Feux de jour | Avant | Arrières | Clignotants à défilement,,7,,,,,,,,ESC,Adaptatifs | Matrix LED,Radar de recul | Radar avant | Système de caméras 360 | Parkassist,,,Avant,,1395 CM³
https://www.automobile.tn/fr/neuf/cupra/terramar/1.4-tsi-sport,cupra,terramar,1.4-tsi-sport,184 980 ,,,Lunette et vitres arrières sur-teintées | Athermiques,,139 g/km,9.3 s,,1584 mm,,4519 mm,,À distance,,5,,3 ans,,,,,,Éléctrique,,,,,,,,,,Frontaux | Latéraux | Genoux | Protège-tête,Électriques | Chauffants | Réglage lombaire | Fonction mémoire | Sport,,,,,250 nm 1400 tr/min,Ouvrant | Panoramique,10.25 pouces,XDS,,,5,400 L,,,,,,,,,,Cuir,,,Dynamique,,,USB-C | Android Auto | Apple Carplay | Bluetooth | Commande vocale | Chargeur de téléphone sans fil | Mirrorlink,,,Démarrage mains libres,,,,,8 CV,Automatique,,,,Eclairés | Baguettes dans les baies de porte,Conducteur et passager,150 CH,,,Accès mains libres,,,,,Confort | Individual | Cupra | Performance,,,,En aluminium | 20'',Anti-éblouissement,,,,Poches aumônières,Tactile | 12.9 pouces,,,,,,,Automatique | 3 zones,,,Ouverture et fermeture motorisées | Ouverture mains libres,Avant/Arrière,,,Essence,3,1863 mm,,,Traction,,,,6.1 L/100 km,,GPS,Électriques | Rabattables | Dégivrants | Mémoire de position | Avec clignotants intégrés | Éclairage d'accueil à LED,,,,SUV,En pré-commande,,,205 KM/H,11 haut-parleurs | Subwoofer | Sennheiser,,,En hauteur et en profondeur,,,,,,,,4,,Cuir | Multi-fonctions | Sport | Avec palettes,,Feux de jour | Avant | Arrières | Clignotants à défilement,,7,,,,,,,,ESC,Adaptatifs | Matrix LED,Radar de recul | Radar avant | Système de caméras 360 | Parkassist,,,Avant,,1395 CM³
https://www.automobile.tn/fr/neuf/kia/sportage-hybride/1.6-l-t-gdi-4x2-gt-line,kia,sportage-hybride,1.6-l-t-gdi-4x2-gt-line,174 980 ,,,Lunette et vitres arrières sur-teintées,,,8 s,,1645 mm,,4515 mm,,À distance,,5,,5 ans,,,,,DAW,Éléctrique,,,,,,,,LED | 64 couleurs,,Frontaux | Latéraux | Rideaux | Centraux,Électriques | Chauffants | Ventilés,,,,,350 nm 1500 tr/min,Ouvrant | Panoramique,12.3 pouces,,Adaptatif (ACC),,5,587 L,,,,,,,,,,Cuir | Suède,,,,,,USB | Android Auto | Apple Carplay | Bluetooth | Commande vocale | Chargeur de téléphone sans fil,,,Démarrage mains libres,TSR,,,HAC,10 CV,Automatique,,,,,Conducteur et passager,230 CH,,LKA | LFA,Accès mains libres,,,,GT-Line,Sport | Eco,,,TSA,En aluminium | 18'',Anti-éblouissement,EBD |  Freinage automatique anti-collision (AEB) | FCA,,,,Tactile | 12.3 pouces,,,,,,,Automatique | Bizone,,,Ouverture et fermeture motorisées,Avant/Arrière,,,Essence | Hybride,,1865 mm,,,Traction,,,,5.5 L/100 km,,,Électriques | Dégivrants | Avec clignotants intégrés,,,,SUV,Disponible,,,193 KM/H,Commandes au volant,,,En hauteur et en profondeur,,,,,,,,4,,Cuir | Chauffant | Multi-fonctions | Sport | Avec palettes,,Feux de jour | Avant | Arrières,,6,,,,,DBC,LED,,ESC,Adaptatifs | Matrix LED,Radar de recul | Radar avant | Caméra de recul | Détection du trafic en marche arrière,,,Avant | Arrière,,1598 CM³
https://www.automobile.tn/fr/neuf/kia/sportage-hybride/1.6-l-t-gdi-4x4-gt-line,kia,sportage-hybride,1.6-l-t-gdi-4x4-gt-line,189 980 ,,Bi-ton,Lunette et vitres arrières sur-teintées,,,8.3 s,,1645 mm,,4515 mm,,À distance,,5,,5 ans,,,,,DAW,Éléctrique,,,,,,,,LED | 64 couleurs,,Frontaux | Latéraux | Rideaux | Centraux,Électriques | Chauffants | Ventilés | Fonction mémoire,,,,,350 nm 1500 tr/min,Ouvrant | Panoramique,12.3 pouces,,Adaptatif (ACC),,5,587 L,,,,,,,,,,Cuir | Suède,,,,,,USB | Android Auto | Apple Carplay | Bluetooth | Commande vocale | Chargeur de téléphone sans fil,,,Démarrage mains libres,TSR,,,HAC,10 CV,Automatique,,,,,Conducteur et passager,230 CH,,LKA | LFA,Accès mains libres,,,,GT-Line,Sport | Eco,,,TSA,En aluminium | 18'',Anti-éblouissement,EBD |  Freinage automatique anti-collision (AEB) | FCA,ECS,,,Tactile | 12.3 pouces,,,,,,,Automatique | Bizone,,,Ouverture et fermeture motorisées,Avant/Arrière,,,Essence | Hybride,,1865 mm,,,Intégrale,,,,6.2 L/100 km,,,Électriques | Dégivrants | Avec clignotants intégrés,,,,SUV,Disponible,,,193 KM/H,Commandes au volant,,,En hauteur et en profondeur,,,,,,,,4,,Cuir | Chauffant | Multi-fonctions | Sport | Avec palettes,,Feux de jour | Avant | Arrières,,6,,,,,DBC,LED,,ESC,Adaptatifs | Matrix LED,Radar de recul | Radar avant | Caméra de recul | Détection du trafic en marche arrière,,,Avant | Arrière,,1598 CM³
https://www.automobile.tn/fr/neuf/mini/5-portes/1.5-l-cooper-favoured,mini,5-portes,1.5-l-cooper-favoured,166 900 ,,,Lunette et vitres arrières sur-teintées | Calorifuges,Anthracite,,8 s,,1464 mm,,4036 mm,Triangle de présignalisation | Trousse de premiers secours,À distance,,5,,5 ans (2+3),,,,,,Éléctrique,,Sport John Cooper Works,,,,,,,,Frontaux | Latéraux | Rideaux,Sport,,,,,230 nm 1480 tr/min,Panoramique | En verre,,,Avec fonction freinage | Driving Assistant,,5,275 L,,,,,,,,,,Vescin | Nightshade Blue,,,,,,USB-C | Android Auto | Apple Carplay | Bluetooth | Commande vocale | Chargeur de téléphone sans fil,,,Démarrage mains libres,,Noir brillant,,,,Automatique,,,,,Conducteur et passager,156 CH,RCW,,Accès mains libres | Digital Key Card,,,,,Normal | Sport | Eco | MINI Experience,,,,En aluminium | 18'',Anti-éblouissement,,Adaptative,,,Tactile | 9.4 pouces,,,,,,,Automatique | Bizone,,,,Avant/Arrière,,,Essence,,1744 mm,,,Traction,,,,6.3 L/100 km,,GPS | Réalité augmentée,Électriques | Rabattables | Dégivrants | Avec clignotants intégrés,,,,Citadine,Disponible,,Teleservices | Connected+ Unlimited,225 KM/H,6 haut-parleurs | Commandes au volant,,,En hauteur et en profondeur,,,,,,,,3,,Chauffant | Sport,,Feux de jour | Avant | Arrières,6.8 L/100 km,7,6.1 L/100 km,,,,,,,,Full LED | Adaptatifs,Radar de recul | Radar avant | Caméra de recul | Parkassist | Park distance control,,,Avant,,1499 CM³
https://www.automobile.tn/fr/neuf/mini/5-portes/1.5-l-cooper-jcw,mini,5-portes,1.5-l-cooper-jcw,175 900 ,,,Lunette et vitres arrières sur-teintées,Anthracite,,8 s,,1464 mm,,4036 mm,Triangle de présignalisation,À distance,,5,,5 ans (2+3),,,,,,Éléctrique,,Sport John Cooper Works,,,,,,,,Frontaux | Latéraux | Rideaux,Sport,,,,,230 nm 1480 tr/min,Panoramique | En verre,,,Avec fonction freinage | Driving Assistant,,5,275 L,,,,,,,,,,Vescin | Nightshade Blue,,,,,,USB-C | Android Auto | Apple Carplay | Bluetooth | Commande vocale | Chargeur de téléphone sans fil,,,,,Noir brillant,,,,Automatique,,,,,Conducteur et passager,156 CH,RCW,,Accès mains libres | Digital Key Card,,,,,Normal | Sport | Eco | MINI Experience,,,,En aluminium | 17'',Anti-éblouissement,,Adaptative,,,Tactile | 9.4 pouces,,,,,,,Automatique | Bizone,,,,Avant/Arrière,,,Essence,,1744 mm,,,Traction,,,,6.3 L/100 km,,GPS,Électriques | Rabattables | Dégivrants | Avec clignotants intégrés,,,,Citadine,Disponible,,Teleservices | Connected+ Unlimited,225 KM/H,6 haut-parleurs | Commandes au volant,,,En hauteur et en profondeur,,,,,,,,3,,Chauffant | Sport | JCW,,Feux de jour | Avant | Arrières,6.8 L/100 km,7,6.1 L/100 km,,,,,,,,Full LED | Adaptatifs,Radar de recul | Radar avant | Caméra de recul | Parkassist | Park distance control,,,Avant,,1499 CM³
https://www.automobile.tn/fr/neuf/omoda-jaecoo/8/1.5-tgdi-shs-4wd,omoda-jaecoo,8,1.5-tgdi-shs-4wd,176 900 ,5.5 heures,Bi-ton | +2000 DT,Acoustiques,,,5.4 s,,1710 mm,RCTA,4820 mm,,À distance,,5,,7 ans ou 200000 km | Batterie garantie 8 ans,,,,160 km,DMS,Éléctrique | EPB,,,,,,,,LED | 128 couleurs,,Frontaux | Latéraux | Rideaux | Genoux conducteur,Électriques | Chauffants | Massants | Ventilés | Réglage lombaire | Fonction mémoire,,,TPMS,,215 nm 2500 tr/min,Ouvrant | Panoramique,12.3 pouces,,Adaptatif (ACC),,5,738 L,,,,BSD,,,,,,Similicuir,Niveau 2 | TJA,,,,,2 USB | 2 USB-C | Android Auto | Apple Carplay | Bluetooth | Commande vocale | Chargeur de téléphone sans fil,,,Démarrage mains libres,,,,,7 CV,Automatique,,,,,Conducteur,537 CH,FCW,LCA | LDP | ELK,Accès mains libres | Démarrage à distance,,,,,Normal | Sport | Eco | Offroad | Sable | Neige,,34.46 kWh,,En aluminium | 20'',Anti-éblouissement,BAS | EBD | Système anti-collision avec détection des piétons | BOS,,,Poches aumônières,Tactile | 12.3 pouces,LDW,,,,,,Automatique | Bizone | Capteur de qualité de l'air,,,Ouverture à distance,Avant/Arrière,310 nm,,Essence | Hybride rechargeable,,1930 mm,,,Intégrale,,,,6.8 L/100 km,,GPS,Électriques | Rabattables | Dégivrants | Avec clignotants intégrés,,2 prises 12 V,,SUV,Disponible,,,180 KM/H,14 haut-parleurs | Commandes au volant | Sony,,,En hauteur et en profondeur,,20 minutes,421 CH,,,,,4,,Cuir | 3 branches | Chauffant | Multi-fonctions,,Feux de jour | Avant | Arrières,,,,,,,,,,ESP,Full LED,Radar de recul | Radar avant | Système de caméras 540°,,,Avant | Réfrigéré | Arrière,,1499 CM³
https://www.automobile.tn/fr/neuf/nissan/navara/2.5-dci-4x4-bva-double-cabine,nissan,navara,2.5-dci-4x4-bva-double-cabine,179 500 ,,,,,,10.1 s,,1815 mm,,5260 mm,,À distance,,5,,2 ans,,,,,,,,,,,,,,,,Frontaux | Latéraux,Conducteur à réglage électrique,,,,,450 nm 2000 tr/min,,,,,,4,,,,,,,,,,915 KG,Cuir,,,Adaptative,,,USB | AUX | Bluetooth,,,,,,,HSA,10 CV,Automatique,,,Cuir,,Conducteur et passager,190 CH,,,,,,,Elargisseurs d'ailes,,,,TSA,En aluminium | 18'',,VDC,,,,8 pouces,,,,,,Chromée | Noire,Automatique | Bizone | Ventilation arrière,,,,Avant/Arrière,,,Diesel,,1860 mm,,,Intégrale,,,,8.1 L/100 km,,,Électriques,,2 prises 12 V,,Pick up,Disponible,,,180 KM/H,Commandes au volant,,,En hauteur,,,,,,,,4,,Multi-fonctions,,Avant | Arrières,,7,,Chromées,,,,,,ESP,LED,Radar de recul | Caméra de recul | Détection du trafic en marche arrière,,,Avant | Arrière,Pare-chocs | Rétroviseurs,2488 CM³
https://www.automobile.tn/fr/neuf/mg/cyberster/77-kwh-rwd,mg,cyberster,77-kwh-rwd,179 950 ,6 heures,,,,,5.0 s,,1329 mm,,4535 mm,,À distance,,2,,7 ans ou 150.000 km,,,,507 km,,Éléctrique,,,,,16.7 kWh/100 km,,,,,Frontaux | Protège-tête,Électriques | Chauffants | Fonction mémoire,,,,,475 nm 0 tr/min,,7 pouces | 10.25 pouces,,Adaptatif (ACC),,2,249 L,,1,,,,,,,,Alcantara/Similicuir,Niveau 2,,,,,Android Auto | Apple Carplay | Bluetooth,,,Démarrage mains libres,TSR | Avec régulation de la vitesse,,,Autohold,11 CV,,,,,,Conducteur et passager,340 CH,FCW,,Accès mains libres,,,,,Confort | Sport | Supersport,,77 kWh,,En aluminium | 19'',Anti-éblouissement,AFU |  Freinage automatique anti-collision (AEB),,,,Tactile | 7 pouces,,Ouverture et fermeture motorisées,,,,,Automatique | Bizone,,,,Avant,,,Electrique,,1913 mm,,,Propulsion,,,,,,,Électriques | Rabattables | Dégivrants | Avec clignotants intégrés | Éclairage d'accueil à LED,,,,Cabriolet,Sur commande,,,200 KM/H,8 haut-parleurs | Haut-parleurs Bose | Commandes au volant,,,En hauteur et en profondeur,,26 minutes,,,,,,,,Cuir | Multi-fonctions,,Feux de jour | Avant | Arrières,,,,,,,,,,ESP,LED,Radar de recul | Radar avant | Système de caméras 360,,,,,
https://www.automobile.tn/fr/neuf/hyundai/tucson/1.6-l-t-gdi-7-dct-4wd-top-grade,hyundai,tucson,1.6-l-t-gdi-7-dct-4wd-top-grade,180 000 ,,,Parebrise athermique | Lunette et vitres arrières sur-teintées,,,9 s,,1650 mm,,4500 mm,,À distance,,5,,5 ans,,,,,,Éléctrique,,,,,,,,,,Frontaux | Latéraux | Rideaux | Centraux,Électriques | Ventilés | Réglage lombaire | Fonction mémoire,,,,,265 nm 1500 tr/min,Ouvrant | Panoramique,10.25 pouces,,Adaptatif (ACC),Périmétrique,5,539 L,,,,,,,,,,Cuir,,,Électrique,,,USB | Android Auto | Apple Carplay | AUX | Bluetooth | Commande vocale | Chargeur de téléphone sans fil,,,Démarrage mains libres,,,,HAC,10 CV,Automatique,,,Cuir,Baguettes dans les baies de porte,Conducteur et passager,180 CH,,LKA | LFA,Accès mains libres,,,,,Confort | Sport | Eco,,,,En aluminium | 19'',Anti-éblouissement,EBD | DBC |  Freinage automatique anti-collision (AEB) | FCA,,,Poches aumônières | Porte-lunettes,Tactile | 10.25 pouces,,,,Cuir,Chrome,Noire,Automatique | Bizone | Ventilation arrière,,,Ouverture et fermeture motorisées,Avant/Arrière,,,Essence,,1865 mm,,,Intégrale,,,,6.3 L/100 km,,GPS,Électriques | Rabattables | Dégivrants | Avec clignotants intégrés,,1 prise 12 V,,SUV,Disponible,,,201 KM/H,6 haut-parleurs | Haut-parleurs Bose | Commandes au volant,,,En hauteur et en profondeur,,,,,,,,4,,Cuir | Multi-fonctions | Avec palettes,,Feux de jour | Avant | Arrières,7.9 L/100 km,7,5.4 L/100 km,Chromées,,,DBC,LED,,ESP,Full LED,Radar de recul | Radar avant | Système de caméras 360,,,Arrière | Avant conducteur,Rétroviseurs,1598 CM³
https://www.automobile.tn/fr/neuf/ssangyong/torres/1.5-l-t-gdi-bva,ssangyong,torres,1.5-l-t-gdi-bva,184 580 ,,,Teintées | Lunette et vitres arrières sur-teintées | Acoustiques,,,9.4 s,,1710 mm,,4700 mm,,À distance,,5,,3 ans ou 100.000 km,,,,,DAW,Éléctrique,,,,,,,,30 Couleurs,,Frontaux | Latéraux,Conducteur à réglage électrique | Chauffants | Ventilés | Réglage lombaire,,,TPMS,,280 nm 1500 tr/min,Ouvrant,12.5 pouces,,Cruise control,,5,703 L,,,,BSD,,,,,,Cuir | Nappa,,,Électrique,,,USB | Android Auto | Apple Carplay | Bluetooth | iPod | Chargeur de téléphone sans fil,,,Démarrage mains libres,,Chromée,,Autohold,9 CV,Automatique,,,,,Conducteur et passager,163 CH,,LKA,Accès mains libres,,,,,Normal | Sport | Winter,,,,En aluminium | 20'',Anti-éblouissement,,,,,Tactile | 9 pouces,LDW,,,,Chrome,Chromée,Automatique | Bizone,,,Ouverture et fermeture motorisées | Cache Bagages,Avant/Arrière,,,Essence,,1890 mm,,,Intégrale,,,,8.5 L/100 km,,,Électriques | Rabattables | Avec clignotants intégrés | Éclairage d'accueil à LED,,2 prises 12 V,,SUV,Indisponible,,,191 KM/H,4 haut-parleurs | Commandes au volant,,,En hauteur,,,,,,,,4,,Cuir | Chauffant | Multi-fonctions | Avec palettes,,Feux de jour | Avant | Arrières,,6,,,,,,,,ESP,Full LED,Radar de recul | Radar avant | Caméra de recul | Détection du trafic en marche arrière,,,Avant | Arrière,Pare-chocs | Poignées de portes | Rétroviseurs,1497 CM³
https://www.automobile.tn/fr/neuf/hyundai/tucson-hybride/1.6-l-t-gdi-bva-6-2wd-intuitive,hyundai,tucson-hybride,1.6-l-t-gdi-bva-6-2wd-intuitive,169 950 ,,,Athermiques,,,8 s,,1650 mm,,4500 mm,,À distance,,5,,5 ans,,,,,,Éléctrique,,,,,,,,,,Frontaux | Latéraux | Rideaux | Centraux,Électriques | Ventilés | Réglage lombaire | Fonction mémoire,,,,,350 nm 1500 tr/min,Ouvrant | Panoramique,12.3 pouces,,,Périmétrique,5,539 L,,,,,,,,,,Cuir,,,Électrique,,,USB | Android Auto | Apple Carplay | AUX | Bluetooth | Commande vocale | Chargeur de téléphone sans fil,,,Démarrage mains libres,,,,HAC,9 CV,Automatique,,,Cuir,Baguettes dans les baies de porte,Conducteur et passager,230 CH,,,Accès mains libres,,,,,Sport | Eco,,,,En aluminium | 18'',Anti-éblouissement,DBC,,,Pack vide-poches et coffre à bagages | Poches aumônières,Tactile | 12.3 pouces,,,,Cuir,Chrome,Noire,Automatique | Bizone | Ventilation arrière,,,Ouverture et fermeture motorisées,Avant/Arrière,,,Essence | Hybride,3,1865 mm,,,Traction,,,,4.7 L/100 km,,GPS,Électriques | Rabattables | Dégivrants | Avec clignotants intégrés,,2 prises 12 V,,SUV,Disponible,,,193 KM/H,Commandes au volant,,,En hauteur et en profondeur,,,,,,,,4,,Cuir | Multi-fonctions | Avec palettes,,Feux de jour | Avant | Arrières,4.8 L/100 km,6,4.6 L/100 km,Chromées,,,,LED,,ESP,Full LED,Radar de recul | Radar avant | Caméra de recul,,,Avant | Arrière,Rétroviseurs,1598 CM³
https://www.automobile.tn/fr/neuf/hyundai/tucson-hybride/1.6-l-t-gdi-bva-6-2wd-top-grade,hyundai,tucson-hybride,1.6-l-t-gdi-bva-6-2wd-top-grade,185 000 ,,,Athermiques,,,8 s,,1650 mm,,4500 mm,,À distance,,5,,5 ans,,,,,,Éléctrique,,,,,,,,,,Frontaux | Latéraux | Rideaux | Centraux,Électriques | Ventilés | Réglage lombaire | Fonction mémoire,,,,,350 nm 1500 tr/min,Ouvrant | Panoramique,12.3 pouces,,Adaptatif (ACC),Périmétrique,5,539 L,,,,,,,,,,Cuir,,,Électrique,,,USB | Android Auto | Apple Carplay | AUX | Bluetooth | Commande vocale | Chargeur de téléphone sans fil,,,Démarrage mains libres,,,,HAC,9 CV,Automatique,,,Cuir,Baguettes dans les baies de porte,Conducteur et passager,230 CH,,LKA | LFA,Accès mains libres,,,,,Confort | Sport | Eco,,,,En aluminium | 19'',Anti-éblouissement,EBD | DBC |  Freinage automatique anti-collision (AEB) | FCA,,,Pack vide-poches et coffre à bagages | Poches aumônières,Tactile | 12.3 pouces,,,,Cuir,Chrome,Noire,Automatique | Bizone | Ventilation arrière,,,Ouverture et fermeture motorisées,Avant/Arrière,,,Essence | Hybride,3,1865 mm,,,Traction,,,,4.7 L/100 km,,GPS,Électriques | Rabattables | Dégivrants | Avec clignotants intégrés,,2 prises 12 V,,SUV,Disponible,,,193 KM/H,Haut-parleurs Bose | Commandes au volant,,,En hauteur et en profondeur,,,,,,,,4,,Cuir | Multi-fonctions | Sport | Avec palettes,,Feux de jour | Avant | Arrières,4.8 L/100 km,6,4.6 L/100 km,Chromées,,,,LED,,ESP,Full LED,Radar de recul | Radar avant | Système de caméras 360,,,Avant | Arrière,Rétroviseurs,1598 CM³
https://www.automobile.tn/fr/neuf/mini/3-portes/1.5-l-john-cooper-works,mini,3-portes,1.5-l-john-cooper-works,185 900 ,,,Calorifuges,Anthracite,,7.7 s,,1414 mm,,3863 mm,Triangle de présignalisation | Trousse de premiers secours,À distance,,5,,5 ans (2+3),,,,,,Éléctrique,,Sport John Cooper Works,,,,Velours,,,,Frontaux | Latéraux | Rideaux,Électriques | Chauffants | Fonction mémoire | Sport,,,,,230 nm 1400 tr/min,Ouvrant | Panoramique | En verre,,,Driving Assistant Plus,,3,210 L,,,,,,,,,,Schwarz | Vescin | Tricot,,,,,,USB-C | Android Auto | Apple Carplay | Bluetooth | Chargeur de téléphone sans fil,,,Démarrage mains libres,,,,,8 CV,Automatique,,,,,Conducteur et passager,156 CH,RCW,,Accès mains libres,,,,John Cooper Works,,,,,En aluminium | 18'' | Bi-ton,Anti-éblouissement,,Adaptative,,,Tactile,,,,,,,Automatique | Bizone,,,Ouverture et fermeture motorisées | Cache Bagages,Avant,,,Essence,,1727 mm,,,Traction,,,,5.5 L/100 km,,GPS,Électriques | Rabattables | Dégivrants,,,,Citadine,Disponible,,Teleservices | Connected+ Unlimited,225 KM/H,12 haut-parleurs | Harman/Kardon | Commandes au volant | Radio numérique DAB,,,En hauteur et en profondeur,,,,,,,,3,,Cuir | Chauffant | Multi-fonctions | Sport,,Feux de jour | Avant | Arrières,,6,,,,,,,,,Full LED,Radar de recul | Radar avant | Caméra de recul | Parkassist | Park distance control,,,Avant,,1499 CM³
https://www.automobile.tn/fr/neuf/volvo/xc40/2.0-l-plus-dark-23,volvo,xc40,2.0-l-plus-dark-23,189 900 ,,,Lunette et vitres arrières sur-teintées,,,8.6 s,,1652 mm,,4440 mm,Triangle de présignalisation | Trousse de premiers secours,À distance,,5,,3 ans ou 100.000 km,,,,,,Éléctrique,,,,,,,,,,Frontaux | Latéraux | Rideaux | Genoux conducteur,Électriques | Réglage lombaire | Fonction mémoire,,,,,265 nm 1500 tr/min,,12.3 pouces,,,,5,443 L,,,,,,,,,,Tissu,,,,,,4 USB-C | Apple Carplay | Bluetooth | Chargeur de téléphone sans fil,Noires,,Démarrage mains libres,,Aluminium brossé,,,9 CV,Automatique,,,Sport,Aluminium,Conducteur et passager,163 CH,,,Accès mains libres,,,,Dark,Sport,,,,En aluminium | 19'',Anti-éblouissement,EBD |  Freinage automatique anti-collision (AEB) | VDC,,,,Tactile | 9 pouces,,,,,Noir Brillant,Noire,Automatique | Bizone,,,Ouverture et fermeture motorisées | Ouverture mains libres,Avant/Arrière,,,Essence | Hybride léger,3 | Réglage électrique,1863 mm,,,Traction,,,,6.6 L/100 km,,,Électriques | Rabattables | Dégivrants | Mémoire de position,,1 prise 12 V,,SUV,Disponible,,,180 KM/H,8 haut-parleurs | Commandes au volant | YouTube / Amazon Prime,,,En hauteur et en profondeur,,,,,,,,4,,Similicuir | 3 branches | Multi-fonctions,,Feux de jour | Avant | Arrières,5.6 L/100 km,7,6.8 L/100 km,,,,,,,ESC | STC,Full LED | Adaptatifs,Radar de recul | Radar avant | Caméra de recul | Système de caméras 360,,,Avant | Arrière,,1969 CM³
https://www.automobile.tn/fr/neuf/volvo/xc40/2.0-l-ultimate-dark,volvo,xc40,2.0-l-ultimate-dark,209 900 ,,,Lunette et vitres arrières sur-teintées,,,8.6 s,,1652 mm,,4440 mm,Triangle de présignalisation | Trousse de premiers secours,À distance,,5,,3 ans ou 100.000 km,,,,,,Éléctrique,,,,,,,,,,Frontaux | Latéraux | Rideaux | Genoux conducteur,Électriques | Réglage lombaire | Fonction mémoire,,,,,265 nm 1500 tr/min,Ouvrant | Panoramique,12.3 pouces,,,,5,443 L,,,,,,,,,,Cuir | Suédine,,,,,,4 USB-C | Apple Carplay | Bluetooth | Chargeur de téléphone sans fil,Noires,,Démarrage mains libres,,Aluminium brossé,,,9 CV,Automatique,,,Sport,Aluminium,Conducteur et passager,163 CH,,,Accès mains libres,,,,Dark,Sport,,,,En aluminium | 19'',Anti-éblouissement,EBD |  Freinage automatique anti-collision (AEB) | VDC,,,,Tactile | 9 pouces,,,,,Noir Brillant,Noire,Automatique | Bizone,,,Ouverture et fermeture motorisées | Ouverture mains libres,Avant/Arrière,,,Essence | Hybride léger,3 | Réglage électrique,1863 mm,,,Traction,,,,6.6 L/100 km,,,Électriques | Rabattables | Dégivrants | Mémoire de position,,1 prise 12 V,,SUV,Disponible,,,180 KM/H,Harman/Kardon | Commandes au volant | 13 haut-parleurs | YouTube / Amazon Prime,,,En hauteur et en profondeur,,,,,,,,4,,Similicuir | 3 branches | Multi-fonctions,,Feux de jour | Avant | Arrières,5.6 L/100 km,7,6.8 L/100 km,,,,,LED,,ESC | STC,Full LED | Adaptatifs,Radar de recul | Radar avant | Caméra de recul | Système de caméras 360,,,Avant | Arrière,,1969 CM³
https://www.automobile.tn/fr/neuf/volvo/xc40/2.0-l-black-edition,volvo,xc40,2.0-l-black-edition,224 900 ,,,Lunette et vitres arrières sur-teintées,,,8.6 s,,1652 mm,,4440 mm,Triangle de présignalisation | Trousse de premiers secours,À distance,,5,,3 ans ou 100.000 km,,,,,,Éléctrique,,,,,,,,,,Frontaux | Latéraux | Rideaux | Genoux conducteur,Électriques | Réglage lombaire | Fonction mémoire,,,,,265 nm 1500 tr/min,Ouvrant | Panoramique,12.3 pouces,,,,5,443 L,,,,,,,,,,Cuir | Suédine,,,,,,4 USB-C | Apple Carplay | Bluetooth | Chargeur de téléphone sans fil,Noires,,Démarrage mains libres,,Aluminium brossé,,,9 CV,Automatique,,,Sport,Aluminium,Conducteur et passager,163 CH,,,Accès mains libres,,,,Dark,Sport,,,,En aluminium | 20'',Anti-éblouissement,EBD |  Freinage automatique anti-collision (AEB) | VDC,,,,Tactile | 9 pouces,,,,,Noir Brillant,Noire,Automatique | Bizone,,,Ouverture et fermeture motorisées | Ouverture mains libres,Avant/Arrière,,,Essence | Hybride léger,3 | Réglage électrique,1863 mm,,,Traction,,,,6.6 L/100 km,,,Électriques | Rabattables | Dégivrants | Mémoire de position,,1 prise 12 V,,SUV,Disponible,,,180 KM/H,Harman/Kardon | Commandes au volant | 13 haut-parleurs | YouTube / Amazon Prime,,,En hauteur et en profondeur,,,,,,,,4,,Similicuir | 3 branches | Multi-fonctions,,Feux de jour | Avant | Arrières,5.6 L/100 km,7,6.8 L/100 km,,,,,LED,,ESC | STC,Adaptatifs | Pixel LED,Radar de recul | Radar avant | Caméra de recul | Système de caméras 360,,,Avant | Arrière,,1969 CM³
https://www.automobile.tn/fr/neuf/mini/countryman-electric/42.5-kwh-favoured,mini,countryman-electric,42.5-kwh-favoured,189 900 ,6.5 heures,Métallisée,Calorifuges,Anthracite,,8.6 s,,1635 mm,,4445 mm,Triangle de présignalisation | Trousse de premiers secours,À distance,,4,,5 ans (2+3),,,,462 km,,Éléctrique,,,,,15.7 kWh/100 km,,,,,Frontaux | Latéraux | Protège-tête,Électriques | Réglage lombaire | Fonction mémoire | Sport,,,,,250 nm 0 tr/min,Ouvrant | Panoramique,,,Avec fonction freinage | Driving Assistant,,5,460 L,,1,,,,,,,,Vescin | Vintage Brown,,,,,,USB-C | Android Auto | Apple Carplay | Bluetooth | Commande vocale | Chargeur de téléphone sans fil,Noires,,Démarrage mains libres,,,,Autohold,N.C. CV,Automatique,,,,,Conducteur et passager,204 CH,FCW,,Accès mains libres,,,,,Normal | Sport | Eco | MINI Experience,,42.5 kWh,,En aluminium | 19'',Anti-éblouissement,Freinage automatique anti-collision (AEB),,,,Tactile | 9.4 pouces | Circulaire | OLED,LDW,,,,,,Automatique,,,Ouverture et fermeture motorisées,Avant/Arrière,,,Electrique,,1843 mm,,,Traction,,,,,,GPS | Réalité augmentée,Électriques | Rabattables | Dégivrants | Avec clignotants intégrés,,,,Citadine,Disponible,,eSim | Teleservices | Connected+ Unlimited | Connected+,170 KM/H,12 haut-parleurs | Harman/Kardon | Commandes au volant | Radio numérique DAB,,,En hauteur et en profondeur,,30 minutes,,,,,,,,Cuir | Chauffant | Multi-fonctions | Sport,,Feux de jour | Avant | Arrières,,,,,,,,,,DSC,Full LED | Adaptatifs,Radar de recul | Radar avant | Système de caméras 360 | Park distance control | Parkassit Plus,,,Avant,,
https://www.automobile.tn/fr/neuf/honda/accord/1.5-l-turbo-24,honda,accord,1.5-l-turbo-24,189 990 ,,,,,,8.3 s,HBSS,1452 mm,,4971 mm,,À distance,,5,,3 ans,,,,,,Éléctrique | EPB,,,,,,,,,,Frontaux | Latéraux | Rideaux | Genoux,Conducteur à réglage électrique | 8 directions | Réglage lombaire | Fonction mémoire,,,,,233 nm 1700 tr/min,Ouvrant,10.2 pouces,,Adaptatif (ACC) | Cruise control,,4,473 L,,,,,,,,,,Cuir perforé,,,EPS | Électrique,,,Android Auto | 4 USB-C | Apple Carplay | Bluetooth | Commande vocale | Chargeur de téléphone sans fil,,,Démarrage mains libres,,Noir brillant,,Autohold | HSA,10 CV,Automatique,,,Cuir,,Conducteur et passager,182 CH,FCW,LKA,Accès mains libres | Démarrage à distance,,,,,Normal | Sport | Eco,,,,En aluminium | 17'',,EBA | EBD | ESS | Système anti-collision avec détection des piétons |  Freinage automatique anti-collision (AEB) | EBB,,,Porte-lunettes,Tactile | 12.3 pouces,LDW,,,,Chrome,,Automatique | Bizone | Ventilation arrière,,,,Avant/Arrière,,,Essence,,1862 mm,,,Traction,,,,6.5 L/100 km,,,Électriques | Rabattables | Dégivrants | Avec clignotants intégrés,,,,Berline,Disponible,,,200 KM/H,12 haut-parleurs | Haut-parleurs Bose | Commandes au volant,Lane Watch,,En hauteur et en profondeur,,,,,,,,4,,Cuir | Multi-fonctions,,Feux de jour | Avant | Arrières,8.7 L/100 km,,5.2 L/100 km,,,,,LED,,VSA,Full LED,Radar de recul | Radar avant | Caméra de recul,,,Avant | Arrière,,1498 CM³
https://www.automobile.tn/fr/neuf/honda/cr-v/1.5-t-cvt-2025,honda,cr-v,1.5-t-cvt-2025,190 990 ,,,,,,8.7 s,,1690 mm,,4706 mm,,À distance,,7,,3 ans,,,,,,Éléctrique | EPB,,,,,,,,,,Frontaux | Latéraux | Rideaux | Genoux,Électriques | 12 directions | Fonction mémoire,,,TPMS,,240 nm 2000 tr/min,Ouvrant | Panoramique,10.2 pouces,,Adaptatif (ACC),,5,,,,,,,,,,,Cuir perforé,,,EPS | Électrique,,,Android Auto | 4 USB | Apple Carplay | Bluetooth | Commande vocale | Chargeur de téléphone sans fil,,,Démarrage mains libres,,,,Hill assist,11 CV,Automatique,,,,,Conducteur,190 CH,,LKA | RDM,Accès mains libres | Démarrage à distance,,,,,Normal | Sport | Eco,,,,En aluminium | 18'',Anti-éblouissement,EBA | EBD | ESS | Système anti-collision avec détection des piétons |  Freinage automatique anti-collision (AEB) | EBB,,,Porte-lunettes,Tactile | 9 pouces,,,,,Chrome,,Automatique | Bizone | Ventilation arrière,,,Ouverture et fermeture motorisées | Ouverture mains libres | Ouverture à distance,Avant/Arrière,,,Essence,,1866 mm,,,Intégrale,,,,8.4 L/100 km,,,Électriques | Rabattables | Avec clignotants intégrés,,1 prise 12 V,,SUV,Disponible,,,200 KM/H,Commandes au volant,Lane Watch,,En hauteur et en profondeur,,,,,,,,4,,Cuir | Multi-fonctions,,Feux de jour | Avant | Arrières,9.1 L/100 km,,7.6 L/100 km,,,,,LED,,VSA,Full LED,Radar de recul | Système de caméras 360,,,Avant | Arrière,Pare-chocs | Poignées de portes | Rétroviseurs,1498 CM³
https://www.automobile.tn/fr/neuf/great-wall/tank-300/2.0-l,great-wall,tank-300,2.0-l,194 900 ,,,Lunette et vitres arrières sur-teintées,,,6.8 s,,1930 mm,RCTA,4760 mm,,À distance,,5,,5 ans ou 150000 km | Batterie garantie 8 ans ou 150000 km,,,,,,Éléctrique,,,,,,,,64 couleurs,,Frontaux | Latéraux | Rideaux,Électriques | Ventilés | Réglage lombaire | Fonction mémoire,,,,,648 nm 1400 tr/min,Ouvrant,,Arrière | Avant | Central,Adaptatif (ACC),Périmétrique,5,400 L,,,,BSD,,,,,,Similicuir,Niveau 2 | TJA,,Électrique,,,USB | USB-C | Android Auto | Apple Carplay | Chargeur de téléphone sans fil,,,Démarrage mains libres,TSR,,,,14 CV,Automatique,,,,,Conducteur et passager,350 CH,FCW,LKA,Accès mains libres,,,,,Normal | Sport | Eco | Boue | Sable | Neige | Expert,,,,En aluminium | 18'',Anti-éblouissement,AFU | EBA | BAS |  Freinage automatique anti-collision (AEB),,,Porte-lunettes,Tactile | 12.3 pouces,LDW,,,,,,Automatique | Bizone,,,,Avant/Arrière,,,Essence | Hybride,,1927 mm,1635 L,,Intégrale,,,,8.4 L/100 km,,Boussole | Altimètre,Électriques | Rabattables,,1 prise 12 V | 220 V,,SUV,En pré-commande,,,170 KM/H,9 haut-parleurs | Infinity,,,En hauteur et en profondeur,,,,,,,,4,,Cuir | Multi-fonctions | Avec palettes,,Feux de jour | Avant | Arrières,,9,,,,,,,,ESC | ESP,Full LED | Adaptatifs,Radar de recul | Radar avant | Système de caméras 360 | Parkassist,,,Avant | Arrière,,1998 CM³
https://www.automobile.tn/fr/neuf/volkswagen/amarok/2.0-l-tdi-4x4-bva-life-double-cabine,volkswagen,amarok,2.0-l-tdi-4x4-bva-life-double-cabine,196 980 ,,,Lunette et vitres arrières sur-teintées | Pare-brise en verre feuilleté,,203 g/km,11.6 s,,1884 mm,,5350 mm,,À distance,,5,,3 ans,,,,,,Éléctrique,,,,,,,,,,Frontaux | Latéraux | Rideaux | Genoux | Centraux,,,,,,405 nm 1750 tr/min,,Digital Cockpit | 8 pouces,Arrière,,,4,,,,,,,,,,,Tissu,,,,,,USB | USB-C | Bluetooth | Commande vocale,,,,,,,,5 CV,Automatique,,,Cuir,,Conducteur et passager,170 CH,,,,,,,,,,,,En aluminium | 17'',,,,,,Tactile | 10.1 pouces,,,,,,Noire,Manuelle,,,,Avant/Arrière,,,Diesel,3,1910 mm,,,Intégrale,,,,7.7 L/100 km,,,Électriques | Rabattables | Dégivrants | Avec clignotants intégrés | Éclairage d'accueil à LED,,2 prises 12 V,,Pick up,Disponible,,,180 KM/H,6 haut-parleurs,,,En hauteur et en profondeur,,,,,,,,4,,Cuir | Multi-fonctions,,Feux de jour,9.5 L/100 km,6,6.7 L/100 km,,,,,LED,,ESP,LED,Radar de recul | Radar avant | Caméra de recul,,,Avant | Arrière,Pare-chocs | Poignées de portes | Rétroviseurs,1996 CM³
https://www.automobile.tn/fr/neuf/volkswagen/amarok/2.0-l-tdi-4x4-bva-aventura-double-cabine,volkswagen,amarok,2.0-l-tdi-4x4-bva-aventura-double-cabine,237 980 ,,,Lunette et vitres arrières sur-teintées | Pare-brise en verre feuilleté,,195 g/km,10.5 s,Dynamic Light Assist,1884 mm,,5350 mm,,À distance,Chromés,5,,3 ans,,,,,,Éléctrique,,,,,,Velours,,,,Frontaux | Latéraux | Rideaux | Genoux | Centraux,Électriques | 10 directions | Chauffants,,,,,500 nm 1750 tr/min,,12.3 pouces | Digital Cockpit,Arrière,Adaptatif (ACC),Volumétrique | Anti-soulèvement,4,,,,,,,,,,,Cuir,Niveau 2,,,,,USB | USB-C | Bluetooth | Commande vocale | Chargeur de téléphone sans fil,Argent,,Démarrage mains libres,,,,,5 CV,Automatique,,,Cuir,,Conducteur et passager,210 CH,,,Accès mains libres,,,,,,,,,En aluminium | 20'' | Bi-ton,,Système anti-collision avec détection des piétons | Freinage multi-collision,,,Porte-lunettes,Tactile | 12 pouces,,,,Similicuir,,Chromée,Automatique | Bizone,,,,Avant/Arrière,,,Diesel,3,1910 mm,,,Intégrale,,,,7.5 L/100 km,,GPS,Électriques | Rabattables | Dégivrants | Chromés | Avec clignotants intégrés | Éclairage d'accueil à LED,,230 V,,Pick up,Disponible,,,180 KM/H,8 haut-parleurs | Harman/Kardon | Subwoofer,,,En hauteur et en profondeur,,,,,,,,4,,Cuir | Multi-fonctions,,Feux de jour | Avant | Arrières,9 L/100 km,10,6.7 L/100 km,Chromées,,,,LED,,ESP,Matrix LED IQ.LIGHT,Radar de recul | Radar avant | Système de caméras 360 | Parkassist,,,Avant | Arrière,Pare-chocs,1996 CM³
https://www.automobile.tn/fr/neuf/alfa-romeo/giulia/2.0-turbo-bva-super,alfa-romeo,giulia,2.0-turbo-bva-super,198 000 ,,,Lunette et vitres arrières sur-teintées,,,6.6 s,,1436 mm,,4643 mm,,À distance,,5,,3 ans,,,,,,,,,,,,,,,,Frontaux | Latéraux | Rideaux,Électriques | Fonction mémoire,,,,,330 nm 1750 tr/min,,,,Adaptatif (ACC),,4,480 L,,,,,,,,,,Cuir,,,,,,2 USB | AUX | Bluetooth,,,Démarrage mains libres,,Bois,,,11 CV,Automatique,,,Cuir,,Conducteur et passager,200 CH,,,,,,,,,,,,En aluminium | 17'',Anti-éblouissement,Active City Brake | AFU | EBD,,,,7 pouces,,,,,,,Automatique | Bizone,,,,Avant/Arrière,,,Essence,3,1860 mm,,,Propulsion,,,,5.9 L/100 km,,,Électriques | Rabattables | Dégivrants,,,,Berline,Indisponible,,,235 KM/H,8 haut-parleurs | Commandes au volant,,,En hauteur et en profondeur,,,,,,,,4,,Cuir | Multi-fonctions | Avec palettes,,Avant | Arrières,8.4 L/100 km,8,4.6 L/100 km,,,,,,,ESP | ASR,Bi-xénon,Radar de recul | Radar avant,,,Avant | Arrière,,1995 CM³
https://www.automobile.tn/fr/neuf/jetour/t2/2.0-turbo,jetour,t2,2.0-turbo,198 000 ,,Métallisée,,,,8.7 s,,1880 mm,,4785 mm,,À distance,,5,,5 ans ou 100000 km,,,,,,Éléctrique,,,,,,,,LED,,Frontaux | Latéraux,Électriques | Chauffants | Ventilés,,,TPMS,,390 nm 1750 tr/min,Ouvrant | Panoramique,,,,,5,580 L,,,,BSD,,,,,,Cuir,,,EPS | Électrique,,,2 USB | 2 USB-C | Android Auto | Apple Carplay | Bluetooth | Wifi | Chargeur de téléphone sans fil | Mirrorlink,Aluminium,,Démarrage mains libres,,,,,14 CV,Automatique,,,,,Conducteur et passager,254 CH,,,Accès mains libres | Démarrage à distance,,,,,Normal | Sport | Eco | X Smart | Tout-terrain,,,,En aluminium | 20'',Anti-éblouissement,BAS | EBD,,,,Tactile | 15.6 pouces,,,,,,,Automatique | Ventilation arrière,,,Soft close,Avant/Arrière,,,Essence,3,2006 mm,1494 L,,Intégrale,,,,8.8 L/100 km,,,Électriques | Rabattables,,2 prises 12 V,,SUV,Disponible,,,180 KM/H,12 haut-parleurs | Commandes au volant,,,En hauteur et en profondeur,,,,,,,,4,,Cuir | Multi-fonctions,,Feux de jour | Avant | Arrières,,7,,,,,HDC,,,ESP | TCS,Full LED,Radar de recul | Radar avant | Système de caméras 360,,,Avant | Arrière,,1998 CM³
https://www.automobile.tn/fr/neuf/audi/q3/35-tfsi-s-tronic-advanced-line,audi,q3,35-tfsi-s-tronic-advanced-line,199 000 ,,Métallisée,Parebrise athermique | Acoustiques,,129 g/km,9.4 s,,1576 mm,,4500 mm,Triangle de présignalisation,À distance,,5,,3 ans,,,,,,Éléctrique,,,,,,,,,,Frontaux | Latéraux | Protège-tête,Électriques | Réglage lombaire | Banquette arrière coulissante,,,,,250 nm 1500 tr/min,Ouvrant | Panoramique | En verre,10.25 pouces,,,,5,530 L,,,,,,,,,,Tissu,,,Progressive,,,USB | Android Auto | Apple Carplay | Bluetooth | Commande vocale | Chargeur de téléphone sans fil | Audi smartphone interface,Aluminium,,Démarrage mains libres,,Aluminium brossé | Argent micrométallique,,Audi hold assist,9 CV,Automatique,,,Cuir,Aluminium,Conducteur et passager,150 CH,,,,,,,Advanced,,,,,En aluminium | 17'' | 5 branches,Anti-éblouissement  | Sans Cadre,,,,,Tactile | 8.8 pouces,,,,,Pack brillance,,Automatique | Bizone,,,Ouverture et fermeture motorisées,Avant/Arrière,,,Essence,,1843 mm,,,Traction,,,,5.7 L/100 km,,,Électriques | Rabattables | Dégivrants,,,,SUV,Disponible,,,205 KM/H,10 haut-parleurs | MMI Radio Plus | MMI Touch | Commandes au volant | Système Audio Audi (180W),,,En hauteur et en profondeur,,,,,,,,4,,Cuir | 3 branches | Multi-fonctions,,Feux de jour | Avant | Arrières,6.9 L/100 km,6,5.1 L/100 km,,,,,,,ESP,LED,Radar de recul | Radar avant | Caméra de recul | Audi Parking System Plus,,,Avant | Arrière,Pare-chocs | Poignées de portes | Rétroviseurs,1498 CM³
https://www.automobile.tn/fr/neuf/geely/tugella/2.0-l-turbo-4wd-gfplus,geely,tugella,2.0-l-turbo-4wd-gfplus,199 800 ,,,,,,6.9 s,IHC,1643 mm,,4605 mm,,À distance,,5,,5 ans ou 150000 km,,,,,,Éléctrique,,,,RMI,,,,,,Frontaux | Latéraux | Rideaux,Électriques | 6 directions | Réglage lombaire | Fonction mémoire,,,TPMS,,350 nm 1800 tr/min,Ouvrant | Panoramique,12.3 pouces,,Adaptatif (ACC),,5,446 L,,,,BSD,,,,,,Cuir artificiel,,,,,,USB-C | 3 USB | Bluetooth | Chargeur de téléphone sans fil | Mirrorlink,,,Démarrage mains libres,TSI,,,Autohold | HHC,14 CV,Automatique,,,,Acier inoxydable | Eclairés,Conducteur et passager,238 CH,,LKA,Accès mains libres,,,,,Confort | Sport | Eco | Offroad | Sable,,,,En aluminium | 20'',,EBA | EBD | HBA | Système anti-collision avec détection des piétons |  Freinage automatique anti-collision (AEB) | VDC,,,,Tactile | 12.3 pouces,LDW,,,Alcantara,,,Automatique | Bizone,,,Ouverture et fermeture motorisées,Avant/Arrière,,,Essence,,1878 mm,,,Intégrale,,,,8.1 L/100 km,,,Électriques | Rabattables | Dégivrants | Avec clignotants intégrés,,1 prise 12 V,,SUV,Disponible,,,210 KM/H,Haut-parleurs Bose | Subwoofer,,,En hauteur et en profondeur,,,,,,,,4,,Cuir | Multi-fonctions | Sport,,Feux de jour | Avant | Arrières,11.4 L/100 km,8,6.3 L/100 km,,,,HDC,,,ESC | TCS,Full LED,Radar de recul | Radar avant | Système de caméras 360,,,Avant | Arrière,Pare-chocs | Poignées de portes,1969 CM³
https://www.automobile.tn/fr/neuf/bmw/x1/18i-sdrive-collection-edition-speciale,bmw,x1,18i-sdrive-collection-edition-speciale,169 900 ,,Métallisée | +5000 DT,Calorifuges,,,8.1 s,,1642 mm,,4500 mm,Triangle de présignalisation,À distance,,5,,5 ans (2+3),,,,,,Éléctrique,,,,,,Velours,,,,Frontaux | Latéraux | Rideaux,,,,,,240 nm 1500 tr/min,,10.25 pouces | BMW Live Plus,,,,5,540 L,,,,,,,,,,Tissu | Arktur anthrazit,,,,,,Android Auto | Apple Carplay | Bluetooth | Chargeur de téléphone sans fil,Alu satiné,,,,Noir brillant,,Autohold,9 CV,Automatique,,,,,Conducteur et passager,156 CH,,,Accès mains libres,,,,,Sport | Personal | Efficient,,,,En aluminium | 17'',Anti-éblouissement,,,,,Tactile | 10.7 pouces | Curved Display,,,,,Noir Brillant,,Automatique,,,Ouverture et fermeture motorisées,Avant/Arrière,,,Essence,3,1845 mm,,,Traction,,,,5.9 L/100 km,,,Électriques | Rabattables | Dégivrants,,,,SUV,45 jours,,,221 KM/H,Commandes au volant,,,En hauteur et en profondeur,,,,,,,,3,,Cuir | Multi-fonctions,,Avant | Arrières,7.1 L/100 km,7,5.2 L/100 km,,,,,,,TCS | DSC,Adaptatifs | LED,Radar de recul | Radar avant | Caméra de recul | Parkassist,,,Avant,,1499 CM³
https://www.automobile.tn/fr/neuf/bmw/x1/18i-sdrive-premiere,bmw,x1,18i-sdrive-premiere,199 900 ,,Métallisée | +5000 DT,Calorifuges,,,8.1 s,,1642 mm,,4500 mm,Triangle de présignalisation,À distance,,5,,5 ans (2+3),,,,,,Éléctrique,,,,,,Velours,,,,Frontaux | Latéraux | Rideaux,,,,,,240 nm 1500 tr/min,,10.25 pouces | BMW Live Plus,,,,5,540 L,,,,,,,,,,Tissu | Arktur anthrazit,,,,,,Android Auto | Apple Carplay | Bluetooth | Chargeur de téléphone sans fil,Alu satiné,,,,Noir brillant,,Autohold,9 CV,Automatique,,,,,Conducteur et passager,156 CH,FCW,,Accès mains libres | Digital Key Card,,,,,Sport | Personal | Efficient,,,,En aluminium | 17'',Anti-éblouissement,AFU | Système anti-collision avec détection des piétons,,,,Tactile | 10.7 pouces | Curved Display,,,,,Noir Brillant,,Automatique,,,Ouverture et fermeture motorisées,Avant/Arrière,,,Essence,3,1845 mm,,,Traction,,,,5.9 L/100 km,,,Électriques | Rabattables | Dégivrants,,,,SUV,Disponible,,eSim | Teleservices | Connected+,221 KM/H,Commandes au volant,,,En hauteur et en profondeur,,,,,,,,3,,Cuir | Multi-fonctions,,Avant | Arrières,7.1 L/100 km,7,5.2 L/100 km,,,,,,,TCS | DSC,Adaptatifs | LED,Radar de recul | Radar avant | Caméra de recul | Parkassist | Autoreverse,,,Avant,,1499 CM³
https://www.automobile.tn/fr/neuf/bmw/x1/18i-sdrive-x-line,bmw,x1,18i-sdrive-x-line,224 900 ,,Métallisée | +5000 DT,Calorifuges,,,8.1 s,,1642 mm,,4500 mm,Triangle de présignalisation,À distance,,5,,5 ans (2+3),,,,,,Éléctrique,,,,,,Velours,,,,Frontaux | Latéraux | Rideaux,Conducteur à réglage électrique | Fonction mémoire | Sport,,,,,240 nm 1500 tr/min,Ouvrant | Panoramique,10.25 pouces | BMW Live Plus,,,,5,540 L,,,,,,,,,,Veganza perforé,,,,,,Android Auto | Apple Carplay | Bluetooth | Chargeur de téléphone sans fil,Alu satiné,,,,Noir brillant,,Autohold,9 CV,Automatique,,,,,Conducteur et passager,156 CH,FCW,,Accès mains libres | Digital Key Card,,,,X-line,Sport | Personal | Efficient,,,,En aluminium | 18'',Anti-éblouissement,AFU | Système anti-collision avec détection des piétons,,,,Tactile | 10.7 pouces | Curved Display,,,,Luxury,Alu satiné,,Automatique,,,Ouverture et fermeture motorisées,Avant/Arrière,,,Essence,3,1845 mm,,,Traction,,,,5.9 L/100 km,,,Électriques | Rabattables,,,,SUV,Disponible,,eSim | Teleservices | Connected+,221 KM/H,Commandes au volant,,,En hauteur et en profondeur,,,,,,,,3,,Cuir | Multi-fonctions,,Avant | Arrières,7.1 L/100 km,7,5.2 L/100 km,,,,,,,TCS,Adaptatifs | LED,Radar de recul | Radar avant | Caméra de recul | Parkassist | Autoreverse,,,Avant,,1499 CM³
https://www.automobile.tn/fr/neuf/bmw/x1/18i-sdrive-pack-sport-m,bmw,x1,18i-sdrive-pack-sport-m,229 900 ,,Métallisée | +5000 DT,Calorifuges,BMW Individual anthracite,,8.1 s,,1642 mm,,4500 mm,Triangle de présignalisation,À distance,,5,,5 ans (2+3),,,,,,Éléctrique,,,,,,Velours,,,,Frontaux | Latéraux | Rideaux,Conducteur à réglage électrique | Fonction mémoire | Sport,,,,,240 nm 1500 tr/min,Ouvrant | Panoramique,10.25 pouces | BMW Live Plus,,,,5,540 L,,,,,,,,,,Alcantara/Veganza Schwarz avec surpiqûres bleues,,,,,,Android Auto | Apple Carplay | Bluetooth | Chargeur de téléphone sans fil,BMW Individual Shadow Line,,,,Noir brillant,,Autohold,9 CV,Automatique,,,,,Conducteur et passager,156 CH,FCW,,Accès mains libres | Digital Key Card,,,,Pack Sport M,Sport | Relax | Expressive | Personal | Efficient,,,,En aluminium | 18'',Anti-éblouissement,AFU | Système anti-collision avec détection des piétons,SelectDrive M,,,Tactile | 10.7 pouces | Curved Display,,,,Luxury,Shadow Line,Noire | Sport M,Automatique,,,Ouverture et fermeture motorisées,Avant/Arrière,,,Essence,3,1845 mm,,,Traction,,,,5.9 L/100 km,,,Électriques | Rabattables,,,,SUV,Sur arrivage,,eSim | Teleservices | Connected+,221 KM/H,Commandes au volant,,,En hauteur et en profondeur,,,,,,,,3,,Cuir | Multi-fonctions | M,,Avant | Arrières,7.1 L/100 km,7,5.2 L/100 km,,,,,,,TCS,Adaptatifs | LED,Radar de recul | Radar avant | Caméra de recul | Parkassist | Autoreverse,,,Avant,,1499 CM³
https://www.automobile.tn/fr/neuf/hyundai/staria-9-places/2.2-crdi-9-places,hyundai,staria-9-places,2.2-crdi-9-places,199 950 ,,,,,,12.4 s,,1990 mm,,5253 mm,,À distance,,9,,5 ans ou 100000 km,,,,,,,,,,,,,,,,Frontaux | Latéraux,,,,,,430 nm 1500 tr/min,,,,,,5,,,,,,,,,,,Tissu,,,,,,2 USB | Bluetooth,,,,,,,,11 CV,Manuelle,,,,,,177 CH,,,,,,,,Normal | Sport | Eco,,,,,,,,,,,,,,,,,Manuelle,,,,Avant,,,Diesel,,1997 mm,,,Traction,,,,8.7 L/100 km,,,Électriques | Rabattables,,,,Monospace,Disponible,,,185 KM/H,,,,En hauteur et en profondeur,,,,,,,,4,,Multi-fonctions,,,,6,,,,,,,,,,,,,,,2199 CM³
https://www.automobile.tn/fr/neuf/hyundai/staria-9-places/2.2-crdi-bva-4wd,hyundai,staria-9-places,2.2-crdi-bva-4wd,210 100 ,,,,,,12.4 s,,1990 mm,,5253 mm,,À distance,,9,,5 ans ou 100000 km,,,,,,,,,,,,,,,,Frontaux,,,,,,430 nm 1500 tr/min,,,,,,5,,,,,,,,,,,Tissu,,,,,,USB | AUX | Bluetooth,,,,,,,,11 CV,Automatique,,,,,,177 CH,,,,,,,,Normal | Sport | Eco,,,,,,,,,,,,,,,,,Manuelle,,,,Avant,,,Diesel,,1997 mm,,,Intégrale,,,,8.7 L/100 km,,,Électriques | Rabattables,,,,Monospace,Disponible,,,185 KM/H,,,,En hauteur et en profondeur,,,,,,,,4,,Multi-fonctions,,,,8,,,,,,,,,,,,,,,2199 CM³
https://www.automobile.tn/fr/neuf/hyundai/staria-9-places/2.2-crdi-bva-4wd-luxe,hyundai,staria-9-places,2.2-crdi-bva-4wd-luxe,280 000 ,,,,,,12.4 s,,1990 mm,,5253 mm,,À distance,,9,,5 ans ou 100000 km,,,,,,,,,,,,,,,,Frontaux | Latéraux | Rideaux,,,,,,430 nm 1500 tr/min,,10.25 pouces | Virtual Cockpit,Électronique,,,5,,,,,,,,,,,Cuir | Nappa,,,,,,USB | AUX | Bluetooth | Chargeur de téléphone sans fil,,,Démarrage mains libres,,,,,11 CV,Automatique,,,,,,177 CH,,,Accès mains libres,,,,,Normal | Sport | Eco,,,,En aluminium | 18'',,,,,,Tactile | 8 pouces,,,,,,,Automatique,,,,Avant,,,Diesel,,1997 mm,,,Intégrale,,,,8.7 L/100 km,,,Électriques | Rabattables,,,,Monospace,Disponible,,,185 KM/H,Haut-parleurs Bose,,,En hauteur et en profondeur,,,,,,,,4,,Cuir | Multi-fonctions,,,,8,,,,,DBC,,,ESP,,,,,,,2199 CM³
https://www.automobile.tn/fr/neuf/hyundai/ioniq-6/77-kwh-2wd,hyundai,ioniq-6,77-kwh-2wd,199 950 ,7.2 heures,,Parebrise athermique,,0 g/km,7.4 s,HBA,1495 mm,,4855 mm,,À distance,,5,,5 ans ou 100000 km | Batterie garantie 8 ans ou 160.000 KM,,,,614 km,DAW,Éléctrique,,,,,14.3 kWh/100 km,,,LED,,Frontaux | Latéraux | Rideaux | Centraux,Électriques | Chauffants | Ventilés | Fonction mémoire,,,,,350 nm 0 tr/min,Panoramique | En verre,12.3 pouces,,Adaptatif (ACC),Périmétrique,5,401 L,,1,Aluminium,BCA,,,,,,Cuir,Niveau 2,,Électrique,,,USB | Android Auto | Apple Carplay | AUX | Bluetooth | Commande vocale | Chargeur de téléphone sans fil,,,Démarrage mains libres,Avec régulation de la vitesse,,,HAC,4 CV,Automatique,,,,,Conducteur et passager,227 CH,,LKA | LFA,Accès mains libres,,,,,Normal | Sport | Eco | Neige,,77.4 kWh,,En aluminium | 20'',Anti-éblouissement,EBD | Système anti-collision avec détection des piétons | Freinage multi-collision | FCA,,,,Tactile | 12.3 pouces,,,,,,,Automatique | Bizone,,,Ouverture et fermeture motorisées,Avant/Arrière,,,Electrique,3,1880 mm,,,Propulsion,45 L,,,,,Cartographie Tunisienne,Virtuels,,2 prises 12 V,,Berline,Disponible,,,185 KM/H,Haut-parleurs Bose | Commandes au volant,,,En hauteur et en profondeur,Intelligent,18 minutes,,,,,,,,Multi-fonctions | Avec palettes,,Feux de jour | Avant | Arrières | Pixel LED,,,,Escamotables,,,,,,ESP,Pixel LED | Bi-LED,Radar de recul | Radar avant | Système de caméras 360 | Détection du trafic en marche arrière | Stationnement intelligent à distance,,,Avant,,
https://www.automobile.tn/fr/neuf/hyundai/ioniq-6/77-kwh-4wd,hyundai,ioniq-6,77-kwh-4wd,209 950 ,7.2 heures,,Parebrise athermique,,0 g/km,5.1 s,HBA,1495 mm,,4855 mm,,À distance,,5,,5 ans ou 100000 km | Batterie garantie 8 ans ou 160.000 KM,,,,583 km,DAW,Éléctrique,,,,,15.1 kWh/100 km,,,LED,,Frontaux | Latéraux | Rideaux | Centraux,Électriques | Chauffants | Ventilés | Fonction mémoire,,,,,605 nm 0 tr/min,Panoramique | En verre,12.3 pouces,,Adaptatif (ACC),Périmétrique,5,401 L,,2,Aluminium,BCA,,,,,,Cuir,Niveau 2,,Électrique,,,USB | Android Auto | Apple Carplay | AUX | Bluetooth | Commande vocale | Chargeur de téléphone sans fil,,,Démarrage mains libres,Avec régulation de la vitesse,,,HAC,6 CV,Automatique,,,,,Conducteur et passager,325 CH,,LKA | LFA,Accès mains libres,,,,,Normal | Sport | Eco | Neige,,77.4 kWh,,En aluminium | 20'',Anti-éblouissement,EBD | Système anti-collision avec détection des piétons | Freinage multi-collision | FCA,,,,Tactile | 12.3 pouces,,,,,,,Automatique | Bizone,,,Ouverture et fermeture motorisées,Avant/Arrière,,,Electrique,3,1880 mm,,,Intégrale,45 L,,,,,Cartographie Tunisienne,Virtuels,,2 prises 12 V,,Berline,Disponible,,,185 KM/H,Haut-parleurs Bose | Commandes au volant,,,En hauteur et en profondeur,Intelligent,18 minutes,,,,,,,,Multi-fonctions | Avec palettes,,Feux de jour | Avant | Arrières | Pixel LED,,,,Escamotables,,,,,,ESP,Pixel LED | Bi-LED,Radar de recul | Radar avant | Système de caméras 360 | Détection du trafic en marche arrière | Stationnement intelligent à distance,,,Avant,,
https://www.automobile.tn/fr/neuf/kia/ev6/gt-line-125kw-standard-range-58-kwh2wd,kia,ev6,gt-line-125kw-standard-range-58-kwh2wd,199 980 ,6 heures,,Lunette et vitres arrières sur-teintées,,0 g/km,8.5 s,HBA,1550 mm,,4695 mm,,À distance,,5,,5 ans | Batterie garantie 8 ans,,,,394 km,DAW,Éléctrique | EPB,,,,,16.6 kWh/100 km,,,LED,,Frontaux | Latéraux | Rideaux | Centraux,Électriques | Chauffants | Ventilés | Fonction mémoire,,,TPMS,,350 nm 0 tr/min,Ouvrant | En verre,12.3 pouces,,Adaptatif (ACC) | HDA,Périmétrique,5,480 L,,1,Aluminium,BCA,,,,,,Suédine | Cuir artificiel,Niveau 2,,Électrique,,,USB | Android Auto | Apple Carplay | AUX | Bluetooth | Commande vocale | Chargeur de téléphone sans fil,,,Démarrage mains libres,TSR | Avec régulation de la vitesse,,,HAC,3 CV,Automatique,,,,Aluminium,Conducteur et passager,170 CH,,LKA | LFA,Accès mains libres,,,,GT-Line,Normal | Sport | Eco,,58 kWh,,En aluminium | 19'' | Bi-ton,Anti-éblouissement,EBD | Système anti-collision avec détection des piétons | Freinage multi-collision | FCA,,,,Tactile | 12.3 pouces,,,,,,,Automatique | Bizone | Ventilation arrière,,,Ouverture et fermeture motorisées | Ouverture mains libres,Avant/Arrière,,,Electrique,3,1890 mm,,,Propulsion,52 L,,,,,Cartographie Tunisienne | Service Kia,Électriques | Rabattables | Dégivrants | Noirs | Avec clignotants intégrés,,2 prises 12 V | 230 V | Chargeur inversé (V2L),,SUV,Disponible,,,185 KM/H,14 haut-parleurs | Commandes au volant | Meridian | Amplificateur externe,,,En hauteur et en profondeur,,18 minutes,,,,,,,,Chauffant | Multi-fonctions | Avec palettes | Cuir artificiel,,Feux de jour | Avant | Arrières | Clignotants à défilement,,,,Escamotables,,,,,,ESC,Full LED | Matrix LED,Radar de recul | Radar avant | Système de caméras 360 | Détection du trafic en marche arrière | Stationnement intelligent à distance,,,Avant | Arrière,,
https://www.automobile.tn/fr/neuf/kia/ev6/gt-line-168kw-long-range-77.4-kwh-2wd,kia,ev6,gt-line-168kw-long-range-77.4-kwh-2wd,219 980 ,7.4 heures,,Lunette et vitres arrières sur-teintées,,0 g/km,7.3 s,HBA,1550 mm,,4695 mm,,À distance,,5,,5 ans | Batterie garantie 8 ans,,,,504 km,DAW,Éléctrique | EPB,,,,,17.2 kWh/100 km,,,LED,,Frontaux | Latéraux | Rideaux | Centraux,Électriques | Chauffants | Ventilés | Fonction mémoire,,,TPMS,,350 nm 0 tr/min,Ouvrant | En verre,12.3 pouces,,Adaptatif (ACC) | HDA,Périmétrique,5,480 L,,1,Aluminium,BCA,,,,,,Suédine | Cuir artificiel,Niveau 2,,Électrique,,,USB | Android Auto | Apple Carplay | AUX | Bluetooth | Commande vocale | Chargeur de téléphone sans fil,,,Démarrage mains libres,TSR | Avec régulation de la vitesse,,,HAC,4 CV,Automatique,,,,Aluminium,Conducteur et passager,229 CH,,LKA | LFA,Accès mains libres,,,,GT-Line,Normal | Sport | Eco,,77.4 kWh,,En aluminium | 20'' | Bi-ton,Anti-éblouissement,EBD | Système anti-collision avec détection des piétons | Freinage multi-collision | FCA,,,,Tactile | 12.3 pouces,,,,,,,Automatique | Bizone | Ventilation arrière,,,Ouverture et fermeture motorisées | Ouverture mains libres,Avant/Arrière,,,Electrique,3,1890 mm,,,Propulsion,52 L,,,,,Cartographie Tunisienne | Service Kia,Électriques | Rabattables | Dégivrants | Noirs | Avec clignotants intégrés,,2 prises 12 V | 230 V | Chargeur inversé (V2L),,SUV,Disponible,,,185 KM/H,14 haut-parleurs | Commandes au volant | Meridian | Amplificateur externe,,,En hauteur et en profondeur,,18 minutes,,,,,,,,Chauffant | Multi-fonctions | Avec palettes | Cuir artificiel,,Feux de jour | Avant | Arrières | Clignotants à défilement,,,,Escamotables,,,,,,ESC,Full LED | Matrix LED,Radar de recul | Radar avant | Système de caméras 360 | Détection du trafic en marche arrière | Stationnement intelligent à distance,,,Avant | Arrière,,
https://www.automobile.tn/fr/neuf/kia/ev6/gt-line-239kw-long-range-77.4-kwh-4wd,kia,ev6,gt-line-239kw-long-range-77.4-kwh-4wd,239 980 ,7.4 heures,,Lunette et vitres arrières sur-teintées,,0 g/km,5.2 s,HBA,1550 mm,,4695 mm,,À distance,,5,,5 ans | Batterie garantie 8 ans,,,,484 km,DAW,Éléctrique | EPB,,,,,18 kWh/100 km,,,LED,,Frontaux | Latéraux | Rideaux | Centraux,Électriques | Chauffants | Ventilés | Fonction mémoire,,,TPMS,,605 nm 0 tr/min,Ouvrant | En verre,12.3 pouces,,Adaptatif (ACC) | HDA,Périmétrique,5,480 L,,2,Aluminium,BCA,,,,,,Suédine | Cuir artificiel,Niveau 2,,Électrique,,,USB | Android Auto | Apple Carplay | AUX | Bluetooth | Commande vocale | Chargeur de téléphone sans fil,,,Démarrage mains libres,TSR | Avec régulation de la vitesse,,,HAC,6 CV,Automatique,,,,Aluminium,Conducteur et passager,325 CH,,LKA | LFA,Accès mains libres,,,,GT-Line,Normal | Sport | Eco,,77.4 kWh,,En aluminium | 20'' | Bi-ton,Anti-éblouissement,EBD | Système anti-collision avec détection des piétons | Freinage multi-collision | FCA,,,,Tactile | 12.3 pouces,,,,,,,Automatique | Bizone | Ventilation arrière,,,Ouverture et fermeture motorisées | Ouverture mains libres,Avant/Arrière,,,Electrique,3,1890 mm,,,Intégrale,20 L,,,,,Cartographie Tunisienne | Service Kia,Électriques | Rabattables | Dégivrants | Noirs | Avec clignotants intégrés,,2 prises 12 V | 230 V | Chargeur inversé (V2L),,SUV,Disponible,,,188 KM/H,14 haut-parleurs | Commandes au volant | Meridian | Amplificateur externe,,,En hauteur et en profondeur,,18 minutes,,,,,,,,Chauffant | Multi-fonctions | Avec palettes | Cuir artificiel,,Feux de jour | Avant | Arrières | Clignotants à défilement,,,,Escamotables,,,,,,ESC,Full LED | Matrix LED,Radar de recul | Radar avant | Système de caméras 360 | Détection du trafic en marche arrière | Stationnement intelligent à distance,,,Avant | Arrière,,
https://www.automobile.tn/fr/neuf/mercedes-benz/cla/200-progressive,mercedes-benz,cla,200-progressive,201 900 ,,Métallisée | +5000 DT,,,,8.4 s,,1427 mm,,4688 mm,Triangle de présignalisation | Trousse de premiers secours,À distance,,5,,2 ans,,,,,Attention Assist,Éléctrique,,,,,,Velours,,,,Frontaux | Latéraux | Rideaux | Genoux conducteur,Sport,,Confort,,,270 nm 2000 tr/min,,10.25 pouces,,TEMPOMAT,,4,440 L,,,,,,,,,,Similicuir Artico,,,,,,USB-C | Android Auto | Apple Carplay | Bluetooth | Chargeur de téléphone sans fil,,,Démarrage mains libres,,,,,9 CV,Automatique,,,,,Conducteur et passager,163 CH,,,Accès mains libres,,,,Progressive Line,,,,,En aluminium | 18'',Anti-éblouissement  | Sans Cadre,BAS,,,,Tactile | 10.25 pouces,,,,,Chrome,,Automatique,,,,Avant/Arrière,,,Essence,3,1830 mm,,,Traction,,,,7 L/100 km,,,Électriques | Rabattables | Photosensibles | Avec clignotants intégrés,,,,Berline,Disponible,,,229 KM/H,MBUX | Commandes au volant,,,En hauteur et en profondeur,,,,,,,,4,,Cuir | Multi-fonctions | Avec palettes,,Feux de jour | Avant | Arrières,N.C,7,N.C,,,,,,,ESP | ASR,LED Hautes performances,Radar de recul | Radar avant | Caméra de recul,,,Avant,,1332 CM³
https://www.automobile.tn/fr/neuf/mercedes-benz/cla/200-amg,mercedes-benz,cla,200-amg,219 900 ,,Métallisée | +5000 DT,,,,8.4 s,,1427 mm,,4688 mm,Triangle de présignalisation | Trousse de premiers secours,À distance,,5,,2 ans,,,,,Attention Assist,Éléctrique,,,,,,Velours,,,,Frontaux | Latéraux | Rideaux | Genoux conducteur,Sport,,Confort | Châssis surbaissé,,,270 nm 2000 tr/min,Ouvrant | Panoramique,10.25 pouces,,TEMPOMAT,,4,440 L,,,,,,,,,,Similicuir Artico/Microfibre,,,,,,USB-C | Android Auto | Apple Carplay | Bluetooth | Chargeur de téléphone sans fil,,,Démarrage mains libres,,,,,9 CV,Automatique,,,,,Conducteur et passager,163 CH,,,Accès mains libres,,,,Pack Sport AMG,,,,,En aluminium | 18'',Anti-éblouissement  | Sans Cadre,BAS,,,,Tactile | 10.25 pouces,,,,,Chrome,,Automatique,,,,Avant/Arrière,,,Essence,3,1830 mm,,,Traction,,,,7 L/100 km,,,Électriques | Rabattables | Photosensibles | Avec clignotants intégrés,,,,Berline,Disponible,,,229 KM/H,MBUX | Commandes au volant,,,En hauteur et en profondeur,,,,,,,,4,,Cuir | Multi-fonctions | Avec palettes,,Feux de jour | Avant | Arrières,N.C,7,N.C,,,,,,,ESP | ASR,LED Hautes performances,Radar de recul | Radar avant | Caméra de recul,,,Avant,,1332 CM³
https://www.automobile.tn/fr/neuf/mercedes-benz/gla/200-progressive-2023,mercedes-benz,gla,200-progressive-2023,204 900 ,,,,,,9.6 s,,1616 mm,,4412 mm,Triangle de présignalisation | Trousse de premiers secours,À distance,,5,,2 ans,,,,,Attention Assist,Éléctrique,,,,,,Velours,,,,Frontaux | Rideaux | Bassin,Confort,,,,,200 nm 1460 tr/min,,10.25 pouces,,TEMPOMAT,,5,435 L,,,,,,,,,,Similicuir,,,,,,USB-C | Android Auto | Apple Carplay | Bluetooth | Chargeur de téléphone sans fil,,,Démarrage mains libres,,,,,9 CV,Automatique,,,,,Conducteur et passager,163 CH,,,Accès mains libres,,,,Progressive Line,Confort | Sport | Eco,,,,En aluminium | 18'',Anti-éblouissement  | Sans Cadre,BAS,,,,Tactile | 10.25 pouces,,,,,Chrome,,Automatique,,,Ouverture et fermeture motorisées,Avant/Arrière,,,Essence,3,2020 mm,,,Traction,,,,7 L/100 km,,,Électriques | Rabattables | Photosensibles,,,,SUV,Disponible,,,200 KM/H,MBUX | Commandes au volant,,,En hauteur et en profondeur,,,,,,,,4,,Multi-fonctions | Avec palettes,,Feux de jour | Avant | Arrières,,7,,,,,,,,ESP | ASR,LED Hautes performances,Radar de recul | Radar avant | Caméra de recul | Parkassist,,,Avant,,1332 CM³
https://www.automobile.tn/fr/neuf/mercedes-benz/gla/200-amg-2023,mercedes-benz,gla,200-amg-2023,224 900 ,,Métallisée | +5000 DT,Lunette et vitres arrières sur-teintées | Athermiques,,,9.6 s,,1616 mm,,4412 mm,Triangle de présignalisation | Trousse de premiers secours,À distance,,5,,2 ans,,,,,Attention Assist,Éléctrique,,,,,,Velours | AMG,,,,Frontaux | Rideaux | Bassin,Sport,,,,,200 nm 1460 tr/min,Ouvrant | Panoramique,10.25 pouces,,TEMPOMAT,,5,435 L,,,,,,,,,,Dinamica | Similicuir,,,,,,USB-C | Android Auto | Apple Carplay | Bluetooth | Chargeur de téléphone sans fil,,,Démarrage mains libres,,,,,9 CV,Automatique,,,,,Conducteur et passager,163 CH,,,Accès mains libres,,,,Pack Sport AMG,Confort | Sport | Eco,,,,En aluminium | 19'',Anti-éblouissement  | Sans Cadre,BAS,,,,Tactile | 10.25 pouces,,,,,Chrome,A picots,Automatique,,,Ouverture et fermeture motorisées,Avant/Arrière,,,Essence,3,2020 mm,,,Traction,,,,7 L/100 km,,,Électriques | Rabattables | Photosensibles,,,,SUV,Disponible,,,200 KM/H,MBUX | Commandes au volant,,,En hauteur et en profondeur,,,,,,,,4,,Cuir Nappa | Multi-fonctions | Sport | à méplat | Avec palettes | 3 branches doubles,,Feux de jour | Avant | Arrières,,7,,,,,,,,ESP | ASR,LED Hautes performances,Radar de recul | Radar avant | Caméra de recul | Parkassist,,,Avant,,1332 CM³
https://www.automobile.tn/fr/neuf/honda/cr-v-hybride/e-hev,honda,cr-v-hybride,e-hev,204 990 ,,,,,,9 s,,1657 mm,,4706 mm,,À distance,,5,,3 ans,,,,,,Éléctrique | EPB,,,,,,,,,,Frontaux | Latéraux | Rideaux | Genoux,Électriques | 12 directions | Fonction mémoire,,,TPMS,,335 nm 2000 tr/min,Ouvrant | Panoramique,10.2 pouces,,Adaptatif (ACC),,5,587 L,,,,,,,,,,Cuir perforé,,,EPS | Électrique,,,Android Auto | 4 USB | Apple Carplay | Bluetooth | Commande vocale | Chargeur de téléphone sans fil,Chromées,,Démarrage mains libres,,Laqué Piano Noir,,Hill assist,8 CV,Automatique,,,,,Conducteur,204 CH,,LKA | RDM,Accès mains libres | Démarrage à distance,,,,,Normal | Sport | Eco,,,,En aluminium | 18'',Anti-éblouissement,EBA | EBD | ESS | Système anti-collision avec détection des piétons |  Freinage automatique anti-collision (AEB) | EBB,,,Porte-lunettes,Tactile | 9 pouces,,,,,Chrome,,Automatique | Bizone | Ventilation arrière,,,Ouverture et fermeture motorisées | Ouverture mains libres | Ouverture à distance,Avant/Arrière,,,Essence | Hybride,,1881 mm,,,Traction,,,,5.1 L/100 km,,,Électriques | Rabattables | Avec clignotants intégrés,,1 prise 12 V,,SUV,Disponible,,,194 KM/H,12 haut-parleurs | Haut-parleurs Bose | Commandes au volant | Subwoofer,Lane Watch,,En hauteur et en profondeur,,,,,,,,4,,Cuir | Multi-fonctions,,Feux de jour | Avant | Arrières,,,,,,,,LED,,VSA,Full LED,Radar de recul | Radar avant | Système de caméras 360,,,Avant | Arrière,Pare-chocs | Poignées de portes | Rétroviseurs,1993 CM³
https://www.automobile.tn/fr/neuf/bmw/serie-3/320i-business-line,bmw,serie-3,320i-business-line,207 900 ,,Métallisée | +5000 DT,Calorifuges,,,8.7 s,,1435 mm,,4709 mm,Triangle de présignalisation | Trousse de premiers secours,À distance,,5,,5 ans (2+3),,,,,,Éléctrique,,,,,,Velours,,LED,,Frontaux | Latéraux | Rideaux,Électriques | Fonction mémoire,,,,,250 nm 1500 tr/min,,12.3 pouces | BMW Live Plus | Widescreen,EDLC,Avec fonction freinage,,4,480 L,,,,,,,,,,Tissu,,,,,,USB | USB-C | Android Auto | Apple Carplay | Bluetooth | Commande vocale | Chargeur de téléphone sans fil,,,Démarrage mains libres,,Quarzsilber mat grainé | Dark Graphite mat,,,9 CV,Automatique,,,,,Conducteur et passager,170 CH,FCW,,Accès mains libres,,,,Business Line,Confort | Sport | Eco,,,,En aluminium | 17'',Anti-éblouissement,DBC,,,,Tactile | 14.9 pouces,LDW,,,,Shadow Line,Aluminium satiné,Automatique | 3 zones,,,,Avant/Arrière,,,Essence,3,1827 mm,,,Propulsion,,,,5.5 L/100 km,,,Électriques | Rabattables | Dégivrants | Mémoire de position | Avec clignotants intégrés,,1 prise 12 V,,Berline,Disponible,,+5000 DT,226 KM/H,6 haut-parleurs | Commandes au volant,,,En hauteur et en profondeur,,,,,,,,4,,Cuir | Multi-fonctions | Sport,,Feux de jour | Avant | Arrières,6.8 L/100 km,8,4.8 L/100 km,,,,,,,DSC,Full LED,Radar de recul | Radar avant | Caméra de recul | Parkassist | Park distance control,,,Avant,Pare-chocs | Poignées de portes | Rétroviseurs,1598 CM³
https://www.automobile.tn/fr/neuf/bmw/serie-3/320i-24-lounge,bmw,serie-3,320i-24-lounge,225 900 ,,Métallisée | +5000 DT,Calorifuges,,,8.7 s,,1435 mm,,4709 mm,Triangle de présignalisation | Trousse de premiers secours,À distance,,5,,5 ans (2+3),,,,,,Éléctrique,,,,,,Velours,,LED,,Frontaux | Latéraux | Rideaux,Électriques | Fonction mémoire | Sport,,,,,250 nm 1500 tr/min,Ouvrant | En verre,12.3 pouces | BMW Live Plus | Widescreen,EDLC,Avec fonction freinage,,4,480 L,,,,,,,,,,Sensatec perforé,,,,,,USB | USB-C | Android Auto | Apple Carplay | Bluetooth | Commande vocale | Chargeur de téléphone sans fil,,,Démarrage mains libres,,Quarzsilber mat grainé | Dark Graphite mat,,,9 CV,Automatique,,,,,Conducteur et passager,170 CH,FCW,,Accès mains libres,,,,,Confort | Sport | Eco,,,,En aluminium | 17'',Anti-éblouissement,DBC,,,,Tactile | 14.9 pouces,LDW,,,,Shadow Line,Aluminium satiné,Automatique | 3 zones,,,Ouverture et fermeture motorisées,Avant/Arrière,,,Essence,3,1827 mm,,,Propulsion,,,,5.5 L/100 km,,,Électriques | Rabattables | Dégivrants | Mémoire de position | Avec clignotants intégrés,,1 prise 12 V,,Berline,Disponible,,+5000 DT,226 KM/H,6 haut-parleurs | Commandes au volant,,,En hauteur et en profondeur,,,,,,,,4,,Cuir | Multi-fonctions | Sport,,Feux de jour | Avant | Arrières,6.8 L/100 km,8,4.8 L/100 km,,,,,,,DSC,Full LED,Radar de recul | Radar avant | Caméra de recul | Parkassist | Park distance control,,,Avant,Pare-chocs | Poignées de portes | Rétroviseurs,1598 CM³
https://www.automobile.tn/fr/neuf/bmw/serie-3/320i-pack-m,bmw,serie-3,320i-pack-m,251 900 ,,Métallisée | +5000 DT,Calorifuges,M anthracite,,8.7 s,,1435 mm,,4709 mm,Triangle de présignalisation | Trousse de premiers secours,À distance,,5,,5 ans (2+3),,,,,,Éléctrique,,,,,,Velours,,LED,,Frontaux | Latéraux | Rideaux,Électriques | Fonction mémoire | Sport,,Sport M,,,250 nm 1500 tr/min,Ouvrant | En verre,12.3 pouces | Live Cockpit Professional | BMW Live Plus | Widescreen,EDLC,Avec fonction freinage,,4,480 L,,,,,,,,,,Sensatec perforé,,,Sport variable,,,USB | USB-C | Android Auto | Apple Carplay | Bluetooth | Commande vocale | Chargeur de téléphone sans fil,,,Démarrage mains libres,,M Aluminium Rhombicle Anthrazit,,,9 CV,Automatique,,,,,Conducteur et passager,170 CH,FCW,,Accès mains libres,,,,Pack Sport M,Confort | Sport | Eco,,,,En aluminium | 18'',Anti-éblouissement,DBC,,,,Tactile | 14.9 pouces,LDW,,,,Shadow Line,Noire,Automatique | 3 zones,,,Ouverture et fermeture motorisées,Avant/Arrière,,,Essence,3,1827 mm,,,Propulsion,,,,5.5 L/100 km,,,Électriques | Rabattables | Dégivrants | Mémoire de position | Avec clignotants intégrés,,1 prise 12 V,,Berline,Disponible,,+5000 DT,226 KM/H,10 haut-parleurs | Commandes au volant | Système HiFi | Amplificateur numérique | 205 watts,,,En hauteur et en profondeur,,,,,,,,4,,Cuir | Multi-fonctions | M | Sport,,Feux de jour | Avant | Arrières,6.8 L/100 km,8,4.8 L/100 km,,,,,,,DSC,Full LED | Adaptatifs,Radar de recul | Radar avant | Caméra de recul | Parkassist | Park distance control,,,Avant,Pare-chocs | Poignées de portes | Rétroviseurs,1598 CM³
https://www.automobile.tn/fr/neuf/bmw/serie-3/320i-pack-m-pro,bmw,serie-3,320i-pack-m-pro,268 900 ,,Métallisée | +5000 DT,Calorifuges,M anthracite,,8.7 s,,1435 mm,,4709 mm,Triangle de présignalisation | Trousse de premiers secours,À distance,,5,,5 ans (2+3),,,,,,Éléctrique,,Sport M,,,,Velours,,LED,,Frontaux | Latéraux | Rideaux,Électriques | Fonction mémoire | Sport,,Sport M,,,250 nm 1500 tr/min,Ouvrant | En verre,12.3 pouces | Live Cockpit Professional | BMW Live Plus | Widescreen,EDLC,Avec fonction freinage,,4,480 L,,,,,,,,,,Sensatec perforé,,,Sport variable,,,USB | USB-C | Android Auto | Apple Carplay | Bluetooth | Commande vocale | Chargeur de téléphone sans fil,,,Démarrage mains libres,,M Aluminium Rhombicle Anthrazit,,,9 CV,Automatique,,,,,Conducteur et passager,170 CH,FCW,,Accès mains libres,,,,Pack Sport M,Confort | Sport | Eco,,,,En aluminium | 19'',Anti-éblouissement,DBC,,,,Tactile | 14.9 pouces,LDW,,,,Shadow Line,Noire,Automatique | 3 zones,,,Ouverture et fermeture motorisées,Avant/Arrière,,,Essence,3,1827 mm,,,Propulsion,,,,5.5 L/100 km,,,Électriques | Rabattables | Dégivrants | Mémoire de position | Avec clignotants intégrés,,1 prise 12 V,,Berline,Disponible,,+5000 DT,226 KM/H,Harman/Kardon | Commandes au volant | 16 haut-parleurs | Amplificateur numérique | 464 watts,,,En hauteur et en profondeur,,,,,,,,4,,Cuir | Multi-fonctions | M | Sport,,Feux de jour | Avant | Arrières,6.8 L/100 km,8,4.8 L/100 km,,,,,,,DSC,Full LED | Adaptatifs,Radar de recul | Radar avant | Système de caméras 360 | Parkassist | Park distance control,,,Avant,Pare-chocs | Poignées de portes | Rétroviseurs,1598 CM³
https://www.automobile.tn/fr/neuf/bmw/x2/18i-sdrive-collection,bmw,x2,18i-sdrive-collection,179 900 ,,Métallisée | +5000 DT,Calorifuges | Acoustiques,,,8.3 s,,1590 mm,,4554 mm,Triangle de présignalisation,À distance,,5,,5 ans (2+3),,,,,,Éléctrique,,,,,,,,,,Frontaux | Latéraux | Rideaux,Sport,,,,,240 nm 1500 tr/min,,10.25 pouces | BMW Live Plus,,Avec fonction freinage,,5,560 L,,,,,,,,,,Mokka | Veganza perforé,,,,,,USB | Android Auto | Apple Carplay | Bluetooth | Chargeur de téléphone sans fil,Alu satiné,,Démarrage mains libres,,Noir brillant,,,8 CV,Automatique,,,,,Conducteur et passager,156 CH,,,Accès mains libres,,,,,Normal | Confort | Sport,,,,En aluminium | 18'',Anti-éblouissement,,,,,Tactile | 10.7 pouces,,,,,,,Automatique | Bizone,,,Ouverture et fermeture motorisées,Avant/Arrière,,,Essence,3,1845 mm,,,Traction,,,,6.7 L/100 km,,,Électriques | Rabattables | Dégivrants,,1 prise 12 V,,SUV,45 jours,,,213 KM/H,Commandes au volant,,,En hauteur et en profondeur,,,,,,,,3,,Cuir | Multi-fonctions,,Feux de jour | Avant | Arrières,8.4 L/100 km,7,5.8 L/100 km,,,,,,,ESP | DSC,Adaptatifs | LED,Radar de recul | Radar avant | Caméra de recul | Parkassist,,,Avant,,1499 CM³
https://www.automobile.tn/fr/neuf/bmw/x2/18i-sdrive-lounge,bmw,x2,18i-sdrive-lounge,209 900 ,,Métallisée | +5000 DT,Calorifuges | Acoustiques,,,8.3 s,,1590 mm,,4554 mm,Triangle de présignalisation,À distance,,5,,5 ans (2+3),,,,,,Éléctrique,,,,,,,,,,Frontaux | Latéraux | Rideaux,Sport,,,,,240 nm 1500 tr/min,,10.25 pouces | BMW Live Plus,,Avec fonction freinage,,5,560 L,,,,,,,,,,Similicuir,,,,,,USB | Android Auto | Apple Carplay | Bluetooth | Chargeur de téléphone sans fil,Alu satiné,,Démarrage mains libres,,Quarzsilber mat grainé,,,8 CV,Automatique,,,,,Conducteur et passager,156 CH,FCW,,Accès mains libres,,,,,Normal | Confort | Sport,,,,En aluminium | 19'' | Bi-ton,Anti-éblouissement,Système anti-collision avec détection des piétons,,,,Tactile | 10.7 pouces,,,,,,,Automatique,,,Ouverture et fermeture motorisées,Avant/Arrière,,,Essence,3,1845 mm,,,Traction,,,,6.7 L/100 km,,,Électriques | Rabattables | Dégivrants,,1 prise 12 V,,SUV,Disponible,,eSim | Teleservices | Connected+,213 KM/H,Commandes au volant,,,En hauteur et en profondeur,,,,,,,,3,,Cuir | Multi-fonctions,,Feux de jour | Avant | Arrières,8.4 L/100 km,7,5.8 L/100 km,,,,,,,ESP | DSC,Adaptatifs | LED,Radar de recul | Radar avant | Caméra de recul | Parkassist,,,Avant,,1499 CM³
https://www.automobile.tn/fr/neuf/bmw/x2/18i-sdrive-pack-m,bmw,x2,18i-sdrive-pack-m,237 900 ,,Métallisée,Calorifuges | Acoustiques,M anthracite,,8.3 s,,1590 mm,,4554 mm,Triangle de présignalisation,À distance,,5,,5 ans (2+3),,,,,,Éléctrique,,,,,,,,,,Frontaux | Latéraux | Rideaux,Électriques | Fonction mémoire | Sport,,Sport M | Régulation adaptative,,,240 nm 1500 tr/min,Panoramique | En verre,10.25 pouces | BMW Live Plus,,Avec fonction freinage,,5,560 L,,,,,,,,,,Alcantara/Similicuir,,,,,,USB | Android Auto | Apple Carplay | Bluetooth | Chargeur de téléphone sans fil,M Shadow Line à haute brillance,,Démarrage mains libres,,Noir brillant,,,8 CV,Automatique,,,,,Conducteur et passager,156 CH,FCW,,Accès mains libres,,,,Pack Sport M,Normal | Confort | Sport,,,,En aluminium | 19'' | Bi-ton,Anti-éblouissement,Système anti-collision avec détection des piétons,Adaptative,,,Tactile | 10.7 pouces,,,,Luxury,Shadow Line,Noire,Automatique,,,Ouverture et fermeture motorisées,Avant/Arrière,,,Essence,3,1845 mm,,,Traction,,,,6.7 L/100 km,,,Électriques | Rabattables | Dégivrants,,1 prise 12 V,,SUV,Disponible,,eSim | Teleservices | Connected+,213 KM/H,Commandes au volant,,,En hauteur et en profondeur,,,,,,,,3,,Cuir | Multi-fonctions | M | Sport,,Feux de jour | Avant | Arrières,8.4 L/100 km,7,5.8 L/100 km,,,,,,,ESP,Adaptatifs | LED,Radar de recul | Radar avant | Caméra de recul | Parkassist,,,Avant,,1499 CM³
https://www.automobile.tn/fr/neuf/bmw/x2/18i-sdrive-pack-m-pro,bmw,x2,18i-sdrive-pack-m-pro,258 900 ,,Métallisée,Calorifuges | Acoustiques,M anthracite,,8.3 s,,1590 mm,,4554 mm,Triangle de présignalisation,À distance,,5,,5 ans (2+3),,,,,,Éléctrique,,Étriers rouges,,,,,,,,Frontaux | Latéraux | Rideaux,Électriques | Fonction mémoire | Sport M,,Sport M | Régulation adaptative,,,240 nm 1500 tr/min,Panoramique | En verre,Live Cockpit Professional | 10.25 pouces,,Avec fonction freinage,,5,560 L,,,,,,,,,,Alcantara/Similicuir,,,,,,USB | Android Auto | Apple Carplay | Bluetooth | Chargeur de téléphone sans fil,M Shadow Line à haute brillance,,Démarrage mains libres,,Noir brillant,,,8 CV,Automatique,,,,,Conducteur et passager,156 CH,FCW,,Accès mains libres,,,,Pack Sport M,Normal | Confort | Sport,,,,En aluminium | 20'',Anti-éblouissement,Système anti-collision avec détection des piétons,Adaptative,,,Tactile | 10.7 pouces,,,,Luxury,Shadow Line,BMW Iconic Glow,Automatique,,,Ouverture et fermeture motorisées,Avant/Arrière,,,Essence,,1845 mm,,,Traction,,,,6.7 L/100 km,,,Électriques | Rabattables | Dégivrants,,1 prise 12 V,,SUV,Disponible,,eSim | Teleservices | Connected+,213 KM/H,Commandes au volant,,,En hauteur et en profondeur,,,,,,,,3,,Cuir | Multi-fonctions | M | Sport,,Feux de jour | Avant | Arrières,8.4 L/100 km,7,5.8 L/100 km,,,,,,,ESP,Adaptatifs | LED | Shadow Line M,Radar de recul | Radar avant | Système de caméras 360 | Parkassist | Caméra panoramique 3D,,,Avant,,1499 CM³
https://www.automobile.tn/fr/neuf/audi/q3-sportback/35-tfsi-s-tronic-business-limited-plus,audi,q3-sportback,35-tfsi-s-tronic-business-limited-plus,219 000 ,,Métallisée,Parebrise athermique | Lunette et vitres arrières sur-teintées | Acoustiques,Noir | Tissu,129 g/km,9.4 s,,1576 mm,,4500 mm,Triangle de présignalisation,À distance,,5,,3 ans,,,,,,,,,,,,,,30 Couleurs,,Frontaux | Latéraux | Protège-tête,Électriques | Réglage lombaire,,,,,250 nm 1500 tr/min,Ouvrant | Panoramique,10.25 pouces,,,,5,530 L,,,,,,,,,,Cuir/similicuir,,,Progressive,,,2 USB-C | Android Auto | Apple Carplay | Bluetooth | Commande vocale | Chargeur de téléphone sans fil,,,Démarrage mains libres,,Aluminium brossé | Argent micrométallique,,Audi hold assist,9 CV,Automatique,,,Cuir,,Conducteur et passager,150 CH,,,Accès mains libres,,,,,Audi Drive Select,,,,En aluminium | 18'',Anti-éblouissement  | Sans Cadre,,,,,Tactile | 8.8 pouces,,,,,Noir Brillant,Noire,Automatique | Bizone,,,Ouverture et fermeture motorisées,Avant/Arrière,,,Essence,,1843 mm,,,Traction,,,,5.8 L/100 km,,,Électriques | Rabattables | Dégivrants,,1 prise 12 V,,SUV,Disponible,,,205 KM/H,10 haut-parleurs | MMI Radio Plus | Commandes au volant | Système Audio Audi (180W),,,En hauteur et en profondeur,,,,,,,,4,,Cuir | 3 branches | Multi-fonctions,,Feux de jour | Avant | Arrières | Clignotants à défilement,6.9 L/100 km,6,5.1 L/100 km,,,,,,,ESP,LED,Radar de recul | Radar avant | Caméra de recul | Audi Parking System Plus,,,Avant,,1498 CM³
https://www.automobile.tn/fr/neuf/volvo/ec40-recharge/single-motor-ultra,volvo,ec40-recharge,single-motor-ultra,189 900 ,7 heures,Métallisée,Lunette et vitres arrières sur-teintées,,,7.3 s,,1591 mm,,4440 mm,Triangle de présignalisation | Trousse de premiers secours,À distance,,5,,3 ans ou 100.000 km | Batterie garantie 8 ans,,,,487 km,,Éléctrique,,,,,"16,7 kWh/100 km",,,,,Frontaux | Latéraux | Rideaux | Genoux conducteur,Électriques | Réglage lombaire,,,,,420 nm 0 tr/min,Panoramique,12.3 pouces,,,,5,413 L,,1,,,,,,,,Suédine,,,Adaptative,,,USB-C | Apple Carplay | Bluetooth | Commande vocale | Chargeur de téléphone sans fil,Noires,,Démarrage mains libres,TSR,Aluminium brossé,,,9 CV,Automatique,,,Similicuir,Aluminium,Conducteur et passager,238 CH,,,Accès mains libres,,,,,,,70 kWh,,En aluminium | 19'',Anti-éblouissement,Freinage automatique anti-collision (AEB),,,,Tactile | 9 pouces,,,,,Noir Brillant,,Automatique | Bizone,,,Ouverture et fermeture motorisées | Ouverture mains libres,Avant/Arrière,,,Electrique,3 | Réglage électrique,1873 mm,,,Propulsion,,,,,,,Électriques | Rabattables | Dégivrants | Noirs,,,,SUV,Disponible,,,180 KM/H,14 haut-parleurs | Harman/Kardon | Commandes au volant,,,En hauteur et en profondeur,,27 minutes,,,,,,,,Similicuir | Multi-fonctions | Sport,,Feux de jour | Avant | Arrières,,,,,,,,LED,,,Adaptatifs | Pixel LED,Radar de recul | Radar avant | Système de caméras 360,,,Avant | Arrière,,
https://www.automobile.tn/fr/neuf/volvo/ec40-recharge/twin-ultra-black-edition,volvo,ec40-recharge,twin-ultra-black-edition,219 900 ,8 heures,Métallisée,Lunette et vitres arrières sur-teintées,,,4.6 s,,1591 mm,,4440 mm,Triangle de présignalisation | Trousse de premiers secours,À distance,,5,,3 ans ou 100.000 km | Batterie garantie 8 ans,,,,584 km,,Éléctrique,,,,,17.3 kWh/100 km,,,,,Frontaux | Latéraux | Rideaux | Genoux conducteur,Électriques | Réglage lombaire,,,,,670 nm 0 tr/min,Panoramique,12.3 pouces,,,,5,413 L,,2,,,,,,,,Suédine,,,Adaptative,,,USB-C | Apple Carplay | Bluetooth | Commande vocale | Chargeur de téléphone sans fil,Noires,,Démarrage mains libres,TSR,Aluminium brossé,,,14 CV,Automatique,,,Similicuir,Aluminium,Conducteur et passager,442 CH,,,Accès mains libres,,,,,,,82 kWh,,En aluminium | 20'',Anti-éblouissement,Freinage automatique anti-collision (AEB),,,,Tactile | 9 pouces,,,,,Noir Brillant,,Automatique | Bizone,,,Ouverture et fermeture motorisées | Ouverture mains libres,Avant/Arrière,,,Electrique,3 | Réglage électrique,1873 mm,,,Intégrale,,,,,,,Électriques | Rabattables | Dégivrants | Noirs,,,,SUV,Disponible,,,180 KM/H,14 haut-parleurs | Harman/Kardon | Commandes au volant,,,En hauteur et en profondeur,,27 minutes,,,,,,,,Similicuir | Multi-fonctions | Sport,,Feux de jour | Avant | Arrières,,,,,,,,LED,,,Adaptatifs | Pixel LED,Radar de recul | Radar avant | Système de caméras 360,,,Avant | Arrière,,
https://www.automobile.tn/fr/neuf/mercedes-benz/classe-c/180-eq-boost-9g-tronic-avantgarde,mercedes-benz,classe-c,180-eq-boost-9g-tronic-avantgarde,223 000 ,,Métallisée | +6000 DT,Teintées | Lunette et vitres arrières sur-teintées,,,8.6 s,,1437 mm,,4751 mm,Triangle de présignalisation | Trousse de premiers secours,À distance,,5,,2 ans,,,,,Attention Assist,Éléctrique,,,,,,Velours,,,,Frontaux | Latéraux | Rideaux | Genoux conducteur,Partiellement électriques | Réglage lombaire,,Agility Control,,,250 nm 1800 tr/min,,10.25 pouces,,TEMPOMAT,,4,455 L,,,,,,,,,,Similicuir/Tissu,,,,,,USB-C | Android Auto | Apple Carplay | Bluetooth | Commande vocale,,,Démarrage mains libres,,Inserts décoratifs aspect losanges en gris argent,,,9 CV,Automatique,,,,,Conducteur et passager,170 CH,,,,,,,Avantgarde,Confort | Sport | Eco | Sport Plus,,,,En aluminium | 17'',Anti-éblouissement  | Sans Cadre,,,,,11.9 pouces | Vertical | Tactile avec retour haptique,,,,,Chrome,,Automatique | Bizone,,,Ouverture à distance,Avant/Arrière,200 nm,,Essence | Hybride léger,3,1820 mm,,,Propulsion,,,,6.2 L/100 km,,,Électriques | Rabattables | Dégivrants | Éclairage d'accueil à LED,,,,Berline,Disponible,,,231 KM/H,MBUX | Commandes au volant,,,En hauteur et en profondeur,,,23 CH,,,,,4,,Cuir | Multi-fonctions,,Feux de jour | Avant | Arrières,8.7 L/100 km,9,4.7 L/100 km,,,,,,,ESP,Full LED | LED Hautes performances,Radar de recul | Radar avant | Caméra de recul | Parkassist,,,Avant,,1496 CM³
https://www.automobile.tn/fr/neuf/mercedes-benz/classe-c/180-eq-boost-9g-tronic-premium,mercedes-benz,classe-c,180-eq-boost-9g-tronic-premium,257 000 ,,,Teintées | Lunette et vitres arrières sur-teintées,,,8.6 s,,1437 mm,,4751 mm,Triangle de présignalisation | Trousse de premiers secours,À distance,,5,,2 ans,,,,,Attention Assist,Éléctrique,,,,,,Velours,,,,Frontaux | Latéraux | Rideaux | Genoux conducteur,Électriques | Réglage lombaire | Fonction mémoire,,Agility Control,,,250 nm 1800 tr/min,Ouvrant | Panoramique,12.3 pouces,,TEMPOMAT,,4,455 L,,,,,,,,,,Similicuir,,,,,,USB-C | Android Auto | Apple Carplay | Bluetooth | Commande vocale | Chargeur de téléphone sans fil,,,Démarrage mains libres,,Inserts décoratifs aspect losanges en gris argent,,,9 CV,Automatique,,,,,Conducteur et passager,170 CH,,,Accès mains libres,,,,Avantgarde,Confort | Sport | Eco | Sport Plus,,,,En aluminium | 17'',Anti-éblouissement  | Sans Cadre,,,,,11.9 pouces | Vertical | Tactile avec retour haptique,,,,,Chrome,,Automatique | Bizone,,,Ouverture à distance,Avant/Arrière,200 nm,,Essence | Hybride léger,3,1820 mm,,,Propulsion,,,,6.2 L/100 km,,GPS,Électriques | Rabattables | Photosensibles | Mémoire de position | Éclairage d'accueil à LED,,,,Berline,Disponible,,,231 KM/H,MBUX | Commandes au volant,,,En hauteur et en profondeur,,,23 CH,,,,,4,,Cuir | Multi-fonctions | Avec palettes,,Feux de jour | Avant | Arrières,8.7 L/100 km,9,4.7 L/100 km,,,,,,,ESP,Full LED | LED Hautes performances,Radar de recul | Radar avant | Système de caméras 360 | Parkassist,,,Avant,,1496 CM³
https://www.automobile.tn/fr/neuf/mercedes-benz/classe-c/180-eq-boost-9g-tronic-amg,mercedes-benz,classe-c,180-eq-boost-9g-tronic-amg,261 000 ,,Métallisée | +7000 DT,Teintées | Lunette et vitres arrières sur-teintées,,,8.6 s,,1437 mm,,4751 mm,Triangle de présignalisation | Trousse de premiers secours,À distance,,5,,2 ans,,,,,Attention Assist,Éléctrique,,,,,,Velours | AMG,,,,Frontaux | Latéraux | Rideaux | Genoux conducteur,Partiellement électriques | Réglage lombaire | Sport,,Sport,,,250 nm 1800 tr/min,Ouvrant | Panoramique,10.25 pouces,,TEMPOMAT,,4,455 L,,,,,,,,,,Similicuir,,,,,,USB-C | Android Auto | Apple Carplay | Bluetooth | Commande vocale,,,Démarrage mains libres,,Inserts décoratifs en aluminium finition trapèze,,,9 CV,Automatique,,,,,Conducteur et passager,170 CH,,,,,,,Pack Sport AMG,Confort | Sport | Eco | Sport Plus,,,,En aluminium | 18'',Anti-éblouissement  | Sans Cadre,,,,,11.9 pouces | Vertical | Tactile avec retour haptique,,,,Similicuir,Chrome,,Automatique | Bizone,,,Ouverture à distance,Avant/Arrière,200 nm,,Essence | Hybride léger,3,1820 mm,,,Propulsion,,,,6.2 L/100 km,,,Électriques | Rabattables | Photosensibles | Éclairage d'accueil à LED,,,,Berline,Disponible,,,231 KM/H,MBUX | Commandes au volant,,,En hauteur et en profondeur,,,23 CH,,,,,4,,Cuir Nappa | Multi-fonctions | Sport | à méplat | Avec palettes,,Feux de jour | Avant | Arrières,8.7 L/100 km,9,4.7 L/100 km,,,,,,,ESP,Full LED | LED Hautes performances,Radar de recul | Radar avant | Caméra de recul | Parkassist,,,Avant,,1496 CM³
https://www.automobile.tn/fr/neuf/mercedes-benz/classe-c/180-eq-boost-9g-tronic-amg-plus,mercedes-benz,classe-c,180-eq-boost-9g-tronic-amg-plus,278 000 ,,Métallisée | +7000 DT,Teintées | Lunette et vitres arrières sur-teintées | Athermiques,,,8.6 s,,1437 mm,,4751 mm,Triangle de présignalisation | Trousse de premiers secours,À distance,,5,,2 ans,,,,,Attention Assist,Éléctrique,,,,,,Velours | AMG,,,,Frontaux | Latéraux | Rideaux | Genoux conducteur,Électriques | Réglage lombaire | Fonction mémoire,,Sport,,,250 nm 1800 tr/min,Ouvrant | Panoramique,12.3 pouces,,TEMPOMAT,Périmétrique | Volumétrique | Anti-soulèvement,4,455 L,,,,,,,,,,Similicuir,,,,,,USB-C | Android Auto | Apple Carplay | Bluetooth | Commande vocale | Chargeur de téléphone sans fil,,,Démarrage mains libres,,Inserts décoratifs en aluminium finition trapèze,,,9 CV,Automatique,,,,,Conducteur et passager,170 CH,,,Accès mains libres,,,,Pack Sport AMG,Confort | Sport | Eco | Sport Plus,,,,En aluminium | 19'',Anti-éblouissement  | Sans Cadre,,,,,11.9 pouces | Vertical | Tactile avec retour haptique,,,,Similicuir,Chrome,,Automatique | Bizone,,,Ouverture à distance,Avant/Arrière,200 nm,,Essence | Hybride léger,3,1820 mm,,,Propulsion,,,,6.2 L/100 km,,GPS,Électriques | Rabattables | Photosensibles | Mémoire de position | Éclairage d'accueil à LED,,,,Berline,Disponible,,,231 KM/H,MBUX | Commandes au volant,,,En hauteur et en profondeur,,,23 CH,,,,,4,,Cuir Nappa | Multi-fonctions | Sport | à méplat | Avec palettes,,Feux de jour | Avant | Arrières,8.7 L/100 km,9,4.7 L/100 km,,,,,,,ESP,Full LED | LED Hautes performances,Radar de recul | Radar avant | Système de caméras 360 | Parkassist | Caméra panoramique 3D,,,Avant,,1496 CM³
https://www.automobile.tn/fr/neuf/bmw/ix1/xdrive30-xline,bmw,ix1,xdrive30-xline,223 900 ,6.5 heures,Métallisée,Calorifuges,,,5.6 s,,1616 mm,,4500 mm,Triangle de présignalisation | Trousse de premiers secours,À distance,,5,,5 ans (2+3) | Batterie garantie 8 ans,,,,438 km,,Éléctrique,,,,,17.0 kWh/100 km,,,,,Frontaux | Latéraux | Rideaux,Électriques | Fonction mémoire | Sport,,Sport M | Régulation adaptative,,,494 nm 0 tr/min,Ouvrant | Panoramique | En verre,10.25 pouces | BMW Live Plus,,Avec fonction freinage,,5,490 L,,2,,,,,,,,Veganza perforé | Castanea,,,,,,Android Auto | Apple Carplay | Bluetooth | Chargeur de téléphone sans fil,Alu satiné,,Démarrage mains libres,,Noir brillant,,,8 CV,Automatique,,,,,Conducteur et passager,306 CH,,,Accès mains libres,,,,X-line,,,64.8 kWh,,En aluminium | 18'' | Bi-ton,Anti-éblouissement,AFU,,,,Tactile | 10.7 pouces | Curved Display,,,,Luxury,Alu satiné,,Automatique | Bizone,,,Ouverture et fermeture motorisées,Avant/Arrière,,,Electrique,,1845 mm,,,Intégrale,,,,,,,Électriques | Rabattables,,1 prise 12 V,,SUV,Disponible,,eSim | Teleservices | Connected+ Unlimited,180 KM/H,Commandes au volant,,,En hauteur et en profondeur,,30 minutes,,,,,,,,Cuir | Multi-fonctions,,Feux de jour | Avant | Arrières,,1,,,,,,,,TCS,Adaptatifs | LED,Radar de recul | Radar avant | Système de caméras 360 | Parkassist,,,Avant,,
https://www.automobile.tn/fr/neuf/bmw/ix1/xdrive30-pack-m,bmw,ix1,xdrive30-pack-m,229 900 ,6.5 heures,Métallisée,Calorifuges,M anthracite,,5.6 s,,1616 mm,,4500 mm,Triangle de présignalisation | Trousse de premiers secours,À distance,,5,,5 ans (2+3) | Batterie garantie 8 ans,,,,438 km,,Éléctrique,,,,,17.0 kWh/100 km,,,,,Frontaux | Latéraux | Rideaux,Électriques | Fonction mémoire | Sport,,Sport M | Régulation adaptative,,,494 nm 0 tr/min,Ouvrant | Panoramique | En verre,10.25 pouces | BMW Live Plus,,Avec fonction freinage,,5,490 L,,2,,,,,,,,Alcantara/Veganza Schwarz avec surpiqûres bleues,,,,,,Android Auto | Apple Carplay | Bluetooth | Chargeur de téléphone sans fil,M Shadow Line à haute brillance,,Démarrage mains libres,,Noir brillant,,,8 CV,Automatique,,,,,Conducteur et passager,306 CH,,,Accès mains libres,,,,Pack Sport M,,,64.8 kWh,,En aluminium | 18'' | Bi-ton,Anti-éblouissement,AFU,,,,Tactile | 10.7 pouces | Curved Display,,,,Luxury,Shadow Line,Noire,Automatique | Bizone,,,Ouverture et fermeture motorisées,Avant/Arrière,,,Electrique,,1845 mm,,,Intégrale,,,,,,,Électriques | Rabattables,,1 prise 12 V,,SUV,Sur arrivage,,eSim | Teleservices | Connected+ Unlimited,180 KM/H,Commandes au volant,,,En hauteur et en profondeur,,30 minutes,,,,,,,,Cuir | Multi-fonctions | M | Sport,,Feux de jour | Avant | Arrières,,1,,,,,,,,TCS,Adaptatifs | LED,Radar de recul | Radar avant | Système de caméras 360 | Parkassist,,,Avant,,
https://www.automobile.tn/fr/neuf/mercedes-benz/glb/200-24-amg,mercedes-benz,glb,200-24-amg,226 900 ,,Métallisée | +5000 DT,Parebrise athermique | Lunette et vitres arrières sur-teintées,,,9.1 s,,1662 mm,,4634 mm,,À distance,,5,,2 ans,,,,,Attention Assist,Éléctrique,,,,,,Velours,,,,Frontaux | Latéraux | Rideaux,Sport,,,,,250 nm 1620 tr/min,Ouvrant | Panoramique,10.25 pouces,,TEMPOMAT,,5,570 L,,,,,,,,,,Similicuir,,,,,,USB | Android Auto | Apple Carplay | Bluetooth,,,Démarrage mains libres,,,,,9 CV,Automatique,,,,,Conducteur et passager,163 CH,,,Accès mains libres,,,,Pack Sport AMG,Confort | Sport | Eco,,,,En aluminium | 19'',Anti-éblouissement,AFU | BAS,,,,Tactile | 10.1 pouces,,,,,,,Automatique,,,,Avant/Arrière,,,Essence,3,1834 mm,,,Traction,,,,6.2 L/100 km,,,Électriques | Rabattables | Photosensibles,,,,SUV,Disponible,,,207 KM/H,Commandes au volant,,,En hauteur et en profondeur,,,,,,,,4,,Multi-fonctions | Avec palettes,,Feux de jour | Avant | Arrières,7.6 L/100 km,7,5.4 L/100 km,,,,,,,ESP | ASR,Full LED,Radar de recul | Radar avant | Caméra de recul | Parkassist,,,Avant,,1332 CM³
https://www.automobile.tn/fr/neuf/byd/tang-ev/bev,byd,tang-ev,bev,229 990 ,7.5 heures,Métallisée,Acoustiques | Athermiques,,,4.9 s,,1745 mm,Rear Cross Traffic Monitor,4970 mm,Triangle de présignalisation,À distance,,7,,6 ans ou 150.000 km | Batterie garantie 8 ans ou 200.000 km,,,,520 km,,Éléctrique,,,,,20.9 kWh/100 km,,,LED | 31 Couleurs,,Frontaux | Latéraux | Rideaux,Électriques | 8 directions | Chauffants | Massants | Ventilés | Réglage lombaire | Fonction mémoire,,,TPMS,,680 nm 0 tr/min,Ouvrant | Panoramique,12.3 pouces,,Adaptatif (ACC) | Cruise control,,5,940 L,,2,,,,,,,,Cuir,,,,,,Android Auto | 4 USB | Apple Carplay | Bluetooth | Commande vocale | 1 fente pour carte SD | Chargeur de téléphone sans fil,Aluminium,,Démarrage mains libres,TSR,,,HHC,9 CV,Automatique,,,,Métal,Conducteur et passager,516 CH,FCW,LKA,Accès mains libres | Démarrage à distance,,,,,Normal | Sport | Eco,,108.8 kWh,,En aluminium | 21'' | Bi-ton,Anti-éblouissement,EBD | HBA | Système anti-collision avec détection des piétons |  Freinage automatique anti-collision (AEB) | VDC,,,Porte-lunettes,Tactile | Rotatif | 15.6 pouces,,,,Cuir | Alcantara,Chrome,,Automatique | 3 zones | Ventilation arrière,,,Ouverture et fermeture motorisées | Ouverture mains libres,Avant/Arrière,,,Electrique,3,1955 mm,1655 L,,Intégrale,,,,,,,Électriques | Rabattables | Dégivrants | Mémoire de position | Avec clignotants intégrés | Éclairage d'accueil à LED,,2 prises 12 V | Chargeur inversé (V2L),,SUV,Disponible,,,190 KM/H,12 haut-parleurs | Commandes au volant,,,En hauteur et en profondeur,,30 minutes,,,,,,,,Cuir | Chauffant | Multi-fonctions,,Feux de jour | Avant | Arrières | Clignotants à défilement,,,,,,,HDC,,,ESP | TCS,LED,Radar de recul | Radar avant | Système de caméras 360,,,Avant | Arrière,Pare-chocs | Poignées de portes | Rétroviseurs,
https://www.automobile.tn/fr/neuf/geely/monjaro/2.0-l-turbo-4wd-gfplus,geely,monjaro,2.0-l-turbo-4wd-gfplus,235 000 ,,,Double vitrage à l’avant,,,7.7 s,IHC,1689 mm,RCTA,4770 mm,,À distance,,5,,5 ans ou 150000 km,,,,,,Éléctrique,,,,RMI,,,,,,Frontaux | Latéraux | Rideaux,Électriques | 6 directions | Réglage lombaire | Fonction mémoire,,,TPMS,,350 nm 1500 tr/min,Ouvrant | Panoramique,12.3 pouces,,Adaptatif (ACC),,5,562 L,,,,BSD,,,,,,Cuir artificiel,,,,,,2 USB | USB-C | Bluetooth | Chargeur de téléphone sans fil | Mirrorlink,,,Démarrage mains libres,TSI,,,Autohold | HHC,14 CV,Automatique,,,,Acier inoxydable,Conducteur et passager,238 CH,FCW,LKA,Accès mains libres,,,,,Confort | Sport | Eco | Offroad | Sable | Neige | Intelligent,,,,En aluminium | 20'',,EBA | EBD | HBA |  Freinage automatique anti-collision (AEB) | VDC,,,,Tactile | 12.3 pouces | écran passager,LDW,,,Cuir,,,Automatique | 4 zones,,,Ouverture et fermeture motorisées,Avant/Arrière,,,Essence,,1895 mm,,,Intégrale,,,,8.5 L/100 km,,,Électriques | Rabattables | Dégivrants | Avec clignotants intégrés,,1 prise 12 V,,SUV,Disponible,,,215 KM/H,Haut-parleurs Bose | Subwoofer,,,En hauteur et en profondeur,,,,,,,,4,,Cuir | Multi-fonctions | Sport,,Feux de jour | Avant | Arrières,11.3 L/100 km,8,7.3 L/100 km,,,,HDC,,,ESC | TCS,Full LED,Radar de recul | Radar avant | Système de caméras 360 | Parkassist,,,Avant | Arrière,Pare-chocs | Poignées de portes,1969 CM³
https://www.automobile.tn/fr/neuf/great-wall/tank-500/2.0-l,great-wall,tank-500,2.0-l,239 900 ,,,Lunette et vitres arrières sur-teintées,,,6.9 s,,1905 mm,RCTA,5078 mm,,À distance,Escamotables électriquement,7,,5 ans ou 150000 km | Batterie garantie 8 ans ou 150000 km,,,,,,Éléctrique,,,,,,,,64 couleurs,,Frontaux | Latéraux | Rideaux,Électriques | Massants | Ventilés | Réglage lombaire | Fonction mémoire,,,,,648 nm 1400 tr/min,Ouvrant | Panoramique,,Arrière | Avant | Central,Adaptatif (ACC),Périmétrique,5,,,,,BSD,,,,,,Cuir | Nappa,Niveau 2 | TJA,,Électrique,,,USB | USB-C | Android Auto | Apple Carplay | Chargeur de téléphone sans fil,,,Démarrage mains libres,TSR,,,,14 CV,Automatique,,,,,Conducteur et passager,350 CH,FCW,LKA,Accès mains libres,,,,,Normal | Sport | Eco | Boue | Sable | Neige | Expert,,,,En aluminium | 20'',Anti-éblouissement,AFU | EBA | BAS |  Freinage automatique anti-collision (AEB),,,Porte-lunettes,Tactile | 14.6 pouces,LDW,,,,,,Automatique | 3 zones | Ventilation arrière,,,,Avant/Arrière,,,Essence | Hybride,,1934 mm,,,Intégrale,,,,8.5 L/100 km,,Boussole | Altimètre,Électriques | Rabattables,,1 prise 12 V | 220 V,,SUV,En pré-commande,,,180 KM/H,9 haut-parleurs | Infinity,,,En hauteur et en profondeur,,,,,,,,4,,Cuir | Multi-fonctions | Avec palettes,,Feux de jour | Avant | Arrières,,9,,,,,,,,ESC | ESP,Full LED | Adaptatifs,Radar de recul | Radar avant | Système de caméras 360 | Parkassist,,,Avant | Arrière,,1998 CM³
https://www.automobile.tn/fr/neuf/toyota/coaster/4.2-l,toyota,coaster,4.2-l,243 000 ,,,,,,N.C,,2635 mm,,6990 mm,,,,23,,1 an ou 50000 km,,,,,,,,,,,,Plastique antidérapant,,,,Frontal conducteur,,,,,,284 nm 2200 tr/min,,,,,,2 | 1 porte latérale battante,,,,,,,,,,,Tissu,,,,,,USB | AUX,,,,,,,,11 CV,Manuelle,,,,,,130 CH,,,,,,,,,,,,17'',,,,,,,,,,,,,Manuelle | Ventilation arrière,,,,,,,Diesel,,2080 mm,,,Propulsion,,,,N.C,,,,,,,Utilitaire,Disponible,,,100 KM/H,,,,,,,,,,,,4,,,,,N.C,5,N.C,,,,,,,,,,,,,,4164 CM³
https://www.automobile.tn/fr/neuf/toyota/land-cruiser-76/4.2-l,toyota,land-cruiser-76,4.2-l,244 000 ,,,,,,N.C,,1955 mm,,4720 mm,,,,9,,3 ans,,,,,,,,,,,,,,,,Frontaux,,,,,,285 nm 2200 tr/min,,,Arrière,,,4 | 2 portes arrières battantes vitrées,,,,,,,,,,,Tissu,,,,,,,,,,,,,,11 CV,Manuelle,,,,,,130 CH,,,,,,,,,,,,En aluminium | 16'',,,,,,,,,,,,Chromée,Manuelle,,,,Avant/Arrière,,,Diesel,,1770 mm,,,Intégrale,,,,N.C,,,,,,,SUV,Disponible,,,N.C,4 haut-parleurs,,,,,,,,,,,6,,,,,,5,,,,,,,,,,,,,,,4164 CM³
https://www.automobile.tn/fr/neuf/bmw/ix2/xdrive30-pack-m,bmw,ix2,xdrive30-pack-m,232 900 ,6.5 heures,Métallisée,Calorifuges | Acoustiques,M anthracite,,5.6 s,,1560 mm,,4554 mm,Triangle de présignalisation | Trousse de premiers secours,À distance,,5,,5 ans (2+3) | Batterie garantie 8 ans,,,,449 km,,Éléctrique,,,,,16.3 kWh/100 km,Velours,,,,Frontaux | Latéraux | Rideaux | Genoux | Centraux,Électriques | Fonction mémoire | Sport,,,,,494 nm 0 tr/min,Panoramique | En verre,10.25 pouces | BMW Live Plus,,Avec fonction freinage,,5,525 L,,1,,,,,,,,Alcantara | Surpiqûre contrastée Bleue | Veganza,,,,,,Android Auto | Apple Carplay | Bluetooth | Chargeur de téléphone sans fil,M Shadow Line à haute brillance,,Démarrage mains libres,,Noir brillant,,,7 CV,Automatique,,,,,Conducteur et passager,306 CH,,,Accès mains libres,,,,Pack Sport M,,,64.8 kWh,,En aluminium | 19'' | Bi-ton,Anti-éblouissement,AFU | DBC |  Freinage automatique anti-collision (AEB),Adaptative,,,Tactile | 10.7 pouces | Curved Display,,,,Luxury,Shadow Line,,Automatique,,,,Avant/Arrière,,,Electrique,,1845 mm,,,Intégrale,,,,,,,Électriques | Rabattables | Mémoire de position,,1 prise 12 V,,SUV,Disponible,,eSim | Teleservices | Connected+ Unlimited,180 KM/H,Commandes au volant,,,En hauteur et en profondeur,,29 minutes,,,,,,,,Cuir | Multi-fonctions | M | Sport | Avec palettes,,Feux de jour | Avant | Arrières,,1,,,,,,,,ESP | DSC,Adaptatifs | LED,Radar de recul | Radar avant | Système de caméras 360 | Parkassist,,,Avant,,
https://www.automobile.tn/fr/neuf/bmw/ix2/xdrive30-pack-m-pro,bmw,ix2,xdrive30-pack-m-pro,246 900 ,6.5 heures,Métallisée,Calorifuges | Acoustiques,M anthracite,,5.6 s,,1560 mm,,4554 mm,Triangle de présignalisation | Trousse de premiers secours,À distance,,5,,5 ans (2+3) | Batterie garantie 8 ans,,,,449 km,,Éléctrique,,Étriers rouges,,,16.3 kWh/100 km,Velours,,,,Frontaux | Latéraux | Rideaux | Genoux | Centraux,Électriques | Fonction mémoire | Sport,,Sport M | Régulation adaptative,,,494 nm 0 tr/min,Panoramique | En verre,Live Cockpit Professional | 10.25 pouces,,Avec fonction freinage,,5,525 L,,1,,,,,,,,Alcantara | Surpiqûre contrastée Bleue | Veganza,,,,,,Android Auto | Apple Carplay | Bluetooth | Chargeur de téléphone sans fil,M Shadow Line à haute brillance,,Démarrage mains libres,,M Aluminium Hexacube,,,7 CV,Automatique,,,,,Conducteur et passager,306 CH,,,Accès mains libres,,,,Pack Sport M,,,64.8 kWh,,En aluminium | 20'' | Bi-ton,Anti-éblouissement,AFU | DBC |  Freinage automatique anti-collision (AEB),Adaptative,,,Tactile | 10.7 pouces | Curved Display,,,,Luxury,Shadow Line,BMW Iconic Glow,Automatique,,,,Avant/Arrière,,,Electrique,,1845 mm,,,Intégrale,,,,,,,Électriques | Rabattables | Mémoire de position,,1 prise 12 V,,SUV,Disponible,,eSim | Teleservices | Connected+ Unlimited,180 KM/H,Commandes au volant,,,En hauteur et en profondeur,,29 minutes,,,,,,,,Cuir | Multi-fonctions | M | Sport | Avec palettes,,Feux de jour | Avant | Arrières,,1,,,,,,,,ESP | DSC,Adaptatifs | LED | Shadow Line M,Radar de recul | Radar avant | Système de caméras 360 | Parkassist,,,Avant,,
https://www.automobile.tn/fr/neuf/bmw/x1-hybride/xdrive-25e-lounge-xline,bmw,x1-hybride,xdrive-25e-lounge-xline,229 900 ,2.5 heures,Métallisée | +5000 DT,Lunette et vitres arrières sur-teintées | Calorifuges,,,6.8 s,,1642 mm,,4500 mm,Triangle de présignalisation,À distance,,5,,5 ans (2+3) | Batterie garantie 6 ans,,,,85 km,,Éléctrique,,,,,,,,,,Frontaux | Latéraux | Rideaux,Conducteur à réglage électrique | Fonction mémoire | Sport,,,,,477 nm 1500 tr/min,,10.25 pouces | BMW Live Plus,,Avec fonction freinage,,5,540 L,,,,,,136 CH,,,,Tissu | Arktur anthrazit,,,,,,Android Auto | Apple Carplay | Bluetooth | Chargeur de téléphone sans fil,Alu satiné,,Démarrage mains libres,,,,,8 CV,Automatique,,,,,Conducteur et passager,245 CH,,,Accès mains libres | Digital Key Card,,,,,Sport | Relax | Expressive | Personal | Efficient,,16.3 kWh,,En aluminium | 17'' | Bi-ton,Anti-éblouissement,AFU,,,,Tactile | 10.7 pouces | Curved Display,,,,,,,Automatique | Bizone,,,Ouverture et fermeture motorisées,Avant/Arrière,,,Essence | Hybride rechargeable,3,1845 mm,,,Intégrale,,,,6.4 L/100 km,,,Électriques | Rabattables,,,,SUV,Sur arrivage,,eSim | Teleservices | Connected+,190 KM/H,Commandes au volant,,,En hauteur et en profondeur,,,109 CH,,,,,3,,Cuir | Multi-fonctions,,Feux de jour | Avant | Arrières,,7,,,,,,,,TCS,Adaptatifs | LED,Radar de recul | Radar avant | Caméra de recul | Parkassist,,,Avant,,1499 CM³
https://www.automobile.tn/fr/neuf/bmw/x1-hybride/xdrive-25e-x-line,bmw,x1-hybride,xdrive-25e-x-line,247 900 ,2.5 heures,Métallisée | +5000 DT,Lunette et vitres arrières sur-teintées | Calorifuges,,,6.8 s,,1642 mm,,4500 mm,Triangle de présignalisation,À distance,,5,,5 ans (2+3) | Batterie garantie 6 ans,,,,85 km,,Éléctrique,,,,,,,,,,Frontaux | Latéraux | Rideaux,Conducteur à réglage électrique | Fonction mémoire | Sport,,,,,477 nm 1500 tr/min,Ouvrant | Panoramique | En verre,10.25 pouces | BMW Live Plus,,Avec fonction freinage,,5,540 L,,,,,,136 CH,,,,Veganza perforé,,,,,,Android Auto | Apple Carplay | Bluetooth | Chargeur de téléphone sans fil,Alu satiné,,Démarrage mains libres,,Noir brillant,,,8 CV,Automatique,,,,,Conducteur et passager,245 CH,,,Accès mains libres | Digital Key Card,,,,X-line,Sport | Relax | Expressive | Personal | Efficient,,16.3 kWh,,En aluminium | 18'' | Bi-ton,Anti-éblouissement,AFU,,,,Tactile | 10.7 pouces | Curved Display,,,,Luxury,Alu satiné,,Automatique | Bizone,,,Ouverture et fermeture motorisées,Avant/Arrière,,,Essence | Hybride rechargeable,3,1845 mm,,,Intégrale,,,,6.4 L/100 km,,,Électriques | Rabattables,,,,SUV,Disponible,,eSim | Teleservices | Connected+,190 KM/H,Commandes au volant,,,En hauteur et en profondeur,,,109 CH,,,,,3,,Cuir | Multi-fonctions,,Feux de jour | Avant | Arrières,,7,,,,,,,,TCS,Adaptatifs | LED,Radar de recul | Radar avant | Caméra de recul | Parkassist,,,Avant,,1499 CM³
https://www.automobile.tn/fr/neuf/bmw/x1-hybride/xdrive-25e-pack-m,bmw,x1-hybride,xdrive-25e-pack-m,255 900 ,2.5 heures,Métallisée | +5000 DT,Lunette et vitres arrières sur-teintées | Calorifuges,M anthracite,,6.8 s,,1642 mm,,4500 mm,Triangle de présignalisation,À distance,,5,,5 ans (2+3) | Batterie garantie 6 ans,,,,85 km,,Éléctrique,,,,,,Velours,,,,Frontaux | Latéraux | Rideaux,Conducteur à réglage électrique | Fonction mémoire | Sport,,,,,477 nm 1500 tr/min,Ouvrant | Panoramique | En verre,10.25 pouces | BMW Live Plus,,Avec fonction freinage,,5,540 L,,,,,,136 CH,,,,Alcantara/Veganza,,,,,,Android Auto | Apple Carplay | Bluetooth | Chargeur de téléphone sans fil,M Shadow Line à haute brillance,,Démarrage mains libres,,Noir brillant,,,8 CV,Automatique,,,,,Conducteur et passager,245 CH,,,Accès mains libres | Digital Key Card,,,,Pack Sport M,Sport | Relax | Expressive | Personal | Efficient,,16.3 kWh,,En aluminium | 18'' | Bi-ton,Anti-éblouissement,AFU,Adaptative,,,Tactile | 10.7 pouces | Curved Display,,,,Luxury,Noir Brillant,,Automatique | Bizone,,,Ouverture et fermeture motorisées,Avant/Arrière,,,Essence | Hybride rechargeable,3,1845 mm,,,Intégrale,,,,6.4 L/100 km,,,Électriques | Rabattables,,,,SUV,Disponible,,eSim | Teleservices | Connected+,190 KM/H,Commandes au volant,,,En hauteur et en profondeur,,,109 CH,,,,,3,,Cuir | Multi-fonctions | M | Avec palettes,,Feux de jour | Avant | Arrières,,7,,,,,,,,TCS,Adaptatifs | LED,Radar de recul | Radar avant | Caméra de recul | Parkassist,,,Avant,,1499 CM³
https://www.automobile.tn/fr/neuf/mercedes-benz/eqb/250plus-amg,mercedes-benz,eqb,250plus-amg,249 900 ,7.25 heures,,Lunette et vitres arrières sur-teintées | Athermiques,Noir,,8.9 s,,1654 mm,,4684 mm,Triangle de présignalisation | Trousse de premiers secours,À distance,,5,,2 ans,,,,518 km,Attention Assist,Éléctrique,,,,,15.7 kWh/100 km,AMG,,,,Frontaux | Latéraux | Rideaux | Genoux,Électriques | Réglage lombaire | Fonction mémoire | Sport,,Confort | Châssis surbaissé,,,385 nm 0 tr/min,Ouvrant | Panoramique,10.25 pouces,,,Périmétrique | Volumétrique,5,495 L,,1,,,,,,,,Similicuir Artico/Microfibre,,,,,,USB-C | Android Auto | Apple Carplay | Bluetooth | Commande vocale | Chargeur de téléphone sans fil,,,Démarrage mains libres,,Inserts décoratifs rétroéclairés avec motif en étoiles,,,N.C. CV,Automatique,,,,Eclairés,Conducteur et passager,190 CH,FCW,,Accès mains libres,,,,Pack Sport AMG,Confort | Sport | Eco | Sport Plus,,70.5 kWh,,En aluminium | 18'',Anti-éblouissement  | Sans Cadre,AFU |  Freinage automatique anti-collision (AEB),,,,Tactile | 10.25 pouces,,,,,Chrome,Avec étoile centrale,Automatique | Bizone,,,Ouverture et fermeture motorisées,Avant/Arrière,,,Electrique,3,1834 mm,,,Traction,,,,,,GPS,Électriques | Rabattables | Photosensibles | Mémoire de position | Éclairage d'accueil à LED,,,,SUV,Disponible,,,160 KM/H,MBUX | Commandes au volant | Burmester Surround,,,En hauteur et en profondeur,,35 minutes,,,,,,,,Cuir Nappa | Multi-fonctions | Sport | Avec palettes,,Feux de jour | Avant | Arrières,,,,,,,,,,ESP,LED Hautes performances,Radar de recul | Radar avant | Parktronic | Caméra panoramique 3D,,,Avant | Arrière,,
https://www.automobile.tn/fr/neuf/hyundai/azera-hybride/1.6-l-t-gdi-bva-6-2wd-calligraphy,hyundai,azera-hybride,1.6-l-t-gdi-bva-6-2wd-calligraphy,249 950 ,,,Athermiques,,,7 s,HBA,1460 mm,,5035 mm,,À distance,,5,,5 ans,,,,,,Éléctrique,,,,,,,,LED,,Frontaux | Latéraux | Rideaux | Centraux,Électriques | Ventilés | Réglage lombaire | Fonction mémoire,,,,,350 nm 1500 tr/min,Ouvrant | Panoramique,12.3 pouces,,Adaptatif (ACC) | Smart Cruise,,4,480 L,,,,BCA,,,,,,Cuir,,,Électrique,,,USB | Android Auto | Apple Carplay | AUX | Bluetooth | Commande vocale | Chargeur de téléphone sans fil,,,Démarrage mains libres,,,,HAC,9 CV,Automatique,,,,,Conducteur et passager,230 CH,,LKA | LFA,Accès mains libres,,,,,Sport | Eco | Perso,,,,En aluminium | 19'',Anti-éblouissement,EBD | DBC |  Freinage automatique anti-collision (AEB) | FCA,,,,Tactile | 12.3 pouces,,,,Cuir,,Calligraphy,Automatique | Bizone | Ventilation arrière,,,Ouverture et fermeture motorisées | Ouverture mains libres,Avant/Arrière,,,Essence | Hybride,,1880 mm,,,Traction,,,,5.5 L/100 km,Pour lunette arrière (électrique) | Pour vitres de portes arrières (électriques),GPS,Électriques | Rabattables | Dégivrants | Avec clignotants intégrés,,,,Berline,Sur arrivage,,,193 KM/H,Haut-parleurs Bose | Commandes au volant,,,En hauteur et en profondeur,Intelligent,,,,,,,4,,Cuir | Multi-fonctions | Avec palettes,,Feux de jour | Avant | Arrières,,6,,Escamotables | Ouverture à l'approche,,,,,,ESP,Bi-LED,Radar de recul | Radar avant | Système de caméras 360 | Stationnement intelligent à distance,,,Avant | Arrière,,1598 CM³
https://www.automobile.tn/fr/neuf/hyundai/ioniq-5-n/84-kwh-4wd,hyundai,ioniq-5-n,84-kwh-4wd,249 950 ,6.8 heures,,Parebrise athermique | Lunette et vitres arrières sur-teintées | Acoustiques,,0 g/km,3.4 s,AHBA,1605 mm,,4715 mm,,À distance,,5,,5 ans ou 100000 km | Batterie garantie 8 ans ou 160.000 KM,,,,589 km,DAW,Éléctrique,,,,,21.2 kWh/100 km,,,LED,,Frontaux | Latéraux | Rideaux | Centraux,Électriques | Chauffants | Fonction mémoire | Baquets,,,,,770 nm 0 tr/min,,12.3 pouces,eLSD,Adaptatif (ACC),Périmétrique,5,527 L,,2,Aluminium,BCA,,,,,,Cuir/Tissu,Niveau 2,,Électrique,,,USB | Android Auto | Apple Carplay | AUX | Bluetooth | Commande vocale | Chargeur de téléphone sans fil,,,Démarrage mains libres,TSR | Avec régulation de la vitesse,,,,12 CV,Automatique,,,,,Conducteur et passager,650 CH,,LKA | LFA,Accès mains libres,,,,N-Line,Normal | Sport | Eco | Neige,,84 kWh,,En aluminium | 21'' | Bi-ton,Anti-éblouissement  | Avec caméra arrière,EBD | Système anti-collision avec détection des piétons | Freinage multi-collision,,,,Tactile | 12.3 pouces,,,,,,,Automatique | Bizone | Ventilation arrière,,,Ouverture et fermeture motorisées | Ouverture mains libres,Avant/Arrière,,,Electrique,3,1940 mm,1587 L,,Intégrale,24 L,,,,,,Électriques | Rabattables | Dégivrants | Avec clignotants intégrés,,2 prises 12 V | Chargeur inversé (V2L),,SUV,Disponible,,,260 KM/H,Haut-parleurs Bose | Commandes au volant | Subwoofer | Radio numérique DAB,,,En hauteur et en profondeur,Intelligent,18 minutes,,,,,,,,Chauffant | Multi-fonctions | Avec palettes | N-Line,,Feux de jour | Avant | Arrières | Pixel LED,,,,Escamotables,,,,,,ESP,Pixel LED | Bi-LED,Radar de recul | Radar avant | Système de caméras 360 | Détection du trafic en marche arrière,,,Avant conducteur,,
https://www.automobile.tn/fr/neuf/kia/sorento-hybride/1.6-t-gdi-hev,kia,sorento-hybride,1.6-t-gdi-hev,249 980 ,,,Lunette et vitres arrières sur-teintées,,,8.9 s,HBA,1700 mm,,4815 mm,,À distance,,7,,5 ans,,,,,,Éléctrique | EPB,,,,,,,,LED,,Frontaux | Latéraux | Rideaux | Centraux,Électriques | Chauffants | Ventilés | Réglage lombaire | Fonction mémoire,,,TPMS,,367 nm 1500 tr/min,Ouvrant | Panoramique | En verre,12.3 pouces,,Adaptatif (ACC) | HDA,,5,179 L,,,Métal,BCA,,180 CH,,,,Cuir | Nappa,Niveau 2,,,,,USB | Android Auto | Apple Carplay | Bluetooth | Commande vocale | Chargeur de téléphone sans fil,,,Démarrage mains libres,Avec régulation de la vitesse,,,HAC,10 CV,Automatique,,,,,Conducteur et passager,235 CH,,LKA | LFA,Accès mains libres,,,,,Sport | Eco | Smart | Boue | Sable | Neige,,,,En aluminium | 19'',Avec caméra arrière,EBD | Système anti-collision avec détection des piétons,,,,Tactile | 12.3 pouces,,,,,Alu satiné,Maillage 3D,Automatique | Bizone | Ventilation arrière,,,,Avant/Arrière,264 nm,,Essence | Hybride,,1900 mm,813 L,,Intégrale,,,,6.1 L/100 km,,Cartographie Tunisienne,Électriques | Dégivrants | Avec clignotants intégrés | Éclairage d'accueil à LED,,,,SUV,Sur arrivage,,,193 KM/H,12 haut-parleurs | Haut-parleurs Bose | Commandes au volant | Amplificateur externe,,,En hauteur et en profondeur,,,60 CH,,,,,4,,Cuir | Chauffant | Multi-fonctions | Réglage électrique | Avec palettes,,Feux de jour | Avant | Arrières | Clignotants à défilement,,6,,,,,,LED,,ESC,Full LED | Adaptatifs,Radar de recul | Radar avant | Système de caméras 360 | Détection du trafic en marche arrière | Stationnement intelligent à distance,,,Avant | Arrière,,1598 CM³
https://www.automobile.tn/fr/neuf/audi/a5-berline/tfsi-advanced,audi,a5-berline,tfsi-advanced,259 000 ,,,Parebrise athermique | Lunette et vitres arrières sur-teintées | Acoustiques,Noir | Tissu,,9.8 s,,1444 mm,,4829 mm,Triangle de présignalisation,À distance,,5,,3 ans,,,,,,Éléctrique,,,,,,,,LED | 30 Couleurs,,Frontaux | Latéraux | Rideaux | Centraux,Électriques | Réglage lombaire | Fonction mémoire,,,,,280 nm 1400 tr/min,Panoramique | En verre | Électrochrome,Audi Virtual Cockpit | 11.9 pouces,,Adaptatif (ACC),,5,445 L,,,,,,,,,,Cuir/similicuir,,,,,,USB | Android Auto | Apple Carplay | Bluetooth | Commande vocale | Chargeur de téléphone sans fil,,,Démarrage mains libres,,Inserts décoratifs en aluminium mat brossé Argent,,,8 CV,Automatique,,,,Aluminium | Eclairés,Conducteur et passager,150 CH,,,Accès mains libres,,,,Advanced,Audi Drive Select,,,,En aluminium | 18'',Anti-éblouissement  | Sans Cadre,AFU,,,,Tactile | Curved Display | 14.5 pouces,,,,,,,Automatique | 3 zones | Ventilation arrière,,,Ouverture et fermeture motorisées,Avant/Arrière,,,Essence,,1860 mm,1299 L,,Traction,,,,7.3 L/100 km,,,Électriques | Rabattables | Dégivrants | Photosensibles | Mémoire de position | Avec clignotants intégrés | Éclairage d'accueil à LED,,,,Berline,Disponible,,,216 KM/H,MMI Radio | Commandes au volant,,,En hauteur et en profondeur,,,,,,,,4,,Cuir | 3 branches | Multi-fonctions | Sport | à méplat | Avec palettes,,Feux de jour | Avant | Arrières | Clignotants à défilement,,7,,,,,,,,ESP,Audi Matrix LED,Radar de recul | Radar avant | Système de caméras 360 | Audi Parking System Plus | Détection du trafic en marche arrière,,,Avant,,1984 CM³
https://www.automobile.tn/fr/neuf/kia/ev6-gt/awd,kia,ev6-gt,awd,262 980 ,7.3 heures,,Lunette et vitres arrières sur-teintées,,0 g/km,3.5 s,HBA,1545 mm,,4695 mm,,À distance,,5,,5 ans | Batterie garantie 8 ans,,,,424 km,DAW,Éléctrique | EPB,,Étriers verts,,,20.6 kWh/100 km,,,LED,,Frontaux | Latéraux | Rideaux | Centraux,Électriques | Chauffants | Ventilés | Réglage lombaire | Baquets | GT,,,TPMS,,740 nm 0 tr/min,Ouvrant | En verre,12.3 pouces,eLSD,Adaptatif (ACC) | HDA,Périmétrique,5,480 L,,2,Aluminium,BCA,,,,,,Suédine | Cuir artificiel,Niveau 2,,Électrique,,,USB | Android Auto | Apple Carplay | AUX | Bluetooth | Commande vocale | Chargeur de téléphone sans fil,,,Démarrage mains libres,TSR | Avec régulation de la vitesse,,,Autohold | HAC,11 CV,Automatique,,,,Aluminium,Conducteur et passager,585 CH,,LKA | LFA,Accès mains libres,,,,GT,Normal | Eco | GT,,77.4 kWh,,En aluminium | 21'' | Bi-ton,Anti-éblouissement,EBD | Système anti-collision avec détection des piétons | Freinage multi-collision | FCA,ECS,,,Tactile | 12.3 pouces,,,,,,,Automatique | Bizone | Ventilation arrière,,,Ouverture et fermeture motorisées | Ouverture mains libres,Avant/Arrière,,,Electrique,3,1890 mm,,,Intégrale,20 L,,,,,Cartographie Tunisienne | Service Kia,Électriques | Rabattables | Dégivrants | Noirs | Avec clignotants intégrés,,2 prises 12 V | 230 V | Chargeur inversé (V2L),,SUV,En pré-commande,,,260 KM/H,14 haut-parleurs | Commandes au volant | Meridian | Amplificateur externe,,,En hauteur et en profondeur,,18 minutes,,,,,,,,Chauffant | Multi-fonctions | Avec palettes | Cuir artificiel,,Feux de jour | Avant | Arrières | Clignotants à défilement,,,,Escamotables,,,,,,ESC,Full LED | Adaptatifs | Matrix LED,Radar de recul | Radar avant | Système de caméras 360 | Détection du trafic en marche arrière | Stationnement intelligent à distance,,,Avant | Arrière,,
https://www.automobile.tn/fr/neuf/alfa-romeo/stelvio/2.0-turbo-q4-bva,alfa-romeo,stelvio,2.0-turbo-q4-bva,265 000 ,,,,,,5.7 s,,1671 mm,,4687 mm,,À distance,,5,,3 ans,,,,,,,,,,,,,,,,Frontaux | Latéraux | Rideaux,Électriques |  Conducteur à réglage électrique | 8 directions | Chauffants | Réglage lombaire | Fonction mémoire,,,,,400 nm 2250 tr/min,Ouvrant | Panoramique | + 7000 DT,,,Cruise control,,5,525 L,,,,,,,,,,Cuir,,,,,,USB | AUX | Bluetooth,,,Démarrage mains libres,,Bois,,,17 CV,Automatique,,,,,Conducteur et passager,280 CH,,,Accès mains libres,,,,,,,,,En aluminium | 20'',,AFU | Active City Brake | EBD | Système anti-collision avec détection des piétons,,,,Tactile | 6.5 pouces,,,,,,,Automatique | Bizone,,,,Avant/Arrière,,,Essence,3,1903 mm,,,Intégrale,,,,7 L/100 km,,GPS | Cartographie Tunisienne,Électriques | Rabattables | Dégivrants | Éclairage d'accueil à LED,,,,SUV,Indisponible,,,230 KM/H,8 haut-parleurs | Commandes au volant,,,En hauteur et en profondeur,,,,,,,,4,,Cuir | Chauffant | Multi-fonctions | Avec palettes,,Feux de jour | Avant | Arrières,8.9 L/100 km,8,5.9 L/100 km,,,,HDC,,,ESP | ASR,Xénon | Bi-xénon,Radar de recul | Radar avant | Caméra de recul,Chromées,,Avant | Arrière,,1995 CM³
https://www.automobile.tn/fr/neuf/bmw/i4/edrive40-business-line,bmw,i4,edrive40-business-line,245 900 ,8.5 heures,Métallisée,Calorifuges,M anthracite,,5.6 s,,1448 mm,,4783 mm,Triangle de présignalisation | Trousse de premiers secours,À distance,,5,,5 ans (2+3) | Batterie garantie 8 ans,,,,600 km,,Éléctrique,,,,,16.1 kWh/100 km,Velours,,,,Frontaux | Latéraux | Rideaux,Électriques | Fonction mémoire,,,,,430 nm 0 tr/min,Ouvrant | En verre,12.3 pouces | Live Cockpit Professional | BMW Live Plus,,Avec fonction freinage,,5,470 L,,1,,,,,,,,Sensatec perforé,,,,,,USB-C | Android Auto | Apple Carplay | Bluetooth | Commande vocale | Chargeur de téléphone sans fil,,,Démarrage mains libres,,Noir brillant,,,7 CV,Automatique,,,,,Conducteur et passager,340 CH,FCW,,Accès mains libres | Digital Key Card,,,,,,,81.1 kWh,,En aluminium | 18'' | Bi-ton,Anti-éblouissement,,,,,Tactile | 14.9 pouces,,,,,Alu satiné,,Automatique | 3 zones,,,Ouverture et fermeture motorisées,Avant/Arrière,,,Electrique,,1852 mm,,,Propulsion,,,,,,,Électriques | Rabattables | Dégivrants,,1 prise 12 V,,Berline,Disponible,,eSim | Teleservices | Connected+ Unlimited,190 KM/H,Commandes au volant,,,En hauteur et en profondeur,,30 minutes,,,,,,,,Cuir | Multi-fonctions | Sport,,Feux de jour | Avant | Arrières,,1,,,,,,,,,LED,Radar de recul | Radar avant | Caméra de recul | Parkassist | Park distance control,,,Avant | Arrière,Pare-chocs | Poignées de portes | Rétroviseurs,
https://www.automobile.tn/fr/neuf/bmw/i4/edrive40-pack-m,bmw,i4,edrive40-pack-m,266 900 ,8.5 heures,Métallisée,Lunette et vitres arrières sur-teintées | Athermiques,M anthracite,,5.6 s,,1448 mm,,4783 mm,Triangle de présignalisation | Trousse de premiers secours,À distance,,5,,5 ans (2+3) | Batterie garantie 8 ans,,,,600 km,,Éléctrique,,Sport M | Étriers bleus,,,16.1 kWh/100 km,,,,,Frontaux | Latéraux | Rideaux,Électriques | Réglage lombaire | Fonction mémoire,,,,,430 nm 0 tr/min,Ouvrant | En verre,12.3 pouces | Live Cockpit Professional,,Avec fonction freinage,,5,470 L,,1,,,,,,,,Sensatec perforé | Tacorarot,,,Sport variable,,,USB-C | Android Auto | Apple Carplay | Bluetooth | Commande vocale | Chargeur de téléphone sans fil,,,Démarrage mains libres,,M Aluminium Rhombicle Anthrazit,,,7 CV,Automatique,,,,,Conducteur et passager,340 CH,FCW,,Accès mains libres | Digital Key Card,,,,Pack Sport M,,,81.1 kWh,,En aluminium | 19'' | Bi-ton,Anti-éblouissement,,Adaptative,,,Tactile | 14.9 pouces,,,,Luxury,Shadow Line,,Automatique | 3 zones,,,Ouverture et fermeture motorisées,Avant/Arrière,,,Electrique,,1852 mm,,,Propulsion,,,,,,,Électriques | Rabattables | Dégivrants | Avec clignotants intégrés,,1 prise 12 V,,Berline,Disponible,,eSim | Teleservices | Connected+ Unlimited,190 KM/H,10 haut-parleurs | Commandes au volant | Système HiFi,,,En hauteur et en profondeur,,30 minutes,,,,,,,,Cuir | Multi-fonctions | M | Sport,,Feux de jour | Avant | Arrières,,1,,,,,,,,,Full LED | Adaptatifs,Radar de recul | Radar avant | Système de caméras 360 | Parkassit Plus,,,Avant | Arrière,Pare-chocs | Poignées de portes | Rétroviseurs,
https://www.automobile.tn/fr/neuf/bmw/i4/edrive40-pack-m-pro,bmw,i4,edrive40-pack-m-pro,287 900 ,8.5 heures,Métallisée,Lunette et vitres arrières sur-teintées | Athermiques,M anthracite,,5.6 s,,1448 mm,,4783 mm,Triangle de présignalisation | Trousse de premiers secours,À distance,,5,,5 ans (2+3) | Batterie garantie 8 ans,,,,600 km,,Éléctrique,,Étriers rouges | Sport M,,,16.1 kWh/100 km,,,,,Frontaux | Latéraux | Rideaux,Électriques | Chauffants | Réglage lombaire | Fonction mémoire,,,,,430 nm 0 tr/min,Ouvrant | En verre,12.3 pouces | Live Cockpit Professional,,Adaptatif (ACC) | Avec fonction freinage,,5,470 L,,1,,,,,,,,Sensatec perforé | Tacorarot,,,Sport variable,,,USB-C | Android Auto | Apple Carplay | Bluetooth | Commande vocale | Chargeur de téléphone sans fil,,,Démarrage mains libres,,CraftedClarity | Inserts décoratifs M 'Carbon Fibre',,,7 CV,Automatique,,,,,Conducteur et passager,340 CH,FCW,,Accès mains libres | Digital Key Card,,,,Pack Sport M,,,81.1 kWh,,En aluminium | 20'' | Bi-ton,Anti-éblouissement,,Adaptative,,,Tactile | 14.9 pouces,,,,Luxury,Shadow Line,,Automatique | 3 zones,,,Ouverture et fermeture motorisées,Avant/Arrière,,,Electrique,,1852 mm,,,Propulsion,,,,,,,Électriques | Rabattables | Dégivrants | Avec clignotants intégrés,,1 prise 12 V,,Berline,Disponible,,eSim | Teleservices | Connected+ Unlimited,190 KM/H,17 haut-parleurs | Harman/Kardon | Commandes au volant,,,En hauteur et en profondeur,,30 minutes,,,,,,,,Cuir | Multi-fonctions | M | Sport,,Feux de jour | Avant | Arrières,,1,,,,,,,,,Full LED | Adaptatifs | Shadow Line M,Radar de recul | Radar avant | Système de caméras 360 | Parkassit Plus,,,Avant | Arrière,Pare-chocs | Poignées de portes | Rétroviseurs,
https://www.automobile.tn/fr/neuf/audi/q6-e-tron/100-kwh-quattro-s-line,audi,q6-e-tron,100-kwh-quattro-s-line,269 000 ,10 heures,,Parebrise athermique | Lunette et vitres arrières sur-teintées | Acoustiques,,,5.9 s,,1648 mm,,4771 mm,Triangle de présignalisation,À distance,,5,Avec réalité augmentée,3 ans | Batterie garantie 8 ans ou 160.000 KM,,,,619 km,,Éléctrique,,,,,19.5 kWh/100 km,,,LED | 30 Couleurs,,Frontaux | Latéraux | Rideaux,Électriques | Chauffants | Massants | Réglage lombaire | Fonction mémoire | Avec Appuie-tête intégrés | Sport,,Sport,,,855 nm 0 tr/min,Panoramique | En verre,Audi Virtual Cockpit | 11.9 pouces,,Adaptatif (ACC),,5,526 L,,2,Acier inoxydable brossé,,,,,,,Cuir/Microfibre Dinamica | Nappa | Surpiqures,,,,,,USB | USB-C | Android Auto | Apple Carplay | Bluetooth | Commande vocale | Chargeur de téléphone sans fil,Noires,,Démarrage mains libres,,Inserts décoratifs en aluminium Anthracite mat brossé,,,9 CV,Automatique,,,,Aluminium | Eclairés | S-line,Conducteur et passager,388 CH,,,Accès mains libres,,,,S-line,Audi Drive Select,,100 kWh,,En aluminium | 20'',Anti-éblouissement,,,,,Tactile | écran passager | 14.5 pouces,,,,Cuir,Pack style Noir,,Automatique | 3 zones | Ventilation arrière,,,Ouverture et fermeture motorisées,Avant/Arrière,,,Electrique,,1939 mm,1529 L,,Intégrale,64 L,,,,,,Électriques | Rabattables | Dégivrants | Photosensibles | Mémoire de position | Noirs | Avec clignotants intégrés | Éclairage d'accueil à LED,,,,SUV,En pré-commande,,,210 KM/H,Haut-parleurs Bang & Olufsen | MMI Panoramic Display,,,En hauteur et en profondeur,,21 minutes,,,,,,,,Cuir | 3 branches | Chauffant | Multi-fonctions | Sport | à méplat | Avec palettes,,Feux de jour | Avant | Arrières | Clignotants à défilement,,,,,,,,,,,Audi Matrix LED | Signature LED,Radar de recul | Radar avant | Système de caméras 360 | Audi Parking System Plus,,,Avant,,
https://www.automobile.tn/fr/neuf/audi/a6-sportback-e-tron/100-kwh-performance,audi,a6-sportback-e-tron,100-kwh-performance,269 000 ,10 heures,,Parebrise athermique | Lunette et vitres arrières sur-teintées | Acoustiques,Noir | Tissu,,5.4 s,,1487 mm,,4928 mm,Triangle de présignalisation,À distance,,5,Avec réalité augmentée,3 ans | Batterie garantie 8 ans ou 160.000 KM,,,,673 km,,Éléctrique,,,,,15.9 kWh/100 km,,,LED | 30 Couleurs,,Frontaux | Latéraux | Rideaux,Électriques | Chauffants | Réglage lombaire | Fonction mémoire,,,,,565 nm 0 tr/min,Panoramique | En verre | Électrochrome,Audi Virtual Cockpit | 11.9 pouces,,Adaptatif (ACC),,5,502 L,,1,,,,,Soft close,,,Cuir/similicuir,,,,,,USB | USB-C | Android Auto | Apple Carplay | Bluetooth | Commande vocale | Chargeur de téléphone sans fil,,,Démarrage mains libres,,Inserts décoratifs en aluminium Anthracite mat brossé,,,9 CV,Automatique,,,,Aluminium | Eclairés,Conducteur et passager,367 CH,,,Accès mains libres,,,,Advanced,Audi Drive Select,,100 kWh,,En aluminium | 20'',Anti-éblouissement,AFU,Pneumatique | Adaptative,,,Tactile | écran passager | Curved Display | 14.5 pouces,,,,Cuir,Noir Brillant,,Automatique | 3 zones | Ventilation arrière,,,Ouverture et fermeture motorisées,Avant/Arrière,,,Electrique,,1923 mm,1330 L,381 CH,Propulsion,,,,,,,Électriques | Rabattables | Dégivrants | Photosensibles | Mémoire de position | Avec clignotants intégrés | Éclairage d'accueil à LED,,,,Berline,En pré-commande,,,210 KM/H,Haut-parleurs Bang & Olufsen | MMI Panoramic Display,,,En hauteur et en profondeur,,21 minutes,,,,,,,,Cuir | Chauffant | Multi-fonctions | Sport | à méplat | Réglage électrique | Avec palettes,,Feux de jour | Avant | Clignotants à défilement | Arrières OLED,,,,,,,,,,,Audi Matrix LED | Signature LED,Radar de recul | Radar avant | Système de caméras 360 | Audi Parking System Plus | Détection du trafic en marche arrière,,,Avant,,
https://www.automobile.tn/fr/neuf/honda/civic-type-r/2.0-l-turbo,honda,civic-type-r,2.0-l-turbo,274 400 ,,,Acoustiques,,,5.4 s,HBSS,1401 mm,,4592 mm,,À distance,,4,,3 ans ou 100.000 km,,,Carbonne,,,Éléctrique | EPB,,Brembo,,,,,,,,Frontaux | Latéraux | Rideaux | Genoux,Sport,,,TPMS,,420 nm 2600 tr/min,,10.2 pouces,,Adaptatif (ACC) | Cruise control,,4,694 L,,,Aluminium,,,,,,,Velours,,,EPS | Électrique,,,2 USB | Android Auto | Apple Carplay | Bluetooth | Commande vocale | Wifi | Chargeur de téléphone sans fil,,,Démarrage mains libres,,,,,21 CV,Manuelle,,,Aluminium,,Conducteur,319 CH,FCW,LKA | RDM,Accès mains libres,,Avant | Arrière,,Type R,Confort | Sport | Individual | +R,,,,En aluminium | 19'',Anti-éblouissement,EBA | EBD | Système anti-collision avec détection des piétons |  Freinage automatique anti-collision (AEB) | EBB,Adaptative,,,Tactile | 9 pouces,LDW,,,,,Noire,Automatique | Bizone,,,Cache Bagages,Avant/Arrière,,,Essence,,1890 mm,,,Traction,,,,8.4 L/100 km,,,Électriques | Dégivrants | Noirs | Avec clignotants intégrés,,1 prise 12 V,,Berline,Disponible,,,275 KM/H,12 haut-parleurs | Haut-parleurs Bose | Commandes au volant,,,En hauteur et en profondeur,,,,,,,,4,,Multi-fonctions | Alcantara,,Feux de jour | Avant | Arrières,11.3 L/100 km,6,6.7 L/100 km,,,,,LED,,VSA,Full LED,Radar de recul | Radar avant | Caméra de recul,Chromées | Triples,,Avant | Arrière,Pare-chocs | Poignées de portes,1996 CM³
https://www.automobile.tn/fr/neuf/toyota/fortuner/2.4-l-d-4d-bva,toyota,fortuner,2.4-l-d-4d-bva,274 800 ,,Métallisée,,,,9.4 s,,1835 mm,,4795 mm,,À distance,,7,,3 ans ou 100.000 km,,,,,,,,,,,,,,,,Frontaux | Genoux,,,,,,400 nm 1600 tr/min,,,Arrière,,,5,253 L,,,,,,,,,,Tissu | Surpiqures,,,Adaptative,,,Android Auto | Apple Carplay | Bluetooth,,,Démarrage mains libres,,,,HAC,8 CV,Automatique,,,,,Conducteur,150 CH,,,Accès mains libres,,,,,,,,,En aluminium | 18'',Anti-éblouissement,,,,,8 pouces,,,,,Chrome,Chromée | Piano Black,Automatique | Bizone | Ventilation arrière,,,,Avant/Arrière,,,Diesel,,1855 mm,,,Intégrale,,,,7.4 L/100 km,,,Électriques | Rabattables | Avec clignotants intégrés,,1 prise 12 V,,SUV,Disponible,,,175 KM/H,,,,En hauteur et en profondeur,,,,,,,,4,,Cuir | Multi-fonctions,,Feux de jour | Avant | Arrières,9.6 L/100 km,6,6.7 L/100 km,Chromées,,,,LED,,VSC,LED,Radar de recul | Caméra de recul,,,Avant | Arrière,,2393 CM³
https://www.automobile.tn/fr/neuf/bmw/serie-4-gran-coupe/420i-2025-business-line,bmw,serie-4-gran-coupe,420i-2025-business-line,279 900 ,,Métallisée,Lunette et vitres arrières sur-teintées | Calorifuges,M anthracite,,7.9 s,,1442 mm,,4783 mm,Triangle de présignalisation | Trousse de premiers secours,À distance,,5,,5 ans (2+3),,,,,,Éléctrique,,,,,,Velours,,,,Frontaux | Latéraux | Rideaux,Électriques | Fonction mémoire,,,,,300 nm 1350 tr/min,Ouvrant | Panoramique,12.3 pouces | Live Cockpit Professional,EDLC,Avec fonction freinage,,5,470 L,,,,,,,,,,Similicuir | Sensatec perforé,,,,,,USB-C | Android Auto | Apple Carplay | Bluetooth | Commande vocale | Chargeur de téléphone sans fil,,,Démarrage mains libres,,Dark Graphite mat,,,10 CV,Automatique,,,,Aluminium,Conducteur et passager,184 CH,FCW,,Accès mains libres,,,,,Confort | Sport | Eco,,,,En aluminium | 18'' | Bi-ton,Anti-éblouissement,DBC |  Freinage automatique anti-collision (AEB),,,,Tactile | 14.9 pouces,,,,,Alu satiné,,Automatique,,,Ouverture mains libres,Avant/Arrière,,,Essence,3,1852 mm,,,Propulsion,,,,6.2 L/100 km,,,Électriques | Rabattables | Avec clignotants intégrés,,,,Berline,Sur arrivage,,,235 KM/H,10 haut-parleurs | Commandes au volant | Système HiFi,,,En hauteur et en profondeur,,,,,,,,4,,Cuir | Multi-fonctions | Sport,,Feux de jour | Avant | Arrières,7.7 L/100 km,8,5.3 L/100 km,,,,,,,DSC,Full LED,Radar de recul | Radar avant | Caméra de recul | Parkassist | Autoreverse,,,Avant,,1998 CM³
https://www.automobile.tn/fr/neuf/bmw/serie-4-gran-coupe/420i-2025-pack-m,bmw,serie-4-gran-coupe,420i-2025-pack-m,329 900 ,,Métallisée | +6000 DT,Lunette et vitres arrières sur-teintées | Calorifuges,M anthracite,,7.9 s,,1442 mm,,4783 mm,Triangle de présignalisation | Trousse de premiers secours,À distance,,5,,5 ans (2+3),,,,,,Éléctrique,,Sport M,,,,Velours,,,,Frontaux | Latéraux | Rideaux,Électriques | Réglage lombaire | Fonction mémoire,,Sport M,,,300 nm 1350 tr/min,Ouvrant | Panoramique,12.3 pouces | Live Cockpit Professional,EDLC,Avec fonction freinage,,5,470 L,,,,,,,,,,Similicuir | Sensatec perforé,,,Sport variable,,,USB-C | Android Auto | Apple Carplay | Bluetooth | Commande vocale | Chargeur de téléphone sans fil,,,Démarrage mains libres,,Inserts décoratifs M 'Carbon Fibre',,,10 CV,Automatique,,,,Aluminium,Conducteur et passager,184 CH,FCW,,Accès mains libres,,,,Pack Sport M,Confort | Sport | Eco,,,,En aluminium | 19'' | M,Anti-éblouissement,DBC |  Freinage automatique anti-collision (AEB),,,,Tactile | 14.9 pouces,,,,Luxury,Shadow Line,Noire,Automatique,,,Ouverture mains libres,Avant/Arrière,,,Essence,3,1852 mm,,,Propulsion,,,,6.2 L/100 km,,,Électriques | Rabattables | Avec clignotants intégrés,,,,Berline,Disponible,,eSim | Teleservices,235 KM/H,10 haut-parleurs | Commandes au volant | Système HiFi,,,En hauteur et en profondeur,,,,,,,,4,,Cuir | Multi-fonctions | M | Sport | Avec palettes,,Feux de jour | Avant | Arrières,7.7 L/100 km,8,5.3 L/100 km,,,,,,,DSC,Full LED,Radar de recul | Radar avant | Système de caméras 360 | Autoreverse | Parkassit Plus,,,Avant,,1998 CM³
https://www.automobile.tn/fr/neuf/ford/everest/2.0-l-bi-turbo-xlt-7-places,ford,everest,2.0-l-bi-turbo-xlt-7-places,260 000 ,,Métallisée,Lunette et vitres arrières sur-teintées,,,10.4 s,,1841 mm,,4914 mm,,À distance,,7,,3 ans ou 60.000 km,,,,,,Éléctrique,,,,RSC,,Premium,,,,Frontaux | Latéraux | Rideaux | Genoux | Centraux,Conducteur à réglage électrique | 8 directions | Réglage lombaire | Banquette arrière coulissante,,,,,500 nm 1750 tr/min,,8 pouces,,,,5,898 L,,,,,,,,,,Cuir,,Supervision TFT LCD,Électrique,,,USB | Android Auto | Apple Carplay | Bluetooth | Commande vocale | Chargeur de téléphone sans fil,,,Démarrage mains libres,,,,,13 CV,Automatique,,,Cuir,,Conducteur,210 CH,,,Accès mains libres,,,,,Normal | Eco | Charge lourde | Faible adhérence | Boue | Sable,,,,En aluminium | 18'',Anti-éblouissement,EBA,,,,Tactile | 10 pouces,,,,,,,Automatique | 3 zones | Ventilation arrière,,,,Avant/Arrière,,,Diesel,3,1923 mm,,,Intégrale,,,,7.5 L/100 km,,,Électriques | Rabattables | Dégivrants | Avec clignotants intégrés,,2 prises 12 V,,SUV,Disponible,,,180 KM/H,SYNC | 8 haut-parleurs | Commandes au volant,,,En hauteur et en profondeur,,,,,,,,4,,Cuir | Multi-fonctions,,Feux de jour | Avant | Arrières,8.9 L/100 km,10,6.7 L/100 km,,,,HDC,LED,,TCS,Full LED,Radar de recul | Radar avant | Caméra de recul,,,Avant | Arrière,,1996 CM³
https://www.automobile.tn/fr/neuf/ford/everest/2.0-l-bi-turbo-limited-7-places,ford,everest,2.0-l-bi-turbo-limited-7-places,285 000 ,,Métallisée,Lunette et vitres arrières sur-teintées,,,10.4 s,,1841 mm,,4914 mm,,À distance,,7,,3 ans ou 60.000 km,,,,,,Éléctrique,,,,RSC,,Premium,,,,Frontaux | Latéraux | Rideaux | Genoux | Centraux,Conducteur à réglage électrique | 8 directions | Réglage lombaire | Banquette arrière coulissante,,,,,500 nm 1750 tr/min,Ouvrant | Panoramique,8 pouces,,,,5,898 L,,,,,,,,,,Cuir,,Supervision TFT LCD,Électrique,,,USB | Android Auto | Apple Carplay | Bluetooth | Commande vocale | Chargeur de téléphone sans fil,,,Démarrage mains libres,,,,,13 CV,Automatique,,,Cuir,,Conducteur,210 CH,,,Accès mains libres,,,,,Normal | Eco | Charge lourde | Faible adhérence | Boue | Sable,,,,En aluminium | 20'',Anti-éblouissement,EBA | Système anti-collision avec détection des piétons,,,,Tactile | 12 pouces HD,,,,,Chrome,Chromée,Automatique | 3 zones | Ventilation arrière,,,Ouverture et fermeture motorisées,Avant/Arrière,,,Diesel,3,1923 mm,,,Intégrale,,,,7.5 L/100 km,,,Électriques | Rabattables | Dégivrants | Avec clignotants intégrés,,2 prises 12 V | 230 V,,SUV,Sur arrivage,,,180 KM/H,SYNC | 8 haut-parleurs | Commandes au volant,,,En hauteur et en profondeur,,,,,,,,4,,Cuir | Multi-fonctions,,Feux de jour | Avant | Arrières,8.9 L/100 km,10,6.7 L/100 km,Chromées,,,HDC,LED,,TCS,Full LED,Radar de recul | Radar avant | Caméra de recul,,,Avant | Arrière,,1996 CM³
https://www.automobile.tn/fr/neuf/audi/q6-sportback-e-tron/100-kwh-quattro-s-line,audi,q6-sportback-e-tron,100-kwh-quattro-s-line,289 000 ,10 heures,,Parebrise athermique | Lunette et vitres arrières sur-teintées | Acoustiques,Noir | Tissu,,5.9 s,,1648 mm,,4771 mm,Triangle de présignalisation,À distance,,5,Avec réalité augmentée,3 ans | Batterie garantie 8 ans ou 160.000 KM,,,,570 km,,Éléctrique,,Étriers rouges,,,18.7 kWh/100 km,,,LED | 30 Couleurs,,Frontaux | Latéraux | Rideaux,Électriques | Chauffants | Massants | Réglage lombaire | Fonction mémoire | Avec Appuie-tête intégrés | Sport,,,,,855 nm 0 tr/min,Panoramique | En verre,Audi Virtual Cockpit | 11.9 pouces,,Adaptatif (ACC),,5,511 L,,2,Acier inoxydable brossé,,,,,,,Cuir/Microfibre Dinamica | Nappa | Surpiqures,,,,,,USB | USB-C | Android Auto | Apple Carplay | Bluetooth | Commande vocale | Chargeur de téléphone sans fil,Noires,,Démarrage mains libres,,Inserts décoratifs à structure en micro-sergé de carbone,,,9 CV,Automatique,,,,Aluminium | Eclairés | S-line,Conducteur et passager,388 CH,,,Accès mains libres,,,,S-line,Audi Drive Select,,100 kWh,,En aluminium | 20'',Anti-éblouissement,AFU,Pneumatique | Adaptative,,,Tactile | écran passager | Curved Display | 14.5 pouces,,,,Cuir,Noir Brillant,,Automatique | 3 zones | Ventilation arrière,,,Ouverture et fermeture motorisées,Avant/Arrière,,,Electrique,,1939 mm,1373 L,,Intégrale,64 L,,,,,,Électriques | Rabattables | Dégivrants | Photosensibles | Mémoire de position | Noirs | Avec clignotants intégrés | Éclairage d'accueil à LED,,,,SUV,En pré-commande,,,210 KM/H,Haut-parleurs Bang & Olufsen | MMI Panoramic Display,,,En hauteur et en profondeur,,21 minutes,,,,,,,,3 branches | Chauffant | Multi-fonctions | Sport | Cuir Perforé | à méplat | Réglage électrique | Avec palettes,,Feux de jour | Avant | Clignotants à défilement | Arrières OLED,,,,,,,,,,,Audi Matrix LED | Signature LED,Radar de recul | Radar avant | Système de caméras 360 | Audi Parking System Plus | Détection du trafic en marche arrière,,,Avant,,
https://www.automobile.tn/fr/neuf/porsche/macan-electric/100-kwh,porsche,macan-electric,100-kwh,295 000 ,11.5 heures,,Lunette et vitres arrières sur-teintées,,,5.7 s,,1623 mm,,4784 mm,Triangle de présignalisation,À distance,,5,,2 ans | Batterie garantie 8 ans ou 160.000 KM,,,,536 km,,Éléctrique,,,,,17 kWh/100 km,,,LED,,Frontaux | Latéraux | Centraux,Électriques | 8 directions | Chauffants | Fonction mémoire | Confort,,,TPMS,,563 nm 0 tr/min,Ouvrant | Panoramique,12.6 pouces,,,,5,540 L,,1,,,,,,,,Cuir,,,Servotronic,,,Android Auto | Apple Carplay | Bluetooth | Commande vocale | Chargeur de téléphone sans fil,,,Démarrage mains libres,,Noir brillant,,,9 CV,Automatique,,,,Aluminium,Conducteur et passager,340 CH,FCW,,,,,,,Normal | Sport | Sport Plus | Offroad,,100 kWh,,En aluminium | 20'',,Système anti-collision avec détection des piétons,Porsche Active Suspension Management (PASM),,,Tactile | écran passager | 10.9 pouces,,,,,Alu satiné,,Automatique | Bizone | Ventilation arrière,,,Ouverture et fermeture motorisées,Avant/Arrière,,,Electrique,,1938 mm,1348 L,360 CH,Propulsion,84 L,,,,,,Électriques | Rabattables | Dégivrants | Mémoire de position,,,,SUV,En pré-commande,,,220 KM/H,10 haut-parleurs | Haut-parleurs Bose | Radio numérique DAB,,,En hauteur et en profondeur,,21 minutes,,,,,,,,Cuir | Multi-fonctions,,Feux de jour | Avant | Arrières,,,,,,,,,,,Matrix LED,Radar de recul | Radar avant | Caméra de recul | Parkassist,,,Avant,Pare-chocs | Poignées de portes | Rétroviseurs,
https://www.automobile.tn/fr/neuf/porsche/macan-electric/100-kwh-4,porsche,macan-electric,100-kwh-4,318 000 ,11.5 heures,Métallisée,Lunette et vitres arrières sur-teintées,,,5.2 s,,1622 mm,,4784 mm,Triangle de présignalisation,À distance,,5,,2 ans | Batterie garantie 8 ans ou 160.000 KM,,,,516 km,,Éléctrique,,,,,17.9 kWh/100 km,,,LED,,Frontaux | Latéraux | Centraux,Électriques | 8 directions | Chauffants | Fonction mémoire | Confort,,,TPMS,,650 nm 0 tr/min,Ouvrant | Panoramique,12.6 pouces,,,,5,540 L,,2,,,,,,,,Cuir,,,Servotronic,,,Android Auto | Apple Carplay | Bluetooth | Commande vocale | Chargeur de téléphone sans fil,,,Démarrage mains libres,,Noir brillant | Argent Ombre,,,11 CV,Automatique,,,,Aluminium,Conducteur et passager,387 CH,FCW,,,,,,,Normal | Sport | Sport Plus | Offroad,,100 kWh,,En aluminium | 20'',Anti-éblouissement,Système anti-collision avec détection des piétons,Porsche Active Suspension Management (PASM),,,Tactile | écran passager | 10.9 pouces,,,,,Noir Mat,,Automatique | Bizone | Ventilation arrière,,,Ouverture et fermeture motorisées,Avant/Arrière,,,Electrique,,1938 mm,1348 L,408 CH,Intégrale,84 L,,,,,,Électriques | Rabattables | Dégivrants | Photosensibles | Mémoire de position,,,,SUV,En pré-commande,,,220 KM/H,10 haut-parleurs | Haut-parleurs Bose | Radio numérique DAB,,,En hauteur et en profondeur,,21 minutes,,,,,,,,Cuir | Multi-fonctions,,Feux de jour | Avant | Arrières,,,,,,,,,,,Matrix LED,Radar de recul | Radar avant | Caméra de recul | Parkassist,,,Avant,Pare-chocs | Poignées de portes | Rétroviseurs,
https://www.automobile.tn/fr/neuf/porsche/macan-electric/100-kwh-4s,porsche,macan-electric,100-kwh-4s,370 000 ,11.5 heures,Métallisée,Lunette et vitres arrières sur-teintées,,,4.1 s,,1622 mm,,4784 mm,Triangle de présignalisation,À distance,,5,,2 ans | Batterie garantie 8 ans ou 160.000 KM,,,,512 km,,Éléctrique,,Étriers rouges,,,17.7 kWh/100 km,,,LED,,Frontaux | Latéraux | Centraux,Électriques | 18 directions | Chauffants | Ventilés | Fonction mémoire | Sport | Confort,,,TPMS,,820 nm 0 tr/min,Ouvrant | Panoramique,12.6 pouces,,Adaptatif (ACC),,5,540 L,,2,Acier inoxydable brossé,,,,,,,Cuir,,,Servotronic,,,Android Auto | Apple Carplay | Bluetooth | Commande vocale | Chargeur de téléphone sans fil,,,Démarrage mains libres,,Pack Carbone,,,11 CV,Automatique,,,,Aluminium | Eclairés,Conducteur et passager,448 CH,FCW,,,,,,,Normal | Sport | Sport Plus | Offroad,,100 kWh,,En aluminium | 21'',Anti-éblouissement,Système anti-collision avec détection des piétons,Pneumatique | Porsche Active Suspension Management (PASM),,,Tactile | écran passager | 10.9 pouces,,,,,Noir Mat,,Automatique | 4 zones | Ventilation arrière,,,Ouverture et fermeture motorisées,Avant/Arrière,,,Electrique,,1938 mm,1348 L,516 CH,Intégrale,84 L,,,,,,Électriques | Rabattables | Dégivrants | Photosensibles | Mémoire de position,,,Carbone,SUV,En pré-commande,,,240 KM/H,10 haut-parleurs | Haut-parleurs Bose | Radio numérique DAB,,,En hauteur et en profondeur,,21 minutes,,,,,,,,Cuir | Multi-fonctions | Sport,,Feux de jour | Avant | Arrières,,,,,,,,,,,Matrix LED,Radar de recul | Radar avant | Caméra de recul | Parkassist,,,Avant,Pare-chocs | Poignées de portes | Rétroviseurs,
https://www.automobile.tn/fr/neuf/porsche/macan-electric/100-kwh-turbo,porsche,macan-electric,100-kwh-turbo,438 000 ,11.5 heures,Métallisée,Lunette et vitres arrières sur-teintées | Acoustiques | Athermiques,Race-Tex,,3.3 s,,1621 mm,,4784 mm,Triangle de présignalisation,À distance,,5,Avec réalité augmentée,2 ans | Batterie garantie 8 ans ou 160.000 KM,,,,518 km,,Éléctrique,,Étriers rouges,,,18.9 kWh/100 km,,,LED,,Frontaux | Latéraux | Centraux,Électriques | 18 directions | Chauffants | Ventilés | Fonction mémoire | Sport | Confort,,,TPMS,,1130 nm 0 tr/min,Ouvrant | Panoramique,12.6 pouces,,Adaptatif (ACC),,5,480 L,,2,Acier inoxydable brossé,,,,,,,Cuir étendu,,,Servotronic,,Déclenchement électrique,Android Auto | Apple Carplay | Bluetooth | Commande vocale | Chargeur de téléphone sans fil,,,Démarrage mains libres,,Pack Carbone,,,N.C,Automatique,,,,Aluminium | Eclairés,Conducteur et passager,584 CH,FCW,,,,,,,Normal | Sport | Sport Plus | Offroad,,100 kWh,,"En aluminium | 22""",Anti-éblouissement,Système anti-collision avec détection des piétons,Pneumatique | Porsche Active Suspension Management (PASM),,,Tactile | écran passager | 10.9 pouces,,,,,Noir Mat,,Automatique | 4 zones | Ventilation arrière,,,Ouverture et fermeture motorisées,Avant/Arrière,,,Electrique,,1938 mm,1288 L,639 CH,Intégrale,84 L,,,,,Réalité augmentée,Électriques | Rabattables | Dégivrants | Photosensibles | Mémoire de position,,,Carbone,SUV,En pré-commande,,,260 KM/H,14 haut-parleurs | Burmester Surround | Radio numérique DAB,,,En hauteur et en profondeur,,21 minutes,,,,,,,,Cuir | Multi-fonctions | Sport,,Feux de jour | Avant | Arrières,,,,,,,,,,,Matrix LED,Radar de recul | Radar avant | Caméra de recul | Parkassist,,,Avant,Pare-chocs | Poignées de portes | Rétroviseurs,
https://www.automobile.tn/fr/neuf/kia/ev9/99.8-kwh-gt-line-7-places,kia,ev9,99.8-kwh-gt-line-7-places,299 980 ,7.4 heures,Métallisée,Lunette et vitres arrières sur-teintées,Suédine,,5.3 s,,1780 mm,,5010 mm,,À distance,,7,,5 ans | Batterie garantie 8 ans,,,,485 km,Alerte Attention Conducteur par caméra,Éléctrique | EPB,,,,,22.8 kWh/100 km,,,LED,,Frontaux | Latéraux | Rideaux | Centraux,Électriques | Chauffants | Massants | Ventilés | Réglage lombaire | Fonction mémoire,,,,,700 nm 0 tr/min,Ouvrant | Panoramique,12.3 pouces,,Adaptatif (ACC) | HDA,,5,312 L,,2,Aluminium,BCA,,,,,,Cuir artificiel,,,,,,2 USB | Android Auto | 4 USB-C | Apple Carplay | Bluetooth | Commande vocale | Chargeur de téléphone sans fil,,,Démarrage mains libres,TSR | Avec régulation de la vitesse,,,HAC,7 CV,Automatique,,,,,Conducteur et passager,385 CH,,LKA | LFA,Accès mains libres,,,,GT-Line,Normal | Sport | Eco,,99.8 kWh,TSA,En aluminium | 21'',Anti-éblouissement,EBD | Système anti-collision avec détection des piétons |  Freinage automatique anti-collision (AEB) | Freinage multi-collision | FCA,Amortissement piloté | ECS,,Poches aumônières,Tactile | 12.3 pouces,,,,,Alu satiné,,Automatique | 3 zones | Ventilation arrière,,,Ouverture et fermeture motorisées | Ouverture mains libres,Avant/Arrière,,,Electrique,,1980 mm,2318 L,,Intégrale,52 L,,,,,GPS | Cartographie Tunisienne,Électriques | Rabattables | Dégivrants | Photosensibles,,1 prise 12 V | 220 V,,SUV,Disponible,,,200 KM/H,14 haut-parleurs | Commandes au volant | Meridian | Amplificateur externe,,,En hauteur et en profondeur,,18 minutes,,,,,,,,Chauffant | Multi-fonctions | Réglage électrique | Avec palettes | Cuir artificiel,,Feux de jour | Avant | Arrières,,,,Escamotables | Ouverture à l'approche,,,,,,ESC,Adaptatifs | Matrix LED,Radar de recul | Radar avant | Système de caméras 360 | Détection du trafic en marche arrière | Stationnement intelligent à distance,,,,,
https://www.automobile.tn/fr/neuf/kia/ev9/99.8-kwh-gt-line-6-places,kia,ev9,99.8-kwh-gt-line-6-places,304 980 ,7.4 heures,Métallisée,Lunette et vitres arrières sur-teintées,Suédine,,5.3 s,,1780 mm,,5010 mm,,À distance,,6,,5 ans | Batterie garantie 8 ans,,,,485 km,Alerte Attention Conducteur par caméra,Éléctrique | EPB,,,,,22.8 kWh/100 km,,,LED,,Frontaux | Latéraux | Rideaux | Centraux,Électriques | Chauffants | Massants | Ventilés | Réglage lombaire | Fonction mémoire,,,,,700 nm 0 tr/min,Ouvrant | Panoramique,12.3 pouces,,Adaptatif (ACC) | HDA,,5,312 L,,2,Aluminium,BCA,,,,,,Cuir artificiel,,,,,,2 USB | Android Auto | 4 USB-C | Apple Carplay | Bluetooth | Commande vocale | Chargeur de téléphone sans fil,,,Démarrage mains libres,TSR | Avec régulation de la vitesse,,,HAC,7 CV,Automatique,,,,,Conducteur et passager,385 CH,,LKA | LFA,Accès mains libres,,,,GT-Line,Normal | Sport | Eco,,99.8 kWh,TSA,En aluminium | 21'',Anti-éblouissement,EBD | Système anti-collision avec détection des piétons |  Freinage automatique anti-collision (AEB) | Freinage multi-collision | FCA,Amortissement piloté | ECS,,Poches aumônières,Tactile | 12.3 pouces,,,,,Alu satiné,,Automatique | 3 zones | Ventilation arrière,,,Ouverture et fermeture motorisées | Ouverture mains libres,Avant/Arrière,,,Electrique,,1980 mm,2393 L,,Intégrale,52 L,,,,,GPS | Cartographie Tunisienne,Électriques | Rabattables | Dégivrants | Photosensibles,,1 prise 12 V | 220 V,,SUV,Disponible,,,200 KM/H,14 haut-parleurs | Commandes au volant | Meridian | Amplificateur externe,,,En hauteur et en profondeur,,18 minutes,,,,,,,,Chauffant | Multi-fonctions | Réglage électrique | Avec palettes | Cuir artificiel,,Feux de jour | Avant | Arrières,,,,Escamotables | Ouverture à l'approche,,,,,,ESC,Adaptatifs | Matrix LED,Radar de recul | Radar avant | Système de caméras 360 | Détection du trafic en marche arrière | Stationnement intelligent à distance,,,,,
https://www.automobile.tn/fr/neuf/ssangyong/rexton/2.2-l-diesel-bva-5-places,ssangyong,rexton,2.2-l-diesel-bva-5-places,302 300 ,,,Teintées | Lunette et vitres arrières sur-teintées | Acoustiques | Athermiques,,,N.C,,1825 mm,Rear Cross Traffic Monitor,4850 mm,,À distance,,5,,3 ans ou 100.000 km,,,,,DAA,Éléctrique,,,,ARP,,,,LED,,Frontaux | Latéraux | Rideaux,Électriques | Chauffants | Ventilés | Fonction mémoire,,,TPMS,,400 nm 1400 tr/min,Ouvrant,,,Cruise control,Périmétrique,5,784 L,,,,BSD,,,,,,Cuir | Nappa,,,,,,2 USB | Android Auto | Apple Carplay | AUX | Bluetooth | 1 fente pour carte SD | Chargeur de téléphone sans fil,,,Démarrage mains libres,,Chromée,,HSA,12 CV,Automatique,,,Cuir,Eclairés,Conducteur et passager,202 CH,,LKA,Accès mains libres,,,,,,,,,En aluminium | 20'',Anti-éblouissement,AFU | BAS | EBD | HBA |  Freinage automatique anti-collision (AEB),,,Poches aumônières,Tactile | 8 pouces,LDW,,,,Chrome,Chromée,Automatique | Bizone,,,Ouverture et fermeture motorisées,Avant/Arrière,,,Diesel,,1960 mm,,,Intégrale,,,,7.4 L/100 km,,,Électriques | Rabattables | Dégivrants | Avec clignotants intégrés | Éclairage d'accueil à LED,,1 prise 12 V,,SUV,Disponible,,,187 KM/H,8 haut-parleurs | Commandes au volant,,,En hauteur et en profondeur,,,,,,,,4,,Cuir | Chauffant | Multi-fonctions | Chrome | Avec palettes,,Feux de jour | Avant | Arrières,9.5 L/100 km,8,6.2 L/100 km,,,,HDC,LED,,ESP | TCS,Full LED,Radar de recul | Radar avant | Système de caméras 360 | Détection du trafic en marche arrière,,,Avant,,2157 CM³
https://www.automobile.tn/fr/neuf/bmw/serie-3-hybride/330e-lounge,bmw,serie-3-hybride,330e-lounge,281 900 ,2.25 heures,Métallisée | +5000 DT,Lunette et vitres arrières sur-teintées | Athermiques,,,5.9 s,,1446 mm,,4713 mm,Triangle de présignalisation | Trousse de premiers secours,À distance,,5,,5 ans (2+3) | Batterie garantie 6 ans,,,,100 km,,Éléctrique,,,,,20.7 kWh/100 km,Velours,,LED,,Frontaux | Latéraux | Rideaux,Électriques | Fonction mémoire | Sport,,,,,420 nm 1350 tr/min,Ouvrant | En verre,12.3 pouces | BMW Live Plus | Widescreen,EDLC,Avec fonction freinage,,4,375 L,,,,,,184 CH,,,,Sensatec perforé | Tacorarot,,,,,,USB | USB-C | Android Auto | Apple Carplay | Bluetooth | Commande vocale | Chargeur de téléphone sans fil,,,Démarrage mains libres,,Dark Graphite mat,,,10 CV,Automatique,,,,,Conducteur et passager,292 CH,FCW,,Accès mains libres | Digital Key Card,,,,,Confort | Sport | Eco,,19.5 kWh,,En aluminium | 18'' | Bi-ton,Anti-éblouissement,DBC,,,,Tactile | 14.9 pouces,LDW,,,,Alu satiné,,Automatique | 3 zones,,,Ouverture et fermeture motorisées | Ouverture mains libres,Avant/Arrière,265 nm,,Essence | Hybride rechargeable,3,1827 mm,,,Propulsion,,,,0.8 L/100 km,,GPS,Électriques | Rabattables | Mémoire de position | Avec clignotants intégrés,,1 prise 12 V,,Berline,Sur arrivage,,eSim | Teleservices | Connected+ Unlimited,230 KM/H,6 haut-parleurs | Commandes au volant,,,En hauteur et en profondeur,,,109 CH,,,,,4,,Cuir | Multi-fonctions | Sport | Avec palettes,,Feux de jour | Avant | Arrières,,8,,,,,,,,DSC,Full LED | Adaptatifs,Radar de recul | Radar avant | Caméra de recul | Parkassist | Autoreverse,,,Avant,Pare-chocs | Poignées de portes | Rétroviseurs,1998 CM³
https://www.automobile.tn/fr/neuf/bmw/serie-3-hybride/330e-pack-m,bmw,serie-3-hybride,330e-pack-m,303 900 ,2.25 heures,Métallisée,Calorifuges,M anthracite,,5.9 s,,1446 mm,,4713 mm,Triangle de présignalisation | Trousse de premiers secours,À distance,,5,,5 ans (2+3) | Batterie garantie 6 ans,,,,92 km,,Éléctrique,,,,,22.6 kWh/100 km,Velours,,LED,,Frontaux | Latéraux | Rideaux,Électriques | Fonction mémoire | Sport,,Sport M,,,420 nm 1350 tr/min,Ouvrant | En verre,12.3 pouces | Live Cockpit Professional | Widescreen,EDLC,Avec fonction freinage,,4,375 L,,,,,,184 CH,,,,Sensatec perforé | Tacorarot,,,Sport variable,,,USB | USB-C | Android Auto | Apple Carplay | Bluetooth | Commande vocale | Chargeur de téléphone sans fil,,,Démarrage mains libres,,Inserts décoratifs M 'Carbon Fibre' | M Aluminium Rhombicle Anthrazit,,,10 CV,Automatique,,,,,Conducteur et passager,292 CH,FCW,,Accès mains libres | Digital Key Card,,,,Pack Sport M,Confort | Sport | Eco,,19.5 kWh,,En aluminium | 19'',Anti-éblouissement,DBC,,,,Tactile | 14.9 pouces,LDW,,,,Noir Brillant | Shadow Line,Noire,Automatique | 3 zones,,,Ouverture et fermeture motorisées,Avant/Arrière,265 nm,,Essence | Hybride rechargeable,3,1827 mm,,,Propulsion,,,,1.0 L/100 km,,,Électriques | Rabattables | Dégivrants | Mémoire de position | Avec clignotants intégrés,,1 prise 12 V,,Berline,Sur arrivage,,eSim | Teleservices | Connected+ Unlimited,230 KM/H,10 haut-parleurs | Commandes au volant | Système HiFi,,,En hauteur et en profondeur,,,109 CH,,,,,4,,Cuir | Multi-fonctions | M | Sport | Avec palettes,,Feux de jour | Avant | Arrières,,8,,,,,,,,DSC,Full LED | Adaptatifs,Radar de recul | Radar avant | Système de caméras 360 | Parkassit Plus,,,Avant,Pare-chocs | Poignées de portes | Rétroviseurs,1998 CM³
https://www.automobile.tn/fr/neuf/bmw/serie-3-hybride/330e-pack-m-pro,bmw,serie-3-hybride,330e-pack-m-pro,323 900 ,2.25 heures,Métallisée,Calorifuges,M anthracite,,5.9 s,,1446 mm,,4713 mm,Triangle de présignalisation | Trousse de premiers secours,À distance,,5,,5 ans (2+3) | Batterie garantie 6 ans,,,,92 km,,Éléctrique,,Étriers rouges,,,22.6 kWh/100 km,Velours,,LED,,Frontaux | Latéraux | Rideaux,Électriques | Fonction mémoire | Sport,,Sport M,,,420 nm 1350 tr/min,Ouvrant | En verre,12.3 pouces | Live Cockpit Professional | Widescreen,EDLC,Avec fonction freinage,,4,375 L,,,,,,184 CH,,,,Sensatec perforé | Tacorarot,,,Sport variable,,,USB | USB-C | Android Auto | Apple Carplay | Bluetooth | Commande vocale | Chargeur de téléphone sans fil,,,Démarrage mains libres,,Inserts décoratifs M 'Carbon Fibre',,,10 CV,Automatique,,,,,Conducteur et passager,292 CH,FCW,,Accès mains libres | Digital Key Card,,,,Pack Sport M,Confort | Sport | Eco,,19.5 kWh,,En aluminium | 19'',Anti-éblouissement,DBC,,,,Tactile | 14.9 pouces,,,,Luxury,Noir Brillant | Shadow Line,Noire,Automatique | 3 zones,,,Ouverture et fermeture motorisées,Avant/Arrière,265 nm,,Essence | Hybride rechargeable,3,1827 mm,,,Propulsion,,,,1.0 L/100 km,,,Électriques | Rabattables | Dégivrants | Mémoire de position | Avec clignotants intégrés,,1 prise 12 V,,Berline,Disponible,,eSim | Teleservices | Connected+ Unlimited,230 KM/H,10 haut-parleurs | Commandes au volant | Système HiFi,,,En hauteur et en profondeur,,,109 CH,,,,,4,,Cuir | Multi-fonctions | M | Sport | Avec palettes,,Feux de jour | Avant | Arrières,,8,,,,,,,,DSC,Full LED | Adaptatifs | Shadow Line M,Radar de recul | Radar avant | Caméra de recul | Système de caméras 360 | Parkassit Plus,,,Avant,Pare-chocs | Poignées de portes | Rétroviseurs,1998 CM³
https://www.automobile.tn/fr/neuf/land-rover/discovery-sport/1.5-l-p300e-phev-dynamic-se,land-rover,discovery-sport,1.5-l-p300e-phev-dynamic-se,311 000 ,2.1 heures,Métallisée,Parebrise athermique | Lunette et vitres arrières sur-teintées,Morzine | Ebony,,6.6 s,AHBA,1727 mm,,4597 mm,,À distance,,5,,5 ans ou 150000 km,,,,62 km,,Éléctrique,,,,,,,,,,Frontaux | Latéraux | Rideaux,Électriques | 12 directions | Fonction mémoire,,,TPMS,,540 nm 2000 tr/min,,12.3 pouces,,Adaptatif (ACC),Périmétrique,5,780 L,,,Métal,,,200 CH,,,,Cuir | Ebony,,,,,,3 USB | Android Auto | Apple Carplay | Bluetooth | Chargeur de téléphone sans fil | Pivi Pro,,,Démarrage mains libres,,Shadow Aluminium,,,11 CV,Automatique,,,,Métal,Conducteur et passager,309 CH,,,Accès mains libres,,,,,,,15 kWh,,En aluminium | 19'',Anti-éblouissement,Freinage automatique anti-collision (AEB),,,,Tactile | 13.1 pouces,,,,,,,Automatique | Bizone | Ventilation arrière,,,Ouverture et fermeture motorisées,Avant/Arrière,260 nm,,Essence | Hybride rechargeable,,2069 mm,1574 L,,Intégrale,,,,1.6 L/100 km,,,Électriques | Rabattables | Dégivrants | Photosensibles | Éclairage d'accueil à LED,,,,SUV,Disponible,,,190 KM/H,12 haut-parleurs | 400W | Commandes au volant | Meridian,,,En hauteur et en profondeur,,,109 CH,,,,,3,,Multi-fonctions | Réglage électrique,,Feux de jour | Avant,,8,,,,,,,,,Signature LED | LED,Caméra de recul,,,Avant | Arrière,,1498 CM³
https://www.automobile.tn/fr/neuf/mercedes-benz/glc/200-4matic-avantgarde,mercedes-benz,glc,200-4matic-avantgarde,320 000 ,,Métallisée | +9000 DT,Teintées | Lunette et vitres arrières sur-teintées | Athermiques,Noir | Tissu,,7.8 s,,1640 mm,,4716 mm,,À distance,Aluminium,5,,2 ans,,,,,Attention Assist,Éléctrique,,,,,,Velours,,LED | 64 couleurs,,Frontaux | Latéraux | Rideaux | Genoux conducteur,Partiellement électriques | Chauffants | Réglage lombaire,,Agility Control,,,320 nm 3000 tr/min,Ouvrant | Panoramique,12.3 pouces,,TEMPOMAT,,5,620 L,,,,,,,,,,Similicuir,,,Paramétrique,,,USB-C | Android Auto | Apple Carplay | Bluetooth | Commande vocale | Chargeur de téléphone sans fil,Aluminium,,Démarrage mains libres,,Inserts décoratifs aspect losanges en gris argent,,,12 CV,Automatique,,,,Aluminium,Conducteur et passager,204 CH,,,,,,,Avantgarde,Confort | Sport | Eco | Offroad,,,,En aluminium | 18'',Anti-éblouissement  | Sans Cadre,AFU,,,,Tactile | 11.9 pouces,,,,,Chrome,Avec étoile centrale,Automatique | Bizone,,,Ouverture et fermeture motorisées | Cache Bagages | Ouverture à distance,Avant/Arrière,,,Essence | Hybride léger,3,1890 mm,,,Intégrale,,,,6.8 L/100 km,,,Électriques | Rabattables | Photosensibles | Avec clignotants intégrés,,1 prise 12 V,,SUV,Disponible,,,221 KM/H,MBUX | Commandes au volant,,,En hauteur et en profondeur,,,23 CH,,,,,4,,Cuir | 3 branches | Multi-fonctions | Avec palettes,,Feux de jour | Avant | Arrières,7.3 L/100 km,9,6.2 L/100 km,,,,,,,ESP,LED Hautes performances,Radar de recul | Radar avant | Caméra de recul | Parktronic,,,Avant | Arrière,,1999 CM³
https://www.automobile.tn/fr/neuf/mercedes-benz/glc/200-4matic-amg,mercedes-benz,glc,200-4matic-amg,360 000 ,,Métallisée | +9000 DT,Teintées | Lunette et vitres arrières sur-teintées | Athermiques,Noir | Tissu,,7.8 s,,1640 mm,,4716 mm,,À distance,Aluminium,5,,2 ans,,,,,Attention Assist,Éléctrique,,,,,,Velours | AMG,,LED | 64 couleurs,,Frontaux | Latéraux | Rideaux | Genoux conducteur,Électriques | Chauffants | Réglage lombaire | Fonction mémoire | Sport,,Sport,,,320 nm 3000 tr/min,Ouvrant | Panoramique,12.3 pouces,,TEMPOMAT,,5,620 L,,,Aluminium,,,,,,,Similicuir,,,Paramétrique,,,USB-C | Android Auto | Apple Carplay | Bluetooth | Commande vocale | Chargeur de téléphone sans fil,Aluminium,,Démarrage mains libres,,Inserts décoratifs en aluminium finition trapèze,,,12 CV,Automatique,,,,Aluminium | Eclairés,Conducteur et passager,204 CH,,,,,,,Pack Sport AMG,Confort | Sport | Eco | Offroad,,,,En aluminium | 19'',Anti-éblouissement  | Sans Cadre,AFU,,,,Tactile | 11.9 pouces,,,,Similicuir,Chrome,Diamantée,Automatique | Bizone,,,Ouverture et fermeture motorisées | Cache Bagages | Ouverture à distance,Avant/Arrière,,,Essence | Hybride léger,3,1890 mm,,,Intégrale,,,,6.8 L/100 km,,GPS,Électriques | Rabattables | Photosensibles | Avec clignotants intégrés,,1 prise 12 V,,SUV,Disponible,,,221 KM/H,MBUX | Commandes au volant,,,En hauteur et en profondeur,,,23 CH,,,,,4,,Cuir | 3 branches | Multi-fonctions | Sport | à méplat | Avec palettes,,Feux de jour | Avant | Arrières,7.3 L/100 km,9,6.2 L/100 km,,,,,,,ESP,LED Hautes performances,Radar de recul | Radar avant | Caméra de recul | Parktronic,,,Avant | Arrière,,1999 CM³
https://www.automobile.tn/fr/neuf/jeep/wrangler-2021/2.0-l-rubicon,jeep,wrangler-2021,2.0-l-rubicon,327 000 ,,,Lunette et vitres arrières sur-teintées,,,7.5 s,,1839 mm,,4334 mm,,À distance,,5,,3 ans ou 100.000 km,,,,,,,,,,,,,,,,Frontaux | Latéraux,,,,,,400 nm 3000 tr/min,,,Avant et arrière Tru-Lock,,,3,203 L,,,,,,,,,,Cuir,,,Électrique,,,USB | Android Auto | Apple Carplay | AUX | Bluetooth | Commande vocale,,,Démarrage mains libres,,,,,18 CV,Automatique,,,Cuir,,Conducteur et passager,272 CH,,,,,,,,,,,,En aluminium | 17'',,,,,,Tactile | 8.4 pouces,,,,,,,Automatique,,,,Avant,,,Essence,3,1894 mm,,,Intégrale,,,,9 L/100 km,,,Électriques,,1 prise 12 V,,SUV,Sur commande,,,177 KM/H,6 haut-parleurs | Uconnect,,,En hauteur,,,,,,,,4,,Cuir | Multi-fonctions,,Feux de jour,,8,,,,,,,,ESP,Full LED,Radar de recul | Radar avant | Caméra de recul,,,Avant | Arrière,Elargisseurs d'ailes,2000 CM³
https://www.automobile.tn/fr/neuf/bmw/i5/edrive40-pack-m,bmw,i5,edrive40-pack-m,327 900 ,8.5 heures,,Lunette et vitres arrières sur-teintées | Calorifuges,M anthracite,,6 s,,1515 mm,,5060 mm,Triangle de présignalisation | Trousse de premiers secours,À distance,,5,,5 ans (2+3) | Batterie garantie 8 ans,,,,582 km,,Éléctrique,,,,,15.9 kWh/100 km,Velours,,,,Frontaux | Latéraux | Rideaux,Électriques | Chauffants | Ventilés | Réglage lombaire | Sport,,Sport M,,,430 nm 0 tr/min,Ouvrant | Panoramique | En verre,12.3 pouces | Live Cockpit Professional,,Avec fonction freinage | Driving Assistant Plus,,4,490 L,,1,,,,,,,,Cuir | Merino,,,,,,USB-C | Android Auto | Apple Carplay | Bluetooth | Commande vocale | Chargeur de téléphone sans fil,,,Démarrage mains libres,,CraftedClarity,,,7 CV,Automatique,,,,Aluminium,Conducteur et passager,340 CH,,,Accès mains libres,,,,Pack Sport M,,,83.9 kWh,,En aluminium | 20'' | Bi-ton,Anti-éblouissement,AFU,,,,Tactile | 14.9 pouces,,,,,Alu satiné,Iconic Glow,Automatique | 4 zones,,,Ouverture et fermeture motorisées,Avant/Arrière,,,Electrique,3,1900 mm,,,Propulsion,,,,,,GPS,Électriques | Rabattables | Photosensibles | Avec clignotants intégrés,,1 prise 12 V,,Berline,Sur commande,,,193 KM/H,Commandes au volant | Bowers & Wilkins,,,En hauteur et en profondeur,,30 minutes,,,,,,,,Cuir | M | Sport | Avec palettes,,Feux de jour | Avant | Arrières,,,,,,,,,,,Adaptatifs | LED,Radar de recul | Radar avant | Caméra de recul | Parkassist,,,Avant | Arrière,Pare-chocs | Poignées de portes | Rétroviseurs,
https://www.automobile.tn/fr/neuf/ford/ranger-raptor/2.0-l-tdci-210-ch-4x4-bva,ford,ranger-raptor,2.0-l-tdci-210-ch-4x4-bva,330 000 ,,,Lunette et vitres arrières sur-teintées | Pare-brise en verre feuilleté,,210 g/km,10.5 s,AHBA,1922 mm,,5381 mm,,À distance,Raptor,5,,3 ans ou 60.000 km,,,,,,Éléctrique,,,,,,Velours,,,,Frontaux | Latéraux | Rideaux | Genoux | Centraux,Électriques | 10 directions | Chauffants,,,,,500 nm 1750 tr/min,,Digital Cockpit | 8 pouces,Arrière,Adaptatif (ACC),Volumétrique | Anti-soulèvement,4,,,,,,,,,,750 KG,Cuir/Alcantara,Niveau 2,,,,,USB | USB-C | Bluetooth | Commande vocale | Chargeur de téléphone sans fil,Argent,,Démarrage mains libres,,,,,5 CV,Automatique,,,Cuir,,Conducteur et passager,210 CH,,,Accès mains libres,,,,,Normal | Sport | Glissant | Boue | Sable | Baja | Rochers,,,,En aluminium | 17'' | Asphalt Black Matt,,Système anti-collision avec détection des piétons | Freinage multi-collision,,,Porte-lunettes,Tactile | 12 pouces,,,,,,Raptor,Automatique | Bizone,,,,Avant/Arrière,,,Diesel,3,2208 mm,,,Intégrale,,,,8.0 L/100 km,,GPS | Cartographie Tunisienne,Électriques | Rabattables | Dégivrants | Chromés | Avec clignotants intégrés | Éclairage d'accueil à LED,,2 prises 230 V,,Pick up,Disponible,,,180 KM/H,8 haut-parleurs | Haut-parleurs B&O,,,En hauteur et en profondeur,,,,,,,,4,1.3 m³,Cuir | Multi-fonctions,Électrique | Ouverture et fermeture à distance,Feux de jour | Avant,8.2 L/100 km,10,7.9 L/100 km,,,,,LED,,ESP,Matrix LED,Radar de recul | Radar avant | Radar latéral | Système de caméras 360 | Parkassist,,,Avant | Arrière,Poignées de portes,1996 CM³
https://www.automobile.tn/fr/neuf/bmw/serie-5/520i-2025-lounge,bmw,serie-5,520i-2025-lounge,334 900 ,,Métallisée,Calorifuges,,,7.9 s,,1515 mm,,5060 mm,Triangle de présignalisation | Trousse de premiers secours,À distance,,5,,5 ans (2+3),,,,,,Éléctrique,,,,,,Velours,,,,Frontaux | Latéraux | Rideaux,Électriques | Réglage lombaire | Fonction mémoire,,,,,310 nm 1500 tr/min,,12.3 pouces | Live Cockpit Professional,,Avec fonction freinage,,4,520 L,,,,,,,,,,Surpiqures  | Veganza perforé,,,,,,USB-C | Android Auto | Apple Carplay | Bluetooth | Commande vocale | Chargeur de téléphone sans fil,,,Démarrage mains libres,,Chêne foncé à haute brillance | Inserts décoratifs Dark Silver,,,10 CV,Automatique,,,,Aluminium,Conducteur et passager,190 CH,FCW,,Accès mains libres,,,,,Confort | Sport | Eco,,,,En aluminium | 18'',Anti-éblouissement,DBC,,,,Tactile | 14.9 pouces,,,,,Alu satiné,Chromée,Automatique | Bizone,,,Ouverture et fermeture motorisées,Avant/Arrière,,,Essence | Hybride léger,3,1900 mm,,,Propulsion,,,,7.2 L/100 km,,GPS | BMW Natural Interaction,Électriques | Rabattables | Avec clignotants intégrés,,,,Berline,Disponible,,eSim | Teleservices | Connected+,230 KM/H,12 haut-parleurs | Harman/Kardon | Commandes au volant,,,En hauteur et en profondeur,,,11 CH,,,,,4,,Cuir | Multi-fonctions | Avec palettes,,Feux de jour | Avant | Arrières,8.8 L/100 km,8,6.2 L/100 km,,,,,,,DSC,Adaptatifs | LED,Radar de recul | Radar avant | Système de caméras 360 | Parkassist | Détection du trafic en marche arrière | Autoreverse,,,Avant | Arrière,Pare-chocs | Poignées de portes | Rétroviseurs,1597 CM³
https://www.automobile.tn/fr/neuf/bmw/serie-5/520i-2025-pack-m,bmw,serie-5,520i-2025-pack-m,359 900 ,,Métallisée,Calorifuges,M anthracite,,7.9 s,,1515 mm,,5060 mm,Triangle de présignalisation | Trousse de premiers secours,À distance,,5,,5 ans (2+3),,,,,,Éléctrique,,,,,,Velours,,,,Frontaux | Latéraux | Rideaux,Électriques | Réglage lombaire | Fonction mémoire,,Sport M,,,310 nm 1500 tr/min,Panoramique | En verre,12.3 pouces | Live Cockpit Professional,,Avec fonction freinage,,4,520 L,,,Acier inoxydable brossé,,,,,,,Surpiqures  | Veganza perforé,,,,,,USB-C | Android Auto | Apple Carplay | Bluetooth | Commande vocale | Chargeur de téléphone sans fil,,,Démarrage mains libres,,Chêne foncé à haute brillance | Inserts décoratifs Dark Silver,,,10 CV,Automatique,,,,Aluminium,Conducteur et passager,190 CH,FCW,,Accès mains libres,,,,Pack Sport M,Confort | Sport | Eco,,,,En aluminium | 19'',Anti-éblouissement,DBC,Adaptative,,,Tactile | 14.9 pouces,,,,,Alu satiné,Chromée,Automatique | Bizone,,,Ouverture et fermeture motorisées,Avant/Arrière,,,Essence | Hybride léger,3,1900 mm,,,Propulsion,,,,7.2 L/100 km,,GPS | BMW Natural Interaction,Électriques | Rabattables | Avec clignotants intégrés,,,,Berline,Disponible,,eSim | Teleservices | Connected+,230 KM/H,12 haut-parleurs | Harman/Kardon | Commandes au volant,,,En hauteur et en profondeur,,,11 CH,,,,,4,,Cuir | Multi-fonctions | M | Sport | Avec palettes,,Feux de jour | Avant | Arrières,8.8 L/100 km,8,6.2 L/100 km,,,,,,,DSC,Adaptatifs | LED,Radar de recul | Radar avant | Système de caméras 360 | Parkassist | Détection du trafic en marche arrière | Autoreverse,,,Avant | Arrière,Pare-chocs | Poignées de portes | Rétroviseurs,1597 CM³
https://www.automobile.tn/fr/neuf/bmw/serie-5/520i-2025-pack-m-plus,bmw,serie-5,520i-2025-pack-m-plus,384 900 ,,Métallisée,Calorifuges,M anthracite,,7.9 s,,1515 mm,,5060 mm,Triangle de présignalisation | Trousse de premiers secours,À distance,,5,,5 ans (2+3),,,,,,Éléctrique,,,,,,Velours,,,,Frontaux | Latéraux | Rideaux,Électriques | Ventilés | Réglage lombaire | Fonction mémoire | Confort,,Sport M,,,310 nm 1500 tr/min,Panoramique | En verre,12.3 pouces | Live Cockpit Professional,,Avec fonction freinage,,4,520 L,,,Acier inoxydable brossé,,,,,,,Surpiqures  | Veganza perforé,,,,,,USB-C | Android Auto | Apple Carplay | Bluetooth | Commande vocale | Chargeur de téléphone sans fil,,,Démarrage mains libres,,Chêne foncé à haute brillance | CraftedClarity | Inserts décoratifs Dark Silver,,,10 CV,Automatique,,,,Aluminium,Conducteur et passager,190 CH,FCW,,Accès mains libres,,,,Pack Sport M,Confort | Sport | Eco,,,,En aluminium | 20'',Anti-éblouissement,DBC,Adaptative,,,Tactile | 14.9 pouces,,,,,Alu satiné,Chromée | BMW Iconic Glow,Automatique | Bizone,,,Ouverture et fermeture motorisées,Avant/Arrière,,,Essence | Hybride léger,3,1900 mm,,,Propulsion,,,,7.2 L/100 km,,GPS | BMW Natural Interaction,Électriques | Rabattables | Avec clignotants intégrés,,,,Berline,Disponible,,eSim | Teleservices | Connected+,230 KM/H,12 haut-parleurs | Harman/Kardon | Commandes au volant,,,En hauteur et en profondeur,,,11 CH,,,,,4,,Cuir | Multi-fonctions | M | Sport | Avec palettes,,Feux de jour | Avant | Arrières,8.8 L/100 km,8,6.2 L/100 km,,,,,,,DSC,Adaptatifs | LED,Radar de recul | Radar avant | Système de caméras 360 | Parkassist | Détection du trafic en marche arrière | Autoreverse,,,Avant | Arrière,Pare-chocs | Poignées de portes | Rétroviseurs,1597 CM³
https://www.automobile.tn/fr/neuf/mercedes-benz/classe-e/200-avantgarde,mercedes-benz,classe-e,200-avantgarde,334 900 ,,,Lunette et vitres arrières sur-teintées | Athermiques,,,7.5 s,,1468 mm,,4949 mm,Triangle de présignalisation | Trousse de premiers secours,À distance,,5,,2 ans,,,,,Attention Assist,Éléctrique,,,,,,Velours,,,,Frontaux | Latéraux | Rideaux | Genoux conducteur,Électriques | Réglage lombaire | Fonction mémoire,,Agility Control,,,320 nm 2000 tr/min,,12.3 pouces,,TEMPOMAT,,4,540 L,,,,,,,,,,Similicuir,,,Paramétrique,,,USB-C | Android Auto | Apple Carplay | Bluetooth | Commande vocale | Chargeur de téléphone sans fil,,,Démarrage mains libres,,Inserts décoratifs en frêne noir à pores ouverts,,,12 CV,Automatique,,,,,Conducteur et passager,204 CH,,,,,,,Avantgarde,Confort | Sport | Eco | Sport Plus,,,,En aluminium | 18'',Anti-éblouissement  | Sans Cadre,AFU,,,,Tactile | 14.4,,,,,Chrome,,Automatique | Bizone,,,,Avant/Arrière,,,Essence | Hybride léger,3,1880 mm,,,Propulsion,,,,8 L/100 km,,GPS | Réalité augmentée,Électriques | Rabattables | Dégivrants | Mémoire de position | Éclairage d'accueil à LED,,,,Berline,Disponible,,,240 KM/H,MBUX | Commandes au volant,,,En hauteur et en profondeur,,,23 CH,,,,,4,,Cuir | Multi-fonctions,,Feux de jour | Avant | Arrières,,9,,,,,,,,ESP,LED Hautes performances,Radar de recul | Radar avant | Parkassist | Caméra panoramique 3D,,,Avant | Arrière,,1999 CM³
https://www.automobile.tn/fr/neuf/mercedes-benz/classe-e/200-exclusive,mercedes-benz,classe-e,200-exclusive,339 900 ,,,Lunette et vitres arrières sur-teintées | Athermiques,,,7.5 s,,1468 mm,,4949 mm,Triangle de présignalisation | Trousse de premiers secours,À distance,,5,,2 ans,,,,,Attention Assist,Éléctrique,,,,,,Velours,,,,Frontaux | Latéraux | Rideaux | Genoux conducteur,Électriques | Réglage lombaire | Fonction mémoire,,Agility Control,,,320 nm 2000 tr/min,,12.3 pouces,,TEMPOMAT,,4,540 L,,,,,,,,,,Similicuir,,,Paramétrique,,,USB-C | Android Auto | Apple Carplay | Bluetooth | Commande vocale | Chargeur de téléphone sans fil,,,Démarrage mains libres,,Inserts décoratifs en bois d'érable marron à pores ouverts lignes aluminium,,,12 CV,Automatique,,,,,Conducteur et passager,204 CH,,,,,,,Exclusive,Confort | Sport | Eco | Sport Plus,,,,En aluminium | 18'',Anti-éblouissement  | Sans Cadre,AFU,,,,Tactile | 14.4,,,,Similicuir,Chrome,,Automatique | Bizone,,,,Avant/Arrière,,,Essence | Hybride léger,3,1880 mm,,,Propulsion,,,,8 L/100 km,,GPS | Réalité augmentée,Électriques | Rabattables | Dégivrants | Mémoire de position | Éclairage d'accueil à LED,,,,Berline,Disponible,,,240 KM/H,MBUX | Commandes au volant,,,En hauteur et en profondeur,,,23 CH,,,,,4,,Cuir | Multi-fonctions,,Feux de jour | Avant | Arrières,,9,,,,,,,,ESP,LED Hautes performances,Radar de recul | Radar avant | Parkassist | Caméra panoramique 3D,,,Avant | Arrière,,1999 CM³
https://www.automobile.tn/fr/neuf/mercedes-benz/classe-e/200-amg,mercedes-benz,classe-e,200-amg,369 900 ,,,Lunette et vitres arrières sur-teintées | Athermiques,,,7.5 s,,1468 mm,,4949 mm,Triangle de présignalisation | Trousse de premiers secours,À distance,,5,,2 ans,,,,,Attention Assist,Éléctrique,,,,,,Velours,,,,Frontaux | Latéraux | Rideaux | Genoux conducteur,Électriques | Réglage lombaire | Fonction mémoire,,Sport,,,320 nm 2000 tr/min,Ouvrant | Panoramique,12.3 pouces,,TEMPOMAT,,4,540 L,,,,,,,,,,Similicuir/Microfibre,,,Paramétrique,,,USB-C | Android Auto | Apple Carplay | Bluetooth | Commande vocale | Chargeur de téléphone sans fil,,,Démarrage mains libres,,Inserts décoratifs en frêne noir à pores ouverts,,,12 CV,Automatique,,,,,Conducteur et passager,204 CH,,,,,,,Pack Sport AMG,Confort | Sport | Eco | Sport Plus,,,,En aluminium | 19'',Anti-éblouissement  | Sans Cadre,AFU,,,,Tactile | 14.4,,,,,Chrome,,Automatique | Bizone,,,,Avant/Arrière,,,Essence | Hybride léger,3,1880 mm,,,Propulsion,,,,8 L/100 km,,GPS | Réalité augmentée,Électriques | Rabattables | Dégivrants | Mémoire de position | Éclairage d'accueil à LED,,,,Berline,Disponible,,,240 KM/H,MBUX | Commandes au volant,,,En hauteur et en profondeur,,,23 CH,,,,,4,,Cuir | Multi-fonctions,,Feux de jour | Avant | Arrières,,9,,,,,,,,ESP,LED Hautes performances,Radar de recul | Radar avant | Parkassist | Caméra panoramique 3D,,,Avant | Arrière,,1999 CM³
https://www.automobile.tn/fr/neuf/mercedes-benz/cle-coupe/200-amg,mercedes-benz,cle-coupe,200-amg,340 000 ,,Métallisée | +7000 DT,Teintées | Lunette et vitres arrières sur-teintées | Athermiques,,,7.4 s,,1423 mm,,4850 mm,Triangle de présignalisation | Trousse de premiers secours,À distance,,4,,2 ans,,,,,Attention Assist,Éléctrique,,,,,,Velours | AMG,,,,Frontaux | Latéraux | Rideaux,Électriques | Réglage lombaire | Fonction mémoire,,Sport,,,320 nm 1800 tr/min,Ouvrant | Panoramique,12.3 pouces,,TEMPOMAT,Périmétrique | Volumétrique | Anti-soulèvement,2,420 L,,,,,,,,,,Similicuir,,,Paramétrique,,,USB-C | Android Auto | Apple Carplay | Bluetooth | Commande vocale | Chargeur de téléphone sans fil,,,Démarrage mains libres,,Inserts décoratifs en structure métallique,,Autohold,12 CV,Automatique,,,,,Conducteur et passager,204 CH,,,Accès mains libres,,,,Pack Sport AMG,Confort | Sport | Eco | Sport Plus,,,,En aluminium | 19'',Anti-éblouissement  | Sans Cadre,,,,,11.9 pouces | Vertical | Tactile avec retour haptique,,,,Similicuir,Chrome,,Automatique,,,Ouverture à distance,Avant,,,Essence | Hybride léger,3,1861 mm,,,Propulsion,,,,8 L/100 km,,GPS,Électriques | Rabattables | Photosensibles | Mémoire de position | Éclairage d'accueil à LED,,,,Coupé,Disponible,,,240 KM/H,MBUX | Commandes au volant,,,En hauteur et en profondeur,,,23 CH,,,,,4,,Cuir Nappa | Multi-fonctions | Sport | à méplat | Avec palettes,,Feux de jour | Avant | Arrières,,9,,,,,,,,ESP,LED Hautes performances,Radar de recul | Radar avant | Caméra de recul | Parkassist,,,Avant,,1999 CM³
https://www.automobile.tn/fr/neuf/toyota/prado/2.8-l-tx-bva,toyota,prado,2.8-l-tx-bva,342 000 ,,,,,,9.9 s,,1935 mm,,4930 mm,,À distance,,7,,3 ans ou 100.000 km,,,,,,Éléctrique,,,,,,,,,,Frontaux | Latéraux | Genoux,,,,,,500 nm 1600 tr/min,,7 pouces,Central,,,5,621 L,,,,,,,,,,Tissu,,,Électrique,,,USB-C | Android Auto | Apple Carplay | Bluetooth,,,Démarrage mains libres,,,,,11 CV,Automatique,,,Cuir,,Conducteur et passager,204 CH,,,,,,,,Normal | Sport | Eco,,,,En aluminium | 18'',,EBD,,,,Tactile | 8 pouces,,,,,,,Automatique | 3 zones | Ventilation arrière,,,,Avant/Arrière,,,Diesel,,1980 mm,,,Intégrale,,,,7.9 L/100 km,,,Électriques | Noirs | Avec clignotants intégrés,,,,SUV,Sur arrivage,,,175 KM/H,6 haut-parleurs | Système Audio JBL,,,En hauteur et en profondeur,,,,,,,,4,,Cuir | Multi-fonctions,,Feux de jour | Avant | Arrières,,8,,,,,,LED,,VSC,LED,,,,Avant | Arrière,,2755 CM³
https://www.automobile.tn/fr/neuf/toyota/prado/2.8-l-wx-bva-adventure,toyota,prado,2.8-l-wx-bva-adventure,398 000 ,,,Teintées,,,9.9 s,,1935 mm,,4930 mm,,À distance,,7,,3 ans ou 100.000 km,,,,,,Éléctrique,,,,,,,,,,Frontaux | Latéraux | Genoux,Électriques | Chauffants | Ventilés | Réglage lombaire | Fonction mémoire,,,,,500 nm 1600 tr/min,Ouvrant,12.3 pouces,Arrière | Central,,,5,621 L,,,,,,,,,,Cuir,,,Électrique,,,USB-C | Android Auto | Apple Carplay | Bluetooth | Chargeur de téléphone sans fil | HDMI,,,Démarrage mains libres,,,,,11 CV,Automatique,,,Cuir,,Conducteur et passager,204 CH,,,Accès mains libres,,,,,Normal | Sport | Eco,,,,En aluminium | 18'',Anti-éblouissement  | Sans Cadre | Avec caméra arrière,EBD,,,,Tactile | 12.3 pouces,,,,,,,Automatique | 3 zones | Ventilation arrière,,,Ouverture et fermeture motorisées | Cache Bagages,Avant/Arrière,,,Diesel,,1980 mm,,,Intégrale,,,,7.9 L/100 km,,,Électriques | Rabattables | Dégivrants | Noirs | Avec clignotants intégrés,,,,SUV,Sur arrivage,,,175 KM/H,14 haut-parleurs | Système Audio JBL,,,En hauteur et en profondeur,,,,,,,,4,,Cuir | Multi-fonctions,,Feux de jour | Avant | Arrières,,8,,,,,,LED,,VSC,Full LED,Radar de recul | Radar avant | Système de caméras 360,,,Avant | Réfrigéré | Arrière,,2755 CM³
https://www.automobile.tn/fr/neuf/mercedes-benz/eqe-berline/350plus-amg,mercedes-benz,eqe-berline,350plus-amg,349 000 ,10.25 heures,Métallisée,Lunette et vitres arrières sur-teintées | Athermiques,,,6.5 s,,1510 mm,,4946 mm,Triangle de présignalisation | Trousse de premiers secours,À distance,,5,,2 ans,,,,687 km,Attention Assist,Éléctrique,,,,,16.2 kWh/100 km,AMG,,,,Frontaux | Latéraux | Rideaux | Genoux,Électriques | Ventilés | Réglage lombaire | Fonction mémoire | Sport,,Régulation adaptative,,,565 nm 0 tr/min,Ouvrant | Panoramique,12.3 pouces,,Adaptatif (ACC) | Distronic,,4,430 L,,1,,,,,,,,Cuir,Niveau 2,,,,,USB-C | Android Auto | Apple Carplay | Bluetooth | Commande vocale | Chargeur de téléphone sans fil,,,Démarrage mains libres,,Noir brillant | Inserts décoratifs Lasercut rétroéclairés,,,8 CV,Automatique,,,,Eclairés,Conducteur et passager,292 CH,FCW,,Accès mains libres,,,,Pack Sport AMG,Confort | Sport | Eco | Sport Plus,,96 kWh,,En aluminium | 19'',Anti-éblouissement  | Sans Cadre,AFU |  Freinage automatique anti-collision (AEB),Airmatic | Adaptative,,,Tactile | 17.7 pouces,,,,,Chrome,Avec étoile centrale,Automatique | Bizone,,,Ouverture et fermeture motorisées,Avant/Arrière,,,Electrique,3,1961 mm,,,Propulsion,,,,,,GPS,Électriques | Rabattables | Photosensibles | Mémoire de position | Éclairage d'accueil à LED,,,,Berline,Disponible,,,210 KM/H,MBUX | Commandes au volant | Burmester Surround,,,En hauteur et en profondeur,,32 minutes,,,,,,,,Cuir Nappa | Multi-fonctions | Sport | Avec palettes,,Feux de jour | Avant | Arrières,,,,Escamotables,,,,,,ESP,Full LED | Digital Light,Radar de recul | Radar avant | Parkassist | Caméra panoramique 3D,,,Avant | Arrière,,
https://www.automobile.tn/fr/neuf/hyundai/palisade-calligraphy/2.2-l-tci-bva-4x4,hyundai,palisade-calligraphy,2.2-l-tci-bva-4x4,350 000 ,,,,,,10.5 s,,1750 mm,,4980 mm,,À distance,,7,,5 ans,,,,,,Éléctrique,,,,,,,,,,Frontaux | Latéraux | Rideaux,Conducteur à réglage électrique | 6 directions | Chauffants | Ventilés | Réglage lombaire,,,,,441 nm 1750 tr/min,Ouvrant | Panoramique,,,Adaptatif (ACC),,5,509 L,,,,BCA,,,,,,Cuir,,,,,,USB | Bluetooth | Chargeur de téléphone sans fil,,,Démarrage mains libres,,,,,12 CV,Automatique,,,,,Conducteur et passager,193 CH,,LFA,Accès mains libres,,,,,,,,,En aluminium | 20'',Anti-éblouissement,FCA,,,,Tactile | 10.25 pouces,,,,,Chrome,,Automatique | 3 zones,,,,Avant/Arrière,,,Diesel,,1975 mm,,,Intégrale,,,,7.5 L/100 km,,GPS,Électriques | Rabattables | Dégivrants,,,,SUV,Sur arrivage,,,190 KM/H,Commandes au volant,,,En hauteur et en profondeur,,,,,,,,4,,Multi-fonctions | Avec palettes,,Avant | Arrières,9.6 L/100 km,8,6.3 L/100 km,,,,,,,ESP,LED,Radar de recul | Caméra de recul,,,,,2199 CM³
https://www.automobile.tn/fr/neuf/hyundai/palisade-calligraphy/3.5-l-gdi-bva-4x4,hyundai,palisade-calligraphy,3.5-l-gdi-bva-4x4,350 100 ,,,,,,8.2 s,,1750 mm,,4980 mm,,À distance,,8,,5 ans,,,,,,Éléctrique,,,,,,,,,,Frontaux | Latéraux | Rideaux,Conducteur à réglage électrique | 6 directions | Chauffants | Ventilés | Réglage lombaire,,,,,335 nm 5000 tr/min,Ouvrant | Panoramique,,,Adaptatif (ACC),,5,509 L,,,,BCA,,,,,,Cuir,,,,,,USB | Bluetooth | Chargeur de téléphone sans fil,,,Démarrage mains libres,,,,,19 CV,Automatique,,,,,Conducteur et passager,277 CH,,LFA,Accès mains libres,,,,,,,,,En aluminium | 20'',Anti-éblouissement,FCA,,,,Tactile | 10.25 pouces,,,,,Chrome,,Automatique | 3 zones,,,,Avant/Arrière,,,Essence,,1975 mm,,,Intégrale,,,,9.9 L/100 km,,GPS,Électriques | Rabattables | Dégivrants,,,,SUV,Sur arrivage,,,210 KM/H,Commandes au volant,,,En hauteur et en profondeur,,,,,,,,6,,Multi-fonctions | Avec palettes,,Avant | Arrières,14.2 L/100 km,8,7.3 L/100 km,,,,,,,ESP,LED,Radar de recul | Caméra de recul,,,,,3470 CM³
https://www.automobile.tn/fr/neuf/mercedes-benz/classe-c-hybride/350e-avantgarde,mercedes-benz,classe-c-hybride,350e-avantgarde,306 000 ,2 heures,,Teintées | Lunette et vitres arrières sur-teintées | Athermiques,,,6.1 s,,1442 mm,,4751 mm,Triangle de présignalisation | Trousse de premiers secours,À distance,,5,,2 ans,,,,115 km,Attention Assist,Éléctrique,,,,,19.3 kWh/100 km,Velours | AMG,,,,Frontaux | Latéraux | Rideaux,Réglage lombaire,,Agility Control,,,550 nm 1800 tr/min,,10.25 pouces,,TEMPOMAT,Périmétrique | Volumétrique | Anti-soulèvement,4,315 L,,,,,,204 CH,,,,Similicuir,,,Paramétrique,,,USB-C | Android Auto | Apple Carplay | Bluetooth | Commande vocale | Chargeur de téléphone sans fil,,,Démarrage mains libres,,Inserts décoratifs aspect losanges en gris argent,,Autohold,12 CV,Automatique,,,,,Conducteur et passager,313 CH,,,,,,,Avantgarde,Confort | Sport | Eco | Sport Plus,,19.53 kWh,,En aluminium | 17'',Anti-éblouissement  | Sans Cadre,,,,,11.9 pouces | Vertical | Tactile avec retour haptique,,,,Similicuir,Chrome,,Automatique | Bizone,,,Ouverture à distance,Avant/Arrière,,,Essence | Hybride rechargeable,3,1820 mm,,,Propulsion,,,,1.5 L/100 km,,GPS,Électriques | Rabattables | Photosensibles | Éclairage d'accueil à LED,,,,Berline,Disponible,,,240 KM/H,MBUX | Commandes au volant,,,En hauteur et en profondeur,,20 minutes,129 CH,,,,,4,,Cuir | Multi-fonctions | Avec palettes,,Feux de jour | Avant | Arrières,,9,,,,,,,,ESP,LED Hautes performances,Radar de recul | Radar avant | Système de caméras 360 | Parkassist | Caméra panoramique 3D,,,Avant,,1999 CM³
https://www.automobile.tn/fr/neuf/mercedes-benz/classe-c-hybride/350e-premium,mercedes-benz,classe-c-hybride,350e-premium,333 000 ,2 heures,,Teintées | Lunette et vitres arrières sur-teintées | Athermiques,,,6.1 s,,1442 mm,,4751 mm,Triangle de présignalisation | Trousse de premiers secours,À distance,,5,,2 ans,,,,115 km,Attention Assist,Éléctrique,,,,,19.3 kWh/100 km,Velours | AMG,,,,Frontaux | Latéraux | Rideaux,Électriques | Réglage lombaire | Fonction mémoire,,Agility Control,,,550 nm 1800 tr/min,Ouvrant | Panoramique,12.3 pouces,,TEMPOMAT,Périmétrique | Volumétrique | Anti-soulèvement,4,315 L,,,,,,204 CH,,,,Similicuir,,,Paramétrique,,,USB-C | Android Auto | Apple Carplay | Bluetooth | Commande vocale | Chargeur de téléphone sans fil,,,Démarrage mains libres,,Inserts décoratifs aspect losanges en gris argent,,Autohold,12 CV,Automatique,,,,,Conducteur et passager,313 CH,,,Accès mains libres,,,,Avantgarde,Confort | Sport | Eco | Sport Plus,,19.53 kWh,,En aluminium | 17'',Anti-éblouissement  | Sans Cadre,,,,,11.9 pouces | Vertical | Tactile avec retour haptique,,,,Similicuir,Chrome,,Automatique | Bizone,,,Ouverture à distance,Avant/Arrière,,,Essence | Hybride rechargeable,3,1820 mm,,,Propulsion,,,,1.5 L/100 km,,GPS,Électriques | Rabattables | Photosensibles | Mémoire de position | Éclairage d'accueil à LED,,,,Berline,Disponible,,,240 KM/H,MBUX | Commandes au volant,,,En hauteur et en profondeur,,20 minutes,129 CH,,,,,4,,Cuir Nappa | Multi-fonctions | Sport | à méplat | Avec palettes,,Feux de jour | Avant | Arrières,,9,,,,,,,,ESP,LED Hautes performances,Radar de recul | Radar avant | Système de caméras 360 | Parkassist | Caméra panoramique 3D,,,Avant,,1999 CM³
https://www.automobile.tn/fr/neuf/mercedes-benz/classe-c-hybride/350e-amg,mercedes-benz,classe-c-hybride,350e-amg,335 000 ,2 heures,,Teintées | Lunette et vitres arrières sur-teintées | Athermiques,,,6.1 s,,1442 mm,,4751 mm,Triangle de présignalisation | Trousse de premiers secours,À distance,,5,,2 ans,,,,115 km,Attention Assist,Éléctrique,,,,,19.3 kWh/100 km,Velours | AMG,,,,Frontaux | Latéraux | Rideaux,Réglage lombaire,,Sport,,,550 nm 1800 tr/min,Ouvrant | Panoramique,10.25 pouces,,TEMPOMAT,Périmétrique | Volumétrique | Anti-soulèvement,4,315 L,,,,,,204 CH,,,,Similicuir,,,Paramétrique,,,USB-C | Android Auto | Apple Carplay | Bluetooth | Commande vocale | Chargeur de téléphone sans fil,,,Démarrage mains libres,,Inserts décoratifs en structure métallique,,Autohold,12 CV,Automatique,,,,,Conducteur et passager,313 CH,,,,,,,Pack Sport AMG,Confort | Sport | Eco | Sport Plus,,19.53 kWh,,En aluminium | 18'',Anti-éblouissement  | Sans Cadre,,,,,11.9 pouces | Vertical | Tactile avec retour haptique,,,,Similicuir,Chrome,,Automatique | Bizone,,,Ouverture à distance,Avant/Arrière,,,Essence | Hybride rechargeable,3,1820 mm,,,Propulsion,,,,1.5 L/100 km,,GPS,Électriques | Rabattables | Photosensibles | Éclairage d'accueil à LED,,,,Berline,Disponible,,,240 KM/H,MBUX | Commandes au volant,,,En hauteur et en profondeur,,20 minutes,129 CH,,,,,4,,Cuir Nappa | Multi-fonctions | Sport | à méplat | Avec palettes,,Feux de jour | Avant | Arrières,,9,,,,,,,,ESP,LED Hautes performances,Radar de recul | Radar avant | Système de caméras 360 | Parkassist | Caméra panoramique 3D,,,Avant,,1999 CM³
https://www.automobile.tn/fr/neuf/mercedes-benz/classe-c-hybride/350e-2025-amg-plus,mercedes-benz,classe-c-hybride,350e-2025-amg-plus,352 000 ,2 heures,,Teintées | Lunette et vitres arrières sur-teintées | Athermiques,,,6.1 s,,1442 mm,,4751 mm,Triangle de présignalisation | Trousse de premiers secours,À distance,,5,,2 ans,,,,115 km,Attention Assist,Éléctrique,,,,,19.3 kWh/100 km,Velours | AMG,,,,Frontaux | Latéraux | Rideaux,Électriques | Réglage lombaire | Fonction mémoire,,Sport,,,550 nm 1800 tr/min,Ouvrant | Panoramique,12.3 pouces,,TEMPOMAT,Périmétrique | Volumétrique | Anti-soulèvement,4,315 L,,,,,,204 CH,,,,Similicuir,,,Paramétrique,,,USB-C | Android Auto | Apple Carplay | Bluetooth | Commande vocale | Chargeur de téléphone sans fil,,,Démarrage mains libres,,Inserts décoratifs en structure métallique,,Autohold,12 CV,Automatique,,,,,Conducteur et passager,313 CH,,,Accès mains libres,,,,Pack Sport AMG,Confort | Sport | Eco | Sport Plus,,19.53 kWh,,En aluminium | 18'',Anti-éblouissement  | Sans Cadre,,,,,11.9 pouces | Vertical | Tactile avec retour haptique,,,,Similicuir,Chrome,,Automatique | Bizone,,,Ouverture à distance,Avant/Arrière,,,Essence | Hybride rechargeable,3,1820 mm,,,Propulsion,,,,1.5 L/100 km,,GPS,Électriques | Rabattables | Photosensibles | Mémoire de position | Éclairage d'accueil à LED,,,,Berline,Disponible,,,240 KM/H,MBUX | Commandes au volant,,,En hauteur et en profondeur,,20 minutes,129 CH,,,,,4,,Cuir Nappa | Multi-fonctions | Sport | à méplat | Avec palettes,,Feux de jour | Avant | Arrières,,9,,,,,,,,ESP,LED Hautes performances,Radar de recul | Radar avant | Système de caméras 360 | Parkassist | Caméra panoramique 3D,,,Avant,,1999 CM³
https://www.automobile.tn/fr/neuf/volvo/xc60/2.0-l-plus-dark,volvo,xc60,2.0-l-plus-dark,299 900 ,,Métallisée,Lunette et vitres arrières sur-teintées,,,6.9 s,,1655 mm,,4708 mm,,À distance,,5,,3 ans ou 100.000 km,,,,,,,,,,RSC,,,,,,Frontaux | Latéraux | Rideaux | Genoux conducteur,Électriques | Réglage lombaire | Fonction mémoire,,,,,365 nm 1800 tr/min,,12.3 pouces,,,,5,483 L,,,,,,,,,,Cuir/Tissu | Cuir ambre (+10.000 DT),,,,,,2 USB-C | Apple Carplay | Bluetooth | Commande vocale | Chargeur de téléphone sans fil,Noir laqué,,Démarrage mains libres,,Aluminium maillé,,,15 CV,Automatique,,,Cristal d'orrefors,Aluminium,Conducteur et passager,250 CH,,,Accès mains libres,,,,,Confort | Sport | Eco,,,,En aluminium | 19'',Anti-éblouissement,AFU,,,,Tactile | 9 pouces,,,,,Noir Brillant,Noire,Automatique | Bizone,,,Ouverture et fermeture motorisées | Cache Bagages | Ouverture à distance,Avant/Arrière,,,Essence | Hybride léger,3 | Réglage électrique,1902 mm,,,Intégrale,,,,7.5 L/100 km,,,Électriques | Rabattables | Dégivrants,,1 prise 12 V,,SUV,Disponible,,,180 KM/H,10 haut-parleurs | Commandes au volant | Subwoofer | High Performance,,,En hauteur et en profondeur,,,,,,,,4,,Cuir | 3 branches | Multi-fonctions,,Feux de jour | Avant | Arrières,,8,,,,,,LED,,STC,Full LED | Directionnels,Radar de recul | Radar avant | Caméra de recul | Système de caméras 360,,,Avant,,1969 CM³
https://www.automobile.tn/fr/neuf/volvo/xc60/2.0-l-2025-ultra-dark,volvo,xc60,2.0-l-2025-ultra-dark,319 900 ,,Métallisée,Lunette et vitres arrières sur-teintées,,,6.9 s,,1655 mm,,4708 mm,,À distance,,5,,3 ans ou 100.000 km,,,,,,,,,,RSC,,,,,,Frontaux | Latéraux | Rideaux | Genoux conducteur,Électriques | Réglage lombaire | Fonction mémoire,,,,,365 nm 1800 tr/min,Ouvrant | Panoramique,12.3 pouces,,Adaptatif (ACC) | Pilot Assist,,5,483 L,,,,,,,,,,Cuir | Nappa,,,,,,2 USB-C | Apple Carplay | Bluetooth | Commande vocale | Chargeur de téléphone sans fil,Noir laqué,,Démarrage mains libres,,Aluminium maillé,,,15 CV,Automatique,,,Cristal d'orrefors,Aluminium,Conducteur et passager,250 CH,,,Accès mains libres,,,,,Confort | Sport | Eco,,,,En aluminium | 20'',Anti-éblouissement,AFU,,,,Tactile | 9 pouces,,,,,Noir Brillant,Noire,Automatique | Bizone,,,Ouverture et fermeture motorisées | Cache Bagages | Ouverture à distance,Avant/Arrière,,,Essence | Hybride léger,3 | Réglage électrique,1902 mm,,,Intégrale,,,,7.5 L/100 km,,,Électriques | Rabattables | Dégivrants,,1 prise 12 V,,SUV,Disponible,,,180 KM/H,14 haut-parleurs | Harman/Kardon | Commandes au volant | Subwoofer,,,En hauteur et en profondeur,,,,,,,,4,,Cuir | 3 branches | Multi-fonctions,,Feux de jour | Avant | Arrières,,8,,,,,,LED,,STC,Full LED | Directionnels,Radar de recul | Radar avant | Caméra de recul | Système de caméras 360,,,Avant,,1969 CM³
https://www.automobile.tn/fr/neuf/volvo/xc60/2.0-l-ultra-dark-plus,volvo,xc60,2.0-l-ultra-dark-plus,342 900 ,,Métallisée,Lunette et vitres arrières sur-teintées,,,6.9 s,,1655 mm,,4708 mm,,À distance,,5,,3 ans ou 100.000 km,,,,,,,,,,RSC,,,,,,Frontaux | Latéraux | Rideaux | Genoux conducteur,Électriques | Chauffants | Ventilés | Réglage lombaire | Fonction mémoire,,,,,365 nm 1800 tr/min,Ouvrant | Panoramique,12.3 pouces,,Adaptatif (ACC) | Pilot Assist,,5,483 L,,,,,,,,,,Cuir | Nappa,,,,,,2 USB-C | Apple Carplay | Bluetooth | Commande vocale | Chargeur de téléphone sans fil,Noir laqué,,Démarrage mains libres,,Aluminium maillé,,,15 CV,Automatique,,,Cristal d'orrefors,Aluminium,Conducteur et passager,250 CH,,,Accès mains libres,,,,,Confort | Sport | Eco,,,,En aluminium | 20'',Anti-éblouissement,AFU,,,,Tactile | 9 pouces,,,,,Noir Brillant,Noire,Automatique | Bizone,,,Ouverture et fermeture motorisées | Cache Bagages | Ouverture à distance,Avant/Arrière,,,Essence | Hybride léger,3 | Réglage électrique,1902 mm,,,Intégrale,,,,7.5 L/100 km,,,Électriques | Rabattables | Dégivrants,,1 prise 12 V,,SUV,Disponible,,,180 KM/H,14 haut-parleurs | Harman/Kardon | Commandes au volant | Subwoofer,,,En hauteur et en profondeur,,,,,,,,4,,Cuir | 3 branches | Chauffant | Multi-fonctions,,Feux de jour | Avant | Arrières,,8,,,,,,LED,,STC,Full LED | Directionnels,Radar de recul | Radar avant | Caméra de recul | Système de caméras 360,,,Avant,,1969 CM³
https://www.automobile.tn/fr/neuf/volvo/xc60/2.0-l-recharge-ultimate-bright,volvo,xc60,2.0-l-recharge-ultimate-bright,354 900 ,,Métallisée,Lunette et vitres arrières sur-teintées,,,4.9 s,,1655 mm,,4708 mm,,À distance,,5,,3 ans ou 100.000 km | Batterie garantie 8 ans ou 160.000 KM,,,,77 km,,,,,,RSC,,,,,,Frontaux | Latéraux | Rideaux | Genoux conducteur,Électriques | Réglage lombaire | Fonction mémoire,,,,,659 nm 2500 tr/min,Ouvrant | Panoramique,12.3 pouces,,,,5,483 L,,,,,,310 CH,,,,Cuir | Ambre,,,,,,2 USB-C | Apple Carplay | Bluetooth | Commande vocale | Chargeur de téléphone sans fil,Chromées,,Démarrage mains libres,,Bois,,,20 CV,Automatique,,,Cristal d'orrefors,Aluminium,Conducteur et passager,462 CH,,,Accès mains libres,,,,,Confort | Sport | Eco,,,,En aluminium | 20'',Anti-éblouissement,AFU,,,,Tactile | 9 pouces,,,,,Chrome,Chromée,Automatique | Bizone,,,Ouverture et fermeture motorisées | Cache Bagages | Ouverture à distance,Avant/Arrière,,,Essence | Hybride rechargeable,3 | Réglage électrique,1902 mm,,,Intégrale,,,,1 L/100 km,,,Électriques | Rabattables | Dégivrants,,1 prise 12 V,,SUV,Disponible,,,180 KM/H,14 haut-parleurs | Harman/Kardon | Commandes au volant | Subwoofer,,,En hauteur et en profondeur,,,143 CH,,,,,4,,Cuir | 3 branches | Multi-fonctions,,Feux de jour | Avant | Arrières,,8,,,,,,LED,,STC,Full LED | Directionnels,Radar de recul | Radar avant | Caméra de recul | Système de caméras 360,,,Avant,,1969 CM³
https://www.automobile.tn/fr/neuf/mercedes-benz/classe-e-plug-in-hybride/350e-avantgarde,mercedes-benz,classe-e-plug-in-hybride,350e-avantgarde,354 900 ,2 heures,,Lunette et vitres arrières sur-teintées | Athermiques,,,6.4 s,,1480 mm,,4949 mm,Triangle de présignalisation | Trousse de premiers secours,À distance,,5,,2 ans,,,,114 km,Attention Assist,Éléctrique,,,,,19.2 kWh/100 km,Velours,,,,Frontaux | Latéraux | Rideaux | Genoux conducteur,Électriques | Réglage lombaire | Fonction mémoire,,Agility Control,,,550 nm 1800 tr/min,,12.3 pouces,,TEMPOMAT,,4,370 L,,,,,,204 CH,,,,Similicuir,,,Paramétrique,,,USB-C | Android Auto | Apple Carplay | Bluetooth | Commande vocale | Chargeur de téléphone sans fil,,,Démarrage mains libres,,Inserts décoratifs en frêne noir à pores ouverts,,,9 CV,Automatique,,,,,Conducteur et passager,313 CH,,,Accès mains libres,,,,Avantgarde,Confort | Sport | Eco | Sport Plus,,19.53 kWh,,En aluminium | 19'',Anti-éblouissement  | Sans Cadre,AFU,,,,Tactile | 14.4,,,,,Chrome,,Automatique | Bizone,,,,Avant/Arrière,,,Essence | Hybride rechargeable,3,1880 mm,,,Propulsion,,,,1.5 L/100 km,,GPS | Réalité augmentée,Électriques | Rabattables | Dégivrants | Mémoire de position | Éclairage d'accueil à LED,,,,Berline,Disponible,,,236 KM/H,MBUX | Commandes au volant,,,En hauteur et en profondeur,,20 minutes,129 CH,,,,,4,,Cuir | Multi-fonctions,,Feux de jour | Avant | Arrières,,9,,,,,,,,ESP,LED Hautes performances,Radar de recul | Radar avant | Parkassist | Caméra panoramique 3D,,,Avant | Arrière,,1999 CM³
https://www.automobile.tn/fr/neuf/mercedes-benz/classe-e-plug-in-hybride/350e-exclusive,mercedes-benz,classe-e-plug-in-hybride,350e-exclusive,359 900 ,2 heures,,Lunette et vitres arrières sur-teintées | Athermiques,,,6.4 s,,1480 mm,,4949 mm,Triangle de présignalisation | Trousse de premiers secours,À distance,,5,,2 ans,,,,114 km,Attention Assist,Éléctrique,,,,,19.2 kWh/100 km,Velours,,,,Frontaux | Latéraux | Rideaux | Genoux conducteur,Électriques | Réglage lombaire | Fonction mémoire,,Agility Control,,,550 nm 1800 tr/min,,12.3 pouces,,TEMPOMAT,,4,370 L,,,,,,204 CH,,,,Similicuir,,,Paramétrique,,,USB-C | Android Auto | Apple Carplay | Bluetooth | Commande vocale | Chargeur de téléphone sans fil,,,Démarrage mains libres,,Inserts décoratifs en bois d'érable marron à pores ouverts lignes aluminium,,,9 CV,Automatique,,,,,Conducteur et passager,313 CH,,,Accès mains libres,,,,Exclusive,Confort | Sport | Eco | Sport Plus,,19.53 kWh,,En aluminium | 19'',Anti-éblouissement  | Sans Cadre,AFU,,,,Tactile | 14.4,,,,Similicuir,Chrome,,Automatique | Bizone,,,,Avant/Arrière,,,Essence | Hybride rechargeable,3,1880 mm,,,Propulsion,,,,1.5 L/100 km,,GPS | Réalité augmentée,Électriques | Rabattables | Dégivrants | Mémoire de position | Éclairage d'accueil à LED,,,,Berline,Disponible,,,236 KM/H,MBUX | Commandes au volant,,,En hauteur et en profondeur,,20 minutes,129 CH,,,,,4,,Cuir | Multi-fonctions,,Feux de jour | Avant | Arrières,,9,,,,,,,,ESP,LED Hautes performances,Radar de recul | Radar avant | Parkassist | Caméra panoramique 3D,,,Avant | Arrière,,1999 CM³
https://www.automobile.tn/fr/neuf/mercedes-benz/classe-e-plug-in-hybride/350e-amg,mercedes-benz,classe-e-plug-in-hybride,350e-amg,379 900 ,2 heures,,Lunette et vitres arrières sur-teintées | Athermiques,,,6.4 s,,1480 mm,,4949 mm,Triangle de présignalisation | Trousse de premiers secours,À distance,,5,,2 ans,,,,114 km,Attention Assist,Éléctrique,,,,,19.2 kWh/100 km,Velours,,,,Frontaux | Latéraux | Rideaux | Genoux conducteur,Électriques | Réglage lombaire | Fonction mémoire,,Sport,,,550 nm 1800 tr/min,Ouvrant | Panoramique,12.3 pouces,,TEMPOMAT,,4,370 L,,,,,,204 CH,,,,Similicuir,,,Paramétrique,,,USB-C | Android Auto | Apple Carplay | Bluetooth | Commande vocale | Chargeur de téléphone sans fil,,,Démarrage mains libres,,Inserts décoratifs en frêne noir à pores ouverts,,,9 CV,Automatique,,,,,Conducteur et passager,313 CH,,,Accès mains libres,,,,Pack Sport AMG,Confort | Sport | Eco | Sport Plus,,19.53 kWh,,En aluminium | 19'',Anti-éblouissement  | Sans Cadre,AFU,,,,Tactile | 14.4,,,,,Chrome,,Automatique | Bizone,,,,Avant/Arrière,,,Essence | Hybride rechargeable,3,1880 mm,,,Propulsion,,,,1.5 L/100 km,,GPS | Réalité augmentée,Électriques | Rabattables | Dégivrants | Mémoire de position | Éclairage d'accueil à LED,,,,Berline,Disponible,,,236 KM/H,MBUX | Commandes au volant,,,En hauteur et en profondeur,,20 minutes,129 CH,,,,,4,,Cuir | Multi-fonctions,,Feux de jour | Avant | Arrières,,9,,,,,,,,ESP,LED Hautes performances,Radar de recul | Radar avant | Parkassist | Caméra panoramique 3D,,,Avant | Arrière,,1999 CM³
https://www.automobile.tn/fr/neuf/audi/e-tron-gt/quattro,audi,e-tron-gt,quattro,360 000 ,4.5 heures,,Parebrise athermique | Lunette et vitres arrières sur-teintées | Acoustiques,Noir,,4.1 s,,1410 mm,,4990 mm,Triangle de présignalisation | Trousse de premiers secours,À distance,,5,,3 ans | Batterie garantie 8 ans ou 160.000 KM,,,,487 km,,,,,,,18.8 kWh/100 km,,,30 Couleurs,,Frontaux | Latéraux | Rideaux,Électriques | Ventilés | Réglage lombaire | Fonction mémoire | Avec Appuie-tête intégrés | Sport,,,,,630 nm 0 tr/min,Panoramique | En verre,Audi Virtual Cockpit | 12.3 pouces,,Adaptatif (ACC),,4,405 L,,2,,,,,,,,Cuir perforé | Surpiqures,,,Electromécanique,,,USB-C | Android Auto | Apple Carplay | Bluetooth | Chargeur de téléphone sans fil | Audi smartphone interface,,,Démarrage mains libres,,Style aluminium | Inserts décoratifs en Carbone Sergé Satiné,,,10 CV,Automatique,,,,Aluminium | Eclairés,Conducteur et passager,476 CH,,,Accès mains libres,,,,,,,93 kWh,,En aluminium | 21'',Anti-éblouissement  | Sans Cadre,,Adaptive air suspension,,,10.1 pouces | Tactile avec retour haptique,,,,Cuir,,,Automatique | 3 zones,,,Ouverture et fermeture motorisées | Ouverture mains libres,Avant/Arrière,,,Electrique,,1960 mm,,530 CH,Intégrale,85 L,,,,,,Électriques | Rabattables | Dégivrants | Photosensibles | Mémoire de position,,1 prise 12 V,,Berline,Sur arrivage,,,245 KM/H,Haut-parleurs Bang & Olufsen | MMI Navigation Plus | 16 haut-parleurs | Subwoofer,,,En hauteur et en profondeur,,60 minutes,,,,,,,,Cuir | 3 branches | Chauffant | Multi-fonctions | à méplat | Réglage électrique | Avec palettes,,Feux de jour | Avant | Arrières | Clignotants à défilement,,2,,,,,,,,,Audi Digital Matrix LED HD,Radar de recul | Radar avant | Système de caméras 360 | Audi Parking System Plus,,,Avant,,
https://www.automobile.tn/fr/neuf/bmw/serie-4-coupe/420i-pack-m-pro,bmw,serie-4-coupe,420i-pack-m-pro,366 900 ,,Métallisée,Lunette et vitres arrières sur-teintées | Calorifuges,M anthracite,,7.5 s,,1383 mm,,4768 mm,Triangle de présignalisation | Trousse de premiers secours,À distance,,4,,5 ans (2+3),,,,,,Éléctrique,,Étriers rouges | Sport M,,,,Velours,,,,Frontaux | Latéraux | Rideaux,Électriques | Chauffants | Réglage lombaire | Fonction mémoire | Avec Appuie-tête intégrés | Sport M,,Sport M,,,300 nm 1350 tr/min,Ouvrant | En verre,12.3 pouces | Live Cockpit Professional,EDLC,Avec fonction freinage,,2,440 L,,,,,,,,,,Cuir | Schwarz | Vernasca,,,Sport variable,,,USB-C | Android Auto | Apple Carplay | Bluetooth | Commande vocale | Chargeur de téléphone sans fil,,,Démarrage mains libres,,Inserts décoratifs M 'Carbon Fibre',,,10 CV,Automatique,,,,Aluminium,Conducteur et passager,184 CH,FCW,,Accès mains libres,,,,Pack Sport M,Confort | Sport | Eco,,,,En aluminium | 19'' | M,Anti-éblouissement,DBC |  Freinage automatique anti-collision (AEB),,,,Tactile | 14.9 pouces,,,,,Noir Brillant | Shadow Line,Noire,Automatique | Bizone,,,Ouverture mains libres,Avant,,,Essence,2,1852 mm,,,Propulsion,,,,6.4 L/100 km,,,Électriques | Rabattables | Avec clignotants intégrés | Éclairage d'accueil à LED,,,,Coupé,Disponible,,eSim | Teleservices,240 KM/H,Harman/Kardon | Commandes au volant | 16 haut-parleurs,,,En hauteur et en profondeur,,,,,,,,4,,Cuir | Multi-fonctions | M | Sport | Avec palettes,,Feux de jour | Avant | Arrières,7.6 L/100 km,8,5.7 L/100 km,,,,,,,DSC,Full LED | Adaptatifs | Shadow Line M,Radar de recul | Radar avant | Système de caméras 360 | Autoreverse | Parkassit Plus,,,Avant,,1998 CM³
https://www.automobile.tn/fr/neuf/land-rover/range-rover-evoque/1.5-l-p300e-phev-s,land-rover,range-rover-evoque,1.5-l-p300e-phev-s,299 000 ,2.1 heures,Métallisée,,,,6.4 s,,1649 mm,,4371 mm,,À distance,,5,,5 ans ou 150000 km,,,,66 km,,Éléctrique,,,,,,,,,,Frontaux | Latéraux | Rideaux,Électriques | 12 directions | Fonction mémoire,,,TPMS,,540 nm 2000 tr/min,,,,Adaptatif (ACC),Périmétrique,5,472 L,,,Métal Brillant,,,200 CH,,,,Cuir | Ebony,,,,,,USB | Android Auto | Apple Carplay | Chargeur de téléphone sans fil | Pivi Pro,,,Démarrage mains libres,,Dark Anodised,,,11 CV,Automatique,,,,,Conducteur et passager,309 CH,,,Accès mains libres,,,,,,,15 kWh,,En aluminium | 18'',Anti-éblouissement,Freinage automatique anti-collision (AEB),,,,Tactile | 11.4 pouces,,,,,,,Automatique | Bizone,,,,Avant/Arrière,260 nm,,Essence | Hybride rechargeable,,1904 mm,1156 L,,Intégrale,,,,1.4 L/100 km,,,Électriques | Rabattables | Dégivrants | Photosensibles | Éclairage d'accueil à LED,,,,SUV,Disponible,,,190 KM/H,Commandes au volant,,,En hauteur et en profondeur,,,109 CH,,,,,3,,Multi-fonctions | Avec palettes,,Avant | Arrières | Clignotants à défilement,,8,,,,,,,,,Signature LED | LED,Radar de recul | Radar avant | Caméra de recul,,,Avant | Arrière,,1498 CM³
https://www.automobile.tn/fr/neuf/land-rover/range-rover-evoque/2.0-l-d163-dynamic-se-plus,land-rover,range-rover-evoque,2.0-l-d163-dynamic-se-plus,367 000 ,,Métallisée,Lunette et vitres arrières sur-teintées,,,10.5 s,AHBA,1649 mm,,4371 mm,,À distance,,5,,5 ans ou 150000 km,,,,,,Éléctrique,,,,,,,,,,Frontaux | Latéraux | Rideaux,Électriques | 12 directions | Fonction mémoire,,,TPMS,,380 nm 1750 tr/min,Ouvrant | Panoramique,12.3 pouces,,Adaptatif (ACC),Périmétrique,5,591 L,,,Métal Brillant,,,,,,,Cuir | Ebony,,,,,,USB | Android Auto | Apple Carplay | Chargeur de téléphone sans fil | Pivi Pro,,,Démarrage mains libres,,Dark Anodised,,,8 CV,Automatique,,,,Chromés,Conducteur et passager,163 CH,RCW,,Accès mains libres,,,,R-Dynamic,,,,,En aluminium | 19'',Anti-éblouissement,Freinage automatique anti-collision (AEB),,,,Tactile | 11.4 pouces,,,,,,,Automatique | Bizone,,,Ouverture et fermeture motorisées,Avant/Arrière,,,Diesel,,1904 mm,,,Intégrale,,,,5.4 L/100 km,,,Électriques | Rabattables | Dégivrants | Photosensibles | Éclairage d'accueil à LED,,,,SUV,Sur commande,,,201 KM/H,Commandes au volant | Meridian,,,En hauteur et en profondeur,,,,,,,,4,,Multi-fonctions | Avec palettes,,Avant | Arrières | Clignotants à défilement,6.3 L/100 km,9,4.9 L/100 km,,,,,,,,Signature LED | LED,Radar de recul | Radar avant | Caméra de recul | Détection du trafic en marche arrière,,,Avant | Arrière,,1999 CM³
https://www.automobile.tn/fr/neuf/jaguar/e-pace/2.0-d-163-2025-r-dynamic-s,jaguar,e-pace,2.0-d-163-2025-r-dynamic-s,369 000 ,,Métallisée,Lunette et vitres arrières sur-teintées,Morzine,139 g/km,10 s,,1648 mm,,4395 mm,,À distance,,5,,5 ans ou 150000 km,,,,,,Éléctrique,,Étriers rouges,,,,,,LED,,Frontaux | Latéraux | Rideaux,Électriques | 12 directions | Fonction mémoire | Sport,,,TPMS,,380 nm 1250 tr/min,Panoramique,,,Adaptatif (ACC),Périmétrique,5,577 L,,,Métal,,,,,,,Cuir,,,,,,Android Auto | Apple Carplay | Bluetooth | Chargeur de téléphone sans fil | Pivi Pro,,,Démarrage mains libres,,,,,9 CV,Automatique,,,,Acier inoxydable,Conducteur et passager,163 CH,,,Accès mains libres,,,,,,,,,En aluminium | 20'',Anti-éblouissement,Freinage automatique anti-collision (AEB),,,,10.1 pouces,,,,,Noir Brillant,,Automatique | Bizone,,,Ouverture et fermeture motorisées | Seuil de chargement en métal,Avant/Arrière,,,Diesel,,1984 mm,,,Intégrale,,,,5.2 L/100 km,,,Électriques | Rabattables | Dégivrants | Photosensibles | Éclairage d'accueil à LED,,,,SUV,Disponible,,,206 KM/H,6 haut-parleurs,,,En hauteur et en profondeur,,,,,,,,4,,Cuir | Multi-fonctions | Avec palettes,,Feux de jour | Avant | Arrières | Clignotants à défilement,6.1 L/100 km,8,4.7 L/100 km,,,,,,,,Full LED | Signature LED,Radar de recul | Radar avant | Caméra de recul,,,Avant | Arrière,,1998 CM³
https://www.automobile.tn/fr/neuf/bmw/x3-hybride-rechargeable/xdrive-30e-pack-m,bmw,x3-hybride-rechargeable,xdrive-30e-pack-m,369 900 ,2.25 heures,Métallisée | +5000 DT,Calorifuges,M anthracite,,6.2 s,,1660 mm,,4755 mm,Triangle de présignalisation | Trousse de premiers secours,À distance,,5,,5 ans (2+3) | Batterie garantie 6 ans,,,,88 km,,Éléctrique,,,,,22.9 kWh/100 km,,,,,Frontaux | Latéraux | Rideaux,Électriques | Réglage lombaire | Fonction mémoire | Sport,,Sport M,,,450 nm 1500 tr/min,Ouvrant | Panoramique | En verre,12.3 pouces | BMW Live Plus,,Avec fonction freinage | Driving Assistant,,5,460 L,,,Acier inoxydable brossé,,,190 CH,,,,Surpiqures  | Veganza perforé,,,Sport variable,,,Android Auto | Apple Carplay | Bluetooth | Commande vocale | Chargeur de téléphone sans fil,M Shadow Line à haute brillance,,Démarrage mains libres,,Bois précieux (magnolia) BMW Individual avec impression fine,,,10 CV,Automatique,,,,,Conducteur et passager,299 CH,FCW,,Accès mains libres | Digital Key Card,,,,Pack Sport M,Sport | Relax | Expressive | Personal | Efficient,,19.7 kWh,,En aluminium | 19'' | Bi-ton | M,Anti-éblouissement,AFU |  Freinage automatique anti-collision (AEB),,,,Tactile | 14.9 pouces,,,,Luxury,Alu satiné,BMW Iconic Glow,Automatique | 3 zones,,,Ouverture et fermeture motorisées | Ouverture mains libres,Avant/Arrière,250 nm,,Essence | Hybride rechargeable,3,1920 mm,,,Intégrale,,,,2.8 L/100 km,,,Électriques | Rabattables,,,,SUV,Disponible,,eSim | Teleservices | Connected+ Unlimited,215 KM/H,Harman/Kardon | Commandes au volant | 15 haut-parleurs | Subwoofer,,,En hauteur et en profondeur,,,184 CH,,,,,4,,Cuir | Multi-fonctions | M | Avec palettes,,Feux de jour | Avant | Arrières,,8,,,,,,,,TCS,Adaptatifs | LED,Radar de recul | Radar avant | Caméra de recul | Parkassist,,,Avant,,1998 CM³
https://www.automobile.tn/fr/neuf/bmw/x3-hybride-rechargeable/xdrive-30e-pack-m-pro,bmw,x3-hybride-rechargeable,xdrive-30e-pack-m-pro,399 900 ,2.25 heures,Métallisée,Calorifuges,M anthracite,,6.2 s,,1660 mm,,4755 mm,Triangle de présignalisation | Trousse de premiers secours,À distance,,5,,5 ans (2+3) | Batterie garantie 6 ans,,,,88 km,,Éléctrique,,Étriers rouges,,,22.9 kWh/100 km,,,,,Frontaux | Latéraux | Rideaux,Électriques | Chauffants | Ventilés | Réglage lombaire | Fonction mémoire | Sport,,Sport M,,,450 nm 1500 tr/min,Ouvrant | Panoramique | En verre,12.3 pouces | Live Cockpit Professional,,Avec fonction freinage | Driving Assistant,,5,460 L,,,Acier inoxydable brossé,,,190 CH,,,,Surpiqures  | Veganza perforé,,,Sport variable,,,Android Auto | Apple Carplay | Bluetooth | Commande vocale | Chargeur de téléphone sans fil,M Shadow Line à haute brillance,,Démarrage mains libres,,Aluminium brossé,,,10 CV,Automatique,,,,Aluminium,Conducteur et passager,299 CH,FCW,,Accès mains libres | Digital Key Card,,,,Pack Sport M,Sport | Relax | Expressive | Personal | Efficient,,19.7 kWh,,En aluminium | 20'' | Bi-ton | M,Anti-éblouissement,AFU |  Freinage automatique anti-collision (AEB),,,,Tactile | 14.9 pouces,,,,Luxury,Noir Brillant | Shadow Line,Noire | BMW Iconic Glow,Automatique | 3 zones,,,Ouverture et fermeture motorisées | Ouverture mains libres,Avant/Arrière,250 nm,,Essence | Hybride rechargeable,3,1920 mm,,,Intégrale,,,,2.8 L/100 km,,,Électriques | Rabattables,,,,SUV,Disponible,,eSim | Teleservices | Connected+ Unlimited,215 KM/H,Harman/Kardon | Commandes au volant | 15 haut-parleurs | Subwoofer,,,En hauteur et en profondeur,,,184 CH,,,,,4,,Cuir | Multi-fonctions | M | Avec palettes,,Feux de jour | Avant | Arrières,,8,,,,,,,,TCS,Adaptatifs | LED | Shadow Line M,Radar de recul | Radar avant | Système de caméras 360 | Parkassist | Caméra panoramique 3D,,,Avant,,1998 CM³
https://www.automobile.tn/fr/neuf/bmw/ix/xdrive40,bmw,ix,xdrive40,369 900 ,7.5 heures,,Calorifuges,Anthracite,,6.2 s,,1695 mm,,4953 mm,Triangle de présignalisation | Trousse de premiers secours,À distance,,5,,5 ans (2+3) | Batterie garantie 8 ans,,,,406 km,,Éléctrique,,,,,19.4 kWh/100 km,Velours,,,,Frontaux | Latéraux | Protège-tête,Électriques | Chauffants | Ventilés,,,,,630 nm 0 tr/min,Ouvrant | Panoramique | Sky Lounge,12.3 pouces | Live Cockpit Professional,,Avec fonction freinage,,5,500 L,,2,,,,,Soft close,,,Cuir | Amido,,,Servotronic,,,USB-C | Apple Carplay | Bluetooth | Commande vocale | Chargeur de téléphone sans fil,,,Démarrage mains libres,,Clear & Bold,,,11 CV,Automatique,,,,,Conducteur et passager,326 CH,,,Accès mains libres,,,,Sport | Titanbronze,,,74.1 kWh,,En aluminium | 21'' | Bi-ton,Anti-éblouissement,,Pneumatique | Adaptative,,,Tactile | 14.9 pouces,,,,,Alu satiné,,Automatique | 4 zones,,,Ouverture et fermeture motorisées,Avant,,,Electrique,,1967 mm,,,Intégrale,,,,,,,Électriques | Rabattables,,1 prise 12 V,,SUV,Disponible,,,200 KM/H,Harman/Kardon | Commandes au volant,,,En hauteur et en profondeur,,31 minutes,,,,,,,,Cuir | Multi-fonctions | Sport,,Feux de jour | Avant | Arrières,,1,,,,,,,,DSC,BMW Laserlight | LED,Radar de recul | Radar avant | Système de caméras 360 | Parkassist | Park distance control,,,Avant | Arrière,Pare-chocs | Rétroviseurs,
https://www.automobile.tn/fr/neuf/bmw/ix/xdrive50-pack-m,bmw,ix,xdrive50-pack-m,399 900 ,8.25 heures,Métallisée,Lunette et vitres arrières sur-teintées | Athermiques,Anthracite,,4.6 s,,1695 mm,,4953 mm,Triangle de présignalisation | Trousse de premiers secours,À distance,,5,,5 ans (2+3) | Batterie garantie 8 ans,,,,633 km,,Éléctrique,,,,,19.4 kWh/100 km,Velours,,,,Frontaux | Latéraux | Protège-tête,Électriques | Chauffants | Massants | Ventilés | Réglage lombaire | Fonction mémoire,,,,,765 nm 0 tr/min,Ouvrant | Panoramique | Sky Lounge,12.3 pouces | Live Cockpit Professional,,Avec fonction freinage | Driving Assistant,,5,500 L,,2,,,,,Soft close,,,Cuir | Amido,,,Servotronic,,,USB-C | Apple Carplay | Bluetooth | Commande vocale | Chargeur de téléphone sans fil | Commande gestuelle,,,Démarrage mains libres,Avec régulation de la vitesse,Clear & Bold,,,N.C. CV,Automatique,,,,,Conducteur et passager,523 CH,,,Accès mains libres,,,,Pack Sport M,,,108.8 kWh,,"En aluminium | Bi-ton | 22""",Anti-éblouissement,,Pneumatique | Adaptative,,,Tactile | 14.9 pouces,,,,,Alu satiné,,Automatique | 4 zones,,,Ouverture et fermeture motorisées,Avant,,,Electrique,,1967 mm,,,Intégrale,,,,,,BMW Natural Interaction,Électriques | Rabattables | Mémoire de position,,1 prise 12 V,,SUV,Disponible,,,200 KM/H,Harman/Kardon | Commandes au volant | Radio numérique DAB | 18 haut-parleurs,,,En hauteur et en profondeur,,31 minutes,,,,,,,,Cuir | Chauffant | Multi-fonctions | Sport | Réglage électrique,,Feux de jour | Avant | Arrières,,1,,,,,,,,DSC,BMW Laserlight | LED,Radar de recul | Radar avant | Système de caméras 360 | Parkassist | Park distance control | Détection du trafic en marche arrière,,,Avant | Arrière,Pare-chocs | Rétroviseurs,
https://www.automobile.tn/fr/neuf/bmw/x3/20i-xdrive-pack-m,bmw,x3,20i-xdrive-pack-m,373 000 ,,Métallisée,Lunette et vitres arrières sur-teintées | Calorifuges,M anthracite,,8.4 s,,1676 mm,,4708 mm,Triangle de présignalisation | Trousse de premiers secours,À distance,,5,,5 ans (2+3),,,,,,Éléctrique,,Étriers rouges | Sport M,,,,Velours,,,,Frontaux | Latéraux | Rideaux,Électriques | Réglage lombaire | Fonction mémoire | Sport,,Sport M,,,290 nm 1350 tr/min,Ouvrant | Panoramique | En verre,12.3 pouces | Live Cockpit Professional,,Avec fonction freinage,,5,550 L,,,,,,,,,,Similicuir | Sensatec perforé,,,Sport variable,,,USB-C | Android Auto | Apple Carplay | Bluetooth | Chargeur de téléphone sans fil | Commande gestuelle,M Shadow Line à haute brillance,,Démarrage mains libres,TSR,Inserts décoratifs M Aluminium Rhombicle foncé avec baguette d'accentuation,,,11 CV,Automatique,,,,,Conducteur et passager,184 CH,FCW,,Accès mains libres,,,,Pack Sport M,Normal | Confort | Sport | Eco,,,,En aluminium | 21'',Anti-éblouissement,DBC |  Freinage automatique anti-collision (AEB),,,,Tactile | 10.25 pouces,,,,,Shadow Line,Noire,Automatique,,,,Avant/Arrière,,,Essence,3,1891 mm,,,Intégrale,,,,7.7 L/100 km,,,Électriques | Rabattables | Dégivrants | Avec clignotants intégrés,,,,SUV,Disponible,,,215 KM/H,Harman/Kardon | Commandes au volant | 16 haut-parleurs | Radio numérique DAB,,,En hauteur et en profondeur,,,,,,,,4,,Cuir | Multi-fonctions | M | Avec palettes,,Feux de jour | Avant | Arrières,8.8 L/100 km,8,7.0 L/100 km,,,,,,,DSC,Full LED | Adaptatifs | Shadow Line M,Radar de recul | Radar avant | Caméra de recul | Autoreverse | Parkassit Plus,,,Avant,,1995 CM³
https://www.automobile.tn/fr/neuf/mercedes-benz/glc-coupe/200-4matic-amg,mercedes-benz,glc-coupe,200-4matic-amg,375 000 ,,Métallisée | +7000 DT,Teintées | Lunette et vitres arrières sur-teintées | Athermiques,,,7.9 s,,1605 mm,,4764 mm,,À distance,Aluminium,5,,2 ans,,,,,Attention Assist,Éléctrique,,,,,,AMG,,LED | 64 couleurs,,Frontaux | Latéraux | Rideaux | Genoux conducteur,Électriques | Chauffants | Réglage lombaire | Fonction mémoire | Sport,,Sport,,,320 nm 3000 tr/min,Ouvrant | Panoramique,12.3 pouces,,TEMPOMAT,,5,545 L,,,Aluminium,,,,,,,Similicuir,,,Paramétrique,,,USB-C | Android Auto | Apple Carplay | Bluetooth | Commande vocale | Chargeur de téléphone sans fil,,,Démarrage mains libres,,Inserts décoratifs aspect losanges en gris argent,,,12 CV,Automatique,,,,Aluminium | Eclairés,Conducteur et passager,204 CH,,,Accès mains libres,,,,Pack Sport AMG,Confort | Sport | Eco,,,,En aluminium | 19'',Anti-éblouissement  | Sans Cadre,AFU,,,,Tactile | 11.9 pouces,,,,Similicuir,Chrome,Diamantée,Automatique | Bizone,,,Ouverture et fermeture motorisées | Cache Bagages | Ouverture à distance,Avant/Arrière,,,Essence | Hybride léger,3,1890 mm,,,Intégrale,,,,9 L/100 km,,GPS,Électriques | Rabattables | Photosensibles | Avec clignotants intégrés,,1 prise 12 V,,SUV,Disponible,,,227 KM/H,MBUX | Commandes au volant,,,En hauteur et en profondeur,,,23 CH,,,,,4,,Cuir | 3 branches | Multi-fonctions | Sport | à méplat | Avec palettes,,Feux de jour | Avant | Arrières,,9,,,,,,,,ESP,LED Hautes performances,Radar de recul | Radar avant | Caméra de recul | Parktronic,,,Avant | Arrière,,1999 CM³
https://www.automobile.tn/fr/neuf/bmw/serie-5-hybride/530e-pack-m,bmw,serie-5-hybride,530e-pack-m,379 900 ,2.25 heures,Métallisée,Lunette et vitres arrières sur-teintées | Athermiques,M anthracite,,6.4 s,,1515 mm,,5060 mm,Triangle de présignalisation | Trousse de premiers secours,À distance,,5,,5 ans (2+3),,,,98 km,,Éléctrique,,,,,21.5 kWh/100 km,Velours,,,,Frontaux | Latéraux | Rideaux,Électriques | Réglage lombaire | Fonction mémoire,,Sport M,,,450 nm 1500 tr/min,Ouvrant | Panoramique,12.3 pouces | Live Cockpit Professional,,Avec fonction freinage | Driving Assistant,,4,520 L,,,Acier inoxydable brossé,,,190 CH,,,,Surpiqures  | Veganza perforé,,,,,,USB-C | Android Auto | Apple Carplay | Bluetooth | Commande vocale | Chargeur de téléphone sans fil,,,Démarrage mains libres,,Chêne foncé à haute brillance | CraftedClarity | Inserts décoratifs Dark Silver,,,10 CV,Automatique,,,,Aluminium,Conducteur et passager,299 CH,FCW,,Accès mains libres | Digital Key Card,,,,Pack Sport M,Sport | Relax | Expressive | Personal | Efficient,,19.4 kWh,,En aluminium | 19'' | Bi-ton | M,Anti-éblouissement,Freinage automatique anti-collision (AEB),Adaptative,,,Tactile | 14.9 pouces,,,,,Alu satiné,Chromée,Automatique | 4 zones,,,Ouverture et fermeture motorisées | Ouverture à distance,Avant/Arrière,250 nm,,Essence | Hybride rechargeable,3,1900 mm,,,Propulsion,,,,0.8 L/100 km,,BMW Natural Interaction,Électriques | Rabattables | Avec clignotants intégrés,,,,Berline,Disponible,,eSim | Teleservices | Connected+ Unlimited,230 KM/H,12 haut-parleurs | Harman/Kardon | Commandes au volant,,,En hauteur et en profondeur,,,184 CH,,,,,4,,Cuir | Multi-fonctions | M | Sport | Avec palettes,,Feux de jour | Avant | Arrières,,8,,,,,,,,DSC,Adaptatifs | LED,Radar de recul | Radar avant | Système de caméras 360 | Détection du trafic en marche arrière | Autoreverse | Parkassit Plus,,,Avant | Arrière,Pare-chocs | Poignées de portes | Rétroviseurs,1998 CM³
https://www.automobile.tn/fr/neuf/bmw/serie-5-hybride/530e-pack-m-pro,bmw,serie-5-hybride,530e-pack-m-pro,399 900 ,2.25 heures,Métallisée,Lunette et vitres arrières sur-teintées | Athermiques,M anthracite,,6.4 s,,1515 mm,,5060 mm,Triangle de présignalisation | Trousse de premiers secours,À distance,,5,,5 ans (2+3),,,,98 km,,Éléctrique,,,,,21.5 kWh/100 km,Velours,,,,Frontaux | Latéraux | Rideaux,Électriques | Ventilés | Réglage lombaire | Fonction mémoire | Confort,,Sport M,,,450 nm 1500 tr/min,Ouvrant | Panoramique,12.3 pouces | Live Cockpit Professional,,Avec fonction freinage | Driving Assistant,,4,520 L,,,Acier inoxydable brossé,,,190 CH,,,,Surpiqures  | Veganza perforé,,,,,,USB-C | Android Auto | Apple Carplay | Bluetooth | Commande vocale | Chargeur de téléphone sans fil,,,Démarrage mains libres,,Chêne foncé à haute brillance | CraftedClarity | Inserts décoratifs Dark Silver,,,10 CV,Automatique,,,,Aluminium,Conducteur et passager,299 CH,FCW,,Accès mains libres | Digital Key Card,,,,Pack Sport M,Sport | Relax | Expressive | Personal | Efficient,,19.4 kWh,,En aluminium | 20'' | Bi-ton | M,Anti-éblouissement,Freinage automatique anti-collision (AEB),Adaptative,,,Tactile | 14.9 pouces,,,,,Alu satiné,BMW Iconic Glow,Automatique | 4 zones,,,Ouverture et fermeture motorisées | Ouverture à distance,Avant/Arrière,250 nm,,Essence | Hybride rechargeable,3,1900 mm,,,Propulsion,,,,0.8 L/100 km,,BMW Natural Interaction,Électriques | Rabattables | Avec clignotants intégrés,,,,Berline,Disponible,,eSim | Teleservices | Connected+ Unlimited,230 KM/H,12 haut-parleurs | Harman/Kardon | Commandes au volant,,,En hauteur et en profondeur,,,184 CH,,,,,4,,Cuir | Multi-fonctions | M | Sport | Avec palettes,,Feux de jour | Avant | Arrières,,8,,,,,,,,DSC,Adaptatifs | LED,Radar de recul | Radar avant | Système de caméras 360 | Détection du trafic en marche arrière | Autoreverse | Parkassit Plus,,,Avant | Arrière,Pare-chocs | Poignées de portes | Rétroviseurs,1998 CM³
https://www.automobile.tn/fr/neuf/bmw/x4/20i-xdrive-pack-m,bmw,x4,20i-xdrive-pack-m,399 900 ,,Métallisée,Calorifuges,BMW Individual anthracite,,8.1 s,,1621 mm,,4751 mm,Triangle de présignalisation,À distance,,5,,5 ans (2+3),,,,,,Éléctrique,,Sport M,,,,Velours,,,,Frontaux | Latéraux | Genoux | Protège-tête,Électriques | Chauffants | Réglage lombaire | Fonction mémoire | Sport M,,Sport M,,,300 nm 1350 tr/min,Ouvrant | Panoramique | En verre,Live Cockpit Professional,,Avec fonction freinage,,5,525 L,,,,,,,,,,Cuir | Surpiqures  | Vernasca Cognac,,,Sport variable,,,USB | USB-C | Apple Carplay | Commande vocale | Commande gestuelle,Alu satiné | M Shadow Line à haute brillance,,Démarrage mains libres,,Noir brillant,,,11 CV,Automatique,,,,,Conducteur et passager,184 CH,,,Accès mains libres,,,,Pack Sport M,Confort | Sport | Eco,,,,En aluminium | 21'',Anti-éblouissement,,,,,Avec fonction TV,,,,,Chrome,,Automatique,,,Ouverture et fermeture motorisées,Avant/Arrière,,,Essence,,1918 mm,,,Intégrale,,,,6.9 L/100 km,,,Électriques | Rabattables | Dégivrants,,1 prise 12 V,,SUV,Disponible,,,212 KM/H,BMW Professional CD | Harman/Kardon,,,En hauteur et en profondeur,,,,,,,,4,,Cuir | Multi-fonctions | M | Avec palettes,,,8.7 L/100 km,8,5.9 L/100 km,,,,,,,DTC | DSC,Adaptatifs | BMW Laserlight | LED,Radar de recul | Radar avant | Caméra de recul | Système de caméras 360 | Park distance control,,,Arrière,,1998 CM³
https://www.automobile.tn/fr/neuf/jeep/wrangler-unlimited/2.0-l-rubicon,jeep,wrangler-unlimited,2.0-l-rubicon,375 000 ,,,Lunette et vitres arrières sur-teintées,,,7.5 s,,1839 mm,Rear Cross Traffic Monitor,4882 mm,,À distance,,5,,3 ans ou 100.000 km,,,,,,,,,,,,,,,,Frontaux | Latéraux,,,,,,400 nm 3000 tr/min,,,Avant et arrière Tru-Lock,,,5,548 L,,,,,,,,,,Cuir,,,Électrique,,,USB | Android Auto | Apple Carplay | AUX | Bluetooth | Commande vocale,,,Démarrage mains libres,,,,,18 CV,Automatique,,,Cuir,,Conducteur et passager,272 CH,,,Accès mains libres,,,,,,,,,En aluminium | 17'',,,,,,Tactile | 8.4 pouces,,,,,,,Automatique | Bizone,,,,Avant/Arrière,,,Essence,3,1894 mm,,,Intégrale,,,,9 L/100 km,,GPS | Cartographie Tunisienne,Électriques,,1 prise 12 V,,SUV,Sur commande,,,177 KM/H,6 haut-parleurs | Uconnect,,,En hauteur,,,,,,,,4,,Cuir | Multi-fonctions,,Feux de jour,,8,,,,,,LED,,ESP,Full LED,Radar de recul | Radar avant | Caméra de recul | Caméra avant,,,Avant | Arrière,Elargisseurs d'ailes,2000 CM³
https://www.automobile.tn/fr/neuf/jeep/wrangler-unlimited/3.6-l-v6-rubicon,jeep,wrangler-unlimited,3.6-l-v6-rubicon,405 000 ,,,Lunette et vitres arrières sur-teintées,,,9.8 s,,1828 mm,Rear Cross Traffic Monitor,4882 mm,,À distance,,5,,3 ans ou 100.000 km,,,,,,,,,,,,,,,,Frontaux | Latéraux,,,,,,347 nm 4300 tr/min,,,Avant et arrière Tru-Lock,,,5,498 L,,,,,,,,,,Cuir,,,Électrique,,,USB | Android Auto | Apple Carplay | AUX | Bluetooth | Commande vocale,,,Démarrage mains libres,,,,,19 CV,Automatique,,,Cuir,,Conducteur et passager,284 CH,,,Accès mains libres,,Avant à désengagement électronique,,,,,,,En aluminium | 17'',,,,,,Tactile | 8.4 pouces,,,,,,,Automatique | Bizone,,,,Avant/Arrière,,,Essence,3,1894 mm,,,Intégrale,,,,11.6 L/100 km,,GPS | Cartographie Tunisienne,Électriques,,1 prise 12 V,,SUV,Sur commande,,,181 KM/H,6 haut-parleurs | Uconnect,,,En hauteur,,,,,,,,6,,Cuir | Multi-fonctions,,Feux de jour,16 L/100 km,8,9.1 L/100 km,,,,,LED,,ESP,Full LED,Radar de recul | Radar avant | Caméra de recul | Caméra avant,,,Avant | Arrière,Elargisseurs d'ailes,3604 CM³
https://www.automobile.tn/fr/neuf/mercedes-benz/glc-coupe-plug-in-hybride/350e-4matic-amg,mercedes-benz,glc-coupe-plug-in-hybride,350e-4matic-amg,415 000 ,,,Teintées | Lunette et vitres arrières sur-teintées | Athermiques,Noir | Tissu,,6.7 s,,1614 mm,,4764 mm,,À distance,Aluminium,5,,2 ans,,,,,Attention Assist,Éléctrique,,,,,,Velours | AMG,,LED | 64 couleurs,,Frontaux | Latéraux | Rideaux | Genoux conducteur,Électriques | Chauffants | Réglage lombaire | Fonction mémoire | Sport,,,,,320 nm 3000 tr/min,Ouvrant | Panoramique,12.3 pouces,,TEMPOMAT,,5,545 L,,,Aluminium,,,204 CH,,,,Similicuir,,,Paramétrique,,,USB-C | Android Auto | Apple Carplay | Bluetooth | Commande vocale | Chargeur de téléphone sans fil,Aluminium,,Démarrage mains libres,,Inserts décoratifs aspect losanges en gris argent,,,11 CV,Automatique,,,,Aluminium | Eclairés,Conducteur et passager,313 CH,,,Accès mains libres,,,,Pack Sport AMG,Confort | Sport | Eco | Offroad,,31.2 kWh,,En aluminium | 19'',Anti-éblouissement  | Sans Cadre,AFU,,,,Tactile | 11.9 pouces,,,,Similicuir,Chrome,Diamantée,Automatique | Bizone,,,Ouverture et fermeture motorisées | Cache Bagages | Ouverture à distance,Avant/Arrière,440 nm,,Essence | Hybride rechargeable,3,1890 mm,,,Intégrale,,,,1.5 L/100 km,,GPS,Électriques | Rabattables | Photosensibles | Avec clignotants intégrés,,1 prise 12 V,,SUV,Sur arrivage,,,220 KM/H,MBUX | Commandes au volant,,,En hauteur et en profondeur,,,129 CH,,,,,4,,Cuir | 3 branches | Multi-fonctions | Sport | à méplat | Avec palettes,,Feux de jour | Avant | Arrières,,9,,,,,,,,ESP,LED Hautes performances,Radar de recul | Radar avant | Système de caméras 360 | Parktronic | Caméra panoramique 3D,,,Avant | Arrière,,1999 CM³
https://www.automobile.tn/fr/neuf/mercedes-benz/glc-hybride/350e-4matic-amg,mercedes-benz,glc-hybride,350e-4matic-amg,418 000 ,,Métallisée | +9000 DT,Teintées | Lunette et vitres arrières sur-teintées | Athermiques,Noir | Tissu,,6.7 s,,1640 mm,,4716 mm,,À distance,Aluminium,5,,2 ans,,,,,Attention Assist,Éléctrique,,,,,,Velours | AMG,,LED | 64 couleurs,,Frontaux | Latéraux | Rideaux | Genoux conducteur,Électriques | Chauffants | Réglage lombaire | Fonction mémoire | Sport,,Sport,,,320 nm 3000 tr/min,Ouvrant | Panoramique,12.3 pouces,,TEMPOMAT,,5,620 L,,,Aluminium,,,204 CH,,,,Similicuir,,,Paramétrique,,,USB-C | Android Auto | Apple Carplay | Bluetooth | Commande vocale | Chargeur de téléphone sans fil,Aluminium,,Démarrage mains libres,,Inserts décoratifs aspect losanges en gris argent,,,9 CV,Automatique,,,,Aluminium | Eclairés,Conducteur et passager,313 CH,,,Accès mains libres,,,,Pack Sport AMG,Confort | Sport | Eco | Offroad,,31.2 kWh,,En aluminium | 19'',Anti-éblouissement  | Sans Cadre,AFU,,,,Tactile | 11.9 pouces,,,,Similicuir,Chrome,Diamantée,Automatique | Bizone,,,Ouverture et fermeture motorisées | Cache Bagages | Ouverture à distance,Avant/Arrière,440 nm,,Essence | Hybride rechargeable,3,1890 mm,,,Intégrale,,,,1.5 L/100 km,,GPS,Électriques | Rabattables | Photosensibles | Avec clignotants intégrés,,1 prise 12 V,,SUV,Disponible,,,218 KM/H,MBUX | Commandes au volant,,,En hauteur et en profondeur,,,129 CH,,,,,4,,Cuir | 3 branches | Multi-fonctions | Sport | à méplat | Avec palettes,,Feux de jour | Avant | Arrières,,9,,,,,,,,ESP,LED Hautes performances,Radar de recul | Radar avant | Système de caméras 360 | Parktronic | Caméra panoramique 3D,,,Avant | Arrière,,1999 CM³
https://www.automobile.tn/fr/neuf/jaguar/f-pace/2.0-t-250-2025-r-dynamic-s,jaguar,f-pace,2.0-t-250-2025-r-dynamic-s,425 000 ,,Métallisée,Lunette et vitres arrières sur-teintées,Morzine,,6.8 s,AHBA,1670 mm,,4730 mm,,À distance,,5,,5 ans ou 150000 km,,,,,,Éléctrique,,Étriers rouges,,,,,,LED,,Frontaux | Latéraux | Rideaux,Électriques | 12 directions | Fonction mémoire | Sport,,,,,365 nm 1200 tr/min,Ouvrant | Panoramique,,,Adaptatif (ACC),,5,650 L,,,,,,,,,,Cuir perforé,,,,,,USB | Android Auto | Apple Carplay | Bluetooth | Chargeur de téléphone sans fil | Pivi Pro,,,Démarrage mains libres,,Engine Spin Aluminium,,,15 CV,Automatique,,,,Métal,Conducteur et passager,250 CH,,,Accès mains libres,,,,,,,,,En aluminium | 20'',Anti-éblouissement,Freinage automatique anti-collision (AEB),,,,11.4 pouces,,,,Cuir,Noir Mat,Chromée | Noire,Automatique | 4 zones | Capteur de qualité de l'air,,,Ouverture et fermeture motorisées,Avant/Arrière,,,Essence,,1940 mm,,,Intégrale,,,,7.4 L/100 km,,,Électriques | Rabattables | Dégivrants | Photosensibles | Mémoire de position | Éclairage d'accueil à LED,,,,SUV,Disponible,,,217 KM/H,6 haut-parleurs,,,En hauteur et en profondeur,,,,,,,,4,,Cuir | Multi-fonctions | Avec palettes,,Feux de jour | Avant | Arrières | Clignotants à défilement,9.1 L/100 km,8,6.6 L/100 km,,,,,,,,Full LED | Signature LED,Radar de recul | Radar avant | Caméra de recul,,,Avant | Arrière,,1997 CM³
https://www.automobile.tn/fr/neuf/mercedes-benz/eqe-suv/350-4matic,mercedes-benz,eqe-suv,350-4matic,429 900 ,9.5 heures,Métallisée,Lunette et vitres arrières sur-teintées | Athermiques,,,6.6 s,,1685 mm,,4863 mm,Triangle de présignalisation | Trousse de premiers secours,À distance,Eclairés | Aluminium,5,,2 ans,,,,556 km,Attention Assist,Éléctrique,,,,,18.7 kWh/100 km,AMG,,,,Frontaux | Latéraux | Rideaux | Genoux,Électriques | Ventilés | Réglage lombaire | Fonction mémoire | Confort,,Régulation adaptative,,,765 nm 0 tr/min,Ouvrant | Panoramique,12.3 pouces,,Adaptatif (ACC) | Distronic,Périmétrique | Volumétrique,5,520 L,,2,,,,,,,,Cuir | Nappa,Niveau 2,,,,,USB-C | Android Auto | Apple Carplay | Bluetooth | Commande vocale | Chargeur de téléphone sans fil,,,Démarrage mains libres,,Console centrale en tilleul linestructure anthracite à pores ouverts,,,10 CV,Automatique,,,,Eclairés,Conducteur et passager,292 CH,FCW,,Accès mains libres,,,,Pack Sport AMG,Confort | Sport | Eco | Sport Plus,,90.5 kWh,,En aluminium | 21'',Anti-éblouissement  | Sans Cadre,AFU |  Freinage automatique anti-collision (AEB),Airmatic | Adaptative,,,Tactile | écran passager | 17.7 pouces | Hyperscreen,,,,,Chrome,Avec étoile centrale | Avec signature lumineuse LED,Automatique | Bizone,,,Ouverture et fermeture motorisées | Cache Bagages,Avant/Arrière,,,Electrique,3,1940 mm,,,Intégrale,,,,,,GPS,Électriques | Rabattables | Photosensibles | Mémoire de position | Éclairage d'accueil à LED,,,,SUV,Disponible,,,210 KM/H,MBUX | Commandes au volant | Burmester Surround,,,En hauteur et en profondeur,,32 minutes,,,,,,,,Cuir Nappa | Multi-fonctions | Sport | Avec palettes,,Feux de jour | Avant | Arrières,,,,Escamotables,,,,,,ESP,Full LED | Digital Light,Radar de recul | Radar avant | Parktronic | Caméra panoramique 3D,,,Avant | Arrière,,
https://www.automobile.tn/fr/neuf/land-rover/range-rover-velar/2.0-l-p250-dynamic-se,land-rover,range-rover-velar,2.0-l-p250-dynamic-se,444 200 ,,Métallisée,Parebrise athermique,Morzine | Light Oyster,,7.5 s,AHBA,1683 mm,,4797 mm,,À distance,,5,,5 ans ou 150000 km,,,,,,Éléctrique,,,,,,,,,,Frontaux | Latéraux | Rideaux,Électriques | 14 directions | Réglage lombaire | Fonction mémoire,,,TPMS,,365 nm 1200 tr/min,Panoramique,,,Adaptatif (ACC),Périmétrique,5,673 L,,,Métal Brillant,,,,,,,Cuir | Ebony,,,,,Déclenchement électrique,Android Auto | Apple Carplay | Bluetooth | Chargeur de téléphone sans fil | Pivi Pro,,,,,Fine Brushed Aluminium,,,15 CV,Automatique,,,,Métal,Conducteur et passager,250 CH,,,,,,,,,,,,En aluminium | 20'',Anti-éblouissement,AFU |  Freinage automatique anti-collision (AEB),,,,Tactile,,,,,,,Automatique | 4 zones,,,Ouverture et fermeture motorisées,Avant/Arrière,,,Essence,,2041 mm,,,Intégrale,,,,7.7 L/100 km,,,Électriques | Rabattables | Dégivrants | Photosensibles | Éclairage d'accueil à LED,,,,SUV,Sur commande,,,217 KM/H,12 haut-parleurs | 400W | Meridian,,,En hauteur et en profondeur,,,,,,,,4,,Multi-fonctions,,Feux de jour | Avant | Arrières | Clignotants à défilement,9.4 L/100 km,8,6.7 L/100 km,,,,,,,,Signature LED | LED,Radar de recul | Radar avant | Détection du trafic en marche arrière | Caméra panoramique 3D,,,,,1998 CM³
https://www.automobile.tn/fr/neuf/porsche/taycan/taycan,porsche,taycan,taycan,448 000 ,11.5 heures,Métallisée,Lunette et vitres arrières sur-teintées,,,4.8 s,,1379 mm,,4963 mm,,À distance,,5,,2 ans | Batterie garantie 8 ans ou 160.000 KM,,,,503 km,,Éléctrique,,,,,19.7 kWh/100 km,,,,,Frontaux | Latéraux | Rideaux | Genoux,Électriques | 18 directions | Chauffants | Réglage lombaire | Sport,,,TPMS,,410 nm 0 tr/min,Panoramique,16.8 pouces | Ecran incurvé,,,,4,407 L,,1,Aluminium,,,,,,,Cuir,,,,,,USB-C | Apple Carplay | Bluetooth | Commande vocale | Chargeur de téléphone sans fil,,,,,,,,9 CV,Automatique,,,,Aluminium | Eclairés,Conducteur et passager,408 CH,FCW,,,,,,SportDesign,Normal | Confort | Sport,,89 kWh,,En aluminium | 21'' | Noires,Anti-éblouissement,Système anti-collision avec détection des piétons,Pneumatique | Porsche Active Suspension Management (PASM),,,Tactile | écran passager | 10.9 pouces,,,,,Noir Brillant,,Automatique | Bizone,,,,Avant/Arrière,,,Electrique,,1966 mm,,,Propulsion,84 L,,,,,,Électriques | Rabattables | Dégivrants | Photosensibles | Éclairage d'accueil à LED,,,,Berline,Disponible,,,230 KM/H,Haut-parleurs Bose | Commandes au volant,,,En hauteur et en profondeur,,18 minutes,,,,,,,,Cuir | Multi-fonctions,,Feux de jour | Avant | Arrières,,2,,,,,,,,ASR | PSM,Matrix LED,Radar de recul | Radar avant | Parkassist | Caméra panoramique 3D,,,Avant | Arrière,Pare-chocs | Poignées de portes | Rétroviseurs,
https://www.automobile.tn/fr/neuf/porsche/taycan/taycan-4s,porsche,taycan,taycan-4s,519 000 ,13 heures,Métallisée,Lunette et vitres arrières sur-teintées,,,3.7 s,,1379 mm,,4963 mm,,À distance,,5,,2 ans | Batterie garantie 8 ans ou 160.000 KM,,,,549 km,,Éléctrique,,Étriers noirs,,,20.7 kWh/100 km,,,,,Frontaux | Latéraux | Rideaux | Genoux,Électriques | 18 directions | Chauffants | Réglage lombaire | Sport,,,TPMS,,710 nm 0 tr/min,Panoramique,16.8 pouces | Ecran incurvé,PTV Plus,,,4,407 L,,2,Aluminium,,,,,,,Cuir,,,,,,USB-C | Apple Carplay | Bluetooth | Commande vocale | Chargeur de téléphone sans fil,,,,,,,,12 CV,Automatique,,,,Aluminium | Eclairés,Conducteur et passager,517 CH,FCW,,,,,,SportDesign,Normal | Confort | Sport,,105 kWh,,En aluminium | 21'' | Noires,Anti-éblouissement,Système anti-collision avec détection des piétons,Pneumatique | Porsche Active Suspension Management (PASM),,,Tactile | écran passager | 10.9 pouces,,,,,Noir Brillant,,Automatique | Bizone,,,,Avant/Arrière,,,Electrique,,1966 mm,,598 CH,Intégrale,84 L,,,,,,Électriques | Rabattables | Dégivrants | Photosensibles | Éclairage d'accueil à LED,,,,Berline,Disponible,,,250 KM/H,Haut-parleurs Bose | Commandes au volant,,,En hauteur et en profondeur,,18 minutes,,,,,,,,Cuir | Multi-fonctions,,Feux de jour | Avant | Arrières,,2,,,,,,,,ASR | PSM,Matrix LED,Radar de recul | Radar avant | Parkassist | Caméra panoramique 3D,,,Avant | Arrière,Pare-chocs | Poignées de portes | Rétroviseurs,
https://www.automobile.tn/fr/neuf/audi/q7/45-tfsi-quattro-bva-2025-s-line-7-places,audi,q7,45-tfsi-quattro-bva-2025-s-line-7-places,449 000 ,,Métallisée,Teintées | Parebrise athermique | Lunette et vitres arrières sur-teintées,Noir,,6.3 s,,1734 mm,,5072 mm,Triangle de présignalisation,À distance,,7,,3 ans,,,,,,Éléctrique,,,,,,Velours,,LED | 30 Couleurs,,Frontaux | Latéraux | Protège-tête,Électriques | Réglage lombaire | Fonction mémoire | Sport,,,,,370 nm 1600 tr/min,Panoramique | En verre,Audi Virtual Cockpit | 12.3 pouces,,,,5,867 L,,,,,,,Soft close,,,Cuir | Valcona,,,Dynamique,,,USB | Android Auto | Apple Carplay | Audi Music Interface | Bluetooth | Chargeur de téléphone sans fil,Aluminium,,Démarrage mains libres,,Aluminium brossé,,Audi hold assist,16 CV,Automatique,,,Cuir,Aluminium | Eclairés,Conducteur et passager,252 CH,,,Accès mains libres,,,,S-line,Audi Drive Select,,,,En aluminium | 20'' | 5 branches,Anti-éblouissement  | Sans Cadre,,Adaptive air suspension,,,Tactile | 10.1 pouces,,,,,Chrome | Pack brillance,,Automatique | 4 zones,,,Ouverture et fermeture motorisées | Ouverture mains libres | Cache Bagages | Seuil de chargement en métal,Avant/Arrière,,,Essence,3,1970 mm,,,Intégrale,,,,6 L/100 km,,,Électriques | Rabattables | Dégivrants | Photosensibles | Avec clignotants intégrés,,,,SUV,Sur commande,,,250 KM/H,17 haut-parleurs | Haut-parleurs Bang & Olufsen | MMI Navigation Plus | Commandes au volant | 730 watts,,,En hauteur et en profondeur,,,,,,,,4,,Cuir | 3 branches | Multi-fonctions | Sport | à méplat | Avec palettes,,Feux de jour | Avant | Arrières,7.4 L/100 km,8,5.2 L/100 km,,,,,,,ESP,Full LED | Audi Matrix LED,Radar de recul | Radar avant | Caméra de recul | Système de caméras 360 | Audi Parking System Plus,,,Avant | Arrière,,1984 CM³
https://www.automobile.tn/fr/neuf/volvo/xc90/2.0-l-recharge-facelift-2025-ultimate-bright,volvo,xc90,2.0-l-recharge-facelift-2025-ultimate-bright,459 900 ,,Métallisée,Lunette et vitres arrières sur-teintées,,,5.4 s,,1767 mm,,4953 mm,Triangle de présignalisation,À distance,,7,,3 ans ou 100.000 km | Batterie garantie 8 ans ou 160.000 KM,,,,75 km,,Éléctrique,,,,RSC,,,,,,Frontaux | Latéraux | Rideaux | Genoux conducteur,Électriques | Chauffants | Réglage lombaire | Fonction mémoire,,,,,659 nm 2500 tr/min,Ouvrant | Panoramique,,,,,5,640 L,,,,BLIS,,312 CH,,,,Cuir,,,,,,2 USB-C | Apple Carplay | Bluetooth | Commande vocale | Chargeur de téléphone sans fil,Chromées,,Démarrage mains libres,,Frêne,,,20 CV,Automatique,,,Cristal d'orrefors,,Conducteur et passager,462 CH,,,Accès mains libres,,,,,Confort | Sport | Eco,,,,En aluminium | 21'',Anti-éblouissement,,,,,Tactile | 11.2 pouces,,,,,,,Automatique | 4 zones,,,Ouverture et fermeture motorisées | Cache Bagages,Avant/Arrière,,,Essence | Hybride rechargeable,,1923 mm,,,Intégrale,,,,1.2 L/100 km,,,Électriques | Rabattables | Dégivrants,,,,SUV,Disponible,,,180 KM/H,14 haut-parleurs | Harman/Kardon | Commandes au volant | Subwoofer,,,En hauteur et en profondeur,,,143 CH,,,,,4,,Similicuir | 3 branches | Multi-fonctions,,Feux de jour | Avant | Arrières,,8,,,,,,LED,,STC,Full LED | Directionnels | Adaptatifs | Matrix LED,Radar de recul | Radar avant | Caméra de recul | Système de caméras 360 | Parkassist,,,Avant | Arrière,,1969 CM³
https://www.automobile.tn/fr/neuf/mercedes-benz/classe-v/250-d,mercedes-benz,classe-v,250-d,468 000 ,,,Lunette et vitres arrières sur-teintées,Gris,,10 s,,1880 mm,,5370 mm,Triangle de présignalisation | Trousse de premiers secours,À distance,,6,,2 ans,,,,,Attention Assist,Éléctrique,,,,,,Velours,,,,Frontaux | Latéraux | Rideaux | Bassin,Réglage lombaire,,,,,440 nm 1350 tr/min,,,,TEMPOMAT,,3 | 2 portes latérales coulissantes,1410 L,,,,,,,,,,Similicuir,,,,,,USB | Bluetooth | Commande vocale,Alu satiné,,,,Laqué Piano Noir,,Hill assist,12 CV,Automatique,,,,,Conducteur et passager,190 CH,,,,,,,,Confort | Sport,,,,En aluminium | 17'',Anti-éblouissement,Système anti-collision avec détection des piétons | Active Brake Assist,,,,8 pouces,,,,,,Chromée,Automatique | Ventilation arrière,,,,Avant/Arrière,,,Diesel,,1928 mm,,,Propulsion,,,,5.9 L/100 km,,GPS,Électriques | Rabattables | Dégivrants,,1 prise 12 V,,Monospace,Disponible,,,205 KM/H,MBUX | Commandes au volant,,,En hauteur et en profondeur,,,,,,,,4,,Cuir | Multi-fonctions,,Feux de jour | Avant | Arrières,6.5 L/100 km,9,5.6 L/100 km,,,,,,,ESP,LED,Radar de recul | Radar avant | Caméra de recul | Parktronic,,,Avant | Arrière,Pare-chocs | Poignées de portes | Rétroviseurs,1950 CM³
https://www.automobile.tn/fr/neuf/porsche/taycan-cross-turismo/4-2025,porsche,taycan-cross-turismo,4-2025,475 000 ,11 heures,Métallisée,Lunette et vitres arrières sur-teintées,,,4.7 s,,1409 mm,,4974 mm,,À distance,,5,,2 ans | Batterie garantie 8 ans ou 160.000 KM,,,,517 km,,Éléctrique,,,,,22 kWh/100 km,,,,,Frontaux | Latéraux | Rideaux | Genoux,Électriques | 14 directions | Réglage lombaire | Confort,,,TPMS,,610 nm 0 tr/min,Panoramique,16.8 pouces | Ecran incurvé,PTV Plus,,,5,446 L,,2,Aluminium,,,,Soft close,,,Cuir,,,,,,USB-C | Apple Carplay | Bluetooth | Commande vocale | Chargeur de téléphone sans fil,,,,,Noir brillant,,,12 CV,Automatique,,,,Aluminium | Eclairés,Conducteur et passager,435 CH,FCW,,,,,,SportDesign,Normal | Confort | Sport,,105 kWh,,En aluminium | 21'' | Noires,Anti-éblouissement,Système anti-collision avec détection des piétons,Pneumatique | Porsche Active Suspension Management (PASM),,,Tactile | écran passager | 10.9 pouces,,,,,Noir Brillant,,Automatique | Bizone,,,,Avant/Arrière,,,Electrique,,1967 mm,1212 L,,Intégrale,84 L,,,,,,Électriques | Rabattables | Dégivrants | Photosensibles | Éclairage d'accueil à LED,,,,Berline,Disponible,,,220 KM/H,Haut-parleurs Bose | Commandes au volant,,,En hauteur et en profondeur,,18 minutes,,,,,,,,Cuir | Multi-fonctions,,Feux de jour | Avant | Arrières,,2,,,,,,,,ASR | PSM,Matrix LED,Radar de recul | Radar avant | Parkassist | Caméra panoramique 3D,,,Avant | Arrière,Pare-chocs | Poignées de portes | Rétroviseurs,
https://www.automobile.tn/fr/neuf/audi/q8/55-tfsi-tiptronic-quattro-2025,audi,q8,55-tfsi-tiptronic-quattro-2025,499 000 ,,Métallisée,Parebrise athermique | Acoustiques,,,5.6 s,,1707 mm,,4994 mm,Triangle de présignalisation,À distance,,5,,3 ans,,,,,,Éléctrique,,,,,,,,LED | 30 Couleurs,,Frontaux | Latéraux | Rideaux,Électriques | Réglage lombaire | Fonction mémoire,,,,,500 nm 1370 tr/min,Panoramique | En verre,Audi Virtual Cockpit | 12.3 pouces,,,,5,605 L,,,,,,,Soft close,,,Cuir,,,Dynamique,,,Android Auto | Apple Carplay | Audi Music Interface | Bluetooth | Chargeur de téléphone sans fil | Audi smartphone interface,,,Démarrage mains libres,,Inserts décoratifs dimantés Gris Argent,,Audi hold assist,22 CV,Automatique,,,,Aluminium,Conducteur et passager,340 CH,,,Accès mains libres,,,,,Audi Drive Select,,,,En aluminium | 19'',Anti-éblouissement  | Sans Cadre,AFU,Adaptive air suspension,,,Tactile | 10.1 pouces,,,,,,Noire,Automatique | 4 zones,,,Ouverture et fermeture motorisées | Ouverture mains libres | Cache Bagages | Seuil de chargement en métal,Avant/Arrière,,,Essence | Hybride léger,,1995 mm,1755 L,,Intégrale,,,,8.9 L/100 km,Pour lunette arrière | Pour vitres de portes arrières (électriques),,Électriques | Rabattables | Dégivrants | Photosensibles | Mémoire de position,,,,SUV,Sur commande,,,250 KM/H,17 haut-parleurs | Haut-parleurs Bang & Olufsen | MMI Navigation Plus | MMI Touch | Commandes au volant | 730 watts,,,En hauteur et en profondeur,,,,,,,,6,,Cuir | 3 branches | Multi-fonctions,,Feux de jour | Avant | Arrières | Clignotants à défilement,,8,,,,,,,,ESP,Full LED,Radar de recul | Radar avant | Système de caméras 360 | Audi Parking System Plus,,,Avant | Arrière,,2995 CM³
https://www.automobile.tn/fr/neuf/mercedes-benz/eqs-berline/450-4matic-amg,mercedes-benz,eqs-berline,450-4matic-amg,519 900 ,12.25 heures,Métallisée,Lunette et vitres arrières sur-teintées | Athermiques,,,6.2 s,,1512 mm,,5223 mm,Triangle de présignalisation | Trousse de premiers secours,À distance,,5,,2 ans,,,,789 km,Attention Assist,Éléctrique,,,,,17.2 kWh/100 km,AMG,,,,Frontaux | Latéraux | Rideaux | Genoux,Électriques | Chauffants | Ventilés | Réglage lombaire | Fonction mémoire,,Régulation adaptative,,,568 nm 0 tr/min,Ouvrant | Panoramique,12.3 pouces,,Adaptatif (ACC) | Distronic,Périmétrique | Volumétrique,4,620 L,,2,,,,,,,,Cuir | Nappa,Niveau 2,,,,,USB-C | Android Auto | Apple Carplay | Bluetooth | Commande vocale | Chargeur de téléphone sans fil,,,Démarrage mains libres,,Console centrale en tilleul linestructure anthracite à pores ouverts,,,10 CV,Automatique,,,,Eclairés,Conducteur et passager,360 CH,FCW,,Accès mains libres,,,,Pack Sport AMG,Confort | Sport | Eco | Sport Plus,,118 kWh,,En aluminium | 21'',Anti-éblouissement  | Sans Cadre,AFU |  Freinage automatique anti-collision (AEB),Airmatic | Adaptative,,,Tactile | écran passager | 17.7 pouces,,,,,Chrome,Avec étoile centrale | Avec signature lumineuse LED,Automatique | Bizone,,,Ouverture et fermeture motorisées,Avant/Arrière,,,Electrique,3,1926 mm,,,Intégrale,,,,,,GPS | Réalité augmentée,Électriques | Rabattables | Photosensibles | Mémoire de position | Éclairage d'accueil à LED,,,,Berline,Disponible,,,210 KM/H,MBUX | Commandes au volant | Burmester Surround,,,En hauteur et en profondeur,,31 minutes,,,,,,,,Cuir Nappa | Multi-fonctions | Sport | Avec palettes,,Feux de jour | Avant | Arrières,,,,Escamotables,,,,,,ESP,Full LED | Digital Light,Radar de recul | Radar avant | Parktronic | Caméra panoramique 3D,,,Avant | Arrière,,
https://www.automobile.tn/fr/neuf/mercedes-benz/eqs/450-4matic-amg,mercedes-benz,eqs,450-4matic-amg,549 900 ,12.25 heures,Métallisée,Lunette et vitres arrières sur-teintées | Athermiques,,,6.2 s,,1718 mm,,5125 mm,Triangle de présignalisation | Trousse de premiers secours,À distance,Eclairés | Aluminium,5,,2 ans,,,,653 km,Attention Assist,Éléctrique,,,,,20.8 kWh/100 km,AMG,,,,Frontaux | Latéraux | Rideaux | Genoux,Électriques | Chauffants | Ventilés | Réglage lombaire | Fonction mémoire | Confort,,Régulation adaptative,,,800 nm 0 tr/min,Ouvrant | Panoramique,12.3 pouces,,Adaptatif (ACC) | Distronic Plus,Périmétrique | Volumétrique,5,645 L,,2,,,,,,,,Cuir,Niveau 2,,,,,USB-C | Android Auto | Apple Carplay | Bluetooth | Commande vocale | Chargeur de téléphone sans fil,,,Démarrage mains libres,,Console centrale en tilleul linestructure anthracite à pores ouverts,,,10 CV,Automatique,,,,Eclairés,Conducteur et passager,360 CH,FCW,,Accès mains libres,,,,Pack Sport AMG,Confort | Sport | Eco | Sport Plus,,118 kWh,,En aluminium | 21'',Anti-éblouissement  | Sans Cadre,AFU | BAS |  Freinage automatique anti-collision (AEB),Airmatic | Adaptative,,,Tactile | Ecrans à l'arrière | écran passager | 17.7 pouces,,,,,Chrome,Avec étoile centrale | Avec signature lumineuse LED,Automatique | Bizone,,,Ouverture et fermeture motorisées | Cache Bagages,Avant/Arrière,,,Electrique,3,1959 mm,,,Intégrale,,,,,,GPS | Réalité augmentée,Électriques | Rabattables | Photosensibles | Mémoire de position | Éclairage d'accueil à LED,,,,SUV,Disponible,,,210 KM/H,MBUX | Commandes au volant | Burmester Surround,,,En hauteur et en profondeur,,31 minutes,,,,,,,,Cuir Nappa | Multi-fonctions | Sport | Avec palettes,,Feux de jour | Avant | Arrières,,,,Escamotables,,,,,,ESP,Full LED | Digital Light,Radar de recul | Radar avant | Parktronic | Caméra panoramique 3D,,,Avant | Arrière,,
https://www.automobile.tn/fr/neuf/land-rover/defender/2.0-l-p400e-phev-s,land-rover,defender,2.0-l-p400e-phev-s,441 000 ,2 heures,Métallisée,Parebrise athermique | Lunette et vitres arrières sur-teintées,Light Cloud,,5.6 s,AHBA,1972 mm,,4758 mm,,À distance,,5,,5 ans ou 150000 km,,,,44 km,,Éléctrique,,,,,,,,,,Frontaux | Latéraux | Rideaux,Électriques | 12 directions,,,TPMS,,640 nm 1500 tr/min,,,,Adaptatif (ACC),Périmétrique,5,786 L,,,,,,300 CH,,,,Resist,,,,,,Android Auto | Apple Carplay | Bluetooth | Chargeur de téléphone sans fil | Pivi Pro,Noires,,Démarrage mains libres,,Light Cloud Powder,,,19 CV,Automatique,,,,,Conducteur et passager,404 CH,,,,,,,,,,19.2 kWh,,En aluminium | 19'',Anti-éblouissement,Freinage automatique anti-collision (AEB),Pneumatique | Adaptative,,,Tactile | 13.1 pouces,,,,,,,Automatique | 3 zones | Ventilation arrière | Capteur de qualité de l'air,,,Cache Bagages,Avant/Arrière,,,Essence | Hybride rechargeable,,2008 mm,1875 L,,Intégrale,,,,3.1 L/100 km,,,Électriques | Rabattables | Dégivrants | Photosensibles | Éclairage d'accueil à LED,,,,SUV,Disponible,,,191 KM/H,Commandes au volant,,,En hauteur et en profondeur,,,142 CH,,,,,4,,Multi-fonctions | Dinamica,,Feux de jour | Avant,,8,,,,,,,,,Signature LED | LED,,,,Avant | Arrière,,1997 CM³
https://www.automobile.tn/fr/neuf/land-rover/defender/3.0-l-p400-x-dynamic-se,land-rover,defender,3.0-l-p400-x-dynamic-se,551 000 ,,Métallisée,Lunette et vitres arrières sur-teintées,Morzine | Ebony,263 g/km,6.1 s,AHBA,1972 mm,,4758 mm,,À distance,,5,,5 ans ou 150000 km,,,,,,Éléctrique,,,,,,,,,,Frontaux | Latéraux | Rideaux,Électriques | 12 directions | Fonction mémoire,,,TPMS,,550 nm 2000 tr/min,Ouvrant | Panoramique,,,Adaptatif (ACC),Périmétrique,5,786 L,,,,,,,,,,Ebony | Resist,,,,,,Android Auto | Apple Carplay | Bluetooth | Chargeur de téléphone sans fil | Pivi Pro,Noires,,Démarrage mains libres,,Dark Grey Powder,,,29 CV,Automatique,,,,,Conducteur et passager,400 CH,RCW,,Accès mains libres,,,,Black Pack,,,,,En aluminium | 19'',Anti-éblouissement,Freinage automatique anti-collision (AEB),Pneumatique | Adaptative,,,Tactile | 11.4 pouces,,,,,,,Automatique | 3 zones | Ventilation arrière | Capteur de qualité de l'air,,,Cache Bagages,Avant/Arrière,,,Essence | Hybride léger,,2008 mm,1875 L,,Intégrale,,,,10.7 L/100 km,,,Électriques | Rabattables | Dégivrants | Photosensibles | Éclairage d'accueil à LED,,,,SUV,Disponible,,,191 KM/H,Commandes au volant | Meridian,,,En hauteur et en profondeur,,,,,,,,4,,Multi-fonctions | Dinamica,,Feux de jour | Avant | Arrières,,8,,,,,,,,,Signature LED | LED,Détection du trafic en marche arrière | Caméra panoramique 3D | Détecteurs d'obstacles à 360°,,,Avant | Arrière,,2996 CM³
https://www.automobile.tn/fr/neuf/toyota/land-cruiser-300/3.5-l-v6-bi-turbo-essence-4wd-vx,toyota,land-cruiser-300,3.5-l-v6-bi-turbo-essence-4wd-vx,530 000 ,,,Lunette et vitres arrières sur-teintées,,,6.8 s,,1950 mm,,4980 mm,,À distance,,7,,3 ans ou 100.000 km,,,,,,Éléctrique,,,,,,,,LED,,Frontaux | Latéraux | Rideaux | Genoux,Électriques | Chauffants | Ventilés | Fonction mémoire,,,,,650 nm 2000 tr/min,Ouvrant,,Arrière,,,5,175 L,,,,,,,,,,Cuir perforé,,,,,,USB | USB-C | Android Auto | Apple Carplay | Chargeur de téléphone sans fil | HDMI,Noires,,Démarrage mains libres,,,,,32 CV,Automatique,,,,,Conducteur et passager,415 CH,,,Accès mains libres,,,,,,,,TSC,En aluminium | 18'',Anti-éblouissement,,,,,Tactile | 12.3 pouces | écrans pour passagers arrières,,,,,,Chromée,Automatique | 4 zones,,,Ouverture et fermeture motorisées,Avant/Arrière,,,Essence,,1980 mm,1004 L,,Intégrale,,,,10.8 L/100 km,,,Électriques | Rabattables | Dégivrants,,,,SUV,Disponible,,,210 KM/H,14 haut-parleurs | Système Audio JBL,,,En hauteur et en profondeur,,,,,,,,6,,Cuir,,Feux de jour | Avant | Arrières,,10,,,,,DAC,,,VSC,Full LED,Radar de recul | Radar avant | Caméra de recul | Caméra avant | Système de caméras 360,,,Avant | Réfrigéré,,3445 CM³
https://www.automobile.tn/fr/neuf/toyota/land-cruiser-300/3.3-l-v6-bi-turbo-diesel-4wd-vx,toyota,land-cruiser-300,3.3-l-v6-bi-turbo-diesel-4wd-vx,560 000 ,,,Lunette et vitres arrières sur-teintées,,,7.4 s,,1950 mm,,4980 mm,,À distance,,7,,3 ans ou 100.000 km,,,,,,Éléctrique,,,,,,,,LED,,Frontaux | Latéraux | Rideaux | Genoux,Électriques | Chauffants | Ventilés | Fonction mémoire,,,,,700 nm 1600 tr/min,Ouvrant,,Arrière,,,5,175 L,,,,,,,,,,Cuir perforé,,,,,,USB | USB-C | Android Auto | Apple Carplay | Chargeur de téléphone sans fil | HDMI,Noires,,Démarrage mains libres,,,,,21 CV,Automatique,,,,,Conducteur et passager,306 CH,,,Accès mains libres,,,,,,,,TSC,En aluminium | 18'',Anti-éblouissement,,,,,Tactile | 12.3 pouces | écrans pour passagers arrières,,,,,,Chromée,Automatique | 4 zones,,,Ouverture et fermeture motorisées,Avant/Arrière,,,Diesel,,1980 mm,1004 L,,Intégrale,,,,8.9 L/100 km,,,Électriques | Rabattables | Dégivrants,,,,SUV,Disponible,,,200 KM/H,14 haut-parleurs | Système Audio JBL,,,En hauteur et en profondeur,,,,,,,,6,,Cuir,,Feux de jour | Avant | Arrières,11.3 L/100 km,10,7.6 L/100 km,,,,DAC,,,VSC,Full LED,Radar de recul | Radar avant | Caméra de recul | Caméra avant | Système de caméras 360,,,Avant | Réfrigéré,,3346 CM³
https://www.automobile.tn/fr/neuf/mercedes-benz/gle/300d-4matic-amg-2023,mercedes-benz,gle,300d-4matic-amg-2023,592 000 ,,Métallisée,Teintées | Parebrise athermique,Noir | Tissu,,6.9 s,,1797 mm,,4924 mm,Triangle de présignalisation,À distance,Eclairés,5,,2 ans,,,,,,Éléctrique,,,,,,AMG,,LED,,Frontaux | Latéraux | Rideaux | Bassin,Électriques | Réglage lombaire | Fonction mémoire,,Régulation adaptative,,,550 nm 1800 tr/min,Ouvrant | Panoramique,12.3 pouces | Widescreen,,TEMPOMAT,Volumétrique,5,635 L,,,,,,,Soft close,,,Cuir | Nappa,,,Électrique,,,USB | Android Auto | Apple Carplay | Bluetooth | Commande vocale | Chargeur de téléphone sans fil,,,Démarrage mains libres,,Aluminium brossé | Chromée | Alu à stries,,,17 CV,Automatique,,,,Aluminium | Eclairés | Baguettes dans les baies de porte,Conducteur et passager,269 CH,,,Accès mains libres,,,,Pack Sport AMG,Confort | Sport | Eco,,,,En aluminium | 21'' | AMG,Anti-éblouissement,Freinage automatique anti-collision (AEB),Pneumatique | Airmatic | Adaptative,,,Tactile | 12.3 pouces,,,,Similicuir,Noir Brillant,,Automatique,,,Ouverture et fermeture motorisées | Cache Bagages | Ouverture à distance,Avant/Arrière,,,Diesel | Hybride léger,3,2010 mm,,,Intégrale,,,,6.9 L/100 km,,GPS,Électriques | Rabattables | Mémoire de position | Éclairage d'accueil à LED,,,,SUV,Sur arrivage,,,230 KM/H,MBUX | Burmester,,,En hauteur et en profondeur,,,20 CH,,,,,4,,Cuir Nappa | Multi-fonctions | Sport,,Feux de jour | Avant | Arrières,,9,,,,,DSR,,,ESP,Full LED,Radar de recul | Radar avant | Système de caméras 360 | Parktronic,,,Avant | Arrière,,1993 CM³
https://www.automobile.tn/fr/neuf/porsche/cayenne/3.0-l-v6-tiptronic-s-e-hybrid-2024,porsche,cayenne,3.0-l-v6-tiptronic-s-e-hybrid-2024,600 000 ,,Métallisée,Teintées | Parebrise athermique | Lunette et vitres arrières sur-teintées,,,4.9 s,,1696 mm,,4930 mm,,À distance,,5,,2 ans | Batterie garantie 8 ans ou 160.000 KM,,,,66 km,,Éléctrique,,Étriers jaunes,,,,,,,,Frontaux | Latéraux | Rideaux,Électriques | 18 directions | Réglage lombaire | Fonction mémoire | Sport,,,,,420 nm 1400 tr/min,Ouvrant | Panoramique,Porsche Advanced Cockpit | 12.6 pouces,,Cruise control,Porsche Vehicle Tracking System (PVTS),5,545 L,,,,,,304 CH,Soft close,,,Cuir,,,,,,USB-C | Android Auto | Apple Carplay | Bluetooth | Chargeur de téléphone sans fil,,,Démarrage mains libres,,Aluminium brossé,,,20 CV,Automatique,,,,Acier inoxydable,,470 CH,,,Accès mains libres,,,,,Normal | Confort | Sport,,,,"En aluminium | 22""",Anti-éblouissement,ABD | EBA | Freinage multi-collision,Porsche Active Suspension Management (PASM),,,Tactile | 12.3 pouces | écran passager,,,,,Noir Brillant,,Automatique | 4 zones,,,Ouverture et fermeture motorisées,Avant/Arrière,460 nm,,Essence | Hybride rechargeable,,1983 mm,,,Intégrale,,,,3.2 L/100 km,,,Électriques | Rabattables | Dégivrants | Photosensibles | Éclairage d'accueil à LED,,,,SUV,Disponible,,,254 KM/H,Commandes au volant,,,En hauteur et en profondeur,,,130 CH,,,,,6,,Chauffant | Multi-fonctions | Avec palettes,,Feux de jour | Avant | Arrières,,8,,,,,Porsche Hill Control PHC,,,ASR | PSM,Matrix LED | Porsche Dynamic Light System Plus,Radar de recul | Radar avant | Système de caméras 360,En Acier spécial brossé | Sport,,Avant,Pare-chocs | Poignées de portes | Rétroviseurs,2995 CM³
https://www.automobile.tn/fr/neuf/mercedes-benz/gle-coupe/300d-4matic-amg-2023,mercedes-benz,gle-coupe,300d-4matic-amg-2023,612 000 ,,Métallisée,Teintées | Parebrise athermique,Noir | Tissu,,6.9 s,,1716 mm,,4941 mm,Triangle de présignalisation,À distance,Eclairés,5,,2 ans,,,,,,Éléctrique,,,,,,AMG,,LED,,Frontaux | Latéraux | Rideaux | Bassin,Électriques | Réglage lombaire | Fonction mémoire,,Régulation adaptative,,,550 nm 1800 tr/min,Ouvrant | Panoramique,12.3 pouces | Widescreen,,TEMPOMAT,Volumétrique,5,620 L,,,,,,,Soft close,,,Cuir | Nappa,,,Électrique,,,USB | Android Auto | Apple Carplay | Bluetooth | Commande vocale | Chargeur de téléphone sans fil,,,Démarrage mains libres,,Aluminium brossé | Chromée | Alu à stries,,,16 CV,Automatique,,,,Aluminium | Eclairés | Baguettes dans les baies de porte,Conducteur et passager,269 CH,,,Accès mains libres,,,,Pack Sport AMG,Confort | Sport | Eco,,,,En aluminium | 21'' | AMG,Anti-éblouissement,Freinage automatique anti-collision (AEB),Pneumatique | Airmatic | Adaptative,,,Tactile | 12.3 pouces,,,,Similicuir,Noir Brillant,,Automatique,,,Ouverture et fermeture motorisées | Cache Bagages | Ouverture à distance,Avant/Arrière,,,Diesel | Hybride léger,3,2018 mm,,,Intégrale,,,,6.9 L/100 km,,GPS,Électriques | Rabattables | Mémoire de position | Éclairage d'accueil à LED,,,,SUV,Disponible,,,230 KM/H,MBUX | Burmester,,,En hauteur et en profondeur,,,20 CH,,,,,4,,Cuir Nappa | Multi-fonctions | Sport,,Feux de jour | Avant | Arrières,,9,,,,,DSR,,,ESP,Full LED,Radar de recul | Radar avant | Système de caméras 360 | Parktronic,,,Avant | Arrière,,1993 CM³
https://www.automobile.tn/fr/neuf/bmw/x5-hybride/50e-x-drive-m-pack-m,bmw,x5-hybride,50e-x-drive-m-pack-m,569 900 ,4.5 heures,Métallisée,Lunette et vitres arrières sur-teintées | Acoustiques | Athermiques,M anthracite,,4.8 s,,1755 mm,,4935 mm,Triangle de présignalisation | Trousse de premiers secours,À distance,,5,,5 ans (2+3) | Batterie garantie 6 ans,,,,110 km,,Éléctrique,,,,,26.3 kWh/100 km,Velours,,LED,,Frontaux | Latéraux | Rideaux,Électriques | Chauffants | Réglage lombaire | Fonction mémoire,,,,,700 nm 1250 tr/min,Ouvrant | Panoramique | En verre,Live Cockpit Professional,,Avec fonction freinage,,5,500 L,,,,,,313 CH,Soft close,,,Sensafin,,,,,,USB | Apple Carplay | Bluetooth | Commande vocale | Commande gestuelle,Alu satiné,,Démarrage mains libres,,Laqué Piano Noir | CraftedClarity,,,21 CV,Automatique,,,,Aluminium,Conducteur et passager,489 CH,RCW,,Accès mains libres | Digital Key Card,,,,Pack Sport M,,,29.5 kWh,,En aluminium | 20'' | Bi-ton | M,Anti-éblouissement,AFU | Système anti-collision avec détection des piétons,Pneumatique | Adaptative,,,Tactile,,,,Cuir,Alu satiné,BMW Iconic Glow,Automatique | 3 zones,,,Ouverture et fermeture motorisées | Cache Bagages,Avant/Arrière,280 nm,,Essence | Hybride rechargeable,3,2004 mm,,,Intégrale,,,,1.0 L/100 km,,,Électriques | Rabattables | Dégivrants | Photosensibles | Mémoire de position | Éclairage d'accueil à LED,,,,SUV,Disponible,,eSim | Teleservices | Connected+,250 KM/H,Harman/Kardon | Commandes au volant | 16 haut-parleurs,,,En hauteur et en profondeur,,,197 CH,,,,,6,,Cuir | Multi-fonctions | M | Sport,,,,8,,,,,,,,,Full LED | Adaptatifs,Radar de recul | Radar avant | Caméra de recul | Système de caméras 360 | Parkassist | Stationnement télécommandé,,,Avant | Arrière,,2998 CM³
https://www.automobile.tn/fr/neuf/bmw/x5-hybride/50e-x-drive-pack-m,bmw,x5-hybride,50e-x-drive-pack-m,613 000 ,4.5 heures,Métallisée,Lunette et vitres arrières sur-teintées | Acoustiques | Athermiques,BMW Individual anthracite,,4.8 s,,1755 mm,,4935 mm,Triangle de présignalisation | Trousse de premiers secours,À distance,,5,,5 ans (2+3) | Batterie garantie 6 ans,,,,110 km,,Éléctrique,,Étriers rouges,,,26.3 kWh/100 km,Velours,,LED,,Frontaux | Latéraux | Rideaux,Électriques | Chauffants | Ventilés | Réglage lombaire | Fonction mémoire | Confort,,,,,700 nm 1250 tr/min,Ouvrant | Panoramique | En verre | Sky Lounge,Live Cockpit Professional,,Avec fonction freinage | Driving Assistant Plus,,5,500 L,,,,,,313 CH,Soft close,,,Schwarz | Cuir étendu | Merino,,,,,,USB | Apple Carplay | Bluetooth | Commande vocale | Commande gestuelle,BMW Individual Shadow Line,,Démarrage mains libres,,Laqué Piano Noir | Inserts décoratifs en bois précieux 'Fineline Stripe' brun à haute brillance,,,21 CV,Automatique,,,Sport,Aluminium,Conducteur et passager,489 CH,RCW,,Accès mains libres | BMW Display Key,,,,Pack Sport M,,,29.5 kWh,,En aluminium | 20'' | Bi-ton | M,Anti-éblouissement,AFU | Système anti-collision avec détection des piétons,Pneumatique | Adaptative,,,Tactile,,,,Cuir,Shadow Line,BMW Iconic Glow,Automatique | 4 zones,,,Ouverture et fermeture motorisées | Cache Bagages,Avant/Arrière,280 nm,,Essence | Hybride rechargeable,3,2004 mm,,,Intégrale,,,,1.0 L/100 km,,,Électriques | Rabattables | Dégivrants | Photosensibles | Mémoire de position | Éclairage d'accueil à LED,,,,SUV,Disponible,,eSim | Teleservices | Connected+,250 KM/H,Harman/Kardon | Commandes au volant | 16 haut-parleurs,,,En hauteur et en profondeur,,,197 CH,,,,,6,,Cuir | Multi-fonctions | M | Sport,,,,8,,,,,,,,,Full LED | Adaptatifs | Shadow Line M,Radar de recul | Radar avant | Caméra de recul | Système de caméras 360 | Parkassist | Stationnement télécommandé,,,Avant | Arrière,,2998 CM³
https://www.automobile.tn/fr/neuf/porsche/cayenne-coupe/3.0-v6-tiptronic-s-e-hybrid-2024,porsche,cayenne-coupe,3.0-v6-tiptronic-s-e-hybrid-2024,615 000 ,,Métallisée,Parebrise athermique | Lunette et vitres arrières sur-teintées,,,4.9 s,,1674 mm,,4930 mm,,À distance,,5,,2 ans | Batterie garantie 8 ans ou 160.000 KM,,,,66 km,,Éléctrique,,,,,,,,LED,,Frontaux | Latéraux | Rideaux,Électriques | 14 directions | Fonction mémoire | Confort,,,,,420 nm 1340 tr/min,Panoramique | En verre,Porsche Advanced Cockpit | 12.6 pouces,,Cruise control,Porsche Vehicle Tracking System (PVTS),5,404 L,,,Acier inoxydable brossé,,,304 CH,Soft close,,,Cuir,,,,,,4 USB | Apple Carplay | AUX | Bluetooth | Commande vocale | Porsche Communication Management (PCM),,,Démarrage mains libres,,Aluminium brossé | Argent Ombre,,,20 CV,Automatique,,,,,,470 CH,,,Accès mains libres,,,,,Normal | Sport | Sport Plus,,,,"En aluminium | 22""",Anti-éblouissement  | Sans Cadre,ABD | EBA | Freinage multi-collision,Porsche Active Suspension Management (PASM),,,Tactile | 12.3 pouces | écran passager,,,,,Noir Brillant,,Automatique | 4 zones,,,Ouverture et fermeture motorisées,Avant/Arrière,460 nm,,Essence | Hybride rechargeable,,1983 mm,,,Intégrale,,,,3.1 L/100 km,,,Électriques | Rabattables | Dégivrants | Photosensibles | Éclairage d'accueil à LED,,1 prise 12 V,,SUV,Disponible,,,254 KM/H,10 haut-parleurs | Commandes au volant,,,En hauteur et en profondeur,,,176 CH,,,,,6,,Chauffant | Multi-fonctions | Ronce de Noyer | Avec palettes,,Feux de jour | Avant | Arrières | Clignotants à défilement,,8,,,,,Porsche Hill Control PHC,LED,,ASR | PSM,Full LED | Porsche Dynamic Light System Plus,Radar de recul | Radar avant | Système de caméras 360 | Parkassist,En Acier spécial brossé | Doubles | Sport,,Avant,Pare-chocs | Poignées de portes | Rétroviseurs,2995 CM³
https://www.automobile.tn/fr/neuf/mercedes-benz/classe-g-electric/580-eq,mercedes-benz,classe-g-electric,580-eq,599 000 ,12 heures,Métallisée,Sur-teintées,Microfibre MICROCUT noir,,4.7 s,,1986 mm,,4624 mm,Triangle de présignalisation | Trousse de premiers secours,À distance,,5,,2 ans,,,,455 km,Attention Assist,Éléctrique | EPB,,,,,28.9 kWh/100 km,AMG,,,,Frontaux | Latéraux | Rideaux | Genoux,Électriques | Réglage lombaire | Fonction mémoire,,Régulation adaptative,,,1164 nm 0 tr/min,Ouvrant,12.3 pouces,,Adaptatif (ACC) | Distronic,Périmétrique | Volumétrique,5,620 L,,4,,,,,,,,Cuir | Nappa,Niveau 2,,Adaptative,,,USB-C | Android Auto | Apple Carplay | Bluetooth | Commande vocale | Chargeur de téléphone sans fil,,,Démarrage mains libres,,Inserts décoratifs en noyer marron à pores ouverts,,,18 CV,Automatique,,,,Acier inoxydable | Eclairés,Conducteur et passager,587 CH,FCW,,Accès mains libres,,Avant,,Pack Sport AMG,Confort | Sport | Individual | G-Turn | G-Steering | Trail | Rock,,116 kWh,,En aluminium | 20'' | 10 branches,Anti-éblouissement  | Sans Cadre,AFU | BAS |  Freinage automatique anti-collision (AEB),Adaptative,,,Tactile | 12.3 pouces,,,,Cuir,Noir Brillant,Chromée,Automatique,,,Cache Bagages | Seuil de chargement en métal,Avant/Arrière,,,Electrique,3,1931 mm,1990 L,,Intégrale,,,,,,GPS | Réalité augmentée,Électriques | Rabattables | Photosensibles | Mémoire de position | Éclairage d'accueil à LED,,,,SUV,Sur arrivage,,,180 KM/H,MBUX | Commandes au volant | Burmester Surround | Radio numérique DAB,,,En hauteur et en profondeur,,32 minutes,,,,,,,,Cuir Nappa | Multi-fonctions | Avec palettes,,Feux de jour | Avant | Arrières,,,,,,,,,,ESP,MULTIBEAM LED,Radar de recul | Radar avant | Parktronic | Caméra panoramique 3D,,,Avant | Réfrigéré | Arrière,,
https://www.automobile.tn/fr/neuf/mercedes-benz/classe-g-electric/580-eq-amg,mercedes-benz,classe-g-electric,580-eq-amg,640 000 ,12 heures,Métallisée,Sur-teintées,Microfibre MICROCUT noir,,4.7 s,,1986 mm,,4624 mm,Triangle de présignalisation | Trousse de premiers secours,À distance,,5,,2 ans,,,,455 km,Attention Assist,Éléctrique | EPB,,,,,28.9 kWh/100 km,AMG,,,,Frontaux | Latéraux | Rideaux | Genoux,Électriques | Réglage lombaire | Fonction mémoire,,Régulation adaptative,,,1164 nm 0 tr/min,Ouvrant,12.3 pouces,,Adaptatif (ACC) | Distronic,Périmétrique | Volumétrique,5,620 L,,4,,,,,,,,Cuir,Niveau 2,,Adaptative,,,USB-C | Android Auto | Apple Carplay | Bluetooth | Commande vocale | Chargeur de téléphone sans fil,,,Démarrage mains libres,,Laqué Piano Noir | Superior,,,18 CV,Automatique,,,,Acier inoxydable | Eclairés,Conducteur et passager,587 CH,FCW,,Accès mains libres,,Avant,,Pack Sport AMG,Confort | Sport | Individual | G-Turn | G-Steering | Trail | Rock,,116 kWh,,En aluminium | 20'' | 10 branches,Anti-éblouissement  | Sans Cadre,AFU | BAS |  Freinage automatique anti-collision (AEB),Adaptative,,,Tactile | 12.3 pouces,,,,Cuir Nappa,Noir Brillant,Noire,Automatique,,,Cache Bagages | Seuil de chargement en métal,Avant/Arrière,,,Electrique,3,1931 mm,1990 L,,Intégrale,,,,,,GPS | Réalité augmentée,Électriques | Rabattables | Photosensibles | Mémoire de position | Noirs | Éclairage d'accueil à LED,,,,SUV,Sur arrivage,,,180 KM/H,MBUX | Commandes au volant | Burmester Surround | Radio numérique DAB,,,En hauteur et en profondeur,,32 minutes,,,,,,,,Cuir/Bois | Multi-fonctions | Avec palettes,,Feux de jour | Avant | Arrières,,,,,,,,,,ESP,MULTIBEAM LED,Radar de recul | Radar avant | Parktronic | Caméra panoramique 3D,,,Avant | Réfrigéré | Arrière,,
https://www.automobile.tn/fr/neuf/land-rover/range-rover-sport/3.0-l-p460-phev-se,land-rover,range-rover-sport,3.0-l-p460-phev-se,682 800 ,,Métallisée,Teintées | Parebrise athermique,Ebony | Light Cloud,,5.5 s,,1820 mm,,4946 mm,,À distance,,5,,5 ans ou 150000 km,,,,123 km,,Éléctrique,,Étriers noirs,,,,,,,,Frontaux | Latéraux | Rideaux,Électriques | Chauffants | Fonction mémoire | 20 directions,,,TPMS,,660 nm 2000 tr/min,,,,Adaptatif (ACC),Périmétrique,5,647 L,,,,,,,Soft close,,,Cuir perforé | Windsor | Ebony | Cuir étendu,,,,,,Android Auto | Apple Carplay | AUX | Bluetooth,,,Démarrage mains libres,,Fine Brushed Aluminium,,,25 CV,Automatique,,,Cuir,Aluminium | Eclairés,Conducteur et passager,460 CH,RCW,,Accès mains libres,,,,,,,,,En aluminium | 21'',Anti-éblouissement,AFU,Pneumatique | Adaptative,,,13.1 pouces,,,,Cuir,,,Automatique | 4 zones | Capteur de qualité de l'air,,,Ouverture et fermeture motorisées,Avant/Arrière,,,Essence | Hybride rechargeable,2,2047 mm,,,Intégrale,,,,0.8 L/100 km,,GPS,Électriques | Rabattables | Dégivrants | Mémoire de position,,,,SUV,Sur commande,,,225 KM/H,Meridian,,,En hauteur et en profondeur,,,218 CH,,,,,6,,Cuir | Multi-fonctions | Avec palettes,,Feux de jour | Avant | Arrières | Clignotants à défilement,,8,,,,,,,,,Pixel LED,Radar de recul | Radar avant | Détection du trafic en marche arrière | Caméra panoramique 3D,,,Avant | Arrière,,2997 CM³
https://www.automobile.tn/fr/neuf/mercedes-benz/classe-s/450-4matic-2024-limousine,mercedes-benz,classe-s,450-4matic-2024-limousine,699 000 ,,,Teintées | Athermiques,Tissu,,5 s,,1503 mm,,5179 mm,,À distance,,5,,2 ans,,,,,,Éléctrique,,,,,,Velours,,LED,,Frontaux | Latéraux | Rideaux | Genoux,Électriques | Chauffants | Réglage lombaire | Fonction mémoire,,,,,500 nm 1600 tr/min,,,,Adaptatif (ACC),Volumétrique,4,550 L,,,,,,,Soft close,,,Cuir,,,,,,USB | Android Auto | Apple Carplay | Bluetooth | Chargeur de téléphone sans fil,,,Démarrage mains libres,,Ronce de Noyer | Marron brillant,,,27 CV,Automatique,,,,Eclairés,Conducteur et passager,381 CH,,,Accès mains libres,,,,,,,,,En aluminium | 18'',Anti-éblouissement  | Sans Cadre,,Pneumatique | Airmatic,,,Tactile,,,,,Chrome,Chromée,Automatique | 4 zones,,,Ouverture et fermeture motorisées | Ouverture à distance,Avant/Arrière,,,Essence | Hybride léger,3,2109 mm,,,Intégrale,,,,8.4 L/100 km,,GPS,Électriques | Rabattables | Dégivrants | Photosensibles | Mémoire de position | Éclairage d'accueil à LED,,1 prise 12 V,,Berline,Sur commande,,,250 KM/H,MBUX | Commandes au volant,,,En hauteur et en profondeur,,,,,,,,6,,Cuir Nappa | Multi-fonctions | Sport,,Feux de jour | Avant | Arrières,,9,,Escamotables,,,,,,,Full LED,Radar de recul | Radar avant | Système de caméras 360 | Parktronic,Chromées,,Avant | Arrière,,2999 CM³
https://www.automobile.tn/fr/neuf/land-rover/range-rover/3.0-l-p460-phev-2025-se,land-rover,range-rover,3.0-l-p460-phev-2025-se,735 875 ,,Métallisée,Vitres latérales en verre feuilleté | Vitres latérales en verre trempé,Ebony | Perlino,,5.7 s,,1870 mm,,5052 mm,,À distance,,5,,5 ans ou 150000 km,,,,121 km,,Éléctrique,,,,,,Ebony,,30 Couleurs,,Frontaux | Latéraux | Rideaux,Électriques | Chauffants | Réglage lombaire | Fonction mémoire | 20 directions,,,,,660 nm 2000 tr/min,Panoramique,,,Adaptatif (ACC),Périmétrique,5,818 L,,,Métal Brillant,,,,Soft close,,,Cuir perforé | Windsor | Ebony | Cuir étendu,,,,,,Android Auto | Apple Carplay | Bluetooth | Chargeur à induction avec amplificateur de signal téléphonique | Pivi Pro,,,Démarrage mains libres,,Bois | Natural Brown Walnut,,,28 CV,Automatique,,,Cuir,Aluminium,Conducteur et passager,460 CH,,,Accès mains libres,,,,,,,,,En aluminium | 21'',Anti-éblouissement,AFU,Pneumatique | Adaptative,,,Tactile | 13.1 pouces,,,,,,,Automatique | 4 zones | Capteur de qualité de l'air,,,Ouverture et fermeture motorisées | Ouverture mains libres | Cache Bagages,Avant/Arrière,,,Essence | Hybride rechargeable,2,2047 mm,1841 L,,Intégrale,,,,0.8 L/100 km,,,Électriques | Rabattables | Dégivrants | Photosensibles | Avec clignotants intégrés,,,,SUV,Sur commande,,,225 KM/H,14 haut-parleurs | 400W | Commandes au volant | Meridian | Subwoofer,,,En hauteur et en profondeur,,,218 CH,,,,,6,,Multi-fonctions | Cuir pleine fleur,,Feux de jour | Avant | Arrières | Clignotants à défilement,,8,,,,,,,,,Signature LED | Pixel LED,Radar de recul | Radar avant | Parkassist | Détection du trafic en marche arrière | Caméra panoramique 3D,,,Avant | Arrière,Lave Phares | Pare-chocs | Poignées de portes | Rétroviseurs | Revêtement des seuils de portes | Toit,2997 CM³
https://www.automobile.tn/fr/neuf/porsche/911/carrera-2024,porsche,911,carrera-2024,845 000 ,,,Teintées | Parebrise athermique | Lunette et vitres arrières sur-teintées,Alcantara,215 g/km,4 s,,1298 mm,,4519 mm,,À distance,,4,,2 ans,,,Déploiement automatique,,,Éléctrique,,,,,,,,,,Frontaux | Latéraux | Rideaux,Électriques | 4 directions | Sport,,,,,450 nm 1950 tr/min,Ouvrant | En verre,,,Adaptatif (ACC),Porsche Vehicle Tracking System (PVTS),2,132 L,,,,,,,,,,Cuir,,,Servotronic,,,Apple Carplay | Bluetooth | Wifi | Porsche Communication Management (PCM),,,,,,,,26 CV,Automatique,,,Cuir,Acier inoxydable,Conducteur et passager,385 CH,,,Accès mains libres,,,,SportDesign,Normal | Confort | Sport,,,,En aluminium | 20'' | 21'' | Noires,Anti-éblouissement,ABD,Porsche Active Suspension Management (PASM),,,,,,,,Noir Brillant,,Automatique | Bizone,,,,Avant,,,Essence,,1852 mm,,,Propulsion,,,,9.4 L/100 km,,GPS,Électriques | Rabattables | Dégivrants | Photosensibles | Éclairage d'accueil à LED,,,,Coupé,En pré-commande,,,293 KM/H,8 haut-parleurs,,,En hauteur et en profondeur,,,,,,,,6,,Cuir | Chauffant | Sport | Carbone,,Feux de jour | Avant | Arrières,12.9 L/100 km,8,7.4 L/100 km,,,,,,,ASR | PSM,Full LED | Porsche Dynamic Light System Plus,Radar de recul | Radar avant | Caméra de recul,Sport | Noires,,Avant,Pare-chocs | Poignées de portes | Rétroviseurs,2981 CM³
https://www.automobile.tn/fr/neuf/jac/t8-dc/2.0-l-cti-diesel-4x4,jac,t8-dc,2.0-l-cti-diesel-4x4,105 000 ,,Métallisée,Lunette et vitres arrières sur-teintées,,,13.7 s,,1830 mm,,5325 mm,,À distance,,5,,3 ans ou 100.000 km,,,,,,Éléctrique,,,,RMI,,,,,,Frontaux,,,,,,320 nm 1600 tr/min,Ouvrant,7 pouces,,,,4,,,,,,,,,,920 KG,Similicuir,,,,,,2 USB | Android Auto | Apple Carplay | Bluetooth,,,Démarrage mains libres,,,,HHC,7 CV,Manuelle,,,Cuir,,Conducteur,137 CH,,,Accès mains libres,,,,,,,,,En aluminium | 18'',,EBD | HBA | VDC,,,,Tactile | 10.4 pouces,,,,Similicuir,,Chromée | Noire mat,Automatique,,,,Avant/Arrière,,,Diesel,3,1880 mm,,,Intégrale,,,,7.9 L/100 km,,,Électriques | Rabattables | Dégivrants | Avec clignotants intégrés,,1 prise 12 V,,Pick up,Disponible,,,160 KM/H,6 haut-parleurs,,,En hauteur,,,,,,,,4,,Cuir | Multi-fonctions,,Feux de jour,,6,,Chromées,,,,,,ESC | TCS,LED,Radar de recul | Radar avant | Système de caméras 360,,,Avant | Arrière,Pare-chocs | Rétroviseurs,1999 CM³
https://www.automobile.tn/fr/neuf/bako/bee/wave,bako,bee,wave,18 264 ,6 heures,,,,,n.c. s,,1530 mm,,2350 mm,,À distance,,3,,3 ans ou 60.000 km,,,,70 km,,,,,,,,,,,,,,,,,,95 nm 0 tr/min,,,,,,2,,,1,,,,,,,,Tissu,,,,,,USB | Bluetooth,,,Démarrage mains libres,,,,,1 CV,Automatique,,,,,,3 CH,,,,,,,,,,2 kWh,,"En aluminium | 12""",,,,,,Tactile | 10 pouces,,,,,,,En option (+ 3242 DT),,,,,,,Electrique,,1100 mm,,,Propulsion,,,,,,,,,,,Citadine,En pré-commande,,,45 KM/H,,,,,,180 minutes,,,,,,,,,,Feux de jour | Avant | Arrières,,1,,,,,,,,,LED,Caméra de recul,,,,,
https://www.automobile.tn/fr/neuf/bako/bee/horizons,bako,bee,horizons,21 508 ,6 heures,,,,,n.c. s,,1530 mm,,2350 mm,,À distance,,3,,3 ans ou 60.000 km,,,,120 km,,,,,,,,,,,,,,,,,,95 nm 0 tr/min,,,,,,2,,,1,,,,,,,,Tissu,,,,,,USB | Bluetooth,,,Démarrage mains libres,,,,,1 CV,Automatique,,,,,,3 CH,,,,,,,,,,2 kWh,,"En aluminium | 12""",,,,,,Tactile | 10 pouces,,,,,,,En option (+ 3242 DT),,,,,,,Electrique,,1100 mm,,,Propulsion,,,,,,,,,,,Citadine,En pré-commande,,,45 KM/H,,,,,,180 minutes,,,,,,,,,,Feux de jour | Avant | Arrières,,1,,,,,,,,,LED,Caméra de recul,,,,,
https://www.automobile.tn/fr/neuf/bako/evan/start,bako,evan,start,22 586 ,6 heures,,,,,N.C,,1680 mm,,2815 mm,,,,1,,3 ans ou 60.000 km,,,,100 km,,,,,,,,,,,,,,,,,,110 nm 0 tr/min,,,,,,3,,,1,,,,,,,600 KG,Tissu,,,,,,USB | Bluetooth,,,,,,,,N.C,Automatique,,,,,,10 CH,,,,,,,,,,12 kWh,,"En aluminium | 12""",,,,,,Tactile | 10 pouces,,,,,,,Manuelle,,,,,,,Electrique,,1240 mm,,,Propulsion,,,,,,GPS,,,,,Utilitaire,En pré-commande,,,70 KM/H,,,,,,180 minutes,,,,,,,1.32 m³,,,Feux de jour | Avant | Arrières,,1,,,,,,,,,LED,Caméra de recul,,,,,
https://www.automobile.tn/fr/neuf/bako/evan/wave,bako,evan,wave,27 990 ,6 heures,,,,,N.C,,1680 mm,,2815 mm,,,,1,,3 ans ou 60.000 km,,,,200 km,,,,,,,,,,,,,,,,,,110 nm 0 tr/min,,,,,,3,,,1,,,,,,,600 KG,Tissu,,,,,,USB | Bluetooth,,,,,,,,N.C,Automatique,,,,,,10 CH,,,,,,,,,,18 kWh,,"En aluminium | 12""",,,,,,Tactile | 10 pouces,,,,,,,Manuelle,,,,,,,Electrique,,1240 mm,,,Propulsion,,,,,,GPS,,,,,Utilitaire,En pré-commande,,,70 KM/H,,,,,,180 minutes,,,,,,,1.32 m³,,,Feux de jour | Avant | Arrières,,1,,,,,,,,,LED,Caméra de recul,,,,,
https://www.automobile.tn/fr/neuf/bako/evan/horizons,bako,evan,horizons,32 313 ,6 heures,,,,,N.C,,1680 mm,,2815 mm,,,,1,,3 ans ou 60.000 km,,,,250 km,,,,,,,,,,,,,,,,,,110 nm 0 tr/min,,,,,,3,,,1,,,,,,,600 KG,Tissu,,,,,,USB | Bluetooth,,,,,,,,N.C,Automatique,,,,,,10 CH,,,,,,,,,,23 kWh,,"En aluminium | 12""",,,,,,Tactile | 10 pouces,,,,,,,Manuelle,,,,,,,Electrique,,1240 mm,,,Propulsion,,,,,,GPS,,,,,Utilitaire,En pré-commande,,,70 KM/H,,,,,,180 minutes,,,,,,,1.32 m³,,,Feux de jour | Avant | Arrières,,1,,,,,,,,,LED,Caméra de recul,,,,,
https://www.automobile.tn/fr/neuf/mitsubishi/attrage-populaire/1.2-l-glx-bvm-populaire,mitsubishi,attrage-populaire,1.2-l-glx-bvm-populaire,34 876 ,,,,,,12.5 s,,1515 mm,,4245 mm,,À distance,,5,,3 ans,,,,,,,,,,,,,,,,Frontaux,,,,,,100 nm 4000 tr/min,,,,,,4,450 L,,,,,,,,,,Tissu,,,Électrique,,,USB | Bluetooth,,,,,,,,4 CV,Manuelle,,,,,,78 CH,,,,,,,,,,,,14'',,,,,,Tactile | 7 pouces,,,,,,,Manuelle,,,,Avant/Arrière,,,Essence,,1670 mm,,,Traction,,,,4.4 L/100 km,,,Électriques,,1 prise 12 V,,Berline,Sous réserve d'acceptation du dossier par le ministère du commerce,,,174 KM/H,2 haut-parleurs,,,En hauteur,,,,,,,,3,,3 branches | Multi-fonctions,,,N.C,5,N.C,,,,,,,,,,,,,,1193 CM³
https://www.automobile.tn/fr/neuf/foton/tm5h/2.2-l-turbo,foton,tm5h,2.2-l-turbo,58 270 ,,,,,,N.C. s,,1995 mm,,5435 mm,,,,2,,1 an,,,,,,,,,,,,,,,,Frontaux,,,,,,360 nm 1750 tr/min,,,,,,2,,,,,,,,,,,Tissu,,,,,,,,,,,,,,7 CV,Manuelle,,,,,,88 CH,,,,,,,,,,,,15'',,,,,,,,,,,,,Manuelle,,,,Avant,,,Diesel,,2550 mm,,,Propulsion,,,,8 L/100 km,,,,,,,Pick up,Disponible,,,105 KM/H,,,,,,,,,,,,4,,,,Feux de jour,,5,,,,,,,,ESP,,,,,,,2156 CM³
https://www.automobile.tn/fr/neuf/foton/tunland-g7-simple-cabine/2.0-l-turbo-4x2,foton,tunland-g7-simple-cabine,2.0-l-turbo-4x2,72 700 ,,Métallisée,,,,N.C. s,,1860 mm,,5340 mm,,À distance,,2,,3 ans ou 100.000 km,,,,,,,,,,,,,,,,Frontaux,,,,,,390 nm 1800 tr/min,,,,,,2,,,,,,,,,,980 KG,Tissu,,Ecran TFT 3.5'',Hydraulique,,,2 USB | Bluetooth,,,Démarrage mains libres,,,,,9 CV,Manuelle,,,,,Conducteur,163 CH,,,Accès mains libres,,,,,,,,,En aluminium | 17'',,AFU | EBA | EBD,,,Porte-lunettes,Tactile | 8 pouces,,,,,,Chromée,Automatique,,,,Avant,,,Diesel,,1940 mm,,,Propulsion,,,,7.9 L/100 km,,,Électriques | Avec clignotants intégrés,,1 prise 12 V,,Pick up,Disponible,,,160 KM/H,2 haut-parleurs,,,En hauteur,,,,,,,,4,,Cuir | Multi-fonctions,,,,6,,,,,HDC,,,ESP | TCS,,Radar de recul | Caméra de recul,,,Avant,Pare-chocs,1968 CM³
https://www.automobile.tn/fr/neuf/chevrolet/groove/1.5-l-premier-2022,chevrolet,groove,1.5-l-premier-2022,85 825 ,,,Teintées,,,13.2 s,,1615 mm,,4220 mm,,À distance,,5,,2 ans ou 100.000 km,,,,,,,,,,,,,,,,Frontaux | Latéraux,Conducteur à réglage électrique | 4 directions,,,TPMS,,140 nm 3600 tr/min,Ouvrant | Panoramique,,,,,5,320 L,,,,,,,,,,Tissu | Surpiqures,,,Électrique,,,USB | Android Auto | Apple Carplay | Bluetooth,,,Démarrage mains libres,,,,,6 CV,Automatique,,,Cuir,,Conducteur,106 CH,,,Accès mains libres,,,,,Sport | Eco,,,,En aluminium | 16'',Anti-éblouissement,EBD,,,,Tactile | 8 pouces,,,,,,Chromée,Automatique,,,,Avant/Arrière,,,Essence,,1740 mm,,,Traction,,,,7.3 L/100 km,,,Électriques | Rabattables | Avec clignotants intégrés,,,,SUV,Disponible,,,160 KM/H,6 haut-parleurs | Commandes au volant,,,En hauteur,,,,,,,,4,,Cuir | 3 branches,,Feux de jour | Avant | Arrières,,,,Chromées,,,,,,ESC | ESP,,Radar de recul | Caméra de recul,,,Avant,,1485 CM³
https://www.automobile.tn/fr/neuf/chevrolet/captiva/1.5-turbo-cvt-2025-5-places,chevrolet,captiva,1.5-turbo-cvt-2025-5-places,93 920 ,,,,,,9.5 s,,1750 mm,,4670 mm,,À distance,,5,,2 ans ou 100.000 km,,,,,,Éléctrique,,,,,,,,,,Frontaux | Latéraux | Rideaux,Conducteur à réglage électrique | 6 directions,,,TPMS,,255 nm 2400 tr/min,Ouvrant | Panoramique,7 pouces,,,,5,429 L,,,,,,,,,,Similicuir perforé,,,Électrique,,,USB | Android Auto | Apple Carplay | Bluetooth,,,Démarrage mains libres,,,,Autohold | HSA,9 CV,Automatique,,,Chromé,Chromés,Conducteur et passager,147 CH,,,Accès mains libres,,,,,Normal | Sport,,,,En aluminium | 18'',,EBD,,,Porte-lunettes,Tactile | 10.4 pouces,,,,,,,Automatique,,,,Avant/Arrière,,,Essence,,1835 mm,1051 L,,Traction,,,,9.2 L/100 km,,,Électriques | Avec clignotants intégrés,,,,SUV,Disponible,,,180 KM/H,6 haut-parleurs | Commandes au volant,,,En hauteur et en profondeur,,,,,,,,4,,Multi-fonctions,,Feux de jour | Avant | Arrières,12 L/100 km,8,7.6 L/100 km,Chromées,,,,,,ESC | TCS,LED,Radar de recul | Radar avant | Système de caméras 360 | Parkassist,,,Avant | Arrière,,1451 CM³
https://www.automobile.tn/fr/neuf/chevrolet/captiva/1.5-turbo-cvt-2025-7-places,chevrolet,captiva,1.5-turbo-cvt-2025-7-places,95 920 ,,,,,,9.5 s,,1750 mm,,4670 mm,,À distance,,7,,2 ans ou 100.000 km,,,,,,Éléctrique,,,,,,,,,,Frontaux | Latéraux | Rideaux,Conducteur à réglage électrique | 6 directions,,,TPMS,,255 nm 2400 tr/min,Ouvrant | Panoramique,7 pouces,,,,5,429 L,,,,,,,,,,Similicuir perforé,,,Électrique,,,USB | Android Auto | Apple Carplay | Bluetooth,,,Démarrage mains libres,,,,Autohold | HSA,9 CV,Automatique,,,Chromé,Chromés,Conducteur et passager,147 CH,,,Accès mains libres,,,,,Normal | Sport,,,,En aluminium | 18'',,EBD,,,Porte-lunettes,Tactile | 10.4 pouces,,,,,,,Automatique,,,,Avant/Arrière,,,Essence,,1835 mm,1051 L,,Traction,,,,9.2 L/100 km,,,Électriques | Avec clignotants intégrés,,,,SUV,Disponible,,,180 KM/H,6 haut-parleurs | Commandes au volant,,,En hauteur et en profondeur,,,,,,,,4,,Multi-fonctions,,Feux de jour | Avant | Arrières,12 L/100 km,8,7.6 L/100 km,Chromées,,,,,,ESC | TCS,LED,Radar de recul | Radar avant | Système de caméras 360 | Parkassist,,,Avant | Arrière,,1451 CM³
https://www.automobile.tn/fr/neuf/foday/f22-s/1.9-l-turbo-4wd,foday,f22-s,1.9-l-turbo-4wd,99 500 ,,,,,,9.8 s,,1864 mm,,5330 mm,,À distance,,2,,3 ans ou 100.000 km,,,,,,,,,,,,,,,,Frontaux,,3.525 m²,,,,400 nm 1600 tr/min,,,,,,2,,,,,,,,,,1160 KG,Similicuir,,,,,,USB | AUX | Bluetooth,,,,,,,,6 CV,Manuelle,,,Cuir,,,138 CH,,,,,,,,,,,,En aluminium | 17'',,EBD,,,,Tactile,,,,,,,Automatique,,,,Avant,,,Diesel,,1870 mm,,,Intégrale,,,,7.8 L/100 km,,GPS,Électriques | Rabattables | Avec clignotants intégrés,,1 prise 12 V,,Pick up,Disponible,,,180 KM/H,4 haut-parleurs,,,En hauteur et en profondeur,,,,,,,,4,,Cuir | Multi-fonctions,,,,5,,,,,,,,,,Caméra de recul,,,Avant,Pare-chocs | Poignées de portes | Rétroviseurs,1855 CM³
https://www.automobile.tn/fr/neuf/mitsubishi/eclipse-cross/1.5-t-mivec-cvt,mitsubishi,eclipse-cross,1.5-t-mivec-cvt,107 000 ,,,,,,9.7 s,,1674 mm,,4405 mm,,À distance,,5,,3 ans ou 100.000 km,,,,,,,,,,,,,,,,Frontaux | Latéraux,,,,,,250 nm 2400 tr/min,,,,,,5,378 L,,,,,,,,,,Tissu,,,Électrique,,,USB | AUX | Bluetooth,Noires,,,,,,,8 CV,Automatique,,,,,,150 CH,,,,,,,,,,,,En aluminium | 18'',Anti-éblouissement,Freinage automatique anti-collision (AEB),,,,Tactile,,,,,Chrome,,Automatique,,,Cache Bagages,Avant/Arrière,,,Essence,,1805 mm,,,Traction,,,,6.6 L/100 km,,,Électriques | Avec clignotants intégrés,,1 prise 12 V,,SUV,Indisponible,,,200 KM/H,4 haut-parleurs | Commandes au volant,,,En hauteur,,,,,,,,4,,,,,7.9 L/100 km,,7.1 L/100 km,,,,,,,,,Radar de recul | Caméra de recul,Chromées,,Avant,,1499 CM³
https://www.automobile.tn/fr/neuf/foton/tunland-g7-double-cabine/2.0-l-turbo-4x4,foton,tunland-g7-double-cabine,2.0-l-turbo-4x4,107 200 ,,Métallisée,,,,N.C. s,,1870 mm,,5340 mm,,À distance,,5,,3 ans ou 100.000 km,,,,,,,,,,,,,,LED,,Frontaux,Conducteur à réglage électrique | 6 directions | Chauffants | Réglage lombaire,,,,,390 nm 1800 tr/min,,,Électronique,,,4,,,,,,,,,,980 KG,Similicuir,,Ecran TFT 3.5'',Hydraulique,,,4 USB | Bluetooth,,,Démarrage mains libres,,,,,7 CV,Manuelle,,,,,Conducteur,163 CH,,,Accès mains libres,,,,,,,,,En aluminium | 18'' | Bi-ton,,AFU | EBA | EBD,,,,Tactile | 8 pouces,,,,,,Spark Grey,Automatique,,,,Avant/Arrière,,,Diesel,3,1940 mm,,,Intégrale,,,,7.9 L/100 km,,,Électriques | Dégivrants | Avec clignotants intégrés,,1 prise 12 V,,Pick up,Disponible,,,160 KM/H,6 haut-parleurs,,,En hauteur,,,,,,,,4,,Cuir | Multi-fonctions,,Feux de jour,,6,,,,,HDC,,,ESP | TCS,,Radar de recul | Caméra de recul,,,Avant | Arrière,,1968 CM³
https://www.automobile.tn/fr/neuf/foday/f22/1.9-l-tid4-luxury,foday,f22,1.9-l-tid4-luxury,109 800 ,,,,,,9.8 s,,1864 mm,,5330 mm,,À distance,,5,,3 ans ou 100.000 km,,,,,,,,,,,,,,,,Frontaux,,2.25 m²,,,,400 nm 1600 tr/min,,,,,,4,,,,,,,,,,1115 KG,Similicuir,,,,,,USB | AUX | Bluetooth,,,,,,,,6 CV,Manuelle,,,Cuir,,,138 CH,,,,,,,,,,,,En aluminium | 17'',,,,,,Tactile | 7 pouces,,,,,,Chromée,Automatique,,,,Avant/Arrière,,,Diesel,,1870 mm,,,Intégrale,,,,7.8 L/100 km,,GPS,Électriques | Rabattables | Avec clignotants intégrés,,1 prise 12 V,,Pick up,2 mois,,,180 KM/H,8 haut-parleurs,,,En hauteur,,,,,,,,4,,Cuir | Multi-fonctions,,,,5,,,,,,,,,,Caméra de recul,,,Avant,Pare-chocs | Poignées de portes | Rétroviseurs,1855 CM³
https://www.automobile.tn/fr/neuf/foday/f22-max/1.9-l-tid4-luxury,foday,f22-max,1.9-l-tid4-luxury,116 800 ,,,,,,9.8 s,,1864 mm,,5730 mm,,À distance,,5,,3 ans ou 100.000 km,,,,,,,,,,,,,,,,Frontaux,,2.85 m²,,,,400 nm 1600 tr/min,,,,,,4,,,,,,,,,,980 KG,Similicuir,,,,,,USB | AUX | Bluetooth,,,,,,,,6 CV,Manuelle,,,Cuir,,,138 CH,,,,,,,,,,,,En aluminium | 17'',,,,,,Tactile | 8 pouces,,,,,,Chromée,Automatique,,,,Avant/Arrière,,,Diesel,,1870 mm,,,Intégrale,,,,7.8 L/100 km,,GPS,Électriques | Rabattables | Avec clignotants intégrés,,1 prise 12 V,,Pick up,Disponible,,,180 KM/H,8 haut-parleurs,,,En hauteur,,,,,,,,4,,Cuir | Multi-fonctions,,,,5,,,,,,,,,,Caméra de recul,,,Avant,Pare-chocs | Poignées de portes | Rétroviseurs,1855 CM³
https://www.automobile.tn/fr/neuf/foton/view-c2/2.0-l-turbo-16-places,foton,view-c2,2.0-l-turbo-16-places,127 501 ,,,,,,N.C. s,,2285 mm,,5390 mm,,À distance,Eclairés,16,,3 ans ou 100.000 km,,,,,,,,,,,,,,,,Frontaux,,,,,,329 nm 1600 tr/min,,,,,,3 | 1 porte latérale coulissante,,,,,,,,,,,Tissu,,,Hydraulique,,,USB | Bluetooth,,,,,,,,7 CV,Manuelle,,,,,,137 CH,,,,,,,,,,,,En aluminium | 15'',,EBD,,,,Tactile | 8 pouces,,,,,,Chromée,Automatique | Ventilation arrière,,,,Avant,,,Diesel,,1920 mm,,,Traction,,,,9.4 L/100 km,,,Électriques | Chromés,,,,Monospace,Disponible,,,145 KM/H,4 haut-parleurs,,,,,,,,,,,4,,,,,,6,,Chromées,,,,,,ESP,,Radar de recul | Caméra de recul,,,,,1968 CM³
https://www.automobile.tn/fr/neuf/mitsubishi/asx/2.0-l-bva,mitsubishi,asx,2.0-l-bva,131 700 ,,,,,,11.4 s,,1620 mm,,4300 mm,,À distance,,5,,3 ans,,,,,,,,,,,,,,,,Frontaux | Latéraux,Électriques | Chauffants,,,,,197 nm 4200 tr/min,Panoramique,,,,,5,442 L,,,,,,,,,,Cuir,,,,,,USB | Bluetooth,,,,,,,,9 CV,Automatique,,,,,,150 CH,,,Accès mains libres,,,,,,,,,En aluminium | 17'',,EBA,,,,Tactile,,,,,Chrome,Chromée,Automatique,,,,Avant/Arrière,,,Essence,,1770 mm,,,Intégrale,,,,7.6 L/100 km,,,Électriques | Rabattables | Dégivrants,,,,SUV,Indisponible,,,183 KM/H,7 haut-parleurs | Commandes au volant,,,En hauteur et en profondeur,,,,,,,,4,,Multi-fonctions,,Feux de jour | Avant,8.9 L/100 km,6,6.4 L/100 km,,,,,,,ESP,,Radar de recul | Caméra de recul,Chromées,,Avant | Arrière,,1998 CM³
https://www.automobile.tn/fr/neuf/mitsubishi/l200-double-cabine/2.5-l-did,mitsubishi,l200-double-cabine,2.5-l-did,137 000 ,,,,,,15 s,,1775 mm,,5220 mm,,À distance,,5,,3 ans ou 100.000 km,,,,,,,,,,,,,,,,Frontaux,,,,,,200 nm 3500 tr/min,,,,,,4,,,,,,,,,,1000 KG,Tissu,,,Électrique,,,USB,,,,,,,,8 CV,Manuelle,,,,,,110 CH,,,,,,,,,,,,En aluminium | 16'',,EBD,,,,,,,,,,,Manuelle,,,,Avant/Arrière,,,Diesel,,1815 mm,,,Intégrale,,,,8.3 L/100 km,,,,,,,Pick up,Disponible,,,167 KM/H,2 haut-parleurs,,,En hauteur,,,,,,,,4,,,,,,5,,,,,,,,,,,,,Avant,,2477 CM³
https://www.automobile.tn/fr/neuf/mitsubishi/pajero/2.8-l,mitsubishi,pajero,2.8-l,196 500 ,,,Teintées,,,16.8 s,,1870 mm,,4900 mm,,À distance,,7,,3 ans,,,,,,,,,,,,,,,,Frontaux,,,,,,292 nm 2000 tr/min,,,,,,5,663 L,,,,,,,,,,Tissu,,,,,,,,,,,,,,11 CV,Manuelle,,,,,,125 CH,,,,,,,,,,,,17'',,AFU | EBD,,,,,,,,,,,Manuelle,,,,Avant,,,Diesel,,1875 mm,,,Intégrale,,,,12.5 L/100 km,,,,,,,SUV,3 mois | Indisponible,,,150 KM/H,,,,En hauteur et en profondeur,,,,,,,,4,,,,,15.5 L/100 km,5,10.7 L/100 km,,,,,,,ESP,,,,,,,2835 CM³
https://www.automobile.tn/fr/neuf/mitsubishi/pajero-sport/2.4-l-did-business,mitsubishi,pajero-sport,2.4-l-did-business,243 567 ,,,Teintées,,,11.4 s,,1800 mm,,4825 mm,,À distance,Chromés,7,,3 ans,,,,,,,,,,,,,,,,Frontaux,,,,,,430 nm 3500 tr/min,,,,,,5,971 L,,,,,,,,,,Tissu,,,,,,USB | Bluetooth,Chromées,,,,,,,11 CV,Manuelle,,,,,,181 CH,,,,,,,,,,,,17'',,AFU | EBD,,,,,,,,,,,Automatique | Bizone,,,,Avant/Arrière,,,Diesel,,1815 mm,,,Intégrale,,,,7.4 L/100 km,,,Électriques | Chromés,,,,SUV,3 mois | Indisponible,,,182 KM/H,6 haut-parleurs,,,En hauteur et en profondeur,,,,,,,,4,,Multi-fonctions,,,,5,,,,,,,,,,,,,Avant | Arrière,,2442 CM³
https://www.automobile.tn/fr/neuf/mitsubishi/pajero-sport/2.4-l-did-bva-premium,mitsubishi,pajero-sport,2.4-l-did-bva-premium,267 770 ,,,Teintées,,,11.4 s,,1800 mm,,4825 mm,,À distance,Chromés,7,,3 ans,,,,,,,,,,,,,,,,Frontaux,,,,,,430 nm 3500 tr/min,Ouvrant | Panoramique,,,,,5,971 L,,,,,,,,,,Cuir,,,,,,USB | Bluetooth,Chromées,,,,,,,11 CV,Automatique,,,,,,181 CH,,,,,,,,,,,,En aluminium | 18'',,AFU | EBD,,,,,,,,,,,Automatique | Bizone,,,,Avant/Arrière,,,Diesel,,1815 mm,,,Intégrale,,,,7.4 L/100 km,,,Électriques | Chromés,,,,SUV,3 mois | Indisponible,,,182 KM/H,10 haut-parleurs,,,En hauteur et en profondeur,,,,,,,,4,,Multi-fonctions,,,,,,,,,,,,,,Radar de recul | Caméra de recul,,,Avant | Arrière,,2442 CM³
