Marque,Modèle,Price,Puissance fiscale,Carburant,Boite,Kilométrage,Type de carrosserie,Année
Mercedes-Benz,Classe CLA,85000,7,Essence,Automatique,146000,Berline,2018
BMW,Serie 3,52500,7,Essence,Manuelle,170,Berline,2014
Land Rover,Range Rover Sport,175000,43,Essence,Automatique,196000,4 x 4,2016
Ford,Super Duty,52000,7,Essence,Automatique,119000,Berline,2021
Dacia,Dokker,22500,6,Diesel,Manuelle,250000,Compacte,2014
Land Rover,Range Rover Evoque,104000,8,Essence,Automatique,146000,Berline,2015
Mercedes-Benz,Classe C Coupe,55000,9,Essence,Automatique,162000,Berline,2011
Toyota,Corolla verso,73000,6,Essence,Automatique,49900,Compacte,2021
Peugeot,301,22000,5,Essence,Manuelle,209000,,2013
Audi,A6,30500,11,Essence,Automatique,213000,Berline,2009
Hyundai,Kona,85000,6,Hybride essence,Manuelle,59400,4 x 4,2022
Porsche,Panamera,160000,20,Essence,Automatique,76000,Berline,2010
Kia,Cerato,28000,7,Essence,Manuelle,200000,Berline,2010
Opel,Astra,14500,,,Manuelle,,,
Land Rover,Range Rover Evoque,75000,11,Diesel,Automatique,240000,4 x 4,2014
Peugeot,Partner,32000,6,Essence,Manuelle,236000,Autres,2009
Porsche,Cayman,260000,15,Essence,Automatique,80000,4 x 4,2020
Kia,Rio,38000,5,Essence,,140000,Compacte,2016
Hyundai,I 20,48800,5,Essence,Manuelle,103,Autres,2022
Hyundai,I 20,48800,5,Essence,Manuelle,103,Autres,2022
Toyota,Yaris,52000,4,Essence,Manuelle,48460,Compacte,
Fiat,500C,29000,4,Essence,Manuelle,176000,Compacte,2011
Fiat,500C,29000,4,Essence,Manuelle,176000,Compacte,2011
Volkswagen,Polo,48500,5,Essence,Manuelle,58000,Berline,2016
Nissan,Qashqai,43500,6,Essence,Automatique,160000,4 x 4,2012
Suzuki,Celerio,31500,4,Essence,Manuelle,53000,Compacte,2019
Volkswagen,Passat,65000,7,Essence,Manuelle,64,Berline,2017
Mercedes-Benz,Classe E,32000,9,Diesel,Manuelle,276000,Berline,2002
Peugeot,5008,85000,6,Diesel,Automatique,192000,Monospace,2017
Dacia,Sandero,53000,4,Diesel,Manuelle,19800,Compacte,2021
Volkswagen,T-ROC,96500,6,Essence,Manuelle,99000,4 x 4,99000
Citroen,Jumpy,57000,6,Diesel,Automatique,0,Utilitaire,2020
Seat,Ibiza,36000,4,Essence,Manuelle,132000,Autres,2017
Peugeot,208,30500,5,Essence,Automatique,80000,Berline,2018
Audi,Q3,79500,86500,Essence,Automatique,190000,4 x 4,2017
Volkswagen,Passat CC,68000,7,Essence,Manuelle,102000,Berline,2017
Peugeot,301,16500,6,Essence,Manuelle,200000,Berline,2018
Geely,GK-GT,48000,6,Essence,Automatique,70000,Compacte,2021
Volkswagen,Golf,51500,6,Essence,Automatique,200000,Compacte,2018
Volkswagen,Golf,46000,5,Diesel,Manuelle,240,Berline,2014
Opel,Corsa,14499,5,Essence,Automatique,,,1996
Kia,Rio,36000,5,Essence,Manuelle,160000,Berline,2016
Seat,Ibiza,60500,,Essence,Manuelle,108,,2021
MG,5,41000,6,Essence,Manuelle,100000,Berline,2022
Kia,Picanto,55500,4,Essence,Automatique,1970,Autres,2025
Renault,Fluence,20500,7,Essence,Automatique,313000,Berline,2012
Fiat,Uno,12000,4,Essence,Manuelle,159000,Autres,2003
Mercedes-Benz,Utilitaire,132000,8,Diesel,Manuelle,170000,Pick up,2018
Citroen,Jumpy,57000,6,Diesel,Automatique,0,Utilitaire,2020
Citroen,C-Elysée,24900,5,Essence,Manuelle,124000,Berline,2018
Peugeot,208,30500,5,Essence,Automatique,0,Berline,2018
Audi,Q5,55500,13,Essence,Automatique,190000,4 x 4,2010
Chevrolet,Spark,19000,4,Essence,Manuelle,200,Berline,2011
Peugeot,308,25800,7,Essence,Automatique,195000,Compacte,2008
Hyundai,Ix 35,49000,6,Diesel,Manuelle,70000,Utilitaire,2011
Hyundai,Ix 35,49000,6,Diesel,Manuelle,70000,Utilitaire,2011
BMW,X5,150000,13,Diesel,Automatique,116000,4 x 4,2016
Volkswagen,Polo,24000,,,Manuelle,220,,
Volkswagen,Golf 6,43900,5,Essence,Manuelle,250000,Compacte,2012
Suzuki,Celerio,31500,4,Essence,Manuelle,100000,Compacte,2021
Mercedes-Benz,Classe E,45000,8,Diesel,Automatique,1234,Berline,2008
Renault,Grand Scenic,30000,7,Essence,Automatique,225285,Monospace,2006
Citroen,C35,43000,5,Essence,Manuelle,80000,Berline,2022
Suzuki,XL7,31000,4,Essence,Manuelle,56000,Compacte,2021
Chery,v5,35000,7,Essence,Automatique,137000,Autres,2017
Chery,A3,35000,6,Essence,,160000,Berline,2019
Dacia,Dokker,20000,1.190,Diesel,Manuelle,252000,Autres,2014
Ford,Fiesta,18500,5,Essence,Manuelle,266568,Berline,2007
Citroen,C4 Cactus,45000,5,Diesel,Manuelle,200000,Compacte,2018
Citroen,C-Elysée,22500,5,Essence,Manuelle,164000,Berline,2014
Volkswagen,Tiguan,76000,08,Essence,Automatique,156000,Berline,2020
Ford,Fiesta,15800,5,Essence,Automatique,252000,Berline,2004
Fiat,Grande Punto,26500,4,Essence,Manuelle,150,Compacte,2011
Mercedes-Benz,Classe E,118000,10,Diesel,Automatique,140000,Berline,2017
Audi,A3,92000,6,Essence,Automatique,70000,Berline,2022
Kia,Rio,33500,5,Essence,Manuelle,188000,Compacte,2013
Mercedes-Benz,Classe ML,45500,13,Diesel,Automatique,288.000,4 x 4,2008
Chery,Tiggo,38500,6,Essence,Manuelle,106000,4 x 4,2021
Fiat,Panda,33800,4,Essence,Manuelle,82000,Berline,2021
Mercedes-Benz,Classe C,58000,8,Essence,Manuelle,133000,Berline,2011
Citroen,Nemo,21000,5,Diesel,Manuelle,276000,Compacte,2014
BMW,Serie 3,28500,10,Essence,Manuelle,257000,Berline,1996
Hyundai,Grand i10,42000,05,Essence,Manuelle,74632,Berline,2022
Mercedes-Benz,Classe C,152000,9,Hybride,Automatique,73000,Berline,
Kia,Sorento,45000,12,Diesel,Automatique,356000,4 x 4,2010
Volkswagen,Amarok,58500,8,Diesel,Manuelle,218000,4 x 4,2013
Ssangyong,Tivoli,66000,6,Essence,Manuelle,23000,Compacte,2021
Ford,Fiesta,36500,5,Essence,Manuelle,200000,Compacte,2015
Land Rover,Range Rover Sport,277000,17,Hybride essence,Automatique,103000,4 x 4,2019
MG,ZS,57000,9,Essence,Automatique,128000,4 x 4,2017
Hyundai,Tucson,130000,7,Hybride Diesel,Automatique,70000,Berline,2021
Seat,Leon,42000,6,Essence,Manuelle,162000,Compacte,2016
Suzuki,Celerio,36500,4,Essence,Automatique,108000,Compacte,2022
Volkswagen,Golf 7,63000,6,Essence,Automatique,155000,Compacte,2018
Nissan,Terrano,33000,10,Diesel,Manuelle,400000,4 x 4,2001
Seat,Leon,86000,8,Essence,Automatique,58000,Compacte,2021
Audi,Q7,64000,16,Diesel,Automatique,248000,4 x 4,2007
Audi,A4,49000,7,Essence,Manuelle,178000,Berline,2014
Renault,Clio,37500,5,Essence,Manuelle,101000,Compacte,2021
MG,ZS,62000,6,Essence,Automatique,58000,Pick up,2022
Mercedes-Benz,Classe E,129000,9,Essence,Automatique,176000,Berline,2018
Renault,Clio,39900,5,Essence,Manuelle,145000,Berline,2022
Fiat,500,29000,4,Essence,Manuelle,192000,Compacte,2012
Nissan,Qashqai,63000,6,Essence,Automatique,16300,Compacte,2017
Mazda,BT-50,49500,9,Diesel,Manuelle,350000,4 x 4,2018
Toyota,Hilux,113000,8,Diesel,Manuelle,243000,4 x 4,2019
Kia,Rio,54000,5,Essence,Manuelle,130000,Compacte,2022
Haval,H6,77000,9,Essence,Automatique,86000,Autres,2019
Audi,A3,99500,6,Essence,Manuelle,93000,Berline,2020
Suzuki,Celerio,37500,4,Essence,Manuelle,34000,Compacte,2023
Kia,Picanto,54500,4,Essence,Automatique,50000,Compacte,2024
Land Rover,Range Rover Evoque,165000,11,Hybride essence,Automatique,49000,Berline,2020
Hyundai,Grand i10,43000,5,Essence,Manuelle,110000,Compacte,2023
Mahindra,Hover,27500,5,Essence,Manuelle,100000,Compacte,2021
Toyota,Yaris,109000,5,Hybride essence,Automatique,10000,Berline,2025
Volkswagen,Golf 8,56000,5,Essence,Manuelle,182000,Compacte,2013
Mercedes-Benz,Classe E,128000,10,Essence,Automatique,174000,Berline,2016
Chery,Tiggo,58000,6,Essence,Automatique,33000,Berline,2021
Seat,Arosa,75000,6,Essence,Automatique,100000,Berline,2023
Volkswagen,Golf 7,62000,6,Essence,Automatique,118000,Berline,2018
Nissan,Qashqai,47500,7,Diesel,Manuelle,175000,Berline,2015
Audi,A4,43000,7,Essence,Automatique,180000,Berline,2012
Volkswagen,Passat,72000,8,Essence,Automatique,280000,Berline,2019
Mercedes-Benz,Classe C,82000,8,Essence,Automatique,180000,Berline,2014
BMW,Serie 1,36500,7,Essence,Manuelle,180000,Compacte,2010
Jeep,Wrangler,75000,7,Diesel,Manuelle,103000,4 x 4,2017
Chery,Tiggo,77000,9,Essence,Automatique,116000,Berline,2021
BMW,Serie 3,74000,10,Essence,Automatique,77000,Berline,2015
Kia,Sportage,95000,11,Essence,Automatique,70000,4 x 4,2021
Mercedes-Benz,Classe C,220000,9,Essence,Automatique,45000,Berline,2022
MG,ZS,56000,,Essence,Automatique,161002,Compacte,2020
Seat,Ibiza,75000,6,Essence,Automatique,90000,Compacte,2023
BMW,Serie 4,98000,7,Essence,Automatique,101000,Berline,2019
Toyota,Prado,78000,11,Diesel,Automatique,400000,4 x 4,2008
Nissan,X-Trail,35500,9,Diesel,Manuelle,357000,4 x 4,2004
Citroen,C3,25500,5,Essence,Manuelle,123000,,2016
Renault,Clio,38800,5,Essence,Manuelle,160000,Compacte,2020
Peugeot,208,30500,5,Essence,Automatique,0,Berline,2018
Suzuki,Celerio,29800,5,Essence,Manuelle,120,Compacte,2020
Kia,Sportage,84800,7,Diesel,Automatique,125,Compacte,2018
Peugeot,3008,74000,7,Essence,Automatique,120,4 x 4,2021
BMW,Serie 2,107000,8,Essence,Automatique,59000,Berline,2022
Audi,Q3,160000,12,Electrique,Automatique,72000,4 x 4,2020
Kia,Rio,51500,6,Essence,Automatique,87000,Berline,2020
Hyundai,Grand i10,32000,5,Essence,Manuelle,175000,Autres,2017
Kia,Sportage,94000,8,Diesel,Automatique,134000,Berline,2019
Toyota,Hilux,65000,6,Diesel,Manuelle,156000,4 x 4,2021
Volkswagen,Amarok,47000,7,Diesel,Manuelle,240000,4 x 4,2013
Mazda,3,48500,6,Essence,Manuelle,122000,Berline,2016
Toyota,Yaris,39000,6,Essence,Manuelle,210000,Berline,2016
Peugeot,207,26000,6,Essence,Automatique,280,Compacte,209
Mercedes-Benz,Classe E,123000,10,Essence,Automatique,150000,Berline,2017
Fiat,Fiat.Punto,24500,5,Essence,Manuelle,252,Compacte,2012
Audi,A3,59500,6,Essence,Manuelle,97000,Berline,2019
Renault,Megane,47000,5,Essence,Manuelle,78200,Compacte,2019
Dacia,Sandero,111111,5,,Manuelle,113000,Utilitaire,2023
Renault,Megane,29900,5,Diesel,Manuelle,335000,Compacte,2011
Audi,A4,25000,7,Essence,Manuelle,219000,Berline,2004
Volkswagen,Jetta,65000,116,Essence,Manuelle,20000,Autres,2024
Volkswagen,Golf 8,77000,5,Essence,Manuelle,79000,Berline,2021
Volkswagen,Golf 8,84000,6,Essence,Automatique,89000,4 x 4,2022
Volkswagen,Golf 8,81000,5,Essence,Manuelle,69000,Berline,2021
Volkswagen,T-ROC,83000,6,Essence,Manuelle,71000,4 x 4,2022
BMW,X1,89900,6,Diesel,Manuelle,127000,Berline,2017
Renault,Megane,17000,4,Diesel,Manuelle,250000,Autres,2005
Hyundai,I 30,77000,6,Diesel,Manuelle,94000,Berline,2020
Peugeot,208,34000,5,Essence,Manuelle,165000,,2017
Kia,Sportage,89000,7,Diesel,Automatique,177000,Compacte,2022
Renault,Symbol,123456,5,Essence,Manuelle,123456,Berline,2010
Audi,Q3,145000,9,Essence,Automatique,68000,Autres,
Peugeot,2008,36000,5,Essence,Manuelle,110000,,2017
Peugeot,Partner,26500,5,Diesel,Manuelle,338000,Utilitaire,2018
Hyundai,I 20,42700,5,Essence,Manuelle,82000,,2018
Kia,Picanto,39800,5,Essence,Manuelle,79000,,2018
Mitsubishi,L200,52000,10,Diesel,Manuelle,221000,4 x 4,2013
Audi,A4,34000,7,Essence,Manuelle,200000,Berline,2014
Peugeot,407,22000,6,Diesel,Manuelle,220000,Berline,2010
Ssangyong,Tivoli,57000,6,Essence,Manuelle,90000,4 x 4,2021
Renault,Clio,40500,4,Essence,Manuelle,98000,Autres,2021
Citroen,C3,22000,4,Essence,Manuelle,191222,Berline,2006
Citroen,Berlingo,45000,5,Diesel,Manuelle,58000,Utilitaire,2021
Audi,A4,35000,7,Essence,Manuelle,312.000,Berline,2011
Citroen,C3,32900,,Essence,Manuelle,147000,Autres,
Citroen,C3,28500,5,Essence,Manuelle,19990,Compacte,2010
BMW,Serie 1,35000,7,Essence,Manuelle,150000,Compacte,2010
Renault,Symbol,35000,5,Essence,Manuelle,141000,Berline,2016
Volkswagen,Polo,24000,4,Essence,Manuelle,184000,Compacte,2009
Citroen,Berlingo,111111,5,Essence,Manuelle,275,Compacte,11111
Renault,Clio,26500,5,Essence,Automatique,213000,Berline,2010
BMW,Serie 3 GT,52500,6,Diesel,Manuelle,295000,Berline,2013
Ssangyong,Korando,46500,,Diesel,Automatique,290000,4 x 4,2017
Ford,Focus,35500,7,Essence,Manuelle,208000,Compacte,2013
Kia,Rio,55000,5,Essence,Manuelle,80000,,
Audi,A1,37500,,Diesel,Automatique,,,2012
Peugeot,Boxer,123456,7,Diesel,Manuelle,500,Cabriolet,2005
Citroen,C1,31000,4,Essence,Manuelle,68000,Compacte,2017
Audi,Q5,169000,13,Essence,Automatique,100000,4 x 4,2021
mini,One,49500,6,Essence,Manuelle,81000,Compacte,2015
Hyundai,Tucson,104000,8,Hybride Diesel,Automatique,36000,Compacte,2022
BMW,Serie 5,78500,10,Diesel,Automatique,220000,Berline,2015
Renault,Capture,69800,6,Hybride essence,Automatique,12000,Berline,2020
Haval,jolion,79000,6,Essence,Automatique,50000,Monospace,2022
Kia,Sportage,65000,6,Essence,Automatique,149000,Berline,2017
Ford,Fiesta,29800,5,Essence,Manuelle,157000,Berline,2015
Hyundai,Tucson,114000,10,Essence,Automatique,49000,4 x 4,2023
Seat,Leon,58000,5,Essence,Manuelle,75000,Compacte,2019
Citroen,Nemo,16500,6,Diesel,Manuelle,200,Autres,2014
Volkswagen,Caddy,28000,5,Diesel,Manuelle,240000,Utilitaire,2015
Citroen,C-Elysée,25000,5,Essence,Manuelle,105000,Berline,2018
Citroen,C5,30000,6,Diesel,Manuelle,290000,Berline,2011
Peugeot,208,39500,4,Essence,Manuelle,48850,Compacte,2023
Renault,Trafic,35000,7,Diesel,Automatique,355000,Utilitaire,2017
Renault,Clio,63000,5,Essence,Manuelle,102000,Berline,2021
Kia,Cerato,33900,7,Essence,Automatique,145000,Autres,2012
Ford,Fiesta,28000,84,Essence,Manuelle,169,Compacte,
Kia,Picanto,35000,4,Essence,Manuelle,138,Compacte,2020
Peugeot,208,37000,5,Essence,Manuelle,67200,Berline,2022
Peugeot,407,24000,6,Diesel,Manuelle,360000,Berline,2008
Peugeot,Boxer,53000,7,Diesel,Manuelle,193,Autres,2021
Alfa Romeo,Giulietta,44000,9,Essence,Automatique,94000,Compacte,2018
Mercedes-Benz,Classe CLA,130000,7,Essence,Automatique,90000,Autres,2021
Fiat,Doblo,36000,5,Diesel,Manuelle,102000,Utilitaire,2021
Mercedes-Benz,Classe A,95500,,Essence,Automatique,156000,,2020
Suzuki,Celerio,31500,4,Essence,Manuelle,56000,Compacte,2021
Peugeot,208,32500,,Essence,Manuelle,89000,,2023
Volkswagen,Golf 7,62500,6,Essence,Automatique,130000,Berline,2019
Kia,Sportage,63000,8,Essence,Automatique,126000,,2016
mini,Cooper,21500,7,Essence,Manuelle,1,Compacte,2009
Volkswagen,Polo,29500,4,Essence,Manuelle,338000,,2014
Hyundai,I 10,36500,5,Essence,Manuelle,160000,Berline,2022
Peugeot,208,27000,4,Essence,Manuelle,98000,Compacte,2019
Volkswagen,Golf 6,47500,5,Essence,Manuelle,210,Compacte,2012
Fiat,Doblo,18000,5,Diesel,Manuelle,255000,Utilitaire,2014
Renault,Kangoo,65000,5,Diesel,Manuelle,70600,Utilitaire,2022
Volkswagen,Passat,15800,7,Diesel,Manuelle,400,Compacte,2000
Mitsubishi,Pajero Sport,115000,12,Diesel,Automatique,146000,4 x 4,2010
Suzuki,Swift,26000,241,Essence,Automatique,60000,Compacte,2024
Kia,Rio,23000,6,Essence,Manuelle,200000,Berline,2010
Renault,Clio,40000,5,Essence,Manuelle,130,Compacte,2022
Dongfeng,s50,35000,6,Essence,Manuelle,97000,Compacte,2021
Peugeot,301,25500,5,Essence,Manuelle,143,Compacte,2017
Isuzu,D-MAX,43000,12,Diesel,Manuelle,256000,Pick up,2012
Seat,Arosa,84000,6,Essence,Automatique,38000,Autres,2023
Kia,Sportage,65000,6,Diesel,Manuelle,236000,Autres,2016
Kia,Rio,22500,6,Essence,Manuelle,440,Berline,2010
Kia,Picanto,41000,5,Essence,Manuelle,90000,Autres,2020
Seat,Leon,60000,6,Essence,Manuelle,98500,Compacte,2017
Renault,Nevada,33000,,Diesel,Manuelle,58682,,1994
Toyota,Yaris,42000,4,Essence,Automatique,72000,Compacte,2022
Peugeot,208,44000,4,Essence,Manuelle,29500,Compacte,2022
Renault,Clio,41000,5,Essence,Manuelle,103000,Compacte,2022
Opel,Combo,15000,6,Diesel,Manuelle,44000,Utilitaire,202
Suzuki,Celerio,12345,4,Essence,Manuelle,85000,Berline,2020
Nissan,Juke,38900,6,Essence,Manuelle,173500,Autres,2017
Fiat,Panda,34500,4,Essence,Manuelle,115000,Compacte,2020
Autres,Autres,60000,60000,Essence,Manuelle,104000,Autres,2021
Hyundai,Elantra,45000,7,Essence,Manuelle,183000,Berline,2016
Seat,Ibiza,39500,4,Essence,Manuelle,91000,Compacte,2019
Peugeot,206,15000,6,Essence,Manuelle,0,Autres,2008
Volkswagen,Golf,41500,5,Essence,Manuelle,220,Berline,2010
BMW,Serie 3 GT,58500,7,Essence,Automatique,134000,Autres,2016
Kia,Rio,22500,6,Essence,Manuelle,440,Berline,2010
Citroen,C5,28000,6,Diesel,Manuelle,327000,Berline,2010
Mercedes-Benz,Classe A,89500,6,Diesel,Automatique,130,Autres,2019
Toyota,Yaris,22200,4,Essence,Manuelle,2302008,Compacte,2008
Ford,Fiesta,46000,8,Essence,Manuelle,150000,Autres,2020
Opel,Astra,23500,5,Essence,Manuelle,327000,Compacte,2008
Fiat,Siena,18000,5,Essence,Manuelle,240000,Compacte,2006
Audi,A4,25500,7,Essence,Manuelle,235,Berline,2005
Hyundai,I 20,34000,,Essence,Manuelle,266,Autres,2017
Mercedes-Benz,Classe CLA,145000,7,Essence,Automatique,3200,Berline,2021
Citroen,Jumpy,79000,8,Diesel,Manuelle,305,Monospace,2021
Seat,Ibiza,38500,,Essence,Manuelle,,,2018
Citroen,C-Elysée,24500,5,Essence,Manuelle,96000,Berline,2017
Peugeot,Bipper,31800,6,Diesel,Manuelle,260,Monospace,2013
Renault,Megane,32000,,Diesel,Manuelle,,Berline,2012
Fiat,Ducato,15500,8,Diesel,Manuelle,400000,Utilitaire,2005
Renault,R21,10700,,Essence,Manuelle,,,
Hyundai,I 10,28000,5,Essence,Manuelle,130000,Autres,2022
Volkswagen,Polo,41000,5,Essence,Manuelle,132000,Berline,2015
Ford,Kuga,18900,5,Essence,Manuelle,140000,Autres,2014
Toyota,Aygo,25900,5,Essence,Manuelle,140000,Autres,2022
Hyundai,I 10,28900,5,Essence,Manuelle,140000,Autres,2021
Jeep,Wrangler,145000,13,Diesel,Automatique,150000,4 x 4,2015
Peugeot,208,44000,5,Essence,Manuelle,67000,Compacte,2022
Volkswagen,Golf,69000,6,Essence,Automatique,132000,Compacte,2020
Ford,Escape,55000,7,Essence,Automatique,88000,4 x 4,2019
Renault,Clio,36500,5,Essence,Manuelle,111111,Compacte,2013
Citroen,C3,37000,5,Essence,Manuelle,127000,Berline,2019
Haval,H6,79000,8,Essence,Automatique,96000,4 x 4,2021
Volkswagen,Polo,47500,4,Essence,Manuelle,90000,Compacte,2022
Suzuki,Swift,43500,4,Essence,Automatique,95000,Compacte,2022
Mercedes-Benz,Classe E,85003,,Essence,Automatique,140000,Berline,2014
mini,Cooper,26500,5,Essence,Manuelle,220000,Autres,2010
Mercedes-Benz,Classe A,95900,9,Essence,Automatique,150000,Compacte,2021
Suzuki,Swift,43800,5,Essence,Manuelle,63000,Compacte,2024
Renault,Megane,18500,5,Diesel,Manuelle,200000,Compacte,2010
Peugeot,208,32900,5,Essence,Manuelle,80000,Compacte,2023
BMW,X3,87000,10,Diesel,Automatique,185000,4 x 4,2014
Fiat,500,44000,5,Essence,Manuelle,140,Compacte,2016
BMW,Serie 5,61000,10,Diesel,Automatique,320000,Berline,2011
Hyundai,Accent,33900,6,Essence,Manuelle,181,Compacte,2015
Autres,Autres,65000,7,Essence,Automatique,57800,4 x 4,2019
Honda,Civic,62000,10,Essence,Automatique,200000,Berline,2018
Kia,Sportage,95000,8,Essence,Manuelle,97000,4 x 4,2019
BYD,F3,39500,7,Essence,Manuelle,67000,Compacte,
Kia,Sportage,95000,8,Essence,Manuelle,97000,4 x 4,2019
Suzuki,Swift,29000,5,Essence,Manuelle,167000,Berline,2017
Kia,Rio,26000,6,Essence,Manuelle,108,Compacte,2010
Ford,ECOSPORT,56000,7,Essence,Manuelle,73000,Berline,2019
Volkswagen,Golf 6,37000,5,Diesel,Manuelle,280000,Autres,2011
Volkswagen,Golf,37000,5,Diesel,Manuelle,280000,Autres,2011
Citroen,Nemo,16500,6,Essence,Manuelle,200,Autres,2014
Volkswagen,Golf,35000,5,Diesel,,188,Compacte,2011
Ford,Fiesta,22000,5,Essence,Manuelle,276,Berline,2010
Ssangyong,Ceo,41000,6,Essence,Automatique,122000,Utilitaire,2022
MG,ZS,69000,7,Essence,Manuelle,40000,4 x 4,2024
Kia,Picanto,36000,4,Essence,Manuelle,130,Autres,2020
Kia,Rio,20000,6,Essence,Manuelle,212,Compacte,2010
Volkswagen,Polo,44000,5,Essence,Manuelle,136000,Berline,2022
Kia,Picanto,40000,,Essence,Manuelle,90000,Berline,2020
Citroen,DS3,30000,5,Essence,Manuelle,120000,Berline,2016
Toyota,RAV 4,75000,9,Diesel,Automatique,146000,4 x 4,2015
Peugeot,407,19500,5,Diesel,Manuelle,200,Utilitaire,2009
wallyscar,IRIS,32000,,Essence,Manuelle,40.000,4 x 4,2018
Dacia,Dokker,27000,6,Diesel,Manuelle,215000,Utilitaire,2016
Opel,Combo,111111,7,Essence,Manuelle,116000,4 x 4,2017
Mercedes-Benz,Classe E,45000,8,Diesel,Automatique,12345,Berline,2008
Volkswagen,Polo,48500,5,Essence,Manuelle,110000,Berline,2022
Mazda,CX7,23000,15,Essence,Automatique,345000,4 x 4,2013
Mercedes-Benz,Classe E,45000,8,Diesel,Automatique,1234,Berline,2008
Ford,Fiesta,31000,5,Essence,Manuelle,151000,Autres,2014
Hyundai,I 20,49000,5,Essence,Manuelle,103,Autres,2022
Volkswagen,Golf,40000,5,Essence,Manuelle,230000,Berline,2013
Hyundai,I 20,49000,5,Essence,Manuelle,103,Autres,2022
Volkswagen,Passat,53000,7,Essence,,200000,,2016
BMW,Serie 3,39000,9,Essence,Automatique,190000,Berline,2006
Kia,Cerato,24500,7,Essence,Manuelle,250000,Autres,2010
Volkswagen,Passat,43000,7,Essence,Manuelle,128000,Berline,2008
BMW,Serie 3,52500,7,Essence,Manuelle,174000,Berline,2014
Ford,Fiesta,32000,5,Essence,Manuelle,67600,Compacte,2012
Mercedes-Benz,Classe C,97000,8,Essence,Automatique,255000,Autres,2017
Fiat,Grande Punto,23000,5,Essence,Manuelle,310000,Compacte,2009
Peugeot,208,40999,4,Essence,Manuelle,54000,Berline,2023
Autres,Autres,127000,,Essence,Automatique,80.000,Compacte,2024
Renault,Master,42000,10,Diesel,Manuelle,72000,Utilitaire,2011
Peugeot,3008,36000,6,Diesel,Manuelle,580000,4 x 4,2011
Mercedes-Benz,Classe CLA,110000,7,Essence,Automatique,10100,Berline,2019
Volkswagen,Passat,22800,6,Diesel,Manuelle,350000,Compacte,2003
Peugeot,206,22500,4,Essence,Manuelle,170000,Compacte,2011
Toyota,C-HR,65000,8,Essence,Automatique,120000,Autres,
Dacia,Duster,71500,6,Diesel,Manuelle,86000,4 x 4,2020
Mercedes-Benz,Classe CLA,153000,8,Hybride essence,Automatique,90000,Berline,2022
Chevrolet,Aveo,18500,6,Essence,Manuelle,178000,Berline,2010
Citroen,C5,29000,6,Diesel,Manuelle,288000,Berline,2010
Mercedes-Benz,Classe A,61000,7,Essence,Manuelle,137000,Compacte,2013
Peugeot,106,11500,4,Essence,Manuelle,00000000,Compacte,1999
Suzuki,Celerio,38500,,Essence,Manuelle,35400,Berline,2023
Kia,Optima,42000,10,Essence,Automatique,243000,Berline,2015
Hyundai,I 10,36800,5,Essence,Manuelle,102000,Compacte,2022
Volkswagen,Polo,35500,4,Essence,Manuelle,200000,Autres,2016
Renault,Clio,39900,5,Essence,Manuelle,124000,Compacte,2022
Renault,Capture,35800,6,Essence,Manuelle,168,Autres,2014
Dacia,Logan,15500,6,Diesel,Manuelle,370000,Autres,2011
Citroen,C4,36000,6,Essence,Manuelle,185000,Berline,2016
Dacia,Duster,40000,,Essence,Automatique,78000,,2015
Peugeot,Partner,47500,5,Diesel,Manuelle,150000,Compacte,2021
Hyundai,Tucson,116000,10,Essence,Automatique,28000,4 x 4,2023
Mitsubishi,Lancer,29000,9,Essence,Automatique,216000,Berline,2010
Ford,Focus,26000,6,Essence,Manuelle,296,,2010
Isuzu,D-MAX,114000,8,Diesel,Manuelle,0,Pick up,2025
Renault,Megane,48500,5,Diesel,Manuelle,148,Autres,2019
Citroen,Berlingo,35500,5,Diesel,Manuelle,292,Compacte,2010
Mercedes-Benz,Classe GLA,141000,8,Hybride essence,Automatique,59000,4 x 4,2021
Citroen,C5,22900,9,Essence,Automatique,207000,Autres,2010
Toyota,C-HR,11111,6,Essence,Automatique,66000,Autres,2022
Land Rover,Range Rover Evoque,115000,10,Diesel,Automatique,175000,Berline,2018
Renault,Clio,11111,6,Essence,Manuelle,14000,Compacte,2025
Dacia,Sandero,45000,5,Essence,Manuelle,158000,Compacte,2020
Audi,Q3,78998,8,Essence,Automatique,104,Autres,2017
Audi,Q5,105000,15,Diesel,Automatique,122000,4 x 4,2015
Toyota,Land Cruiser,65000,14,Diesel,Manuelle,550,4 x 4,1998
Kia,Sportage,72000,8,Essence,Automatique,134000,4 x 4,2018
Peugeot,508,48000,6,Diesel,Manuelle,270,Berline,2016
Renault,Clio,24000,5,Essence,Manuelle,300,Berline,2006
Mercedes-Benz,Classe C,97000,9,Essence,Automatique,169000,Berline,2017
Dacia,Lodgy,58000,6,Diesel,Manuelle,50000,Monospace,2020
Chery,Tiggo,77000,9,Essence,Automatique,56000,4 x 4,2022
Hyundai,I 10,43800,,,Manuelle,62000,,2022
Toyota,Yaris,31500,5,Essence,Manuelle,200000,Compacte,2016
Fiat,Fiorino,37500,5,Diesel,Manuelle,37000,Utilitaire,2022
Mazda,BT-50,11111,10,Diesel,Manuelle,193,4 x 4,2010
Peugeot,406,18000,8,Essence,Automatique,279000,Berline,2004
Chery,Tiggo,46000,8,Essence,Automatique,436500,Compacte,2023
Citroen,C4,70000,110,Diesel,Automatique,92000,Berline,2022
Peugeot,308 SW,35000,6,Essence,Automatique,160000,Berline,2016
Fiat,500,50000,4,Hybride essence,Manuelle,89000,Compacte,2021
Renault,Megane,21000,,Essence,Manuelle,210,,2006
Mercedes-Benz,Classe CLA,72000,8,Essence,Automatique,165283,Berline,2013
Toyota,Yaris Verso,42000,6,Essence,Manuelle,244000,Berline,2018
Peugeot,208,46500,5,Essence,Manuelle,70000,Compacte,2022
Toyota,Yaris Verso,37000,4,Essence,Manuelle,115000,,2020
Seat,Toledo,95000,8,Essence,Automatique,145000,Monospace,2020
Nissan,Micra,21000,,,Manuelle,250000,,2010
Volkswagen,Golf 7,53000,,Essence,Manuelle,288,,2015
BMW,Serie 3,53000,,Essence,Manuelle,170000,,2014
Peugeot,Expert,22000,5,Diesel,Manuelle,200,Utilitaire,2012
Volkswagen,Golf,27000,7,Essence,Manuelle,400000,Compacte,2001
Seat,Leon ST,24000,6,Diesel,Manuelle,370000,Compacte,2008
Nissan,Juke,70000,6,Essence,Manuelle,112000,Compacte,2021
Opel,Vectra,23000,6,Diesel,Manuelle,142,Berline,2008
Volkswagen,Golf 8,87000,6,Essence,Manuelle,72,Berline,2022
Volkswagen,Golf 7,46000,115,Essence,Manuelle,153000,Compacte,2015
MG,ZS,63000,7,Essence,Automatique,95500,Autres,2022
Hyundai,Grand i10,33500,5,Essence,Manuelle,160000,Compacte,2014
Volkswagen,Golf,72000,6,Essence,Manuelle,163000,Compacte,2016
Volkswagen,Caddy,31000,5,Diesel,Manuelle,000,Compacte,2012
Suzuki,Celerio,123456,4,Essence,Automatique,62000,Compacte,2021
Suzuki,Celerio,36000,4,Essence,Automatique,45000,,2021
Geely,GK-GL,123456,5,Essence,Manuelle,56000,Berline,2021
mini,Cooper,23500,7,Essence,Manuelle,241,Autres,2002
Hyundai,I 20,48000,5,Essence,Manuelle,98,Berline,2022
Citroen,C4 Cactus,23000,6,Essence,Manuelle,200,Compacte,2008
Kia,Rio,44000,5,Essence,Automatique,110000,Autres,2020
Ford,Ka,24500,4,Essence,Manuelle,145.000,,2012
Fiat,Punto,23500,04,Essence,Manuelle,200000,Compacte,2011
Chery,Tiggo,60000,5,Essence,Automatique,5000,Autres,2024
Kia,Sportage,51000,7,Diesel,Manuelle,283000,Compacte,2013
Seat,Altea,120000,8,Essence,Automatique,41000,Autres,2024
Volkswagen,Caddy,59800,7,Diesel,Manuelle,90000,Berline,2019
Peugeot,2008,45500,6,Essence,Manuelle,120000,Berline,2019
Hyundai,Bayon,119900,4,Electrique,Automatique,40000,Berline,2022
Alfa Romeo,Giulietta,33000,7,Essence,,240.000,Compacte,2011
Suzuki,Celerio,38500,,Essence,Manuelle,35400,,2023
Fiat,Ducato,28000,8,Diesel,Manuelle,180,Utilitaire,2008
Volkswagen,Golf,79000,6,Essence,Manuelle,,Berline,2017
Citroen,C5,29500,9,Essence,Manuelle,229300,Berline,2013
Citroen,C4 Picasso,43000,7,Diesel,Automatique,145000,Monospace,2013
Peugeot,307,16800,7,Essence,Manuelle,210000,Compacte,2007
Kia,Rio,39500,5,Essence,Manuelle,165000,Autres,2017
Hyundai,I 10,37000,5,Essence,Manuelle,100000,Compacte,2021
Renault,Master,22000,10,Diesel,Manuelle,426000,Utilitaire,2007
Kia,Cerato,55000,7,Essence,Automatique,144000,Autres,2017
Citroen,DS3,33000,5,Diesel,Manuelle,110000,Compacte,2015
Renault,Clio,15500,,Diesel,Manuelle,301,Autres,2004
Peugeot,206,23500,5,Essence,Automatique,208000,Berline,2008
Volkswagen,Golf,24000,4,Essence,Manuelle,230,Cabriolet,2003
Toyota,Hilux,110000,8,Diesel,Manuelle,121000,4 x 4,2017
Peugeot,Boxer,65000,7,Diesel,Manuelle,129500,Utilitaire,2020
Opel,GT,85000,7,Diesel,Automatique,109000,Monospace,2020
Renault,Laguna,17500,7,Essence,Manuelle,251000,,2007
Hyundai,Veloster,38000,8,Essence,Manuelle,152000,Compacte,2012
Toyota,Aygo,30800,4,Essence,Manuelle,125000,Utilitaire,2021
Suzuki,Celerio,33000,,Essence,Manuelle,49000,,2019
Volkswagen,Polo,15500,4,Essence,Manuelle,277000,Compacte,2001
Peugeot,Partner,33000,6,Diesel,Manuelle,240000,Autres,2013
Opel,Mokka,84550,05,Essence,Manuelle,45500,4 x 4,2023
MG,3,42000,6,Essence,Manuelle,81000,Berline,2021
Citroen,C3,29500,4,Essence,Manuelle,122000,Compacte,2018
Volkswagen,Golf,93000,6,Essence,Automatique,127000,Compacte,2019
Peugeot,508,75900,8,Essence,Automatique,149000,Berline,2019
Citroen,C35,21000,5,Essence,Manuelle,215,Autres,2012
Chery,Tiggo,75000,09,Essence,Automatique,85000,4 x 4,2022
Haval,H6,87000,11,Diesel,Manuelle,60400,Pick up,2021
Toyota,Hilux,130000,8,Diesel,Automatique,15000,4 x 4,2017
Kia,Sportage,65000,8,Essence,Automatique,170000,Autres,2018
Volkswagen,Tiguan,65000,9,Essence,Automatique,190000,Autres,2015
Opel,Vivaro,42000,7,Diesel,Automatique,83000,Utilitaire,2010
MG,ZS,60000,7,Essence,Manuelle,40000,,2022
Renault,Fluence,26000,7,Essence,Manuelle,280000,Berline,2012
Ford,Ka,26500,4,Essence,Manuelle,221000,Autres,2015
Mercedes-Benz,Classe E,53000,11,Essence,Automatique,178000,Autres,2010
Kia,Sportage,85000,8,Diesel,Manuelle,130000,4 x 4,2019
Volkswagen,Golf,21000,4,Essence,Manuelle,260,Berline,1995
Peugeot,206,22500,6,Essence,Automatique,01010,Berline,2009
Volkswagen,Touareg,49000,13,Diesel,Automatique,253000,4 x 4,2010
Renault,Trafic,33000,7,Diesel,Manuelle,364000,Autres,2014
Mitsubishi,Pajero,35000,10,Diesel,Manuelle,312000,4 x 4,1993
Mercedes-Benz,Classe CLA,177000,9,Essence,Automatique,13000,Berline,2024
Kia,Rio,39000,5,Essence,Manuelle,160000,Autres,2017
Mercedes-Benz,Classe C,43500,8,Diesel,Manuelle,278000,Autres,2008
Peugeot,301,25500,5,Essence,Manuelle,62500,Berline,2013
Volkswagen,Golf,72000,6,Essence,Manuelle,116000,Berline,2017
Nissan,Qashqai,29500,10,Diesel,,178000,4 x 4,2011
Mercedes-Benz,Classe C,122000,6,Diesel,Automatique,180000,Berline,2018
Mahindra,Hover,26500,05,Essence,Automatique,95000,Autres,2020
Mercedes-Benz,Classe SLK,25000,11,Essence,Manuelle,205000,Cabriolet,2002
Kia,Sportage,68000,08,Essence,Automatique,160000,Berline,2017
Renault,Clio,22500,2,Essence,Manuelle,270000,Berline,2007
Citroen,C3,29500,4,Essence,Manuelle,169,,2018
Renault,Clio,22500,2,Essence,Manuelle,270000,Berline,2007
Renault,Megane,20000,5,Diesel,Manuelle,0,Monospace,2004
Fiat,Fiorino,31000,5,Diesel,Manuelle,190,Utilitaire,2022
Kia,Rio,38500,5,Essence,Manuelle,158000,Berline,2015
Kia,Picanto,42000,4,Essence,Manuelle,85000,,2023
Peugeot,106,12000,,Essence,,402000,,
Opel,Corsa,12499,4,Essence,Manuelle,200000,Autres,2002
Nissan,Terrano,14000,11,Diesel,Manuelle,0,4 x 4,1998
Renault,Clio,11000,6,Diesel,Manuelle,450000,Compacte,1991
Nissan,Patrol GR,75000,15,Diesel,Manuelle,224000,4 x 4,2006
Hyundai,Kona,85000,6,Hybride essence,Manuelle,59400,4 x 4,2022
Volkswagen,Polo,36500,5,Essence,Manuelle,160000,Compacte,2014
Volkswagen,Passat,34000,5,Diesel,Manuelle,300,Berline,2010
Volkswagen,Polo,44000,5,Essence,Manuelle,226000,Berline,2019
Peugeot,3008,75000,,Diesel,Manuelle,13000,Monospace,2020
Chery,QQ,25000,3,Essence,Manuelle,60000,,2021
Chevrolet,Cruze,28500,7,Essence,Manuelle,205000,,2013
Renault,Symbol,123456,123,Essence,Manuelle,264000,Cabriolet,2014
Audi,Allroad,180000,12,Electrique,Automatique,69000,4 x 4,2020
Mercedes-Benz,Classe B,15000,8,Essence,Automatique,175000,Autres,2008
Hyundai,I 10,37000,5,Essence,Manuelle,149000,Berline,2022
Mercedes-Benz,Classe E,50000,9,Diesel,Automatique,250000,Berline,2010
Peugeot,Partner,52000,7,Diesel,Automatique,155000,Berline,2023
Toyota,Hilux,163000,11,Diesel,Automatique,41000,Pick up,
Volkswagen,Golf,41000,5,Diesel,Manuelle,218,Compacte,2010
Citroen,Jumpy,62000,7,Diesel,Manuelle,147000,Utilitaire,2021
Renault,Symbol,22000,,Essence,Manuelle,,Autres,
Suzuki,Vitara,56500,6,Essence,Automatique,218000,4 x 4,2017
Kia,Cerato,39000,,Essence,Automatique,190000,Berline,2015
Ford,Fiesta,11500,4,Essence,Manuelle,0000000,Compacte,1990
Volkswagen,Tiguan,97000,8,Diesel,Automatique,159000,4 x 4,2019
Renault,Clio,41800,5,Essence,Manuelle,118000,Berline,2022
Ford,Focus,33500,6,Essence,Manuelle,180000,Berline,2016
Dacia,Logan,39500,5,Essence,Manuelle,97000,Berline,2023
Mahindra,Hover,20000,08,Diesel,Manuelle,250000,Pick up,2016
BMW,Serie 3,65000,7,Essence,Automatique,133000,Berline,2017
MG,ZS,55000,7,Essence,Automatique,157000,Autres,2019
Mazda,CX7,34999,2013,Essence,Automatique,175000,4 x 4,2013
BMW,Serie 3,63000,7,Essence,Automatique,217000,Berline,2016
Hyundai,Kona,85000,6,Hybride essence,Manuelle,59400,4 x 4,2022
Volkswagen,Polo,16000,4,Essence,Manuelle,256000,Compacte,2002
Renault,Clio,38500,4,Essence,Manuelle,113,Compacte,2017
Peugeot,208,41500,4,Essence,Manuelle,23000,Compacte,2023
Ford,Ka,26000,4,Essence,Manuelle,129000,Compacte,2014
Peugeot,208,42500,4,Essence,Manuelle,26000,Berline,2023
Volkswagen,Passat CC,24000,6,Diesel,Manuelle,480000,Autres,2000
Haval,jolion,74500,9,Essence,Automatique,29000,Berline,2022
Renault,Megane,18500,5,Diesel,Manuelle,260000,Compacte,2008
Ssangyong,Tivoli,51000,7,Essence,Manuelle,163000,Berline,2018
Audi,A3,54000,5,Essence,Manuelle,156000,Berline,2015
Citroen,Nemo,24000,5,Diesel,Manuelle,182,Utilitaire,2016
Renault,Megane,47500,7,Essence,Manuelle,145000,Berline,2017
Kia,Sportage,91000,2021,Hybride Diesel,Manuelle,93000,4 x 4,2021
Peugeot,Partner,28200,5,Diesel,Manuelle,303000,Autres,2013
Chery,A5,45000,5,Essence,Manuelle,105000,Berline,2020
Citroen,C15,9000,,Diesel,Manuelle,153000,,1993
Haval,H6,75000,9,Essence,Automatique,112000,4 x 4,2019
Mercedes-Benz,Classe CLA,112000,8,Essence,Manuelle,79000,Compacte,2020
MG,ZS,80000,9,Essence,Automatique,129000,4 x 4,2022
mini,Country Man,38000,7,Essence,Automatique,198000,Berline,2013
Citroen,C4 Cactus,33000,5,Essence,Manuelle,164000,Berline,2015
Land Rover,Range Rover Evoque,80000,11,Diesel,Manuelle,198000,4 x 4,2014
Hyundai,Elantra,37000,7,Essence,Automatique,163000,Berline,2017
Peugeot,308,24500,6,Essence,Manuelle,147000,Berline,2011
Volkswagen,Beetle,36000,5,Essence,Manuelle,175000,Berline,2013
mini,One,26500,5,Essence,Manuelle,205000,Compacte,2010
Citroen,C3,36000,4,Essence,Manuelle,83601,Compacte,2018
Mercedes-Benz,Classe C,45000,9,Essence,Automatique,150000,Berline,2010
Volkswagen,Tiguan,38000,11,Essence,Manuelle,198000,Berline,2011
BMW,Serie 7,16000,24,Essence,Automatique,190,Berline,2002
Fiat,Panda,29500,4,Essence,Manuelle,190,Compacte,2017
Ssangyong,Actyon,15000,6,Essence,Manuelle,111,Compacte,2019
Hyundai,Ix 35,45000,6,Diesel,Manuelle,272,Autres,
Volkswagen,Polo,28500,5,Essence,Manuelle,170,Autres,2011
Volkswagen,Golf 8,43000,6,Essence,Manuelle,100000,Compacte,2015
Fiat,Panda,38800,4,Essence,Manuelle,93,Berline,2020
Mercedes-Benz,Classe CLA,115000,8,Essence,Automatique,52000,Berline,2021
Renault,Symbol,26800,5,Essence,Manuelle,130,Berline,2011
Mercedes-Benz,Classe A,65000,214,Essence,Manuelle,170000,Berline,2014
Renault,12,10000,7,Essence,Manuelle,,,
Citroen,Jumpy,49500,9,Diesel,Manuelle,110000,Berline,2021
Audi,Q3,140000,9,Essence,Automatique,45000,4 x 4,2022
Peugeot,207,31000,5,Diesel,Automatique,230,Compacte,2012
Chery,Tiggo,40000,,Essence,,70000,Autres,2020
Isuzu,D-MAX,86500,08,Diesel,Manuelle,107000,,2021
Mercedes-Benz,Classe C,68000,12,Essence,Automatique,141000,Berline,2013
Kia,Rio,53000,5,Essence,Manuelle,47000,Autres,2020
Kia,Picanto,40500,4,Essence,Manuelle,59000,Autres,2023
Peugeot,3008,70000,,Diesel,Automatique,88000,4 x 4,2017
Kia,Sportage,44500,10,Diesel,Manuelle,280000,4 x 4,2010
Peugeot,Peugeot.206,19500,4,Essence,Manuelle,240000,Compacte,2006
Volkswagen,Golf 7,58000,5,Diesel,Manuelle,230,Autres,2017
Renault,Clio,17500,5,Diesel,Manuelle,360000,Berline,2006
Ssangyong,Tivoli,58000,8,Essence,Automatique,88700,,2018
Rover,45,8800,6,Diesel,Manuelle,12000,Berline,1997
BMW,Serie 1,30000,7,Essence,Manuelle,220,Compacte,2008
Peugeot,106,9500,191989599,Essence,Manuelle,199999,Compacte,1992
Renault,Capture,36000,4,Essence,Automatique,184000,Berline,2014
Kia,Rio,52000,5,Essence,Manuelle,88900,Compacte,2021
Dacia,Duster,56000,5,Diesel,Manuelle,160,4 x 4,2020
Mercedes-Benz,Classe C Coupe,120000,9,Essence,Automatique,126000,Berline,2018
Dacia,Dokker,34500,6,Diesel,Manuelle,182.000,Utilitaire,2021
Renault,Megane,54500,6,Diesel,Manuelle,128000,Berline,2020
Audi,A4,55000,7,Essence,Manuelle,114000,Berline,2015
Toyota,Aygo,37500,4,Essence,Manuelle,18000,Compacte,2023
Citroen,C3,20000,,Essence,Manuelle,300,,2007
Audi,Q7,75000,,Diesel,Automatique,261000,4 x 4,2010
Hyundai,I 10,40000,04,Essence,Manuelle,83000,Berline,2021
Volkswagen,Passat,20000,6,Diesel,Manuelle,250000,Compacte,1998
Peugeot,Partner,55000,5,Diesel,Manuelle,70000,Utilitaire,2021
Renault,19,14500,7,Essence,Manuelle,00000,Berline,1997
Volkswagen,Polo,18600,4,Essence,Automatique,300,Compacte,205
Fiat,Fiat.Doblo,35000,5,Diesel,Manuelle,82200,Autres,2018
Mazda,3,50000,6,Essence,Manuelle,138000,,2017
Skoda,Octavia,34000,7,Essence,Automatique,300000,Berline,2016
Skoda,Fabia,39800,4,Essence,Automatique,140,Compacte,2018
Kia,Picanto,40500,,,,710000,,2020
Fiat,500,28000,4,Essence,Automatique,105000,Compacte,2012
Mitsubishi,Pajero Sport,26000,10,Diesel,Manuelle,600000,4 x 4,1999
Peugeot,3008,59000,7,Essence,Automatique,122000,Berline,2019
Mercedes-Benz,Classe A,66000,5,Diesel,Manuelle,146000,Compacte,2017
Volkswagen,Polo,58000,4,Essence,Manuelle,80700,Berline,2022
Renault,Capture,33000,6,Essence,Manuelle,280000,Autres,2014
Fiat,500,55900,,Hybride essence,Manuelle,40000,Berline,2022
Volkswagen,Polo,58000,5,Essence,Manuelle,53000,Berline,2022
Citroen,C-Elysée,21500,5,Essence,Manuelle,,Berline,2013
Peugeot,3008,35000,7,Essence,Automatique,140.000,Berline,2011
Toyota,Land Cruiser,70000,17,Diesel,Manuelle,500,4 x 4,1996
Skoda,Fabia,36500,5,Essence,Manuelle,260000,Compacte,2018
BMW,X1,56000,,Essence,Manuelle,200000,Berline,2011
Renault,Megane,47800,7,Essence,Manuelle,132000,Berline,2021
Peugeot,508,36000,7,Essence,Automatique,173000,Berline,2015
Volkswagen,Golf 8,77000,,Essence,Manuelle,85000,,2021
MG,GT,83000,9,Essence,Automatique,18000,Berline,2023
MG,e-zs,72000,9,Essence,Automatique,79000,Compacte,2022
Citroen,C1,25000,118,Essence,Manuelle,297000,Compacte,2014
Nissan,Sunny,35000,6,Essence,Automatique,13,Berline,201566
Isuzu,D-MAX,45000,10,Diesel,Manuelle,2460000,Pick up,2006
Ford,Focus,20998,6,Essence,Manuelle,,Berline,2007
Hyundai,I 10,39000,4,Essence,Manuelle,63000,Compacte,2021
Peugeot,308,49000,6,Diesel,Manuelle,130000,Compacte,2019
Toyota,Hilux,155000,8,Diesel,Manuelle,36000,Pick up,2016
Peugeot,208,27500,,Essence,Manuelle,207000,Berline,2019
Citroen,C3,20800,4,Essence,Manuelle,189,Compacte,2007
Citroen,Berlingo,26000,6,Diesel,Manuelle,230000,Utilitaire,2009
Renault,Trafic,13550,,Diesel,Manuelle,,Autres,1999
Nissan,Juke,52000,6,Essence,Automatique,157000,Compacte,2016
Renault,Symbol,23000,5,Essence,Manuelle,297000,Berline,2016
Ford,Kuga,18900,5,Essence,Manuelle,140000,Autres,2014
Kia,Rio,55000,5,Essence,Manuelle,87000,Autres,2021
Peugeot,Partner,18500,5,Essence,Manuelle,200000,Autres,1999
Peugeot,3008,69000,7,Essence,Automatique,155000,Compacte,
Nissan,Juke,36500,6,Diesel,Manuelle,290000,4 x 4,2012
Renault,Clio,49500,5,Essence,Manuelle,48000,,2020
Volkswagen,Polo,44000,4,Essence,Manuelle,157000,Compacte,2018
Peugeot,307,24000,6,Essence,Manuelle,349000,Compacte,2006
Toyota,Aygo,33500,4,Essence,Automatique,32000,Berline,2023
Kia,Sorento,53000,12,Diesel,Automatique,222000,4 x 4,2013
Toyota,Aygo,33500,4,Essence,Automatique,32000,Berline,2023
Kia,Sportage,50000,,Diesel,Automatique,136000,,2011
Rover,over.Range Rover Evoque,98000,8,Diesel,Automatique,125000,4 x 4,2017
Nissan,Qashqai,58500,5,Diesel,Manuelle,194000,4 x 4,2016
Seat,Ibiza,73000,6,Diesel,Automatique,2,Berline,2019
Volkswagen,Golf 8,8500,5,Diesel,Manuelle,00000,Berline,0000
Volkswagen,Caddy,11111,6,Diesel,Manuelle,307000,Cabriolet,2011
Hyundai,I 20,26000,4,Essence,Automatique,270,Compacte,2015
BMW,Serie 3,185000,10,Hybride essence,Automatique,63000,Berline,2022
Mercedes-Benz,Sprinter,27000,5,Diesel,Manuelle,500000,Autres,2008
Volkswagen,Passat CC,50000,9,Essence,Automatique,140000,Berline,2013
Citroen,C3,27000,5,Essence,Automatique,161000,Compacte,2012
Kia,Picanto,31999,4,Essence,Manuelle,140000,Berline,2017
Renault,Megane,23000,5,Diesel,Manuelle,350000,Compacte,2005
Audi,S2,87000,222,Essence,Automatique,88000,Compacte,2019
Peugeot,Partner,43000,22,Diesel,Manuelle,94000,Berline,2021
Seat,Ibiza,30000,5,Essence,Manuelle,167,,2015
Kia,Rio,55000,5,Essence,Manuelle,93000,Compacte,2020
Citroen,Berlingo,44500,8888,Diesel,Manuelle,109000,Berline,2019
Kia,Rio,45500,5,Essence,Manuelle,141000,Berline,2022
Toyota,Aygo,33000,4,Essence,Manuelle,68400,Compacte,2021
Volkswagen,Polo,12200,5,Essence,Manuelle,300000,Autres,2000
Kia,Picanto,40500,4,Essence,Manuelle,50000,Autres,2023
Volkswagen,Passat,35000,5,Diesel,Manuelle,340000,Berline,2010
Peugeot,208,26500,1.2,Essence,Manuelle,160,Autres,2016
Toyota,Aygo,33000,4,Essence,Manuelle,68400,Compacte,2021
Haval,H6,62000,9,Essence,Automatique,103000,4 x 4,2019
Peugeot,3008,90000,7,Diesel,Automatique,166000,4 x 4,
Renault,Trafic,57000,7,Diesel,Manuelle,172000,Utilitaire,2020
Peugeot,3008,65000,6,Essence,Automatique,149000,Compacte,2019
Mercedes-Benz,Classe C,63000,9,Essence,Automatique,183000,Berline,2013
Volkswagen,Golf 8,69500,6,Essence,Manuelle,137000,Compacte,2021
Mercedes-Benz,Classe E,75000,14,Diesel,Automatique,130000,Berline,2011
Citroen,C4,32000,6,Essence,Manuelle,135000,Compacte,2017
Toyota,Hilux,59000,10,Diesel,Manuelle,296500,Pick up,2007
Volkswagen,Golf 8,95000,6,Essence,Manuelle,50000,Compacte,2023
Volkswagen,Golf 8,95000,6,Essence,Manuelle,50000,Compacte,2023
Renault,Megane,18200,6,Essence,Manuelle,350000,Berline,2005
Peugeot,308,29000,6,Diesel,Manuelle,230000,Berline,2011
Renault,Symbol,22000,5,Essence,Manuelle,293000,Compacte,2015
Seat,Ibiza,45000,,Essence,Automatique,80000,,2019
Peugeot,2008,38000,5,Essence,Manuelle,128000,,2016
Suzuki,Swift,37500,5,Essence,Manuelle,188000,Compacte,2021
Citroen,C3,48000,05,Diesel,Manuelle,47000,Autres,2020
Fiat,500,28500,4,Essence,Manuelle,198000,Compacte,2010
Audi,A6,72000,10,Essence,Automatique,132000,Berline,2012
BMW,Serie 5,78500,10,Diesel,Automatique,220000,Berline,2015
Peugeot,Partner,43500,4,Diesel,Manuelle,150000,Autres,2021
Volkswagen,Polo,36500,5,Essence,Manuelle,160000,Compacte,2014
BMW,Serie 3,52500,6,Diesel,Manuelle,300,Berline,2013
Ford,Focus C-MAX,31000,5,Diesel,Manuelle,300000,Compacte,2014
Chery,A3,25000,2017,Essence,Manuelle,230000,Autres,2017
Citroen,C5,29200,8,Diesel,Manuelle,447,Berline,2010
Citroen,Jumper,39000,7,Diesel,Manuelle,179230,Utilitaire,2017
Suzuki,Swift,35000,5,Essence,Manuelle,190000,Compacte,2021
Mercedes-Benz,Classe E,75000,10,Diesel,Automatique,159000,Berline,2010
Renault,R19,10000,7,Essence,Manuelle,400000,Berline,1992
Suzuki,Swift,43498,5,Essence,Automatique,103,Compacte,-2022
Renault,Clio,52000,4,Diesel,Manuelle,95000,Berline,2020
Audi,A3,84000,6,Essence,Automatique,53000,Berline,2020
Peugeot,508,28000,7,Essence,Automatique,229000,Berline,2012
Ssangyong,Actyon,50500,,Diesel,Manuelle,,4 x 4,2018
Mitsubishi,Lancer,29000,9,Essence,Automatique,215000,Berline,2010
MG,ZS,80000,9,Essence,Automatique,35000,Compacte,2022
Ford,Ranger,155000,11,Diesel,Automatique,183000,Pick up,2018
Mercedes-Benz,Classe E,44000,10,Essence,Automatique,195000,Berline,2006
Renault,Laguna,25000,7,Essence,Manuelle,380000,Berline,2009
Kia,Rio,52000,5,Essence,Manuelle,130000,Compacte,2020
Ssangyong,Actyon,65000,8,Diesel,Automatique,43000,4 x 4,2018
Ford,Ranger,144000,11,Diesel,Automatique,169000,Pick up,2018
Peugeot,3008,98000,7,Diesel,Automatique,159000,4 x 4,2022
Autres,Autres,17000,50000000,Essence,Manuelle,380000,Autres,2004
Renault,Megane,27500,7,Essence,Manuelle,227000,Compacte,2010
Hyundai,I 10,27000,5,Essence,Manuelle,233,Autres,2015
Honda,City,61000,7,Essence,Automatique,55000,Berline,2021
Kia,Sportage,89000,6,Essence,Automatique,75000,Compacte,2023
BMW,Serie 4,106998,7,Essence,Automatique,132000,Berline,2020
Audi,Q5,117000,8,Diesel,Manuelle,32000,Autres,2014
Hyundai,I 10,28900,5,Essence,Manuelle,17000,Compacte,2020
Mercedes-Benz,Classe A,26500,109,Diesel,Automatique,165,Autres,2007
Suzuki,Swift,40500,5,Essence,Manuelle,119000,Compacte,2021
Jeep,Compass,48000,8,Essence,Automatique,296000,4 x 4,2016
Kia,Sportage,66500,8,Essence,Automatique,270000,4 x 4,20198
Citroen,Jumpy,220000,2008,Hybride essence,Automatique,900,Autres,2025
Kia,Rio,38500,5,Essence,Manuelle,175000,Autres,2020
Citroen,C3,33000,4,Essence,Manuelle,72000,Berline,2020
Peugeot,2008,60000,6,Essence,Manuelle,200,Autres,2021
Ssangyong,Tivoli,44000,8,Essence,Automatique,175000,Compacte,2017
Chery,A5,26000,7,Essence,Manuelle,270000,Autres,2019
Mahindra,Hover,39000,9,Diesel,Manuelle,239000,4 x 4,2018
Peugeot,407,21999,6,Diesel,Manuelle,,Berline,0
Hyundai,Santa Fe,80000,12,Diesel,Automatique,141000,4 x 4,2015
BMW,Serie 1,70000,7,Essence,Automatique,144000,Compacte,2017
Opel,Astra,31998,8,Essence,Automatique,173000,Berline,2015
Hyundai,I 10,42000,4,Essence,Manuelle,31000,Compacte,2023
Ford,ECOSPORT,58000,7,Essence,Manuelle,133000,,2020
Kia,Rio,54000,5,Essence,Manuelle,120000,Compacte,2021
BMW,Serie 1,56000,7,Essence,Automatique,150000,Compacte,2017
Kia,Rio,52000,5,Essence,Manuelle,93000,Compacte,2022
Volkswagen,Golf,68000,5,Essence,Manuelle,150000,,2015
Chevrolet,Optra,170000,1660,Essence,Manuelle,2500000,Berline,
Suzuki,Samurai,25000,07,Essence,Manuelle,168000,4 x 4,1992
Kia,Picanto,38500,5,Essence,Manuelle,99,Compacte,2023
Kia,Rio,37500,5,Essence,Manuelle,172000,,2016
Kia,Rio,28000,6,Essence,Manuelle,265000,,
Suzuki,Celerio,39500,4,Essence,Manuelle,21000,Autres,2023
Mercedes-Benz,Classe C,54000,06,Diesel,Manuelle,230,,
Seat,AlHambra,79500,9,Essence,Manuelle,49000,Autres,2017
Haval,H6,89000,8,Essence,Automatique,70000,4 x 4,2022
Mazda,CX-5,47999,9,Essence,Manuelle,186000,4 x 4,2012
Peugeot,308,48500,5,Diesel,Manuelle,171,Autres,171
Peugeot,206,17000,4,Diesel,Manuelle,286,,2004
Hyundai,I 20,49500,5,Essence,Manuelle,147,Compacte,2022
Ssangyong,Tivoli,61000,6,Essence,Manuelle,60000,Autres,2021
BMW,Serie 3,32998,9,Diesel,Manuelle,320000,Berline,2008
Mercedes-Benz,Classe C,120000,18,Essence,Automatique,120000,Berline,2016
Volkswagen,Passat,32500,7,Essence,Manuelle,190,Berline,2010
Seat,Ibiza,43500,4,Essence,Manuelle,128,Compacte,2018
Renault,Kangoo,41500,5,Diesel,Automatique,80000,Monospace,2011
Fiat,500X,55000,7,Essence,Automatique,145000,Autres,2018
Seat,Toledo,35000,7,Essence,,131000,Berline,2013
Mercedes-Benz,Classe CLA,95000,6,Essence,Automatique,144000,,2018
Mercedes-Benz,Classe C,65000,9,Diesel,Automatique,240000,Berline,2011
Audi,Q3,67000,6,Essence,Automatique,170000,Compacte,2017
BMW,Serie 5,74000,10,Essence,Automatique,22,Berline,2013
Renault,Clio,13500,,Essence,,,,
Fiat,Tipo,42800,6,Essence,Manuelle,90000,Berline,2021
Citroen,Berlingo,64960,5,Diesel,Manuelle,145000,Utilitaire,2021
Renault,Clio,40000,5,Essence,Manuelle,134300,Compacte,2020
Suzuki,Vitara,50000,6,Essence,Automatique,142,4 x 4,2017
Ford,Fiesta,8700,6,Essence,Manuelle,100000,Autres,1997
Porsche,Porsche.Cayenne,129000,21,Essence,Automatique,236000,4 x 4,2013
Seat,Leon ST,81000,8,Essence,Automatique,83000,Compacte,2021
Kia,Rio,58000,5,Essence,Manuelle,49000,,2022
Mitsubishi,L200,20000,10,Diesel,Manuelle,000,Utilitaire,2010
Mitsubishi,L200,15000,10,Diesel,Manuelle,123456,Pick up,2009
Hyundai,I 10,38500,4,Essence,Manuelle,71000,,2022
Mercedes-Benz,Classe CLS,57000,14,Diesel,Automatique,169,Berline,2008
Seat,Arosa,70000,6,Essence,Automatique,62000,Compacte,2020
BMW,X5,29000,,Diesel,Automatique,,4 x 4,
Citroen,C3,24500,4,Essence,Manuelle,165999,Autres,2014
Chery,Tiggo,37000,9,Essence,Manuelle,200000,4 x 4,2019
Fiat,Fiorino,30000,5,Diesel,Manuelle,136,Autres,2021
Mercedes-Benz,Classe E,25000,8,Diesel,Automatique,450,Berline,2002
Kia,Rio,57000,5,Essence,Manuelle,58000,Autres,2022
Fiat,Tipo,37000,6,Essence,Manuelle,129000,Berline,2020
Nissan,Urvan,9000,2,Diesel,Manuelle,,Autres,2006
Peugeot,2008,45000,5,Essence,Manuelle,84000,Autres,2017
Toyota,Corolla,66000,6,Essence,Automatique,88.000,Berline,2020
Volkswagen,Passat,82000,7,Essence,Manuelle,100000,Berline,2019
Peugeot,3008,70000,7,Essence,Automatique,50000,4 x 4,2021
Peugeot,206+,25000,4,Essence,Manuelle,161000,Compacte,2012
Mercedes-Benz,Classe A,15000,9,Essence,Automatique,157,Compacte,1986
Volkswagen,Tiguan,102000,8,Diesel,Automatique,169000,4 x 4,2017
Citroen,C1,24000,4,Essence,Manuelle,170000,Compacte,2013
Ford,Ka,24000,4,Essence,Manuelle,160000,Autres,2018
Citroen,Berlingo,16500,00000,Diesel,Manuelle,00000,Autres,2005
Fiat,Grande Punto,24000,4,Essence,Manuelle,150000,,
Kia,Sportage,88000,8,Essence,Automatique,145000,Berline,2019
Renault,Megane,19500,6,Essence,Manuelle,188,Berline,2004
Seat,Ibiza,77999,6,Essence,Manuelle,20000,Berline,2023
Hyundai,Tucson,87000,120,Diesel,Automatique,136000,Berline,2021
Volkswagen,Golf 7,68000,5,Essence,Manuelle,150000,,2015
Volkswagen,Tiguan,37500,13,Essence,Automatique,220000,Berline,2009
Volkswagen,Amarok,123654,8,Diesel,Manuelle,285,Compacte,2011
Mercedes-Benz,Classe E,120000,11,Essence,Automatique,157000,Berline,2018
Renault,Kangoo,31500,5,Essence,Manuelle,360000,Utilitaire,2001
Chery,A3,32000,,Essence,Manuelle,,Berline,
Toyota,Yaris,46000,6,Essence,Manuelle,186000,Berline,2019
Volkswagen,Polo,39000,4,Essence,Manuelle,214000,Compacte,2019
BMW,Serie 3,78000,07,Essence,Automatique,135000,Berline,2018
Citroen,DS,72000,10,Essence,Automatique,145000,Berline,2020
Citroen,C3,20000,5,Essence,Manuelle,140000,Autres,2008
Renault,Megane,46000,07,Essence,Manuelle,98000,Berline,2020
Renault,Clio,50000,4,Essence,Manuelle,71000,Berline,2021
MG,ehs,119900,5,Electrique,Automatique,15000,4 x 4,2024
BMW,Serie 3,53000,6,Diesel,Manuelle,260000,Berline,0000
Volkswagen,Polo,36500,5,Essence,Manuelle,207000,,2013
Hyundai,Ix 35,55000,11,Diesel,Automatique,175380,4 x 4,2013
Opel,Astra,19500,5,Essence,Automatique,285000,Compacte,2010
Hyundai,Ix 35,55000,11,Diesel,Automatique,175380,4 x 4,2013
Kia,Picanto,39000,5,Essence,Manuelle,78000,Berline,2020
Toyota,Aygo,39800,5,Essence,Automatique,59000,Compacte,2023
Renault,Kadjar,55200,7,Essence,Automatique,100.000,Autres,2018
Citroen,Berlingo,37800,5,Diesel,Manuelle,200000,Utilitaire,2021
Isuzu,D-MAX,112000,136,Diesel,Manuelle,500,Autres,2025
Citroen,C4,42000,5,Essence,Manuelle,98000,Compacte,2019
Citroen,C-Elysée,23000,5,Essence,Manuelle,86000,,2015
Citroen,C3,28000,5,Essence,Manuelle,132500,Autres,2015
Fiat,Panda,33500,4,Essence,Manuelle,119000,Pick up,2018
Ford,Kuga,87000,8,Essence,Automatique,,Autres,2023
Ford,Fiesta,19500,5,Essence,Manuelle,300000,Compacte,2007
Hyundai,Grand i10,39500,5,Essence,Manuelle,58000,Autres,2022
Seat,Ibiza,27500,5,Essence,Manuelle,366000,Compacte,2010
Peugeot,208,25900,5,Essence,Manuelle,108000,Berline,2013
Volkswagen,Polo,34000,5,Essence,Manuelle,232700,Berline,2013
Mercedes-Benz,Classe C,142000,8,Essence,Automatique,30000,Berline,2019
Nissan,Patrol GR,34500,11,Diesel,Manuelle,0000,4 x 4,1995
Kia,Picanto,32000,4,Essence,Manuelle,149000,Compacte,2016
Opel,Astra,8700,5,Diesel,Manuelle,200000,Berline,1999
Haval,jolion,77500,9,Essence,Automatique,70000,4 x 4,2022
Renault,Clio,18000,6,Diesel,Manuelle,445000,Compacte,2009
Hyundai,I 20,45000,5,Essence,Manuelle,115000,Compacte,2019
Hyundai,I 20,48500,5,Essence,Manuelle,104000,Berline,2020
Land Rover,Range Rover Sport,280000,16,Diesel,Automatique,50000,4 x 4,2020
Renault,Clio,43799,4,Essence,Manuelle,120000,Autres,2022
Kia,Rio,35500,5,Essence,Manuelle,196000,Berline,2016
Mazda,MX3,56000,6,Essence,Manuelle,73000,Autres,2017
Jeep,Compass,65000,6,Essence,Manuelle,101000,Pick up,2017
Hyundai,Tucson,90000,6,Diesel,Manuelle,81000,4 x 4,2020
Fiat,500,32700,4,Essence,Manuelle,117000,Compacte,2015
Isuzu,D-MAX,165000,10,Diesel,Automatique,129,4 x 4,2019
Kia,Rio,46000,5,Essence,Manuelle,1790000,Compacte,2020
Hyundai,I 20,37000,5,Essence,Manuelle,150,Compacte,2019
Citroen,C3,35000,4,Diesel,Manuelle,166000,,2018
Renault,Clio,21500,5,Essence,Manuelle,250,Autres,2003
Kia,Picanto,41500,5,Essence,Automatique,102766,Compacte,2018
Mahindra,Hover,25200,4,Essence,Manuelle,1440002021,Berline,2021
Ssangyong,Korando,43000,10,Diesel,Manuelle,155500,4 x 4,2015
Volkswagen,Caddy,24000,8,Diesel,Manuelle,360000,Utilitaire,2009
Chevrolet,Aveo,45000,5,Essence,Manuelle,40.000,Berline,2021
Volkswagen,Polo,36500,5,Essence,Manuelle,160000,Compacte,2014
Mercedes-Benz,Classe C,195000,10,Hybride,Automatique,38000,Berline,2022
Renault,Clio,19500,4,Essence,Manuelle,241000,Compacte,2002
Fiat,Grande Punto,22500,4,Essence,Manuelle,220000,Compacte,2013
Fiat,Panda,93000,4,Essence,Manuelle,93,Autres,2020
Fiat,Panda,38800,4,Essence,Manuelle,150,Autres,2020
Ford,ECOSPORT,43000,7,Diesel,Automatique,230000,Autres,2018
AC,Cobra,27000,55555655,Essence,Manuelle,26400,Compacte,2014
Citroen,Nemo,26000,5,Diesel,Manuelle,209000,Utilitaire,2017
Mazda,BT-50,42000,10,Diesel,Manuelle,,4 x 4,
BMW,Serie 3 GT,13500,7,Diesel,Manuelle,130000,Berline,1986
Geely,GK-GS,80000,10,Essence,Automatique,17.000,Autres,2024
Ford,Ka,24000,4,Essence,Manuelle,159000,Utilitaire,2015
Volkswagen,Polo,46000,4,Essence,Manuelle,48000,Compacte,2021
Ford,Focus,43500,6,Essence,Automatique,0,Berline,2016
Citroen,C4 Cactus,45500,5,Diesel,Manuelle,240,Compacte,2017
Dacia,Sandero,32000,4,Essence,Manuelle,250000,Compacte,2017
Ford,Focus,46000,7,Essence,Automatique,157000,Compacte,2018
Ford,Fiesta,25000,5,Essence,Manuelle,240000,Compacte,2011
Citroen,C35,33000,4,Essence,Manuelle,81000,Compacte,2019
Peugeot,207,26500,6,Essence,Manuelle,163000,Compacte,2010
Nissan,X-Trail,65000,7,Diesel,Manuelle,180,Berline,2017
Peugeot,Partner,12600,8,Diesel,Manuelle,0,Utilitaire,2004
Kia,Rio,42000,5,Essence,Manuelle,160000,Berline,2021
Suzuki,Baleno,50000,5,Essence,Automatique,83300,Compacte,2019
Volkswagen,Passat CC,38000,9,Essence,Automatique,233000,Berline,2009
Hyundai,I 10,28900,5,Essence,Manuelle,140000,Autres,2021
Hyundai,Tucson,100000,11,Essence,Automatique,41000,Utilitaire,2018
Peugeot,Bipper,20900,,,Manuelle,200000,,2017
Mercedes-Benz,Classe A,23000,,Essence,Manuelle,209000,,2006
Renault,Clio,23000,5,Essence,Manuelle,267800,Compacte,2007
Land Rover,Range Rover Evoque,115000,8,Diesel,Automatique,140000,4 x 4,29.09.2017
Citroen,C4,31500,,Essence,Manuelle,119,,2016
Geely,GK-GL,123456,6,Essence,Automatique,24000,Compacte,2024
Mercedes-Benz,Classe GLC,220000,12,Diesel,Automatique,95000,4 x 4,2020
Fiat,Fiorino,34500,5,Diesel,Manuelle,65000,Utilitaire,2021
Ford,Fiesta,24000,5,Essence,Manuelle,260,Berline,2012
Ford,Puma,76000,,Hybride essence,Manuelle,90000,Berline,2021
Citroen,C4,28900,6,Diesel,Manuelle,265000,Berline,2009
Volkswagen,Golf 7,69000,6,Essence,Manuelle,62000,Compacte,2020
Mazda,3,35000,6,Essence,Manuelle,,Berline,2012
BMW,X3,50000,11,Diesel,Automatique,292000,4 x 4,2007
Toyota,RAV 4,125000,9,Hybride essence,Automatique,83000,Berline,2022
Fiat,500L,80000,,Essence,Manuelle,30000,,2020
Suzuki,Swift,33500,4,Essence,Manuelle,17000,Autres,2019
Renault,Clio,45000,4,Essence,Automatique,80,Compacte,2020
Mercedes-Benz,Classe GLA,105000,8,Essence,Automatique,190000,Compacte,2018
Hyundai,Tucson,113000,7,Diesel,Automatique,92000,Berline,2022
Volkswagen,Tiguan,105000,7,Essence,Automatique,107000,Autres,2021
Porsche,Cayenne,112000,30,Essence,Automatique,200000,Berline,2012
Fiat,Palio,11400,4,Essence,Manuelle,260000,Autres,2004
Volvo,XC70,38000,8,Diesel,Manuelle,245000,Berline,2007
Kia,Picanto,40000,4,Essence,Manuelle,98,Autres,2022
Kia,Picanto,41000,56,Essence,Manuelle,59000,Compacte,2022
Renault,Megane,21000,,Essence,Manuelle,,,2004
Volkswagen,Polo,24800,5,Essence,Manuelle,240000,Berline,2007
Jeep,Compass,87000,8,Essence,Manuelle,45000,,2021
Renault,Fluence,26000,6,Diesel,Manuelle,300000,Berline,2011
Citroen,C3,23500,5,Essence,Manuelle,226,Compacte,2011
Peugeot,Partner,15500,7,Diesel,Manuelle,574000,Utilitaire,2006
Mazda,3,42000,6,Essence,Automatique,88000,Berline,2016
Renault,Clio,30000,4,Essence,Manuelle,30000,Compacte,2003
Peugeot,Partner,16000,,,Manuelle,396000,,2010
Hyundai,I 20,49000,5,Essence,Manuelle,100500,Berline,2021
Citroen,Nemo,24500,5,Diesel,Manuelle,191000,Utilitaire,2018
Chevrolet,Optra,18000,7,Essence,Manuelle,00000,Autres,2008
Ford,Ka,26000,4,Essence,Manuelle,182000,Compacte,2015
BMW,Serie 3,52000,7,Essence,Automatique,200000,Berline,2014
Kia,Picanto,32000,5,Essence,Manuelle,61000,Compacte,2017
Kia,Rio,40000,5,Essence,Manuelle,74000,Berline,2017
Citroen,C3,36000,5,Essence,Manuelle,94000,Berline,2018
Mercedes-Benz,Classe GLA,161000,8,Hybride essence,Automatique,79000,Berline,2021
Mazda,2,28500,5,Essence,Manuelle,119000,Berline,2015
Peugeot,207,23800,6,Diesel,Manuelle,1900002009,Compacte,2009
Mercedes-Benz,Classe GLC,165000,11,Diesel,Automatique,151000,4 x 4,2018
Geely,GK-GL,54000,6,Essence,Automatique,53000,Compacte,2021
Fiat,Grande Punto,10000,1055,Essence,Manuelle,400000,4 x 4,2006
Peugeot,307,20000,7.0,Essence,Manuelle,166000.0,,2005.0
Volkswagen,Golf 5,31500,5,Essence,Manuelle,21200,Berline,2006
Peugeot,301,27500,,Essence,Automatique,,,
Peugeot,2008,30000,5,Essence,Manuelle,161761,,2014
Ford,Focus,35000,7,Essence,Automatique,291000,Berline,2013
Fiat,Punto,24500,5,Essence,Manuelle,245000,Berline,2010
Citroen,C35,28000,5,Essence,Manuelle,159317,Berline,2015
Kia,Rio,45000,5,Essence,Manuelle,100000,Compacte,2022
Kia,Sportage,78000,8,Essence,Automatique,100000,4 x 4,2022
Peugeot,301,38500,5,Diesel,Manuelle,200000,Berline,2024
Ford,F150,21000,12,Essence,Manuelle,2000,4 x 4,2014
Fiat,Uno,8200,,Essence,Manuelle,400000,,2005
Peugeot,206,15500,4,Diesel,Manuelle,1000002009,Berline,2009
Renault,Megane,18500,6,Essence,Manuelle,300,Berline,2006
Isuzu,D-MAX,102000,7,Diesel,Manuelle,1500,Pick up,2025
Renault,Symbol,26900,5,Essence,Manuelle,206,Berline,2015
Renault,Clio,26500,4,Essence,Manuelle,230,Autres,2010
Fiat,Palio,11400,,Essence,Manuelle,,,2004
Volkswagen,Polo,33800,4,Essence,Manuelle,146500,Compacte,2015
Peugeot,508,35000,7,Essence,Automatique,254000,Berline,2011
Volkswagen,Polo,60000,4,Essence,Manuelle,95000,Compacte,2020
Volkswagen,Golf,138000,8,Hybride essence,Automatique,23000,Berline,2023
Peugeot,Partner,40000,5,Diesel,Manuelle,156,Utilitaire,2016
Chery,QQ,18000,4,Essence,Manuelle,76000,Compacte,2018
Chery,Tiggo,29000,6,Essence,Manuelle,210000,Autres,2020
Kia,Cerato,27500,7,Essence,Manuelle,300,,20210
Ford,Fiesta,27000,,Essence,Manuelle,173000,,2016
Seat,Tarraco,89900,09,Essence,Automatique,172500,Monospace,2020
Citroen,C5,29000,6,Diesel,Automatique,390000,Berline,2012
Peugeot,106,8500,4,Essence,Manuelle,,Berline,1999
Kia,Picanto,33000,4,Essence,Manuelle,99200,Compacte,2014
Toyota,Avensis,26000,6,Essence,Manuelle,240000,Monospace,2013
Seat,Arosa,68000,5,Essence,Manuelle,53000,Compacte,2021
Hyundai,I 20,26600,4,Essence,Automatique,270,Compacte,2015
BMW,Serie 4,90000,10,Essence,Automatique,230.000,Berline,2015
Ford,Focus,32500,4,Essence,Manuelle,215,Berline,2012
Peugeot,208,37500,4,Essence,Manuelle,21000,Compacte,2020
Land Rover,Range Rover Evoque,80000,9,Diesel,Automatique,215000,4 x 4,2012
Nissan,King Cab,45000,8,Diesel,Manuelle,230000,Pick up,2009
Toyota,Hilux,130000,8,Diesel,Manuelle,90000,Pick up,2019
Dacia,Logan,12500,4,Diesel,Manuelle,250,Autres,2011
Peugeot,208,35800,4,Diesel,Manuelle,192000,Compacte,2016
Mazda,3,42000,6,Essence,Manuelle,112000,Berline,2016
Opel,Astra,21500,,Diesel,Manuelle,397.000,,2006
Volkswagen,Passat,17500,7,Essence,Manuelle,415000,Berline,2003
MG,5,38000,5,Essence,Manuelle,110000,Berline,2022
Toyota,RAV 4,38000,8,Diesel,Manuelle,225000,Compacte,2010
Citroen,Grand C4 Picasso,43000,7,Diesel,Automatique,145000,Monospace,2013
Renault,Clio,32000,5,Essence,Manuelle,200000,Berline,2014
Chevrolet,Optra,16000,6,Essence,Manuelle,288000,Berline,2005
BMW,Serie 1,45000,7,Essence,Manuelle,155000,Compacte,
Citroen,C4 Cactus,26500,6,Essence,Manuelle,200000,Compacte,2012
Citroen,C3,20600,4,Essence,Manuelle,186000,Compacte,2006
Audi,A5,123456,10,Essence,Automatique,170000,Berline,2018
Dacia,Duster,70000,6,Diesel,Manuelle,68000,4 x 4,2020
Volkswagen,Golf,47000,,Essence,Manuelle,217000,,2015
BMW,Serie 1,45000,7,Essence,Manuelle,155000,Compacte,2012
MG,GT,76000,7,Essence,Manuelle,50000,Autres,2023
BMW,X3,169000,5,Electrique,Automatique,50,4 x 4,2023
BMW,X4,239000,7,Electrique,Automatique,32,4 x 4,2023
Toyota,Corolla verso,85000,6,Essence,Automatique,40000,Berline,2022
BYD,F3,189000,5,Electrique,Automatique,1000,4 x 4,2025
Skoda,Fabia,44000,4,Essence,Manuelle,126000,Compacte,2021
Peugeot,406,17500,6,Diesel,Manuelle,370,Berline,2000
Isuzu,D-MAX,55000,8,Diesel,Manuelle,330000,Autres,2020
BMW,X1,77000,7,Essence,Automatique,125000,4 x 4,2017
Volkswagen,Golf,34000,5,Diesel,Manuelle,278000,Compacte,2010
Peugeot,3008,95000,7,Essence,Manuelle,34000,Berline,2022
Autres,Autres,35000,7,Diesel,Manuelle,130000,Pick up,2018
Autres,Autres,135000,11,Essence,Automatique,60000,4 x 4,2023
Autres,Autres,45000,,Essence,Manuelle,30000,Berline,2023
Haval,jolion,81000,9,Essence,Automatique,29000,Autres,2022
Volkswagen,Jetta,39500,5,Diesel,Manuelle,300,Berline,2012
Volkswagen,Polo,21000,5,,Manuelle,144000,Compacte,2023
Ford,Fiesta,28000,5,Essence,Automatique,148,Compacte,2010
Kia,Rio,52000,5,Essence,Manuelle,144000,Compacte,2021
Ssangyong,Tivoli,49500,7,Essence,Automatique,140000,Berline,2016
Dacia,Sandero,32500,5,Essence,Manuelle,97,Compacte,2015
Audi,A3,65000,,Essence,Manuelle,86000,Compacte,2016
Fiat,Panda,23000,4,Essence,Manuelle,186000,Compacte,2009
Chevrolet,Aveo,22000,5,Essence,Manuelle,159000,Compacte,2008
Renault,Symbol,24000,5,Essence,Manuelle,247000,Berline,2013
Renault,Fluence,26500,6,Diesel,Manuelle,333,Berline,2011
Volkswagen,T-ROC,96500,6,Essence,Manuelle,5000,4 x 4,2021
Renault,Clio,27000,4,Diesel,Manuelle,260000,Compacte,2012
BMW,Serie 1,39000,10,Diesel,Automatique,264000,Compacte,2004
Peugeot,308,47000,5,Diesel,Manuelle,156000,Berline,20175
Toyota,Hi Ace,18000,10,Diesel,Manuelle,300000,Autres,2009
Citroen,C35,43000,5,Diesel,Manuelle,126000,Berline,2021
Dacia,Dokker,31000,,Diesel,Manuelle,220000,Utilitaire,2019
Nissan,X-Trail,65000,7,Diesel,Manuelle,117253,Berline,2017
Peugeot,508,39500,7,Essence,Automatique,172000,Berline,2015
Citroen,C4,34998,5,Essence,Manuelle,200000,Autres,2017
Suzuki,Swift,35000,5,Essence,Manuelle,130000,Berline,2020
Ford,Ranger,165000,7,Diesel,Automatique,108000,Pick up,2021
Dacia,Dokker,25500,6,Diesel,Automatique,350000,Utilitaire,2017
Chevrolet,Aveo,23000,5,Essence,Manuelle,141000,Berline,2013
Renault,Symbol,27000,1111,Essence,Manuelle,1111111,Compacte,2014
Volkswagen,Golf 8,75000,6,Essence,Manuelle,15500,Compacte,2021
Peugeot,106,9000,2025,Essence,Manuelle,255,Autres,1996
BMW,Serie 4,95000,10,Essence,Automatique,129999,Berline,2015
Peugeot,208,42000,4,Essence,Manuelle,120000,Berline,2022
Ford,Fiesta,28500,5,Essence,Manuelle,188,Compacte,2012
Nissan,Qashqai,77000,6,Essence,Manuelle,89000,Autres,2018
Skoda,Fabia,36500,5,Essence,Manuelle,260000,Compacte,2018
Renault,Clio,10500,4,Essence,Manuelle,111111111,Compacte,1995
Mercedes-Benz,Classe C,64999,8,Essence,Automatique,251570,Berline,2014
Kia,Rio,56000,,Essence,Manuelle,130000,,2023
Fiat,Siena,17000,4,Essence,Manuelle,294000,Berline,2005
Seat,Altea,97000,8,Essence,Automatique,102000,4 x 4,2021
Kia,Sportage,119000,10,Essence,Automatique,86000,Autres,2022
Hyundai,Grand i10,38500,,Essence,Manuelle,76800,,2021
Land Rover,Range Rover Evoque,178000,11,Hybride essence,Automatique,53000,4 x 4,2021
Volvo,XC60,105000,11,Hybride essence,Automatique,75000,4 x 4,2023
Honda,City,57000,120,Essence,Automatique,55000,Berline,2020
Audi,Q5,70000,8,Diesel,Manuelle,110853,4 x 4,2013
Peugeot,Partner,60000,5,Diesel,Manuelle,128620,Autres,2020
Mercedes-Benz,Classe C,158000,9,Essence,Automatique,82000,Berline,2020
BMW,Serie 3 GT,144000,7,Diesel,Automatique,85000,Berline,2020
Volkswagen,Passat,19500,6,Diesel,Manuelle,326,Compacte,2000
Suzuki,Celerio,38900,4,Essence,Manuelle,29000,Compacte,2023
Mercedes-Benz,Classe A,47000,6,Essence,Manuelle,210,Utilitaire,2015
Kia,Picanto,38000,5,Essence,Manuelle,73000,Autres,2021
Haval,H6,61000,9,Essence,Automatique,211780,4 x 4,2019
Mercedes-Benz,Classe C,148000,9,Diesel,Automatique,71000,Berline,2019
Opel,Corsa,27000,5,Essence,Manuelle,200000,Compacte,2014
Ford,Transit,8500,,Diesel,Manuelle,,Utilitaire,
Renault,Megane,21500,6,Essence,Manuelle,197000,Berline,2003
Toyota,Hilux,25000,8,Diesel,Manuelle,350000,4 x 4,1985
Volkswagen,LT,15000,,Diesel,Manuelle,,Autres,
Volkswagen,Polo,32000,5,Essence,Manuelle,200000,Compacte,2013
Audi,Q3,96000,6,Essence,Manuelle,123000,Autres,2022
Ford,Fiesta,12000,5,Essence,Manuelle,,Compacte,
Nissan,Micra,28500,5,Essence,Manuelle,143000,Compacte,2017
Citroen,C4 Cactus,38000,5,Essence,Manuelle,140000,Compacte,2016
Citroen,C5,35000,6,Diesel,Manuelle,470000,Berline,2012
BMW,Serie 5,195000,10,Hybride essence,Automatique,54000,Berline,2021
Renault,Clio,21500,4,Essence,Manuelle,300000,Berline,2005
Kia,Rio,49500,6,Essence,Automatique,70000,Berline,2017
Peugeot,301,21500,5,Essence,Manuelle,253000,Autres,2014
Dacia,Logan MCV,47000,5,Essence,Automatique,222000,Berline,2017
Ford,Focus,34000,6,Essence,Manuelle,172,Autres,2017
Peugeot,301,21500,5,Essence,Manuelle,253000,Autres,2014
Peugeot,Expert,23500,8,Diesel,Manuelle,964565,Autres,2005
Toyota,C-HR,77000,6,Essence,Manuelle,68000,,2021
Peugeot,Expert,65000,5,Diesel,Manuelle,58000,Berline,2020
Nissan,Qashqai,37000,6,Diesel,Manuelle,226000,4 x 4,2011
Opel,Corsa,27000,5,Essence,Automatique,200000,Compacte,2014
Honda,Brio Amaze,31000,5,Essence,Manuelle,83000,Berline,2017
Opel,Astra,33000,8,Essence,Automatique,158000,Compacte,2015
BMW,Serie 3,49000,7,Essence,Automatique,370000,Berline,2012
Citroen,Berlingo,45000,5,Diesel,Manuelle,210000,Utilitaire,2020
Fiat,Doblo,19500,5,Diesel,Manuelle,238000,Autres,2014
Opel,Corsa,27000,5,Essence,Automatique,200000,Compacte,2014
Citroen,Berlingo,45000,5,Diesel,Manuelle,210000,Utilitaire,2020
MG,ZS,75000,9,Essence,Automatique,60000,4 x 4,2022
Fiat,Doblo,21000,5,Diesel,Manuelle,230,Autres,2017
Haval,H6,45000,8,Essence,Automatique,140000,Autres,2022
Hyundai,I 10,34500,4,Essence,Automatique,165,Compacte,2017
Mahindra,Scorpion,19000,2.5,Diesel,Manuelle,256,Autres,2015
Mercedes-Benz,Classe ML,19000,13,Essence,Automatique,212000,4 x 4,2000
Peugeot,3008,76000,7,Diesel,Automatique,72000,Monospace,2020
Opel,Astra,23500,5,Essence,Manuelle,327000,Compacte,2008
Mercedes-Benz,Classe A,115000,5,Diesel,Automatique,86000,Compacte,2019
Peugeot,307,22000,5,Essence,Manuelle,240.000,Compacte,2006
Mercedes-Benz,Classe C,64000,9,Essence,Manuelle,180000,Berline,2011
Peugeot,3008,54500,6,Diesel,Manuelle,183000,Autres,2016
Mercedes-Benz,Classe E,55000,8,Diesel,Manuelle,190000,Autres,2011
Fiat,Doblo,18500,5,Diesel,Manuelle,,Utilitaire,2013
Citroen,Grand C4 Picasso,43000,7,Diesel,Automatique,145000,Monospace,2013
Volkswagen,Golf,79000,6,Diesel,Manuelle,60000,Berline,2019
Renault,Capture,60000,5,Essence,Manuelle,15000,Berline,2020
Mercedes-Benz,Classe ML,62000,13,Diesel,Automatique,380000,4 x 4,2008
Ford,ECOSPORT,68000,7,Essence,Automatique,65000,4 x 4,2021
Ford,Fiesta,27000,0,Essence,Manuelle,173000,,2018
Citroen,C3,26500,5,Essence,Manuelle,,Berline,2010
Volkswagen,Polo,51000,4,Essence,Manuelle,200000,Compacte,2020
Chery,A5,28000,7,Essence,Manuelle,270000,Berline,2019
Geely,GK-GL,47000,6,Essence,Automatique,72000,Compacte,2022
Fiat,Ducato,68000,8,,,212,,2023
Honda,Brio Amaze,34000,5,Essence,Manuelle,150000,Autres,2019
MG,ZS,60000,0,Essence,Automatique,97000,,2021
Ford,Puma,80000,6,Hybride essence,Manuelle,86000,Autres,2022
Volkswagen,Golf,89500,8,Essence,Manuelle,79000,Berline,2020
Kia,Rio,50000,,Essence,Automatique,130034,Berline,2018
Volkswagen,Passat,30000,7,Essence,Manuelle,292000,Compacte,2010
Mahindra,Hover,30000,588,Essence,Manuelle,45000,Utilitaire,2021
Toyota,Hilux,130000,150,Diesel,Manuelle,173000,4 x 4,2017
Kia,Picanto,41500,5,Essence,Automatique,109000,Compacte,2021
Peugeot,206+,14000,4,Essence,Manuelle,300000,Compacte,2001
Dacia,Duster,58000,,Essence,Manuelle,62000,4 x 4,2018
Ford,Focus,46000,7,Essence,Automatique,157000,Compacte,2018
Volkswagen,Transporter,20000,7,Diesel,Manuelle,250000,Compacte,2009
Mercedes-Benz,Classe C,59900,11,Essence,Automatique,178000,Berline,2010
Kia,Rio,48500,5,Essence,Manuelle,94000,Utilitaire,2022
Peugeot,308,42000,6,Diesel,Manuelle,250000,Compacte,2013
Citroen,C3 Pluriel,19500,,Essence,Manuelle,103000,Cabriolet,2008
Hyundai,I 20,40000,5,Essence,Manuelle,92000,Berline,2021
Toyota,C-HR,85000,6,Essence,Manuelle,49000,Autres,2020
Volkswagen,Golf,37000,5,Diesel,Manuelle,182000,Compacte,2011
Volkswagen,Polo,32400,,Essence,Manuelle,224215,Autres,2010
Toyota,Corolla,26000,6,Essence,Manuelle,500.000,Berline,2004
Toyota,RAV 4,128000,,Hybride essence,Automatique,45000,,
Nissan,Sunny,28000,6,Essence,Automatique,163000,Compacte,2016
Nissan,Qashqai,65000,6,Essence,Automatique,129000,,2020
BMW,Serie 3,63000,136,Essence,Automatique,195000,Berline,2016
Alfa Romeo,147,28500,7,Essence,Manuelle,110000,Berline,2009
Hyundai,Grand i10,37000,5,Essence,Manuelle,12000,Berline,2020
Nissan,Qashqai,52000,6,Essence,Automatique,165000,4 x 4,2015
Renault,Master,10000,000,Diesel,Manuelle,500000,Autres,1994
Renault,Clio,21500,4,Diesel,Manuelle,,,2003
BMW,Serie 3,26999,7,Essence,Manuelle,319000,Berline,2006
Hyundai,I 10,28500,5,Essence,Manuelle,,Berline,2017
Mercedes-Benz,Classe E,53000,10,Diesel,Automatique,355000,Berline,2009
MG,ZS,72000,6,Essence,Manuelle,72000,4 x 4,2022
Isuzu,D-MAX,145000,10,Diesel,Manuelle,45000,4 x 4,2020
Volkswagen,Golf,51000,7,Essence,Manuelle,147000,Compacte,2013
Renault,Clio,45000,,Hybride essence,,74000,Berline,2021
Fiat,Punto,10000,4,Diesel,Manuelle,16000,Compacte,1998
Mercedes-Benz,Classe C,130000,9,Essence,Automatique,35000,Berline,2020
Chevrolet,Cruze,26500,7,Essence,Manuelle,250,Berline,2014
Volkswagen,Polo,51000,4,Essence,Manuelle,200000,Compacte,2020
Citroen,C2,20000,5,Essence,Manuelle,210000,Compacte,2007
Kia,Sportage,75000,8,Essence,Automatique,160000,4 x 4,2019
Renault,Megane,31000,6,Diesel,Manuelle,0,Berline,2010
Peugeot,208,43000,4,Essence,Manuelle,28000,Compacte,2023
Kia,Sorento,45000,18,Essence,Automatique,162000,4 x 4,2014
Hyundai,I 20,49000,5,Essence,Manuelle,103,Autres,2022
Renault,Megane,48000,5,Diesel,Automatique,230,Compacte,2019
Renault,Clio,43000,05,Essence,Manuelle,55000,Compacte,
Ford,Transit,28000,2556,Diesel,Manuelle,260,Compacte,2006
Toyota,Hilux,92000,10,Diesel,Manuelle,300,4 x 4,2010
Peugeot,308,21000,,Diesel,Manuelle,,Autres,
Kia,Rio,32800,5,Essence,Manuelle,246000,Berline,2014
Volkswagen,Amarok,155000,7,Diesel,Automatique,56000,Pick up,2023
Kia,Sportage,95000,7,Diesel,Automatique,82900,4 x 4,2019
Audi,A4,44000,7,Diesel,Manuelle,262000,Compacte,2008
Renault,Megane,35000,,Diesel,Manuelle,212000,,2012
Volkswagen,Caddy,59000,7,Diesel,Manuelle,82000,Utilitaire,2023
Renault,Clio,14800,4,Essence,Manuelle,100000,Compacte,1998
Fiat,Siena,15500,5,Essence,Manuelle,370,Berline,2005
Fiat,Doblo,20000,5,Diesel,Automatique,210000,Compacte,2017
wallyscar,719,39000,7,Essence,Manuelle,63000,Berline,2023
Volkswagen,Polo,51000,5,Essence,Manuelle,81000,Berline,2022
Opel,Antara,40000,6,Diesel,Manuelle,160000,,2013
Volkswagen,Passat,74500,8,Essence,Manuelle,99500,Berline,2021
Peugeot,301,27900,5,Essence,Manuelle,128000,Compacte,2018
Renault,Clio,15999,4,Diesel,Manuelle,350,Compacte,2008
BMW,Serie 1,52000,7,Essence,Automatique,200,Compacte,2013
Audi,A4,59000,8,Essence,Manuelle,150000,Berline,2017
Volkswagen,Polo,15800,5,Essence,Manuelle,,Autres,2001
Citroen,Saxo,10499,4,Essence,Manuelle,260000,Compacte,2000
Renault,Capture,42500,6,Essence,Automatique,109000,Compacte,2014
BMW,Serie 5,25000,11,Essence,Automatique,400000,Berline,1998
Renault,Clio,19000,5,Diesel,Manuelle,360,Berline,2006
BMW,X1,128000,6,Hybride essence,Automatique,100,4 x 4,2022
Kia,Rio,35000,5,Essence,Manuelle,196000,Berline,2016
Mazda,BT-50,50000,9,Diesel,Manuelle,156000,4 x 4,2018
Mercedes-Benz,Classe C,70000,6,Diesel,Manuelle,114000,Berline,2011
Kia,Rio,36500,5,Essence,,150000,,2014
Fiat,Marea,10990,6,Essence,Manuelle,150,Berline,2002
Dacia,Dokker,34000,5,Diesel,Manuelle,163000,Utilitaire,2022
Volkswagen,Polo,23500,4,Essence,Automatique,200,Compacte,2007
Hyundai,I 20,26600,4,Essence,Automatique,270,Compacte,2015
Renault,Megane,56500,7,Essence,Manuelle,,Berline,2021
Kia,Rio,56000,,Essence,Manuelle,410000,,2020
Mahindra,Hover,30000,5,Essence,Manuelle,70000,Compacte,2022
Renault,Megane,21000,6,Essence,Manuelle,248,Berline,2006
mini,Cooper,29000,6,Essence,Manuelle,160000,Compacte,2010
Ssangyong,Tivoli,53500,6,Essence,Manuelle,59000,Compacte,2021
Mercedes-Benz,Classe CLA,62000,5,Diesel,Manuelle,200300,Berline,2014
Chevrolet,Aveo,23500,5,Essence,Manuelle,159000,Compacte,2008
Citroen,C35,26500,5,Essence,Manuelle,227000,Compacte,2010
Mitsubishi,Pajero,95000,11,Diesel,Manuelle,290000,4 x 4,2008
Seat,Leon,54000,6,Essence,Manuelle,153000,Compacte,2020
Dacia,Dokker,39500,6,Diesel,Manuelle,44500,Utilitaire,2021
Renault,Laguna,17600,,Essence,Manuelle,,Monospace,2007
Nissan,Navara,30000,8,Diesel,Manuelle,472000,4 x 4,2006
Kia,Sportage,82000,,Essence,,76000,Autres,2016
Renault,Fluence,26500,6,Essence,Automatique,20000,Berline,2013
Nissan,Navara,30000,8,Diesel,Manuelle,472000,4 x 4,2006
Kia,Sportage,56000,11,Essence,Automatique,190000,4 x 4,2011
Ford,Fiesta,21800,5,Essence,Manuelle,250000,Compacte,2008
Mahindra,Hover,26000,5,Essence,Manuelle,101,4 x 4,2021
Renault,Clio,40000,5,Essence,Manuelle,137000,,2017
Seat,Leon,65000,6,Essence,Manuelle,68000,,2019
Mercedes-Benz,Classe C,110000,9,Essence,Automatique,105000,Berline,2017
Mercedes-Benz,Classe C,68000,11,Essence,Automatique,63000,,2008
Opel,Corsa,22000,5,Essence,Manuelle,134700,Compacte,2015
Peugeot,205,11500,4,Essence,Manuelle,350,Compacte,1992
Suzuki,Swift,35000,5,Essence,Manuelle,65000,,2017
Mercedes-Benz,Classe E,95000,10,Essence,Automatique,98500,Berline,2014
Citroen,C3,16000,6,Essence,Manuelle,237,Autres,2002
Peugeot,208,29500,4,Essence,Manuelle,135000,Compacte,2018
Opel,Corsa,32000,5,Essence,Manuelle,100000,Compacte,2016
Citroen,DS4,34800,7,Essence,Automatique,1450002015,Berline,2015
Kia,Picanto,36000,4,Essence,Manuelle,131000,Compacte,2021
Haval,H6,79000,8,Essence,Automatique,96000,4 x 4,2021
Citroen,C3,35000,5,Essence,Manuelle,178000,Compacte,2020
Peugeot,3008,71000,6,Diesel,Automatique,133000,Autres,2018
Seat,Altea,70000,8,Essence,Automatique,30000,Utilitaire,2024
Mercedes-Benz,Classe C,140000,,Diesel,Automatique,,Berline,2019
Renault,Clio,32400,3,Essence,Manuelle,187,Autres,2013
Fiat,Brava,9500,4,Essence,Manuelle,2514,Autres,1995
Citroen,C5,27000,9,Essence,Automatique,250,Autres,2011
Land Rover,Range Rover Sport,120000,2200,Diesel,Automatique,81000,4 x 4,2015
Hyundai,Tucson,87000,6,Hybride Diesel,Manuelle,115000,Autres,2020
Citroen,C5,31000,6,Diesel,Manuelle,350000,,2012
Volkswagen,Golf,31000,6,Diesel,Manuelle,300,Compacte,2008
Ford,Fiesta,12000,5,Essence,Manuelle,298000,Berline,2000
BMW,Serie 2,28000,7,Essence,Manuelle,255000,Berline,2004
Hyundai,I 10,39500,5,Essence,Manuelle,120000,Compacte,2022
Citroen,C2,20000,5,Essence,Manuelle,210000,Compacte,2007
Hyundai,I 20,36500,5,Essence,Manuelle,240,Compacte,2018
Toyota,Corolla verso,66000,6,Essence,Manuelle,65000,Compacte,2021
Ford,Focus,27000,6,Essence,Manuelle,220000,Autres,2010
Peugeot,208,31990,4,Essence,Manuelle,63000,Compacte,2020
Mercedes-Benz,Classe GLA,98000,7,Essence,Automatique,150000,Compacte,2020
Dacia,Dokker,34500,6,Diesel,Manuelle,147000,Utilitaire,2021
Fiat,Doblo,15000,5,Diesel,Manuelle,50000,,2025
Volkswagen,Jetta,40000,06,Essence,Manuelle,216000,Berline,2012
Porsche,Cayenne,264996,16,Essence,Automatique,73000,Autres,2020
Ford,Fiesta,28000,5,Essence,Automatique,220000,Compacte,2014
Suzuki,Vitara,54000,7,Essence,Manuelle,179099,4 x 4,2019
Haval,H6,62000,9,Essence,Automatique,103000,4 x 4,2019
Volkswagen,Polo,44000,5,Essence,Manuelle,144000,Compacte,2019
Suzuki,Baleno,145000,4,Essence,Manuelle,3267,Berline,2022
Kia,Ceed,93000,5,Electrique,Automatique,80000,4 x 4,2022
Citroen,Nemo,30000,6.0,Diesel,Manuelle,142000,Compacte,2016.0
Ford,Fiesta,35000,5,Essence,Automatique,102000,Compacte,2017
Hyundai,I 20,51900,5,Essence,Manuelle,143,Compacte,2022
Mercedes-Benz,Utilitaire,32000,9,Essence,Manuelle,260,Berline,2004
Audi,A4,55000,7,Diesel,Manuelle,200000,Berline,2011
Peugeot,206+,23800,4,Essence,Manuelle,165000,Compacte,2010
Volkswagen,Golf 7,65000,6,Essence,Automatique,150000,Berline,2019
Isuzu,D-MAX,85000,8,Diesel,Manuelle,50000,Pick up,2023
Citroen,C5,33000,6,Diesel,Manuelle,217000,Autres,2013
Autres,Autres,39000,6,Essence,Manuelle,137000,Autres,2019
Kia,Rio,44000,,Essence,Manuelle,105600,,2020
Audi,A4,37500,7,Essence,Manuelle,240,Berline,2013
Peugeot,5008,73000,7,Essence,Manuelle,209000,Berline,2021
Skoda,Octavia,83000,6,Essence,Automatique,86000,Berline,2021
BMW,Serie 5,70000,,Essence,Automatique,202000,Berline,
Citroen,C35,48000,83,Essence,Manuelle,67000,Berline,2022
Renault,Megane,28000,5,Diesel,Manuelle,381500,,2012
Audi,A3,74000,8,Diesel,Automatique,140000,Berline,2017
Mercedes-Benz,Classe C Coupe,70000,9,Essence,Automatique,300000,Berline,2012
Hyundai,Creta,67000,7,Essence,Automatique,166000,Compacte,2018
Hyundai,I 20,35500,5,Essence,Manuelle,210000,Berline,2020
Seat,Seat.Leon,46000,5,Essence,Manuelle,106,Compacte,2013
Citroen,Berlingo,50000,5,Diesel,Manuelle,154539,Utilitaire,2023
Volkswagen,Golf 5,28000,6,Diesel,Manuelle,288000,Berline,2006
Citroen,C2,20000,5,Essence,Manuelle,200000,Compacte,2007
Fiat,Doblo,61800,5,Diesel,Manuelle,7000,Utilitaire,2025
Mazda,E2000,45000,6,Essence,Automatique,142000,Compacte,2016
Citroen,Saxo,11500,4,Essence,Manuelle,386500,Compacte,1998
Peugeot,208,37000,5,Essence,Manuelle,190000,Berline,2022
Ford,Focus,35555,6,Diesel,Manuelle,266000,Compacte,2018
Citroen,C3,18500,5,Essence,Manuelle,170128,Compacte,2003
Renault,R19,12500,11,Essence,Manuelle,240000,Autres,1998
Citroen,C-Elysée,28000,5,Essence,Manuelle,64000,Berline,2017
Mercedes-Benz,Classe GLE,170000,12,Diesel,Automatique,184000,,2016
Mahindra,Hover,29000,5,Essence,Manuelle,8500,Compacte,2020
Volkswagen,Touran,95000,6,Diesel,Manuelle,225000,Monospace,2021
Peugeot,206,19799,4,Essence,,222000,Utilitaire,2004
Ford,Fiesta,42000,1,Essence,Manuelle,78000,Compacte,2020
Citroen,C3,31000,4,Essence,Manuelle,187,,2017
Renault,Megane,31000,5,Diesel,Manuelle,271000,Compacte,2011
Chery,Tiggo,40000,6,Essence,Manuelle,73000,Berline,2020
Ford,Fiesta,21800,5,Essence,Manuelle,250000,Compacte,2008
Renault,Capture,37000,,,Manuelle,149000,,2016
Mercedes-Benz,Classe E,60000,14,Diesel,Automatique,300000,Cabriolet,2010
Volkswagen,Caddy,24000,,Diesel,Manuelle,,,
Mahindra,Hover,28000,5,Essence,Manuelle,58000,Autres,2020
Hyundai,Creta,65000,7,Essence,Manuelle,92000,Compacte,2018
Volkswagen,Golf,55000,6,Essence,Automatique,200000,Berline,2018
Ssangyong,Tivoli,81000,8,Essence,Automatique,56000,Compacte,2022
Ford,Focus,42500,,Essence,Automatique,130000,,2018
Isuzu,Trooper,20000,9,Diesel,Manuelle,200000,Pick up,2000
Peugeot,106,11500,4,Essence,Manuelle,431,Autres,1991
Kia,Rio,49500,5,Essence,Manuelle,83000,Compacte,2022
Ford,Focus,42000,6,Essence,Manuelle,94541,,2016
Volkswagen,Touareg,280000,24,Essence,Automatique,3100,4 x 4,2025
Mercedes-Benz,Classe CLA,60000,7,Essence,Automatique,240000,Berline,2014
Volkswagen,Polo,23000,5,Essence,Manuelle,380000,,2010
Mercedes-Benz,Classe GLA,147000,7,Essence,Automatique,170000,4 x 4,2021
Fiat,Fiorino,30000,5,Diesel,Manuelle,140,Berline,2021
Kia,C'eed,27000,5,Essence,Manuelle,240000,,2011
Audi,A3,39000,6,Diesel,Manuelle,120000,Compacte,2008
Peugeot,806,55000,6,Diesel,Manuelle,90000,Pick up,2022
Peugeot,208,23500,,Essence,Manuelle,113000,,2016
Ford,ECOSPORT,65000,5,Diesel,Manuelle,75000,Autres,2018
Kia,Rio,48900,5,Essence,Manuelle,130000,Compacte,2019
Renault,Megane,19000,5,Diesel,Manuelle,570000,Berline,2005
MG,HS,57000,9,Essence,Automatique,128000,4 x 4,2017
Volkswagen,Golf 8,87900,7,Essence,Manuelle,100000,Autres,2021
Peugeot,3008,73000,7,Essence,Automatique,2200002021,Autres,2021
Renault,Clio,47800,5,Essence,Manuelle,97000,Autres,2021
Nissan,Qashqai,64000,7,Diesel,Manuelle,53000,4 x 4,2015
Kia,Optima,43500,10,Essence,Automatique,300,Berline,2014
BMW,X1,79900,6,Diesel,Manuelle,188000,4 x 4,2016
Fiat,Fiorino,34000,6,Diesel,Manuelle,165000,Utilitaire,0
Renault,Megane,23000,6.0,Essence,Manuelle,169.0,,2006.0
Opel,Astra,30000,,Essence,Manuelle,92000,,
Citroen,C3,53000,4,Essence,Manuelle,67000,Berline,2022
Mercedes-Benz,Classe E,155000,8,Diesel,Automatique,130000,Berline,2021
Opel,Corsa,13000,,,Manuelle,,,
Volkswagen,Golf,70000,6,Essence,Manuelle,37000,Compacte,2018
Nissan,Navara,41000,,Diesel,,,Pick up,2009
Kia,Sportage,120000,10,Essence,Automatique,65000,4 x 4,2023
Peugeot,3008,73000,,,,86000,,
Volkswagen,Golf,27800,6,Essence,Manuelle,390,Compacte,2005
Renault,Clio,9500,5,Essence,Automatique,250,Utilitaire,1996
Citroen,C5,30000,6,Diesel,Manuelle,290000,Berline,2011
Suzuki,Celerio,35000,68,Essence,Manuelle,32000,Autres,2023
Isuzu,Trooper,20000,6,Diesel,Automatique,0,Pick up,0000
Audi,Q5,78000,8,Diesel,Manuelle,118000,4 x 4,20138
Volkswagen,Jetta,25000,6,Diesel,Manuelle,200,Compacte,2012
Renault,Clio,48000,5,Essence,Manuelle,48000,Berline,2020
Skoda,Fabia,44000,5,Essence,Manuelle,158,Compacte,2018
Ford,Fiesta,21000,5,Essence,Manuelle,180000,Berline,2006
Ssangyong,Tivoli,62000,6,Essence,Manuelle,75554,Autres,2022
Mercedes-Benz,Classe C,81000,7,Diesel,Automatique,217000,Berline,2015
Peugeot,3008,79500,7,Essence,Manuelle,150,Monospace,2022
Citroen,C3,28000,5,Essence,Manuelle,92000,Monospace,2011
Citroen,C4 Cactus,33000,5,Essence,Manuelle,132000,Autres,2016
Volkswagen,Scirocco,35000,8,Essence,Automatique,174000,,2011
Hyundai,Accent,68000,6,Essence,Automatique,44000,Berline,2022
Volkswagen,Golf 6,34999,-4,,Manuelle,190000,,2009
Ssangyong,Korando,34000,11,Diesel,Automatique,2600000,4 x 4,2012
Renault,Fluence,32000,7,Essence,Automatique,177000,,2011
MG,ZS,53500,7,Essence,Manuelle,80000,Berline,2020
Peugeot,508,32000,6,Diesel,Manuelle,290,Autres,2011
Citroen,C3,37000,4,Essence,Manuelle,40000,Berline,2019
Citroen,Berlingo,46000,5,Diesel,Manuelle,165000,Utilitaire,2021
Mercedes-Benz,Classe A,68000,8,Essence,Manuelle,128500,Compacte,2014
Kia,Sportage,150000,2000,Essence,Automatique,11000,Utilitaire,2024
Volkswagen,Polo,37500,65,Essence,Manuelle,215000,Autres,2016
Kia,Sportage,103000,,Diesel,Automatique,81900,4 x 4,2018
Renault,Clio,17500,4,Essence,Manuelle,220,Berline,1998
Peugeot,Expert,26000,7,Diesel,Manuelle,400000,Utilitaire,2010
Volkswagen,Jetta,32000,7,Essence,Manuelle,219000,,2011
Peugeot,3008,73000,7,Essence,Automatique,220000,Autres,2021
Peugeot,208,39500,4,Essence,Manuelle,42500,Compacte,2022
Citroen,Jumpy,48000,6,Diesel,Manuelle,175.900,Autres,2017
Volkswagen,Polo,61500,4,Essence,Manuelle,83000,Compacte,2021
BMW,M,33000,7,Essence,Manuelle,310000,Berline,2007
Hyundai,Accent,75000,6,Essence,Automatique,112000,Berline,
Opel,Corsa,11000,,Essence,Manuelle,,,1996
Peugeot,Partner,65000,6,Diesel,Manuelle,230000,Berline,2015
Haval,H6,69800,9,Essence,Automatique,110000,Monospace,2020
Citroen,C1,26000,,Essence,Manuelle,67000,Utilitaire,2011
Volkswagen,Polo,16000,4,Essence,Manuelle,288000,Berline,2001
BMW,Serie 1,84000,8,Essence,Automatique,124000,Compacte,2020
Volkswagen,Transporter,36000,7,Diesel,Manuelle,560000,,2014
Volkswagen,Polo,13000,5,Essence,Manuelle,420000,Compacte,1997
mini,Country Man,42000,6,Essence,Manuelle,143000,4 x 4,2014
Mercedes-Benz,Classe E,235000,10,Hybride essence,Automatique,49000,Berline,2022
Volkswagen,Golf,73000,6,Essence,Automatique,74000,Berline,2017
Mahindra,Hover,24500,5,Essence,Manuelle,93000,Compacte,2018
Renault,Clio,40800,5,Essence,Manuelle,117000,Compacte,2022
Opel,Mokka,48500,7,Diesel,Manuelle,215000,Autres,2015
Volkswagen,Passat,105000,8,Hybride essence,Automatique,88000,Berline,2021
Renault,Clio,24000,4,Essence,Manuelle,200000,Compacte,2001
Mercedes-Benz,Classe CLA,75000,8,Essence,Automatique,280000,Utilitaire,2013
Kia,Sportage,55000,10,Essence,Automatique,192000,Autres,2015
Volkswagen,T-ROC,84500,6,Essence,Manuelle,95000,4 x 4,2023
Honda,City,49000,7,Essence,Automatique,80000,Berline,2021
Toyota,Corolla,75000,6,Essence,Automatique,8400,Compacte,2019
Seat,Ibiza,34500,5,Essence,Manuelle,140000,Compacte,2012
Citroen,AX,9600,4,Essence,Manuelle,123,Compacte,125
Volkswagen,Tiguan,60000,8,Diesel,Manuelle,265000,Compacte,2014
Mercedes-Benz,Classe C,42000,7,Diesel,Manuelle,386000,,2010
BMW,Serie 3,62000,7,Essence,Automatique,152000,Berline,2016
Volkswagen,Passat,29500,7,Essence,Manuelle,297,Autres,2007
Citroen,C-Elysée,26000,5,Essence,Manuelle,144000,Autres,2016
Nissan,Juke,52000,6,Essence,Automatique,157000,Compacte,2016
MG,ZS,49500,7,Essence,Automatique,182000,Autres,2019
Fiat,500,55999,4,Hybride essence,Manuelle,40000,Berline,
BMW,X1,105000,8,Essence,Automatique,79500,Autres,2019
Volkswagen,Polo,33500,5,Essence,Manuelle,268000,Compacte,2011
Ssangyong,Korando,29000,10,Diesel,Manuelle,400000,4 x 4,2013
Fiat,Doblo,20800,5,Diesel,Automatique,360,Compacte,2018
BMW,Serie 3,43900,7,Essence,Manuelle,167000,Berline,2009
BMW,Serie 3,43900,7,Essence,Manuelle,128000,Berline,2010
MG,5,60000,6,Essence,Manuelle,0,Berline,2025
Volkswagen,Jetta,12345,08,Diesel,Automatique,168000,Berline,2017
Citroen,C3,56000,7,Essence,Automatique,61000,Berline,2020
Dacia,Dokker,28000,6,Diesel,Automatique,350000,Utilitaire,2019
Hyundai,I 20,38500,5,Essence,Manuelle,150000,Berline,2018
Fiat,500,32500,04,Essence,Manuelle,182000,Compacte,2015
Mazda,3,44000,6,Essence,Manuelle,110000,Berline,2016
Volkswagen,Polo,22000,4,Essence,Manuelle,190000,Berline,2007
Mercedes-Benz,Classe C Coupe,85000,8,Essence,Automatique,1570000,Berline,2016
Kia,Ceed,95000,9,Essence,Automatique,84000,Autres,2022
Renault,Megane,18000,7,Diesel,Manuelle,290000,,2005
Kia,Cerato,38500,7,Essence,Automatique,286000,Berline,2013
Volkswagen,Golf 6,36000,5,Essence,Manuelle,252000,Compacte,2011
Suzuki,Celerio,35000,3,Essence,Manuelle,30,Compacte,2021
Toyota,C-HR,77000,6,Essence,Automatique,140000,Autres,
Fiat,Palio,11000,4,Essence,Manuelle,356,Compacte,2000
Peugeot,3008,30000,7,Essence,Manuelle,156400,Autres,2010
Ssangyong,Tivoli,54000,6,Essence,Manuelle,111000,Berline,2020
Peugeot,301,28500,5,Essence,Manuelle,170000,Berline,2018
Isuzu,D-MAX,165000,10,Diesel,Automatique,129000,4 x 4,2019
Chery,Tiggo,80000,9,Essence,Automatique,40000,4 x 4,2022
Peugeot,Partner,68000,5,Diesel,Manuelle,78000,Berline,2022
Mercedes-Benz,Classe CLA,79000,7,Essence,Automatique,190000,Berline,2015
Seat,Ibiza,32500,5,Essence,Automatique,183000,Compacte,2015
Hyundai,I 20,65000,,Essence,Automatique,59000,Autres,2022
Volkswagen,Golf,63000,6,Essence,Manuelle,157000,Berline,2016
Rover,45,8500,6,Diesel,Manuelle,12000,Berline,1997
Kia,Cerato,36000,,Essence,Manuelle,105,,2010
Ford,Ranger,55000,7,Diesel,Manuelle,200000,Pick up,2014
Volkswagen,Golf,26000,,Diesel,Manuelle,,,2004
Toyota,Hi Ace,12500,10,Diesel,Manuelle,,Utilitaire,1997
Opel,Astra,52000,6,Essence,Manuelle,70000,Berline,2022
Citroen,C3,34000,4,Essence,Manuelle,105000,Compacte,2020
Opel,Opel.Corsa,13300,5,Essence,Automatique,290000,Compacte,2000
Ford,Kuga,72000,8,Essence,Manuelle,150000,,
BMW,Serie 1,120000,,Diesel,Automatique,50000,Berline,2021
Opel,Astra,53000,6,Essence,Manuelle,90000,Berline,2022
Volkswagen,Polo,49000,4,Essence,Manuelle,91000,Compacte,2021
Chery,A3,32500,6,Essence,Manuelle,150000,Berline,2018
Peugeot,407,21000,6,Diesel,Manuelle,300000,Berline,2007
Peugeot,Expert,12000,,Diesel,Manuelle,,,2000
Mercedes-Benz,Classe C,85000,6,Diesel,Manuelle,225000,Berline,2019
Mercedes-Benz,Classe ML,50000,13,Diesel,Automatique,330000,4 x 4,2007
Kia,Rio,50500,5,Essence,Manuelle,125000,Compacte,2022
Renault,Capture,47000,5,Essence,,78000,,2017
Renault,Clio,43300,4,Diesel,Manuelle,10000,Berline,2019
Opel,Corsa,10000,5,Essence,Manuelle,250000,Berline,1993
Peugeot,Partner,36000,5,Diesel,Manuelle,137058,Utilitaire,2014
Audi,A4,38000,7,Essence,Manuelle,240,Compacte,2013
Honda,Civic,57000,10,Essence,Automatique,200000,Berline,2017
Kia,Rio,49000,130,Essence,Manuelle,190000,,2020
BMW,Serie 3,67000,7,Essence,Automatique,140000,Berline,2015
Mitsubishi,Pajero Sport,30000,10,Diesel,Manuelle,100000,4 x 4,2000
BMW,Serie 5,70000,190,Diesel,Manuelle,202575,Berline,2016
Renault,Megane,18500,5,Diesel,Manuelle,2500000,Berline,2004
Ssangyong,Actyon,32800,8,Diesel,Automatique,190000,4 x 4,2013
Volkswagen,Golf 7,66000,6,Essence,Manuelle,110000,Berline,2020
Kia,Rio,49000,130,Essence,Manuelle,190000,,2020
Renault,Clio,111111,4,Essence,Manuelle,11111111,Berline,2009
Citroen,Jumpy,21000,08,Diesel,Manuelle,3000002,Autres,2000
Kia,Ceed,72000,6,Essence,Manuelle,0,4 x 4,2021
Fiat,Panda,30000,4,Essence,Manuelle,155000,Berline,2016
Citroen,DS,20000,6,Essence,Manuelle,30000,Compacte,1974
Kia,Ceed,65000,5,Essence,Manuelle,100000,Compacte,2021
Renault,Capture,74000,7,Essence,Automatique,31000,Autres,2020
Audi,Q3,60000,8,Essence,Automatique,61000,Berline,2023
Skoda,Octavia,63000,7,Essence,Automatique,103000,Berline,2020
Fiat,Fiorino,41000,5,Diesel,Manuelle,40000,Autres,2024
Volkswagen,T-ROC,120000,19,Essence,Automatique,50000,4 x 4,2022
Mercedes-Benz,Classe GL,12345,14,Diesel,Automatique,234000,4 x 4,2012
Dacia,Duster,62000,6,Diesel,Manuelle,41000,4 x 4,122019
Isuzu,Trooper,19500,1992,Diesel,Manuelle,240,Autres,1992
Citroen,DS3,26000,5,Essence,Manuelle,181000,Compacte,2014
BMW,Serie 1,36000,7,Essence,Manuelle,160000,Berline,2010
Audi,A5,62000,10,Essence,Automatique,14000,Berline,2015
Fiat,Grande Punto,26000,4,Essence,Automatique,159000,Compacte,2011
BMW,X1,125000,13,Essence,Automatique,50000,Autres,2019
Hyundai,I 20,45000,5,Essence,Manuelle,61000,,2020
Citroen,DS3,27600,5,Essence,Manuelle,181000,Compacte,2014
Kia,Sportage,85000,6,Diesel,Manuelle,106776,4 x 4,2018
Mercedes-Benz,Classe C,54000,9,Essence,Automatique,255000,Berline,2010
Volkswagen,Passat,32000,6,Diesel,Manuelle,237651,Berline,2009
Volkswagen,Caddy,22500,8,Diesel,Manuelle,285000,Utilitaire,2010
Mercedes-Benz,Classe B,175000,9,Essence,Automatique,17000,Berline,2021
Volkswagen,Golf 7,65000,6,Essence,Manuelle,137000,Autres,2019
Opel,Astra,22000,5,Essence,Manuelle,245000,Compacte,2008
Dacia,Dokker,18000,5,Diesel,Manuelle,40000,Autres,2014
Citroen,C5,29000,6,Diesel,Manuelle,430000,Berline,122009
BMW,Serie 2,63997,6,Diesel,Manuelle,220000,Monospace,2017
Citroen,Nemo,21500,5,Diesel,Manuelle,210,Berline,2014
Toyota,Yaris,35000,,,Manuelle,,,2014
Renault,Megane,32000,5,Diesel,Manuelle,151000,Monospace,2011
Kia,Rio,40500,5,Essence,Manuelle,117000,Compacte,
Citroen,C3,36000,4,Essence,Manuelle,13000,Berline,2020
Honda,Brio Amaze,28000,,,Manuelle,250000,,2019
Volkswagen,Tiguan,67000,8,Essence,Automatique,185000,4 x 4,2016
Citroen,C-Elysée,25000,05,Essence,Manuelle,197000,Berline,2015
Renault,Fluence,39000,7,Essence,Manuelle,110000,Berline,2015
Audi,A3,55000,5,Essence,Manuelle,210000,Berline,2015
Volkswagen,Golf 8,83500,6,Essence,Automatique,150,Compacte,2022
Peugeot,Partner,41990,5,,Manuelle,289000,Utilitaire,2021
Peugeot,Partner,35999,5,Diesel,Manuelle,137058,Utilitaire,2014
Seat,Leon ST,41000,6,Essence,Manuelle,178500,Compacte,2016
Isuzu,Landwind,41000,10,Diesel,Automatique,700,Pick up,2003
Dacia,Dokker,29500,6,Diesel,Manuelle,145000,Autres,2019
Citroen,Berlingo,19500,7,Diesel,Manuelle,228,Utilitaire,2011
Audi,Q5,83000,10,Diesel,Automatique,330,4 x 4,2013
Chery,Tiggo,75000,9,Essence,Automatique,32000,4 x 4,2022
Citroen,C-Elysée,123456,5,Essence,Manuelle,164000,Autres,2019
Peugeot,2008,45000,5,Essence,Manuelle,32500,Compacte,2017
BMW,Serie 5,94000,9,Essence,Automatique,185000,Berline,2014
Porsche,Cayenne,125000,15,Diesel,Automatique,230000,4 x 4,2010
Renault,Clio,19500,4,Essence,Manuelle,221000,Compacte,2001
Citroen,C3,37000,5,Essence,Manuelle,77000,Berline,2020
Peugeot,Partner,55000,110,Diesel,Manuelle,152000,Autres,2022
Mitsubishi,Pajero Sport,32000,13,Diesel,Manuelle,300000,4 x 4,1999
Peugeot,308,38000,5,Essence,Manuelle,123400,Berline,2014
Dacia,Dokker,35000,6,Diesel,Manuelle,136000,Utilitaire,2021
Volkswagen,Passat,48000,7,Essence,Automatique,167,Berline,2011
Haval,H6,95000,09,Essence,Automatique,65000,4 x 4,2022
Peugeot,206,18500,4,Essence,Automatique,300,Compacte,2008
Seat,Leon,44000,5,Essence,Manuelle,290000,Berline,2015
Suzuki,Swift,54500,5,Essence,Manuelle,25000,Autres,2024
Volkswagen,Golf,61500,06,Essence,Automatique,117,Berline,2018
Volkswagen,Polo,19200,4,Essence,Manuelle,320,Berline,2006
Peugeot,2008,65000,6,Essence,Manuelle,88000,Autres,2020
Citroen,Grand C4 Picasso,70000,07,Diesel,Automatique,191000,Monospace,2021
Kia,Picanto,34500,5,Essence,Automatique,150000,Compacte,2015
Chery,Tiggo,53000,,Essence,Automatique,26300,Compacte,06.2022
Autres,Autres,135000,11,Essence,Automatique,26000,Autres,2024
Isuzu,Landwind,35000,10,Diesel,Manuelle,500,Pick up,1993
Citroen,Berlingo,23000,7,Diesel,Manuelle,570000,Utilitaire,2010
Kia,Soul,44000,8,Essence,Automatique,88000,Autres,2013
Fiat,Doblo,64000,5,Diesel,Manuelle,17000,Utilitaire,2025
Mercedes-Benz,Classe CLA,122000,7,Essence,Automatique,82000,Berline,11.2020
Peugeot,Expert,40000,7,Diesel,Manuelle,505000,Utilitaire,2013
Chery,QQ,20500,,Essence,Manuelle,197000,,2017
Rover,over.Range Rover,175000,10,Diesel,Automatique,122000,4 x 4,2018
Jaguar,F-Type,125000,9,Diesel,Manuelle,159000,Autres,2018
Peugeot,2008,55000,5,Diesel,Manuelle,161000,Compacte,2018
Mitsubishi,L200,31000,,,Manuelle,220,,
Renault,Capture,46000,6,Essence,Manuelle,140000,Autres,2014
MG,ZS,69499,7,Essence,Automatique,51000,Autres,2022
Suzuki,Vitara,64500,6,Essence,Automatique,93000,4 x 4,2017
BMW,Serie 3,68500,7,Essence,Automatique,141000,Berline,2015
MG,ZS,54000,9,Essence,Automatique,177359,4 x 4,2017
Renault,Megane,98000,,Essence,Automatique,42000,Compacte,2017
Volkswagen,Golf,107000,6,Hybride essence,Automatique,59000,Berline,2021
Volkswagen,Golf 7,65000,6,Essence,Manuelle,137455,Autres,2019
Fiat,500X,51800,4,Essence,Manuelle,93000,Compacte,2021
Citroen,C3,48500,5,Diesel,Manuelle,146000,Berline,2021
Volkswagen,Polo,46000,4,Essence,Manuelle,77000,Autres,2019
BMW,M3,11000,7,Essence,Manuelle,300,Compacte,91
Peugeot,208,29500,4,Essence,Manuelle,78000,Compacte,2020
Volkswagen,Passat,27000,6,Diesel,Manuelle,,Autres,2005
Renault,Super 5,8500,6,Hybride Diesel,Manuelle,,Autres,
Mercedes-Benz,220,20000,4,Essence,Manuelle,300,Compacte,2001
Volkswagen,Golf,18500,5,Essence,Manuelle,250,Autres,2000
Fiat,Doblo,24000,6,Diesel,Manuelle,46000,Autres,2025
Citroen,C4,60000,,Essence,Manuelle,100000,Compacte,2020
Hyundai,Tucson,35000,9,Diesel,Manuelle,230000,4 x 4,2010
Kia,Rio,54000,5,Essence,Manuelle,123000,Compacte,2019
Mercedes-Benz,Utilitaire,54000,5,Diesel,Manuelle,57000,Utilitaire,2022
Toyota,Hilux,132000,8,Diesel,Manuelle,120000,4 x 4,2018
Citroen,C5,22000,5,Diesel,Manuelle,570,Berline,2010
Peugeot,2008,50000,5,Diesel,Manuelle,180,4 x 4,2016
Kia,Optima,41500,10,Essence,Manuelle,173000,Berline,2011
Citroen,Jumpy,20000,7,Diesel,Manuelle,500000,Berline,2002
Fiat,Palio,19400,4,Essence,Automatique,2,Compacte,2010
Renault,Kadjar,63000,7,Essence,Automatique,116,4 x 4,2019
Volkswagen,Touareg,220000,18,Diesel,Automatique,63000,4 x 4,2019
Kia,Sportage,51000,7,Diesel,Manuelle,182000,Berline,2013
Mercedes-Benz,Classe A,125000,8,Hybride essence,Automatique,90000,Berline,2021
Volkswagen,Caddy,41000,5,Diesel,Manuelle,240,Utilitaire,2020
Citroen,Berlingo,22000,6,Diesel,Manuelle,680000,Berline,2012
Mercedes-Benz,Classe C,98000,8,Essence,Automatique,135000,Berline,2015
Chevrolet,Spark,24500,,Essence,Manuelle,217,,2012
Kia,Sportage,77000,9,Essence,Automatique,30000,4 x 4,2020
Peugeot,3008,29000,7,Essence,Manuelle,220000,Autres,2011
Peugeot,207,28000,5,Diesel,Automatique,145,Berline,2011
Isuzu,D-MAX,130000,10,Diesel,Manuelle,000,Pick up,2025
Rover,over.Range Rover Sport,115000,32,Essence,Automatique,120000,4 x 4,2009
Kia,Rio,59900,5,Essence,Manuelle,78000,Compacte,2021
Peugeot,206,17800,4,Essence,Manuelle,,Berline,2003
Mercedes-Benz,Classe C,58000,9,Essence,Manuelle,115500,Berline,2012
Ford,Fiesta,26000,5,Essence,Manuelle,240,Compacte,2011
Jeep,Cherokee,88000,8,Essence,Automatique,75000,4 x 4,2021
Peugeot,407 SW,26000,1.6,Diesel,Manuelle,300,,2010
Mercedes-Benz,Classe CLA,89000,6,Essence,Automatique,66000,Berline,2018
Volkswagen,Vento,15000,6,Diesel,Manuelle,145000,Berline,1995
Fiat,Doblo,44000,4,Diesel,,90000,Utilitaire,2022
Ford,ECOSPORT,61000,7,Essence,Manuelle,109000,4 x 4,2021
Fiat,Grande Punto,24000,5,Essence,Manuelle,291000,Berline,2009
Volkswagen,Golf 7,45000,5,Essence,Manuelle,,,2013
Kia,Sportage,75000,7,Diesel,,98000,4 x 4,2018
Fiat,Grande Punto,24000,5,Essence,Manuelle,291000,Berline,2010
Chery,QQ,26000,4,Essence,Manuelle,36070,Berline,2019
Nissan,Pick up,25000,13,Diesel,Manuelle,123,Pick up,2000
Volkswagen,Passat,122000,8,Essence,Manuelle,100000,Berline,2020
Nissan,Micra,23000,5,Essence,Manuelle,180000,Compacte,2014
lancia,Ypsilon,31000,4,Essence,Manuelle,77000,Compacte,2015
Renault,Symbol,21900,4,Essence,Manuelle,324000,Autres,2009
Peugeot,308,47000,05,Diesel,Manuelle,154000,Berline,2016
Volkswagen,Golf 7,56000,5,Essence,Automatique,176000,Compacte,2108
Citroen,C35,52000,5,Diesel,Manuelle,116000,Berline,2021
Peugeot,3008,37000,6,Diesel,Automatique,270000,Monospace,2011
Volkswagen,Jetta,16000,5,Diesel,Manuelle,0,Autres,1991
Citroen,C-Elysée,24800,5,Essence,Manuelle,00,Compacte,2016
Volkswagen,Golf,69500,6,Essence,Manuelle,152500,Berline,2018
Chery,QQ,22000,4,Essence,Manuelle,86000,Berline,2018
Mercedes-Benz,Classe A,56000,,Essence,Manuelle,,Compacte,2014
Kia,Rio,48000,5,Essence,Manuelle,72500,Berline,2022
Volkswagen,Polo,10500,,,Manuelle,,,
Mazda,CX-5,48000,9,Essence,Automatique,157000,4 x 4,2014
Dacia,Sandero,36000,5,Essence,Manuelle,190000,Compacte,
Suzuki,Vitara,54000,6,Essence,Manuelle,179000,4 x 4,2019
Volkswagen,Tiguan,99000,8,Essence,Automatique,88500,Autres,2017
Honda,City,39000,7,Essence,Automatique,148000,Autres,2017
Nissan,Qashqai,48000,,Diesel,Manuelle,290000,,2016
Nissan,Qashqai,48000,,Diesel,Manuelle,290000,,2016
Isuzu,D-MAX,50500,10,Diesel,Manuelle,340000,Pick up,2009
Mercedes-Benz,Classe A,94000,7,Essence,Automatique,162000,Berline,2020
Peugeot,208,32000,5,Essence,Manuelle,157,,2020
Citroen,Berlingo,46000,6,Diesel,Manuelle,124000,Utilitaire,2020
Peugeot,3008,69000,9,Essence,Automatique,150000,Monospace,2019
Renault,Laguna,27500,6,Diesel,Manuelle,0,Berline,2008
Jeep,Patriot,54000,8,Essence,Automatique,160000,Monospace,2017
Peugeot,5008,88000,7,Essence,Automatique,38000,Autres,2022
Peugeot,2008,85000,7,Diesel,Automatique,118000,4 x 4,2021
Isuzu,D-MAX,122000,10,Diesel,Automatique,100000,4 x 4,2015
Peugeot,3008,37000,6,Diesel,Automatique,270000,Monospace,2011
Renault,Kadjar,75000,,Diesel,Manuelle,105000,,2020
Volkswagen,Polo,55000,,Essence,Manuelle,233000,,2020
Citroen,C4 Aircross,34000,4,Essence,Manuelle,116000,Compacte,2017
Hyundai,I 10,37000,4,Essence,Manuelle,107000,,2021
BMW,Serie 3,87000,7,Essence,Automatique,105257,Berline,2019
Mitsubishi,Pajero Sport,220000,15,Essence,Automatique,10000,4 x 4,2022
Jeep,Compass,100000,120,Diesel,Manuelle,32000,,2020
Volkswagen,Polo,37500,60,Essence,Manuelle,200000,Autres,2016
Citroen,Berlingo,27000,,Diesel,Manuelle,360,,2009
Nissan,Qashqai,53000,6,Diesel,Manuelle,205000,Autres,2018
Mercedes-Benz,Classe C,47500,11,Essence,Automatique,325,Autres,2007
Kia,Sportage,71000,8,Essence,Automatique,102000,Compacte,2017
Ford,Ranger,55000,7,Diesel,Manuelle,309000,4 x 4,2015
Kia,Sportage,70000,12,Essence,Automatique,90000,4 x 4,2014
Nissan,Micra,27000,5,Essence,Manuelle,170000,Compacte,2016
Citroen,Jumpy,65000,6,Diesel,Manuelle,128000,Autres,2021
Kia,Sportage,79000,9,Essence,Automatique,115000,4 x 4,2017
Dacia,Dokker,34000,5,Diesel,Manuelle,73000,Utilitaire,2022
Renault,Kadjar,60000,7,Essence,,89000,4 x 4,2018
Volkswagen,Polo,29500,,Essence,Manuelle,147500,Compacte,2012
Renault,Clio,39000,4,Essence,Manuelle,79000,Berline,2021
Chevrolet,Optra,25000,6,Essence,Manuelle,350,Berline,2006
Isuzu,Landwind,41000,10,Diesel,Automatique,700,Pick up,2003
Citroen,C5,28500,6,Diesel,Manuelle,230,Autres,2011
Peugeot,106,9500,4,Essence,Manuelle,,Autres,1995
Jeep,Compass,130900,7,Essence,Automatique,124000,4 x 4,2022
Seat,Leon,50000,6,Essence,Manuelle,200,Compacte,2018
Suzuki,Celerio,29700,4,Essence,Manuelle,129000,Compacte,2018
Peugeot,Bipper,30000,4,Diesel,Manuelle,347643,Autres,2011
Peugeot,3008,82000,,Diesel,Manuelle,138.000,,2021
Mercedes-Benz,Classe GLA,94000,12,Essence,Automatique,66000,Compacte,2018
Chevrolet,Aveo,25000,5,Essence,Manuelle,190000,Berline,2015
Fiat,500,39000,5,Essence,Manuelle,160000,Compacte,2014
Peugeot,308,51000,5,Diesel,Manuelle,145,Compacte,2021
Audi,Q3,98000,8,Essence,Automatique,71000,4 x 4,
Mercedes-Benz,Classe CLA,72000,8,Essence,Automatique,162000,Berline,2013
Ford,Ranger,10000,1.9,Diesel,Manuelle,300,Compacte,2010
Rover,45,8800,6,Diesel,Manuelle,12000,Berline,1997
BMW,Serie 3,11000,7,Essence,Manuelle,00,Berline,91
Fiat,500,22500,4,Essence,,200000,Autres,2009
Peugeot,206,17500,,Essence,Manuelle,192000,,2009
Ford,Fiesta,20000,5,Essence,Manuelle,180000,Compacte,2006
Volkswagen,Passat,46000,7,Essence,Automatique,180000,Berline,2018
Mitsubishi,L200,11000,10,Diesel,Manuelle,1111,Compacte,2013
Toyota,Hilux,70000,10,Diesel,Manuelle,220000,4 x 4,2008
Peugeot,Expert,52000,9,Diesel,Manuelle,150000,Compacte,2022
Renault,Megane,24000,6,Essence,Manuelle,180000,Compacte,2008
Mercedes-Benz,Classe C,75000,8,Essence,Automatique,253000,Berline,2016
Suzuki,Swift,42000,5,Essence,Automatique,61000,Berline,2021
Volkswagen,Golf,48000,5,Essence,Manuelle,130000,Berline,2015
Volkswagen,Passat,60000,10,Diesel,Manuelle,268,,2008
Chevrolet,Spark,25800,4,Essence,Manuelle,150.000,Compacte,2016
AC,Cobra,150000,23,Diesel,Manuelle,2464949,4 x 4,25
Isuzu,D-MAX,40000,20,Diesel,Manuelle,1000,Pick up,2011
Peugeot,208,39000,4,Essence,Automatique,45000,Compacte,2013
Mercedes-Benz,Classe ML,89500,11,Diesel,Automatique,267000,4 x 4,2011
Renault,Symbol,22000,5,Essence,Manuelle,300000,Berline,2010
BMW,Serie 1,35500,,Diesel,Manuelle,,,2010
Peugeot,3008,32500,6,Diesel,Manuelle,277000,Autres,2010
Mercedes-Benz,Classe C Coupe,58000,9,Essence,Automatique,150,Berline,2011
Nissan,X-Trail,29000,9,Diesel,Manuelle,320000,4 x 4,2005
Peugeot,208,31000,4,Essence,Manuelle,116000,Compacte,2019
Mercedes-Benz,Classe B,77000,5,Diesel,Manuelle,132500,Monospace,2018
Hyundai,Tucson,110000,10,Hybride essence,Automatique,99000,4 x 4,2021
Haval,H6,94000,8,Essence,Automatique,49800,4 x 4,2022
Volkswagen,Golf 3,17500,6,Essence,Manuelle,267,Autres,
Peugeot,205,8500,,Essence,Manuelle,300000,Berline,1986
Infiniti,finiti,95000,9,Diesel,Automatique,260000,Berline,2017
Fiat,Scudo,16000,5,Diesel,Manuelle,200000,Berline,20028
Opel,Astra,52000,8,Essence,Automatique,200,,2015
Toyota,Yaris,45000,5,Essence,Automatique,100000,Compacte,2022
Peugeot,206,22500,6,Essence,Manuelle,136000,Berline,2008
Seat,Ibiza,40300,4,Essence,Manuelle,110,Compacte,2018
BMW,X1,86000,8,Diesel,Automatique,92000,Berline,2016
Dacia,Logan,11000,5,Diesel,Manuelle,250000,Autres,2008
Opel,Astra,18000,5,Essence,Manuelle,325000,Autres,2005
BMW,X5,52000,15,Diesel,Automatique,380000,4 x 4,2007
Ssangyong,Tivoli,50000,7,Essence,Manuelle,124000,Autres,2017
Opel,Astra,18000,5,Essence,Manuelle,325000,Autres,2005
Audi,A3,37500,6,Diesel,Manuelle,300000,Autres,2010
Volkswagen,Caddy,17500,17500.0,Diesel,Manuelle,320000.0,Autres,2010.0
Mercedes-Benz,Classe A,52000,6,Essence,Manuelle,201000,Compacte,2015
Iveco,Daily,30000,8,Diesel,Manuelle,485000,Autres,2008
Chevrolet,Spark,28500,,Essence,Automatique,95000,,2012
Peugeot,406,15000,7,Essence,Manuelle,150,Berline,2002
Nissan,Qashqai,48000,,Diesel,Manuelle,290000,,2016
Peugeot,308,37000,6,Essence,Manuelle,125000,Berline,2019
Volkswagen,Jetta,49000,7,Essence,Automatique,180000,Berline,2017
Kia,Sportage,100000,8,Essence,Automatique,85000,Compacte,2021
BMW,Serie 3,140000,9,Essence,Automatique,73400,Berline,2021
Fiat,Grande Punto,28500,04,Essence,Automatique,,,2017
BMW,X3,185000,10,Diesel,Automatique,83000,4 x 4,18
Seat,Leon ST,59000,6,Essence,Manuelle,132000,Compacte,2020
Renault,Clio,27000,4,Diesel,Manuelle,327000,Compacte,2012
Citroen,Berlingo,40000,4,Diesel,Manuelle,120000,Berline,2015
Renault,Koleos,56000,7,Essence,Automatique,100000,Compacte,2020
Toyota,Previa,41000,14,Essence,Automatique,110000,Monospace,2012
Peugeot,106,13000,5,Essence,Manuelle,372893,Berline,1997
Kia,C'eed,91000,5,Hybride essence,Automatique,41000,,2021
Volkswagen,Tiguan,38000,12,Essence,Manuelle,184000,,2010
Nissan,Navara,51000,8,Diesel,Manuelle,180000,Pick up,2010
Fiat,Punto,19000,5,Essence,Manuelle,,Autres,2008
Nissan,Qashqai,87000,6,Diesel,Manuelle,52000,Berline,2021
Volkswagen,Golf,37000,,Diesel,Manuelle,40000,,2010
Renault,Clio,59000,5,Hybride essence,Automatique,130000,Compacte,2020
Kia,Rio,38000,6,Essence,Manuelle,111000,Berline,
Volkswagen,Tiguan,42000,11,Essence,Manuelle,158000,,2010
Mercedes-Benz,Classe E,58000,10,Diesel,Automatique,270000,Compacte,2009
Mercedes-Benz,Classe CLA,165000,,Essence,Automatique,62000,Berline,2021
Renault,Clio,13500,4,Diesel,Manuelle,437,Autres,2003
BMW,Serie 3 GT,53000,06,Diesel,Automatique,160000,Berline,2014
Volkswagen,Golf 6,34999,9,Essence,Manuelle,190000,Compacte,2009
Renault,Capture,11111,6,Essence,Manuelle,123000,Autres,2016
Kia,Rio,23000,6,Essence,Manuelle,,Berline,2011
Renault,Megane,53000,7,Essence,Manuelle,42000,Berline,2019
Citroen,Nemo,24000,5,Diesel,Manuelle,260,Utilitaire,2017
Citroen,C3,19500,05,Essence,Manuelle,230000,Compacte,2010
Audi,A3,64500,6,Diesel,Manuelle,209000,Compacte,2019
Hyundai,I 10,30500,,Essence,Manuelle,160000,Autres,2016
Fiat,Uno,123456,4,Essence,Manuelle,400000,Autres,1996
Rover,over.Range Rover Sport,149500,10,Diesel,Automatique,99000,Berline,2019
Renault,Clio,23500,4,Essence,Manuelle,356300,Berline,2003
Volkswagen,Golf 7,55000,6,Essence,Manuelle,188200,Compacte,2017
Mercedes-Benz,230,11111,,Diesel,Manuelle,,Autres,1988
Citroen,C3,23000,5,Essence,Manuelle,,Berline,2015
Audi,A1,83000,6,Essence,Automatique,35000,,2024
Peugeot,206,19500,10000,Essence,Automatique,240000,Compacte,2006
Renault,Clio,23000,5,Essence,Manuelle,279000,Berline,2006
Volkswagen,T-ROC,84500,6,Essence,Manuelle,95000,4 x 4,2023
MG,ZS,61999,7,Essence,Automatique,92000,,2020
Ssangyong,Tivoli,64000,6,Essence,Manuelle,60000,Autres,2022
Audi,A5,97000,8,Essence,Automatique,164000,Berline,2020
Seat,Leon,44900,6,Essence,Manuelle,158000,,2017
Nissan,Juke,34800,7,Essence,Manuelle,115,4 x 4,2013
Citroen,Berlingo,41000,110,Diesel,Manuelle,160000,Utilitaire,2018
Volkswagen,Polo,28000,5,Essence,Manuelle,149000,Berline,2011
Suzuki,Swift,39800,5,Essence,Manuelle,91,Compacte,2021
Ssangyong,Tivoli,64000,6,Essence,Manuelle,58000,Autres,2022
Mazda,CX-5,48000,9,Essence,Automatique,157000,4 x 4,2014
Hyundai,Creta,77000,7,Essence,Automatique,87000,Compacte,2020
Skoda,Fabia,42000,4,Essence,Manuelle,118.000,Compacte,2022
Volkswagen,Golf 8,65000,0000,Essence,Manuelle,108,Compacte,2018
BMW,Serie 1,29500,7.0,Essence,Manuelle,225000.0,Berline,2011.0
Mercedes-Benz,Classe GLE,12345,18,Diesel,Automatique,65000,Autres,2020
Nissan,Qashqai,55000,5,Essence,Manuelle,160000,Autres,2016
Kia,Rio,28000,6,Essence,Manuelle,197,Autres,2011
Mercedes-Benz,220,67997,8,Essence,Manuelle,208000,Berline,2014
Peugeot,Partner,41990,5,,Manuelle,289000,Utilitaire,2021
Volkswagen,Tiguan,87000,8,Diesel,Manuelle,232000,4 x 4,2017
Citroen,C35,38500,4,Essence,Manuelle,47740,Compacte,2020
Volvo,S80,50000,9,Diesel,Automatique,200000,Berline,2011
Citroen,Berlingo,48000,6,,,120000,,2020
Renault,Megane,24000,5,Diesel,Manuelle,200.000,Autres,2009
Kia,Sportage,119000,9,Essence,Automatique,99000,4 x 4,2017
Kia,Sportage,95000,7,Diesel,Automatique,87000,Berline,2020
Renault,Twingo,11800,5,Essence,Manuelle,300000,Autres,1994
Kia,Rio,46500,5,Essence,Manuelle,106000,Compacte,2018
Volkswagen,Passat,63000,,Essence,Manuelle,224000,Berline,2019
Ford,Focus,15000,7,Essence,Manuelle,,Berline,2003
Citroen,C15,9997,7,Diesel,Manuelle,500,Berline,2004
Volkswagen,Golf 7,62000,5,Essence,Manuelle,209000,Compacte,2017
Isuzu,D-MAX,100000,8,Diesel,Automatique,137000,4 x 4,2016
Volkswagen,Golf,37499,5,Essence,Manuelle,280,Compacte,2012
Volkswagen,Jetta,45000,7,Essence,Manuelle,199700,,2015
Peugeot,J9,82000,7,Diesel,Manuelle,19000,4 x 4,2024
Peugeot,208,28500,4,Essence,Manuelle,166000,Autres,2019
Chery,Tiggo,58900,9,Essence,Automatique,59000,Autres,2021
Autres,Autres,40000,1,Essence,Manuelle,1000,Autres,2025
Hyundai,I 20,59000,84,Essence,Manuelle,71000,Berline,2022
Chery,A5,34000,7,Essence,Manuelle,168000,Berline,2018
Suzuki,Celerio,37000,5,Essence,Manuelle,95000,Compacte,2022
Volkswagen,Caddy,49500,5,Diesel,Manuelle,75000,Utilitaire,2020
Opel,Astra,10000,5,Diesel,Manuelle,00000000,Autres,000
Opel,Astra,44500,136,Diesel,Manuelle,132314,Berline,2019
Renault,Capture,80000,6,Essence,Manuelle,9400,4 x 4,2023
Citroen,C5,35000,6,Diesel,Manuelle,317000,Berline,2011
Peugeot,207,20000,4,Diesel,Manuelle,460000,Compacte,2006
Mazda,6,31000,7,Diesel,Manuelle,260000,Berline,2010
Citroen,Berlingo,17800,7,Diesel,Manuelle,300,Utilitaire,2008
Renault,Megane,32500,6,Diesel,Manuelle,335000,Compacte,2010
Suzuki,Celerio,37000,5,Essence,Manuelle,151000,Berline,2023
Skoda,Fabia,81800,6,Essence,Manuelle,98000,Autres,2021
Renault,Scenic,10500,4,Hybride,Automatique,0,Berline,19999
Peugeot,3008,70000,,Diesel,Automatique,200,,2017
Renault,Clio,30500,5,Essence,Manuelle,230,Compacte,2014
Citroen,C4,69900,6,Diesel,Manuelle,142000,Berline,2022
Nissan,Patrol,44999,11,Diesel,Manuelle,200000,4 x 4,2003
Chery,QQ,23000,3,Essence,Manuelle,81500,Compacte,2020
BMW,Serie 5,209000,10,Hybride Diesel,Automatique,70000,Berline,2022
Volkswagen,Golf 8,115000,6,Hybride essence,Automatique,73000,Berline,2022
BMW,Serie 5,145000,10,Hybride essence,Automatique,140000,Berline,2021
Mercedes-Benz,Viano,30900,8,Diesel,Automatique,314000,Monospace,1988
Mitsubishi,Pajero,30000,9,Diesel,Manuelle,600000,4 x 4,2000
Mazda,3,55000,,Essence,Manuelle,171000,,2017
Hyundai,I 10,30000,5,Essence,Manuelle,115000,Berline,2015
Fiat,Tipo,40000,5,Essence,Manuelle,115000,Berline,2022
Peugeot,208,36000,5,Essence,Manuelle,110000,Compacte,2022
Peugeot,208,36000,5,Essence,Manuelle,126,Autres,2022
Volkswagen,Polo,14500,4,Essence,Manuelle,200,Autres,1999
Seat,Leon,38000,,Essence,Manuelle,161000,Compacte,2013
Citroen,C4,21000,5,Diesel,Manuelle,228900,Berline,2006
Opel,Corsa,9500,4,Essence,Manuelle,200,Autres,1999
Citroen,C3,38500,4,Essence,Automatique,160,Compacte,2017
Audi,Q7,37500,16,Diesel,Automatique,300,4 x 4,2009
Citroen,Jumpy,25000,5,Diesel,Manuelle,100000,Autres,2008
Volkswagen,Polo,33000,4,Essence,Manuelle,370000,Compacte,2018
Volkswagen,Tiguan,59000,12,Essence,Automatique,215000,4 x 4,2014
Skoda,Fabia,40000,4,Essence,Manuelle,170000,Berline,2021
Dacia,Duster,21000,5,Diesel,Manuelle,220000,Utilitaire,2013
Fiat,Doblo,27500,5,Diesel,Manuelle,146000,Utilitaire,2000
Renault,Clio,49000,5,Essence,Manuelle,100000,Compacte,2021
Volkswagen,Polo,40000,4,Essence,Manuelle,175000,,2020
Ford,ECOSPORT,74000,7,Essence,Manuelle,18000,Autres,2022
Citroen,C3,27498,5,Essence,Manuelle,156000,,2015
Mahindra,Hover,27000,05,Essence,Manuelle,111500,Berline,2018
Volkswagen,UP,38000,4,Essence,Manuelle,39000,Compacte,2019
Ford,Fiesta,22800,5,Essence,Manuelle,253000,,
Volkswagen,Touran,32500,8,Essence,Automatique,210000,Monospace,2005
Citroen,C3,20500,5,Essence,Manuelle,254000,Berline,2006
Citroen,C5,29000,6,Diesel,Manuelle,430000,Berline,122009
Audi,A7,275000,23,Essence,Automatique,63000,Berline,2019
Volkswagen,Polo,56000,5,Essence,Manuelle,83000,Berline,2020
Mahindra,Scorpion,28000,8,Diesel,Manuelle,30000000,Pick up,2014
Chevrolet,Optra,17000,1660,Essence,Manuelle,250000,Berline,2007
Renault,Kangoo,30000,4,Diesel,Manuelle,162000,Autres,2009
Volkswagen,Touran,80000,7,Diesel,Manuelle,260,Berline,2017
Infiniti,FX35,57000,20,Essence,Automatique,220,4 x 4,2009
Peugeot,406,18000,7,Essence,Manuelle,300,Berline,99
Peugeot,206,17700,06,Essence,Manuelle,190000,Autres,2009
Citroen,C3,48000,5,Diesel,Manuelle,106000,,2022
Citroen,C-Elysée,27500,5,Essence,Manuelle,136000,Monospace,2017
Suzuki,Celerio,35000,3,Essence,Manuelle,30000,Compacte,2021
Peugeot,301,25000,,Essence,Manuelle,170000,Berline,2014
Kia,Rio,44000,05,Essence,Manuelle,159000,Compacte,2022
Ford,Focus,31500,6,Essence,Manuelle,275000,Berline,2017
Volkswagen,Passat,43000,9,Essence,Manuelle,207000,Berline,2013
BMW,Serie 3,39500,6,Essence,Manuelle,244699,Berline,2011
Hyundai,I 10,47000,5,Essence,Manuelle,20000,Autres,2022
Fiat,Linea,9500,1111,Hybride Diesel,Manuelle,1111,Cabriolet,11111
Opel,Corsa,10700,4,Essence,Automatique,3333333,Compacte,1997
Mazda,CX-5,78000,9,Essence,Automatique,210000,4 x 4,2018
Mitsubishi,L200,25000,10,Diesel,Manuelle,,4 x 4,2001
Skoda,Octavia,57000,6,Essence,Automatique,135000,Berline,2021
Mahindra,Hover,34000,5,Essence,Manuelle,75623,Compacte,2023
Mercedes-Benz,Classe A,30000,6,Essence,Manuelle,109000,Compacte,2012
Hyundai,Trajet,27000,7,Essence,Manuelle,400000,Monospace,2005
Audi,Q5,55500,13,Essence,Automatique,190000,4 x 4,2010
Citroen,C-Elysée,30500,5,Essence,Manuelle,186000,Utilitaire,2015
Peugeot,208,29000,5,Essence,Manuelle,170000,Compacte,2014
BMW,X1,69000,7,Essence,Manuelle,69800,4 x 4,2016
Mercedes-Benz,Classe E,9999,10,Essence,Automatique,105,Compacte,2018
Peugeot,208,28500,5,Essence,Manuelle,141000,Compacte,2017
Renault,Clio,37000,4,Essence,Manuelle,37000,Compacte,2023
Chevrolet,Aveo,22500,5,Essence,Manuelle,250,Berline,2014
Suzuki,Celerio,30000,3,Essence,Manuelle,70000,Compacte,2019
Mercedes-Benz,Classe A,88000,,Essence,Automatique,87000,Compacte,2020
Fiat,Grande Punto,25000,4,Essence,Manuelle,200000,Compacte,2011
Ford,Fiesta,28500,5,Essence,Manuelle,123000,Compacte,2010
Volkswagen,Caddy,29000,7,Diesel,Manuelle,400000,Autres,2012
Renault,Clio,24000,5,Diesel,Manuelle,380000,Berline,2011
Citroen,Berlingo,123454,5,Diesel,Manuelle,304210,Utilitaire,2012
Chery,QQ,23000,4,Essence,Manuelle,81200,Compacte,2017
Fiat,Uno,8500,4,Essence,Manuelle,500000,Autres,2002
Volkswagen,Golf 6,41000,5,Diesel,Manuelle,225000,Berline,2011
Skoda,Fabia,44800,4,Essence,Manuelle,100000,Compacte,2022
Toyota,RAV 4,136000,9,Hybride,Automatique,71000,Autres,2022
Renault,Clio,13600,4,Diesel,Manuelle,430,Autres,2003
Ford,Ranger,25000,10,Diesel,Manuelle,,4 x 4,2008
Peugeot,301,13500,7,Diesel,Manuelle,800,Berline,2012
Ford,Mondeo,37000,9,Essence,Manuelle,193000,Berline,2013
Volkswagen,Golf 7,64000,6,Essence,Manuelle,129500,Compacte,2018
Volkswagen,Golf 2,9499,5,Essence,Manuelle,200,Autres,1990
Peugeot,207,25000,6,Essence,Manuelle,185,Cabriolet,2011
MG,3,35000,6,Essence,Manuelle,190000,Compacte,2019
Mercedes-Benz,Classe GLE,270000,,Essence,Automatique,81000,,2022
Peugeot,206,18500,6,Diesel,Automatique,150000,Compacte,2003
Hyundai,I 20,56500,5,Essence,Manuelle,87000,Compacte,2022
Seat,Ibiza,28000,4,Essence,Manuelle,218000,Compacte,2019
Toyota,C-HR,78000,6,Essence,Automatique,81000,,2020
Chevrolet,Cruze,38000,7,Essence,Manuelle,165.000,Berline,2018
Fiat,Fiorino,23000,5,Essence,Manuelle,300000,,2018
Volkswagen,Golf,113000,8,Hybride essence,Automatique,80000,Compacte,2021
Volkswagen,Golf,36700,6,Diesel,Manuelle,256018,Berline,2007
MG,ZS,60000,,,Manuelle,82000,,2021
Dacia,Dokker,40000,5,Essence,Manuelle,66000,Utilitaire,2021
Mercedes-Benz,Classe CLA,72500,7,Essence,Manuelle,135000,Berline,2014
Mercedes-Benz,Classe A,28000,6,Essence,Manuelle,195000,Compacte,2010
lancia,Ypsilon,29900,4,Essence,Manuelle,133000,Compacte,2011
BMW,Serie 3,69000,10,Essence,Automatique,137000,Berline,2013
Seat,Arosa,78000,6,Essence,Automatique,48835,Autres,2022
Fiat,Siena,12500,5,Essence,Manuelle,280,Autres,2004
Ford,Ka,27500,4,Essence,Manuelle,100000,Compacte,2016
Mercedes-Benz,220,14000,9,Diesel,Manuelle,500000,Utilitaire,1994
Volkswagen,Polo,43500,11111,Essence,Manuelle,280,Berline,2022
Kia,Sportage,105000,7,Hybride Diesel,Automatique,98000,4 x 4,2021
Peugeot,106,10000,0000,Essence,Manuelle,00000,Autres,1998
Ford,Focus,51000,7,Essence,Manuelle,70000,Compacte,2018
Dacia,Sandero,55000,,Essence,Manuelle,39200,Berline,2022
Kia,Picanto,35000,4,Essence,Manuelle,126000,Compacte,2018
Toyota,C-HR,87000,6,Essence,Automatique,40000,Compacte,2022
Volkswagen,Golf,92000,8,Essence,Manuelle,63000,Compacte,
Chery,Tiggo,58000,6,Essence,Automatique,110000,Autres,2022
Land Rover,Range Rover Evoque,120000,8,Diesel,Automatique,160,Autres,2018
Chery,Tiggo,58000,6,Essence,Automatique,110000,Autres,2022
BMW,X1,60000,9,Essence,Automatique,127000,Autres,2010
Mahindra,Hover,28000,5,Essence,Manuelle,92000,Compacte,2022
Chery,Tiggo,43000,6,Essence,Manuelle,41000,Monospace,2021
Opel,Corsa,11500,4,Essence,Manuelle,999,Autres,9999
BMW,Serie 1,58000,7,Essence,Automatique,140000,,2018
Jeep,Wrangler,59000,6,Essence,Manuelle,129000,4 x 4,2016
Citroen,C3,30000,5,Essence,Manuelle,190,Compacte,2018
Nissan,Micra,28000,,Essence,Manuelle,200700,,2017
Dongfeng,s50,55000,8,Essence,Manuelle,68000,4 x 4,2021
Citroen,C3,34000,1,Essence,Manuelle,130000,Utilitaire,2018
Audi,A8,170000,12,Hybride essence,,85000,Berline,
Volkswagen,Golf 7,69000,6,Essence,Manuelle,102282,Berline,2017
Mercedes-Benz,Classe E,25000,129,Diesel,Automatique,290,Autres,2005
Seat,Leon,60000,6,Essence,Manuelle,147,Compacte,2071
Fiat,Tipo,45000,5,Essence,Manuelle,108,Berline,2022
Toyota,RAV 4,25000,11,Essence,Manuelle,150000,4 x 4,1998
Mercedes-Benz,Classe C,45000,,Essence,Manuelle,274,,2009
Ford,Fiesta,22800,5,Essence,Manuelle,253041,Berline,2006
Toyota,Hi Ace,43000,,Diesel,Manuelle,630000,,2018
Volkswagen,Golf,55000,6,Essence,Manuelle,277000,Compacte,2017
MG,ZS,34000,7,Essence,Automatique,42500,4 x 4,2024
Toyota,Yaris Verso,27000,4,Essence,Manuelle,290,Compacte,2017
Citroen,C4 Picasso,25500,00000,Diesel,Automatique,400.000,4 x 4,2013
Volkswagen,Tiguan,72000,8,Diesel,Automatique,185,Autres,2014
Hyundai,I 20,39000,5,Essence,Manuelle,92000,Compacte,2021
Renault,Laguna,18000,6,Diesel,Manuelle,,Compacte,2002
Geely,GK-GL,51000,6,Essence,Automatique,950000,Berline,2022
Suzuki,Swift,50000,,Essence,Automatique,68000,,2024
Chery,QQ6,22500,000,Essence,Manuelle,79,Compacte,2020
Citroen,Berlingo,52500,,Diesel,Manuelle,70,,2023
Suzuki,Celerio,38000,,Essence,Manuelle,30000,Autres,2023
Toyota,Yaris,22500,4,Essence,Automatique,193,Compacte,2007
Chery,Tiggo,42000,6,Essence,Manuelle,88000,,2020
Autres,Autres,37000,6,Essence,Manuelle,119000,Autres,2017
Mercedes-Benz,Classe E,59000,9,Diesel,Automatique,351000,Berline,2010
Renault,Clio,9900,8,Diesel,Automatique,260000,Compacte,2003
Peugeot,301,38000,5,Essence,Manuelle,19500,Berline,2022
Kia,Cerato,43800,7,Essence,Automatique,148000,Berline,2017
Peugeot,206,14500,5,Essence,Automatique,370,Compacte,2000
Mercedes-Benz,Classe CLA,140000,8,Hybride essence,Automatique,78000,Berline,2021
Mercedes-Benz,Classe C,180000,11,Hybride essence,Automatique,138000,Berline,2022
Peugeot,208,38000,4,Essence,Manuelle,43000,Compacte,2022
Land Rover,Range Rover Evoque,100000,10,Diesel,Automatique,131000,4 x 4,2016
Fiat,Panda,29000,4,Essence,Manuelle,209000,,2015
Ford,Focus,36000,6,Essence,Manuelle,165000,Compacte,2016
Isuzu,D-MAX,22000,9,Diesel,Manuelle,300000,Utilitaire,1992
Skoda,Octavia,85000,8,Essence,Automatique,59000,Berline,2022
Renault,Clio,38800,5,Essence,Manuelle,102000,Compacte,2020
Citroen,C-Elysée,20500,5,Essence,Manuelle,310,Compacte,2015
Mahindra,Hover,36000,5,Essence,Manuelle,60000,Autres,2018
BMW,X1,188200,9,Essence,Automatique,3400,Autres,2025
Seat,Ibiza,29000,4,Essence,Manuelle,220000,Compacte,2019
Hyundai,Grand i10,45000,5,Essence,Manuelle,120000,Autres,2023
Peugeot,406,15000,7,Essence,Manuelle,,Berline,
Hyundai,Grand i10,35500,4,Essence,Automatique,123000,Compacte,2020
Dacia,Sandero,55000,,Essence,Manuelle,103735,,2021
Mercedes-Benz,Classe E,46000,10,Diesel,Automatique,500000,Berline,2007
Suzuki,Swift,39700,5,,Manuelle,63000,,2020
Peugeot,Partner,42500,4,Diesel,Manuelle,90000,Utilitaire,2020
Autres,Autres,22000,6,Diesel,Manuelle,200,Berline,2000
Peugeot,2008,75499,5,Essence,Manuelle,43000,Autres,2020
Mahindra,Hover,27000,05,Essence,Manuelle,111500,Berline,2018
Ford,Focus,35000,7,Essence,Manuelle,312000,Berline,2013
Kia,Picanto,40000,4,Essence,Automatique,100000,Autres,2021
Citroen,Saxo,11500,,,,,,1999
Geely,GK-GL,47000,6,Essence,Manuelle,73000,Autres,2021
Renault,Capture,64000,5,Essence,Manuelle,82000,Compacte,2020
Volkswagen,Golf,88000,6,Hybride essence,Automatique,65500,Compacte,2022
Volkswagen,Polo,53000,4,Essence,Manuelle,120000,Compacte,2022
Peugeot,208,38000,5,Diesel,Manuelle,180000,Compacte,2020
Kia,Ceed,90000,5,Hybride essence,Automatique,83000,Compacte,2022
Suzuki,Celerio,31999,4,,Manuelle,75000,,2019
Toyota,Prado,145000,11,Diesel,Manuelle,230000,4 x 4,2014
Toyota,Yaris,39000,4,Essence,Manuelle,162000,Compacte,2022
MG,ZS,57000,7,Essence,Manuelle,163500,4 x 4,2019
Citroen,Saxo,13000,5,Essence,Automatique,300000,Compacte,2002
Ssangyong,Tivoli,55000,,,Automatique,104,,2016
Citroen,C4 Aircross,63950,7,Essence,Manuelle,127039,Autres,2019
Citroen,C4 Cactus,44800,05,Essence,Automatique,86000,Compacte,2021
Mahindra,Scorpion,28500,5,Essence,Manuelle,100,Compacte,2022
BMW,Serie 1,34000,,Essence,Manuelle,180000,Compacte,2010
Seat,Ibiza,34000,5,Essence,Manuelle,190000,Compacte,2013
Opel,Mokka,25000,7,Essence,Automatique,16000,4 x 4,2025
Peugeot,308 SW,25000,7,Essence,Automatique,210000,Compacte,2009
Volkswagen,Golf 8,40000,5,Essence,Manuelle,250000,Compacte,2013
Honda,CR-V,96000,11,Essence,Automatique,123000,4 x 4,2019
Renault,Clio,21000,,Essence,Manuelle,215000,Autres,2003
Volkswagen,Golf,50000,,,,240,,2016
Peugeot,208,28000,4,Essence,Manuelle,38700,Berline,2019
Citroen,C3,19500,4,Essence,Manuelle,160000,Compacte,2006
Volkswagen,T-ROC,79200,6,Essence,Manuelle,85000,Autres,2021
BMW,Serie 3,75000,10,Essence,Automatique,110000,Berline,2012
Renault,Clio,21000,,Essence,Manuelle,215000,Autres,2003
Ford,Fusion,22500,5,Essence,Manuelle,0,Berline,2011
Volkswagen,Polo,19500,4,Essence,Manuelle,200,Berline,2001
Land Rover,Range Rover Sport,170000,16,Diesel,Automatique,173000,Pick up,2017
Peugeot,3008,65000,9,Essence,Automatique,74000,4 x 4,2018
Peugeot,3008,79000,7,Diesel,Manuelle,145000,Berline,2021
Citroen,C3,49000,5,Diesel,Manuelle,122000,Berline,2021
Kia,Picanto,39500,4,Essence,Manuelle,54000,Berline,2023
Volkswagen,Passat,50000,7,Essence,Manuelle,176000,Berline,2017
Citroen,C15,8500,,,,,Utilitaire,1997
Volkswagen,Golf 8,56000,6,Essence,Manuelle,151000,Compacte,2016
Citroen,C-Elysée,25000,5,Essence,Manuelle,126000,Berline,2013
Ford,Transit,20000,7,Diesel,Manuelle,400,Autres,2011
Ford,Fiesta,27000,5,Essence,Manuelle,180000,Compacte,2016
Dacia,Dokker,29000,6,Diesel,,98000,,2017
Dacia,Sandero,22500,5,Essence,Manuelle,328000,Berline,2010
Citroen,Berlingo,44000,,Diesel,Manuelle,186000,Utilitaire,
Ford,Kuga,62000,8,Essence,Manuelle,172000,,2019
Land Rover,Range Rover Sport,105000,8,Diesel,Automatique,1750000,4 x 4,2018
BMW,Serie 3,37500,11,Essence,Manuelle,300000,Berline,2003
Toyota,C-HR,69000,6,Essence,Automatique,117500,,2019
Mercedes-Benz,Classe CL,280000,9,Hybride essence,Automatique,12000,Berline,2024
Audi,A3,92000,6,Essence,Automatique,55000,Compacte,2022
MG,ZS,72000,7,Essence,Manuelle,24000,,2024
Renault,Grand Scenic,46000,1.5,Diesel,Automatique,207,Monospace,2014
Volkswagen,T-ROC,93999,6,Essence,Manuelle,30000,Autres,2022
Toyota,Hi Ace,27000,10,Diesel,Manuelle,580,Berline,2007
BMW,X3,175000,8,Diesel,Automatique,80000,Autres,2020
Chery,Tiggo,40000,6,Essence,Manuelle,120000,Autres,2021
Hyundai,Accent,33500,5,Essence,Manuelle,200000,Compacte,2017
Peugeot,3008,68000,7,Essence,Automatique,130000,Monospace,2021
Seat,Ibiza,30500,4,Essence,Manuelle,181000,Berline,2018
Volkswagen,T-ROC,94000,6,Essence,Automatique,14000,Compacte,2024
Volkswagen,Amarok,50000,8,Diesel,Manuelle,281000,Pick up,2012
Volkswagen,Golf Plus,75000,6,Diesel,Manuelle,251000,Compacte,2019
Mercedes-Benz,Classe CLA,139000,9,Essence,Automatique,68000,Autres,2022
Volkswagen,Polo,22800,5,Essence,Manuelle,200,Compacte,2007
Peugeot,308 SW,39000,6,Essence,Manuelle,134000,Compacte,2021
Mercedes-Benz,Classe A,61000,7,Essence,Manuelle,137000,Compacte,2013
BMW,Serie 1,62000,6,Essence,Manuelle,164000,Compacte,2016
Kia,Cerato,50000,7,Essence,Automatique,58000,Berline,2017
Fiat,Doblo,22000,8,Essence,Manuelle,272000,Utilitaire,2012
Opel,Corsa,25500,5,Essence,Manuelle,130,Autres,2017
Mercedes-Benz,Classe A,50000,6,Essence,Manuelle,243,Autres,213
Audi,A3,68000,6,Essence,Automatique,140000,Compacte,2018
Renault,Megane Cabriolet,28000,135,Diesel,Manuelle,100000,Cabriolet,
Hyundai,I 20,54500,5,Essence,Manuelle,66,Berline,2021
Citroen,Jumpy,57000,,Diesel,Manuelle,120000,Utilitaire,2021
Nissan,Patrol,45000,17,Diesel,Manuelle,273000,4 x 4,2001
Ford,Fusion,46997,9,Essence,Manuelle,243801,Berline,2016
Renault,Clio,9800,5,Essence,Manuelle,280,Utilitaire,1996
Renault,Clio,47000,5,Essence,Manuelle,70000,Berline,12.2020
Hyundai,Tucson,95000,7,Hybride essence,Automatique,110000,Berline,2020
Hyundai,I 20,49000,5,Essence,Automatique,65000,Compacte,2021
Peugeot,Partner,36000,5,Diesel,Manuelle,165000,Compacte,2020
Mercedes-Benz,210,28000,9,Essence,Manuelle,300000,Berline,1999
BMW,X1,90000,08,Diesel,Automatique,150000,Monospace,2019
Volkswagen,Polo,12500,5,Essence,Manuelle,200,Compacte,1997
Volkswagen,Tiguan,195500,,Essence,Automatique,19500,Autres,2025
Toyota,Yaris,40000,5,Essence,Manuelle,140000,Compacte,2016
Volkswagen,Golf 8,82000,6,Essence,Manuelle,110000,Compacte,2021
Renault,Clio,32000,5,Essence,Manuelle,200000,Berline,2014
Volkswagen,Jetta,37500,8,Essence,Automatique,240,Autres,2011
Renault,Clio,34000,5,Essence,Manuelle,175,Berline,2017
Nissan,Qashqai,65000,5,Diesel,Manuelle,200000,Compacte,2017
Hyundai,Tucson,45000,9,Diesel,Automatique,162000,Berline,2008
Toyota,Runner,36000,10,Diesel,Manuelle,300,4 x 4,1992
Mazda,2,40000,6,Essence,Manuelle,250,,2017
Seat,Ibiza,44900,4,Essence,Manuelle,112000,Compacte,2021
Volkswagen,Golf 7,48500,6,Essence,Automatique,220000,Compacte,2014
Fiat,Fiorino,24000,5,Diesel,Manuelle,208000,Utilitaire,2019
Volkswagen,Golf 8,92000,7,Essence,Manuelle,78500,,2020
Peugeot,207,25500,6,Essence,Automatique,270000,Compacte,2010
Peugeot,2008,50500,5,Essence,Manuelle,123000,Autres,2021
Ford,Ranger,160000,11,Diesel,Automatique,129000,4 x 4,2018
Mercedes-Benz,AMG GT,55000,11,Essence,Automatique,270000,Berline,2011
Mercedes-Benz,Classe A,67500,6,Essence,Automatique,154000,Compacte,2013
BMW,Serie 5,72000,10,Essence,Automatique,300000,Berline,2013
Volkswagen,Polo,46000,4,Essence,Manuelle,93000,Compacte,2022
Seat,Ibiza,34000,4,Essence,Manuelle,169400,Autres,2017
Ford,Ranger,15000,10,Diesel,Manuelle,300,Utilitaire,2009
Volkswagen,Golf,73000,06,Diesel,Automatique,169000,Compacte,2018
Renault,Clio,11111,,Essence,,213000,,2005
Volkswagen,Golf,41500,5,Essence,Manuelle,145000,Compacte,2013
Mercedes-Benz,Classe E,9999,10,Essence,Automatique,105,Compacte,2018
Ford,Fiesta,25000,4,Essence,Manuelle,134000,Compacte,2012
Hyundai,Tucson,44000,9,Diesel,Automatique,162000,Berline,2008
Hyundai,I 20,40000,5,Essence,Manuelle,155000,Compacte,2019
Citroen,C3,19800,4,Essence,Manuelle,160000,Compacte,2006
BMW,Serie 5,195000,10,Essence,Automatique,18000,Berline,2021
Seat,Ibiza,47000,4,Essence,Manuelle,190000,Autres,2018
Hyundai,Bayon,73000,5,Essence,Manuelle,25000,Berline,2022
Suzuki,Swift,32000,5,Essence,Manuelle,165000,Compacte,2017
Renault,Clio,40000,5,Essence,Manuelle,124000,Berline,2019
Mercedes-Benz,Classe E,67000,11,Essence,Automatique,270000,Berline,2011
Mitsubishi,Pajero,68000,11,Diesel,Automatique,451000,4 x 4,2003
Peugeot,Partner,20500,6,Diesel,Manuelle,600000,Utilitaire,2009
Nissan,X-Trail,37000,9,Diesel,Manuelle,180000,4 x 4,2013
Volvo,S60,22900,11,Essence,Automatique,210000,Berline,2010
Nissan,Micra,31500,5,Essence,Manuelle,123000,Cabriolet,2017
Peugeot,106,12700,04,Essence,Manuelle,310,Autres,1996
Renault,Symbol,22800,5,Essence,Manuelle,00,Berline,2013
Volkswagen,Golf,50000,5,Essence,Manuelle,139000,Berline,2017
Fiat,Doblo,26000,5,Diesel,Manuelle,182000,Utilitaire,2018
Mercedes-Benz,Classe E,137000,11,Essence,Automatique,150000,Berline,2018
Citroen,Berlingo,25000,6,Diesel,Manuelle,350,Autres,2014
Isuzu,D-MAX,64997,10,Diesel,Manuelle,222222,Berline,2008
Toyota,Hi Ace,15500,,Diesel,Manuelle,,,2004
Citroen,C4,35000,5,Essence,Manuelle,200,Berline,2015
Fiat,Panda,40000,5,Essence,Manuelle,97000,Compacte,2022
Honda,HR-V,57000,7,Essence,Manuelle,107540,Autres,2019
Suzuki,Swift,34000,5,Essence,Manuelle,175000,,2017
Volkswagen,Golf,60000,,Essence,Manuelle,,Compacte,2018
Volkswagen,Golf,36000,5,Essence,Manuelle,252000,Compacte,2010
Mercedes-Benz,Classe GLA,115000,8,Essence,Automatique,58000,Compacte,2016
Toyota,Yaris,36500,04,Essence,Manuelle,117000,Compacte,2017
Kia,Picanto,42000,4,Essence,Manuelle,40000,Compacte,2023
Volkswagen,Golf,41000,,Essence,Manuelle,298000,Compacte,2010
Hyundai,I 20,73000,5,Essence,Automatique,33000,Compacte,2023
Peugeot,208,30000,4,Essence,Manuelle,53000,Autres,2019
Peugeot,Partner,11111,8,Diesel,Manuelle,170000,4 x 4,2020
Citroen,DS,20000,6,Essence,Manuelle,20000,Compacte,70
Volkswagen,Transporter,15999,10,Diesel,Manuelle,200000,Autres,1998
Fiat,Grande Punto,21000,5,Essence,Manuelle,270,Compacte,2010
Seat,Ibiza,123456,5,Essence,Manuelle,53000,Berline,2021
Kia,Ceed,99000,9,Essence,Automatique,26000,Autres,2022
Fiat,Brava,25000,7,Essence,Automatique,1250002008,Berline,2008
Kia,Sorento,81500,8,Essence,Automatique,82000,Compacte,2021
Volkswagen,Passat,57500,7,Essence,Automatique,150,Berline,2017
wallyscar,IRIS,35000,4,Essence,Manuelle,80000,Cabriolet,2020
Renault,Clio,16500,4,Essence,Manuelle,230000,Compacte,1998
Volkswagen,Passat,16500,,Diesel,Manuelle,2,,2001
Peugeot,504,11000,9,Diesel,Manuelle,999999,Autres,1990
Hyundai,I 10,37000,5,Essence,Automatique,120,Berline,2019
Chevrolet,Aveo,19999,5,Essence,Manuelle,200000,Compacte,2010
MG,5,56000,7,Essence,Automatique,107000,Berline,2020
Volkswagen,Polo,38300,4,Essence,Manuelle,151,Compacte,2021
Seat,Ibiza,80000,6,Essence,Manuelle,19000,Berline,2023
Volkswagen,Polo,13500,5,Essence,Manuelle,29100000,Compacte,2002
Mitsubishi,L200,110000,180,Diesel,Manuelle,140000,Pick up,2018
Mazda,E2000,12500,9,Diesel,Manuelle,400000,Autres,2005
Land Rover,Range Rover Evoque,95000,8,Diesel,Automatique,167000,4 x 4,2018
Hyundai,Kona,90000,11,Essence,Automatique,88000,4 x 4,2022
Volkswagen,Golf,42500,5,Essence,Manuelle,199000,Berline,2013
Kia,Rio,42000,6,Essence,Automatique,160000,Pick up,2016
BMW,Serie 5,18500,11,Essence,Manuelle,30000,Cabriolet,1998
Citroen,C35,42000,4,Essence,Manuelle,80000,Compacte,2020
Peugeot,Partner,52000,5,Diesel,Manuelle,201000,Berline,2020
Honda,City,66600,6,Essence,Automatique,93000,Compacte,2021
Land Rover,Range Rover Sport,65000,32,Essence,Automatique,257000,4 x 4,2009
Skoda,Octavia,85000,6,Essence,Automatique,100000,Berline,
Citroen,DS,20000,6,Essence,Manuelle,20000,Compacte,1970
Mitsubishi,Outlander,48000,9,Essence,Manuelle,188000,4 x 4,2012
Kia,Sportage,54000,10,Essence,Automatique,230000,4 x 4,2014
MG,3,45000,7,Essence,Automatique,95000,Compacte,2021
Dacia,Logan MCV,40000,5,Essence,Manuelle,187000,Berline,2015
Fiat,Panda,24000,4,Essence,Manuelle,199,Autres,2004
Renault,Clio,60000,5,Essence,Manuelle,12000,Autres,2025
Volkswagen,Passat,47000,6,Diesel,Manuelle,225000,Compacte,2012
Mahindra,Scorpion,21000,8,Diesel,Manuelle,320,Pick up,
Peugeot,206,18000,4,Diesel,Manuelle,380000,Autres,2011
Opel,Antara,49000,11,Diesel,Automatique,152,4 x 4,2016
BMW,X6,85000,20,Diesel,Automatique,120000,4 x 4,2012
Fiat,Doblo,32500,6,Diesel,Manuelle,122000,Utilitaire,2019
Opel,Corsa,51000,5,Essence,Manuelle,67000,Compacte,2021
Peugeot,207,27000,6,Essence,Manuelle,122000,Berline,2008
Citroen,Jumpy,55000,6,Diesel,Manuelle,205000,Utilitaire,2022
Hyundai,I 20,55000,5,Essence,Automatique,167000,Compacte,2021
Hyundai,I 20,33000,6,Essence,Automatique,116000,Compacte,2013
Renault,Clio,12500,4,Diesel,Manuelle,300.000,Berline,2002
Volkswagen,Golf,57000,,,,57000,,
MG,HS,73000,9,Essence,Automatique,142000,,2022
Volkswagen,Caddy,70000,7,Diesel,Manuelle,24000,Utilitaire,2022
Kia,Rio,60000,,Essence,Manuelle,68000,Autres,2019
Citroen,AX,8500,4,Essence,,,,1991
Mercedes-Benz,Classe M,52000,13,Diesel,Automatique,215000,4 x 4,12.2005
Mercedes-Benz,Classe E,95500,10,Essence,Automatique,52500,Berline,2015
Cadillac,CTS,79000,18,Essence,Automatique,58000,Berline,2014
Peugeot,208,49000,,Diesel,Manuelle,52000,Berline,2021
Mercedes-Benz,Classe E,85000,7,Diesel,Automatique,232,Compacte,2014
Dongfeng,s50,39499,6,Essence,Automatique,24000,Berline,2019
Mercedes-Benz,Classe CLA,155000,9,Essence,Automatique,120000,Berline,2021
Kia,Rio,39800,5,Essence,Automatique,170000,Berline,2018
Kia,Sportage,75000,8,Essence,Automatique,143000,4 x 4,2020
Hyundai,Tucson,87000,7,Diesel,Automatique,105000,Berline,2021
Chevrolet,Optra,19500,5,Hybride essence,Manuelle,000000000,Berline,2006
Fiat,Doblo,21000,5,Diesel,Manuelle,245000,Utilitaire,2015
Peugeot,3008,72000,6,Diesel,Manuelle,112000,Berline,2021
Volkswagen,Polo,44697,4,Essence,,127000,,2019
Suzuki,SX4,53000,6,Essence,Automatique,72000,Berline,2020
Land Rover,Range Rover Sport,65000,32,Essence,Automatique,257000,4 x 4,2009
Kia,Sportage,84000,7,Essence,Automatique,60000,4 x 4,2022
Fiat,Doblo,28000,5,Diesel,Manuelle,12000,Utilitaire,
Peugeot,J9,78000,6,Diesel,Automatique,122000,4 x 4,2021
Peugeot,107,23500,,Essence,Manuelle,270,Compacte,2011
Volkswagen,Jetta,48000,7,Essence,Manuelle,222500,Berline,2016
MG,ZS,48999,7,Essence,Automatique,170000,,2019
Geely,GK-GL,51000,6,Essence,Automatique,72000,4 x 4,2021
Chery,Tiggo,46000,5,Essence,Automatique,54000,Compacte,2021
Renault,Megane,16000,,,Manuelle,,,
Volkswagen,Golf,59000,,Essence,Manuelle,175,Berline,2016
Mercedes-Benz,Classe E,48000,,Essence,Automatique,,,2011
Mercedes-Benz,Classe A,12345,8,Essence,Manuelle,60000,Compacte,2018
Chevrolet,Optra,160000,6,Essence,Automatique,222000,Compacte,2005
Chery,Tiggo,43000,6,Essence,Manuelle,100000,4 x 4,
Kia,Picanto,42000,5,Essence,Manuelle,99,Compacte,2024
Volkswagen,Golf,41000,,Essence,Manuelle,256000,Compacte,2012
Citroen,C3,14000,,Diesel,Manuelle,,,2013
Volkswagen,Amarok,42800,7,Diesel,Manuelle,226500,Autres,2011
Chery,Tiggo,53000,6,Essence,Automatique,28.000,Pick up,2021
Peugeot,301,22000,5,Essence,Manuelle,1,Berline,2013
Peugeot,3008,78000,6,Diesel,Automatique,139000,Berline,2020
Seat,Leon ST,41000,6,Essence,Manuelle,178500,Compacte,2016
Alfa Romeo,Gt,27000,9,Essence,Manuelle,243000,Autres,2008
Citroen,AX,9000,4,Essence,Manuelle,280000,Berline,1995
Renault,Clio,41000,4,Diesel,Manuelle,118000,Compacte,2019
Volkswagen,Polo,19500,4,Essence,Manuelle,246000,Compacte,2001
Volkswagen,Polo,19500,4,Essence,Manuelle,236000,Autres,2001
Citroen,C3,40000,4,Essence,Manuelle,121000,Berline,2018
Renault,Kangoo,19000,,Diesel,Manuelle,300000,,
Volkswagen,Golf 7,62000,5,Essence,Manuelle,151000,Compacte,2019
Mercedes-Benz,Classe C,57000,8,Diesel,Automatique,270000,Berline,2007
Peugeot,206+,24500,4,Essence,Manuelle,178000,Compacte,2012
Suzuki,Baleno,51000,6,Essence,Automatique,93000,Berline,2019
Fiat,Uno,12000,5,Essence,Manuelle,500,Berline,-2005
Renault,Clio,44500,4,Essence,Manuelle,140000,Compacte,2021
Peugeot,508,70000,6,Diesel,Automatique,140000,Berline,2020
Volkswagen,Polo,24000,5,Essence,Manuelle,228000,Autres,2007
Citroen,C-Elysée,25500,5,Essence,Manuelle,174000,Berline,2018
Ford,ECOSPORT,111111,,Essence,Manuelle,68000,,2017
Ford,Kuga,96000,8,Essence,Automatique,52000,4 x 4,2022
Volkswagen,Polo,33500,4,Essence,Manuelle,162,Compacte,2017
Opel,Corsa,25500,5.0,Essence,Manuelle,115000.0,Berline,2017.0
Kia,Rio,59000,5,Essence,Manuelle,47150,,2022
Opel,Corsa,25500,5,Essence,Manuelle,130,Autres,2017
Kia,Rio,62000,6,Essence,Automatique,1,Autres,2020
Mercedes-Benz,Classe E,33000,,,,240000,,2001
Audi,80,11000,5,Diesel,Manuelle,0000000,Berline,1986
Nissan,Qashqai,57000,6,Essence,Manuelle,198307,Autres,2015
Renault,Master,16500,8,Diesel,Manuelle,370000,Utilitaire,1998
Volkswagen,Golf 7,48500,5,Essence,Manuelle,217000,Compacte,2016
Volkswagen,Golf 8,66500,6,Diesel,Manuelle,128000,Compacte,2020
Hyundai,I 10,41000,0,Essence,Automatique,142000,Autres,2019
Ssangyong,Tivoli,51000,7,Essence,Manuelle,131,Autres,07062017
Suzuki,Alto,33000,0,Essence,Automatique,179000,Compacte,2019
Isuzu,D-MAX,55000,,Diesel,Manuelle,500000,Pick up,2014
Chery,Tiggo,58000,6,Essence,Automatique,29000,Berline,2022
Renault,Clio,51000,4,Diesel,Manuelle,116000,Berline,2020
Land Rover,Range Rover Sport,125000,8,Diesel,Automatique,300,Autres,2017
Audi,A4,52000,6,Diesel,Manuelle,220000,Berline,2013
Peugeot,2008,42500,5,Essence,Manuelle,160000,Autres,2017
Volkswagen,Golf 7,52000,6,Essence,Manuelle,87000,Compacte,2015
Chery,Tiggo,45000,5,Essence,Automatique,54000,Compacte,2021
Kia,Sportage,117400,8,Essence,Automatique,17080,Autres,2024
Kia,Picanto,42000,4,Essence,Manuelle,41000,Compacte,2023
Mercedes-Benz,220,250000,12,Diesel,Automatique,100000,Berline,2022
Hyundai,Grand i10,40000,5,Essence,Manuelle,87000,Berline,2023
Dacia,Dokker,26000,5,Diesel,Manuelle,250000,Autres,2018
Audi,Q7,60000,16,Diesel,Automatique,210000,4 x 4,2008
Peugeot,5008,38000,6,Diesel,Manuelle,188000,Berline,2011
Volkswagen,Polo,18800,4,Essence,Manuelle,216450,Compacte,2004
Mercedes-Benz,Classe C,39000,9,Essence,Automatique,370000,Compacte,2010
Peugeot,406,24500,8,Essence,Manuelle,300000,Berline,2006
Haval,H6,94500,8,Essence,Automatique,48000,,2022
Fiat,Punto,12200,4,Essence,Manuelle,30000,Utilitaire,2002
Mercedes-Benz,Vito,49000,8,Diesel,Manuelle,250000,Monospace,2004
Peugeot,4008,63000,8,Diesel,Manuelle,155600,Autres,2012
Suzuki,Vitara,67000,6,Essence,Automatique,64700,4 x 4,2018
Kia,Sportage,75000,7,Essence,Automatique,135000,Autres,2021
Opel,Corsa,25500,5,Essence,Manuelle,130,Autres,2015
Peugeot,208,39800,4,Essence,Manuelle,42000,Compacte,2023
Peugeot,Boxer,17500,7,Diesel,Manuelle,400,Autres,2006
Audi,A5,89999,8,Essence,Automatique,98947,Berline,2018
Opel,Corsa,55000,5,Essence,Manuelle,42500,Compacte,2022
Skoda,Octavia,83000,7,Essence,Manuelle,,Berline,2020
Suzuki,Swift,39800,5,Essence,Automatique,91,Compacte,2021
Volkswagen,Passat,30999,9,Diesel,Automatique,,,2007
Kia,Rio,57500,5,Essence,Manuelle,95000,Compacte,2021
Toyota,Hilux,250000,11,Diesel,Automatique,18000,4 x 4,2025
Volkswagen,Golf,43000,5,Essence,Manuelle,184000,Autres,2013
Volkswagen,Polo,12500,4,Essence,Manuelle,240,Compacte,1997
Ford,Fiesta,25000,5,Essence,Manuelle,208000,Berline,2009
BMW,Serie 5,72000,9,Essence,Automatique,258000,Berline,2017
Peugeot,508,49000,6,Diesel,Automatique,176000,Berline,2017
Volkswagen,Polo,9000,4,Essence,Manuelle,240,Compacte,1997
Toyota,Prado,118000,9,Diesel,Manuelle,287000,4 x 4,2010
Mazda,2,40000,6,Essence,Manuelle,114000,Berline,2017
Mercedes-Benz,Classe SLS,150000,15.0,Diesel,Automatique,230,Berline,2009
Citroen,Berlingo,43000,5,Diesel,Manuelle,255,Utilitaire,2013
Fiat,Tipo,43000,5,Essence,Manuelle,87000,Autres,2017
Peugeot,Partner,22222,4,Diesel,Manuelle,108650,Autres,2020
Audi,A3,75000,125,Essence,Automatique,95000,Berline,2015
Renault,Clio,45500,04,Essence,Manuelle,32000,Berline,2021
Mercedes-Benz,Classe C,48500,9,Essence,Automatique,221,Berline,2010
Mercedes-Benz,Classe E,130000,11,Hybride Diesel,Automatique,195000,Berline,2021
Peugeot,208,31000,4,Essence,Manuelle,121,Autres,2019
Peugeot,301,23000,5,Essence,Manuelle,162000,Autres,2013
Citroen,C3,35750,4,Essence,Manuelle,13000,Berline,2020
Dacia,Duster,11111,6,Diesel,Automatique,46000,Pick up,2024
Peugeot,205,9000,5,Diesel,Manuelle,200,Utilitaire,1995
Peugeot,206+,21500,4,Essence,Manuelle,182.000,Berline,10.2010
Volkswagen,Passat,28500,7,Essence,Manuelle,336000,Berline,2009
Kia,Rio,21500,7,Essence,Automatique,172.000,Autres,2002
Renault,Clio,31000,5,Essence,Manuelle,250000,Compacte,2017
Mahindra,Hover,56000,6,Essence,Manuelle,50000,Compacte,2023
Fiat,500X,53000,4,Hybride essence,Manuelle,79000,Compacte,2021
Volkswagen,Passat,32000,7,Essence,Manuelle,300000,Berline,2009
Mercedes-Benz,Classe GLC,155000,,Diesel,Automatique,150.000,,
MG,3,46000,6,Essence,Manuelle,78000,Compacte,2020
Peugeot,208,46800,5,Essence,Manuelle,73000,Autres,2022
Peugeot,308,48000,05,Diesel,Manuelle,153000,Berline,2016
BMW,Serie 1,50000,,,,,,
Ssangyong,Rexton,46000,,Diesel,Automatique,311000,,
Renault,Capture,47000,4,Diesel,Manuelle,200000,Compacte,2017
Peugeot,308,27500,5,Diesel,Manuelle,387000,Berline,2009
Volkswagen,Tiguan,36000,9,Essence,Manuelle,310,4 x 4,2009
Volkswagen,Passat,105000,6,Diesel,Automatique,59850,,
Changhe,Ideal,27000,1,Essence,Manuelle,312000,Utilitaire,2022
Volkswagen,Golf,49000,5,Essence,Manuelle,196000,,2017
BMW,X6,130000,48,Essence,Automatique,95000,Berline,2010
Honda,Civic,57000,9,Essence,Automatique,195000,Berline,2015
Ford,ECOSPORT,58000,7,Essence,Manuelle,37500,Monospace,2020
Peugeot,308,23800,6,Essence,Manuelle,317000,,2011
Kia,Picanto,31000,5,Essence,Automatique,138000,Compacte,2013
Volkswagen,Passat,29500,9,Essence,Automatique,306000,Berline,2011
Toyota,Corolla,77000,,Essence,Automatique,50000,Autres,2021
Isuzu,D-MAX,115000,00,Diesel,Manuelle,800,Autres,2026
Peugeot,306,9500,5,Diesel,Manuelle,,Berline,2002
Seat,Ibiza,32000,5,Essence,Manuelle,250000,Monospace,2014
Renault,Clio,19000,5,Essence,Manuelle,330000,Berline,2005
Citroen,Berlingo,65000,5,Diesel,Manuelle,192000,Compacte,2020
Hyundai,Creta,53000,7,Essence,Manuelle,,Monospace,2018
Peugeot,508,36000,9,Essence,Automatique,200000,,2013
Audi,Q5,100000,8,Diesel,Manuelle,160000,4 x 4,2016
Fiat,Tipo,51000,,Essence,Manuelle,70000,Berline,2021
Renault,Clio,14500,5,Essence,Manuelle,3000000,Autres,2003
Toyota,Corolla,135000,5,Hybride essence,Automatique,37500,Autres,2023
Volkswagen,Polo,27500,5,Essence,Manuelle,137,Compacte,2013
Jeep,Grand Cherokee,178000,20,Essence,Automatique,140000,4 x 4,2018
Citroen,Jumpy,62700,,Diesel,Manuelle,64200,,2021
Ssangyong,Tivoli,38000,7,Essence,Automatique,201,4 x 4,2017
Citroen,C3,35750,4,Essence,Manuelle,1000,Berline,2020
Volkswagen,Golf,60500,0000000,Essence,Automatique,117900,Autres,2020
Nissan,Micra,31500,,Essence,Manuelle,83700,,2019
Renault,Megane,59000,130,Diesel,Manuelle,102750,Berline,2010
Audi,A5,122000,8,Essence,Automatique,96000,Berline,2018
Peugeot,208,39500,4,Essence,Manuelle,41000,Compacte,2022
Audi,A4,30000,0000,Diesel,Manuelle,00000,Berline,2006
Seat,Leon,83000,6,Essence,Automatique,31000,4 x 4,2024
BYD,F3,45000,7.0,Essence,Manuelle,59000,4 x 4,02019
Volkswagen,Golf 7,48000,6,Essence,Automatique,200.000,Berline,2013
Ford,Fiesta,32500,5,Essence,Manuelle,179500,Compacte,2014
Peugeot,2008,42990,5,Essence,Manuelle,122000,Monospace,2018
Audi,Q5,42000,13,Essence,Automatique,230000,Autres,2012
Renault,Clio,16500,4,Essence,Manuelle,125000,Berline,2022
Renault,Clio,41500,4,Diesel,Manuelle,180,Compacte,2016
Geely,GK-GS,47000,6,Essence,Manuelle,83600,4 x 4,2021
Volkswagen,Golf 8,22000,5,Hybride,Manuelle,340000,Compacte,2002
Mercedes-Benz,Classe C,18500,12,Essence,Manuelle,230,Autres,2004
Ford,Maverick,25000,11,Diesel,Manuelle,430,4 x 4,1998
Mercedes-Benz,250,16500,9,Diesel,Manuelle,200000,Autres,1994
Peugeot,407 SW,25999,8,Diesel,Manuelle,325000,Autres,2007
Volkswagen,Transporter,16000,10,Diesel,Manuelle,0,Pick up,1998
Hyundai,I 20,29000,5,Essence,Manuelle,128000,,2014
Peugeot,206,25596,5,Essence,Manuelle,1,Autres,1
Kia,Rio,34500,5,Essence,Manuelle,202000,Berline,2014
Citroen,Berlingo,35000,5,Diesel,Manuelle,440000,Autres,2013
Ford,Fiesta,37000,00000,Essence,Manuelle,163,Autres,2007
Mitsubishi,Lancer,8500,,Essence,Manuelle,,,
Toyota,C-HR,69900,6,Essence,Automatique,174000,Autres,2020
Renault,Clio,42000,,Essence,Manuelle,125000,Compacte,2019
Geely,GK-GS,78000,10,Essence,Automatique,17000,Autres,2024
Volkswagen,Golf 8,127000,8,Hybride essence,Automatique,28000,Compacte,2024
Volkswagen,Polo,23000,5,Essence,,260000,,
Kia,Sportage,85000,7,Diesel,Automatique,290000,Pick up,2018
Peugeot,Partner,45000,,Diesel,Manuelle,165000,Utilitaire,2021
Suzuki,Swift,37000,5,Essence,Manuelle,140000,Utilitaire,2020
Ford,Fiesta,18500,5,Essence,Manuelle,255,Compacte,2009
Hyundai,I 10,32500,5,Essence,Automatique,200,Autres,2017
Volkswagen,Polo,13000,5,Essence,Manuelle,250000,Compacte,1998
Volkswagen,Golf,24500,5,Diesel,Manuelle,633000,,2004
Opel,Frontera,31000,9,Diesel,Manuelle,248000,4 x 4,2000
Suzuki,Baleno,34000,5,Essence,Automatique,99000,Berline,2018
Mahindra,Hover,25000,5,Essence,Manuelle,144000,Autres,2019
Hyundai,Ix 35,49000,11,Essence,Automatique,120000,4 x 4,2014
Isuzu,D-MAX,45000,10,Diesel,Manuelle,100000,Compacte,20000
Seat,Leon,45000,6,Essence,Manuelle,100000,,2015
Ssangyong,Actyon,36000,7,Diesel,Manuelle,300000,4 x 4,2013
Fiat,Punto,28200,5,Essence,Manuelle,120000,Berline,2012
Peugeot,3008,70000,,Essence,Automatique,118000,,
Mercedes-Benz,Classe M,59000,13,Diesel,Automatique,215000,4 x 4,12.2005
Peugeot,2008,37900,5,Essence,Manuelle,104000,Autres,2018
Toyota,Hi Ace,18000,5,Diesel,Manuelle,1,Autres,2010
Kia,Sportage,134900,10,Essence,Automatique,39000,4 x 4,2023
BMW,X5,297000,49,Essence,Automatique,70000,4 x 4,2016
Toyota,RAV 4,89900,9,Essence,Automatique,171000,4 x 4,2017
Ford,Fiesta,24000,5,Essence,Manuelle,290000,Utilitaire,2012
Citroen,C3,35750,4,Essence,Manuelle,1000,Berline,2020
Mercedes-Benz,Classe C,107000,6,Diesel,Automatique,98000,Berline,2016
Peugeot,RCZ,39900,9,Essence,Manuelle,92000,Compacte,2011
Fiat,Palio,10000,4,Essence,Manuelle,,Berline,2000
Fiat,Fiorino,28500,5,Diesel,Manuelle,127000,Utilitaire,2021
Nissan,Qashqai,45000,,Essence,Manuelle,,Compacte,
Fiat,Doblo,38500,4,Diesel,Manuelle,110000,Berline,2023
Volkswagen,Caddy,25000,5,Diesel,Manuelle,197,Autres,2012
Volkswagen,Passat CC,32500,9,Essence,Automatique,252000,Berline,2011
Fiat,Doblo,14500,,,Automatique,,,
Ford,Fiesta,38000,5,Essence,Manuelle,109000,Berline,2016
Peugeot,208,27000,,Essence,Manuelle,200.000,,2017
Opel,Corsa,9000,,,,,,
Renault,Kangoo,35000,5,Diesel,Manuelle,166000,Utilitaire,2020
Hyundai,I 10,25000,4,Essence,Manuelle,190000,Berline,2017
Toyota,Hi Ace,17000,10,Diesel,Manuelle,900000,Autres,2008
Renault,Fluence,33500,6,Diesel,Manuelle,180000,Berline,2013
Suzuki,Celerio,35000,4,Essence,Manuelle,75000,Compacte,2022
Peugeot,107,25500,4,Essence,Manuelle,140000,Berline,2011
Peugeot,306,11400,6,Diesel,Manuelle,99998,Autres,1999
Peugeot,301,24500,5,Essence,Manuelle,159000,Berline,2015
Citroen,C3,25000,,Essence,Manuelle,180000,Autres,2013
Fiat,Panda,26000,4,Essence,Manuelle,184000,Utilitaire,2012
Volkswagen,Tiguan,98000,8,Essence,Automatique,138000,Autres,2020
Citroen,C3,48000,82,Essence,Manuelle,96550,Berline,2021
Peugeot,301,24500,5,Essence,Manuelle,159000,Autres,2016
Fiat,Grande Punto,24500,4,Essence,Manuelle,173000,Berline,2011
Peugeot,3008,73000,,Diesel,Manuelle,167400,Monospace,2019
Fiat,Punto,24500,4,Essence,Manuelle,170000,Autres,2011
Volkswagen,Polo,68000,4,Essence,Manuelle,21150,Compacte,2022
Peugeot,3008,81000,6,Diesel,Automatique,145000,Autres,2020
Volkswagen,Polo,31500,7,Essence,Automatique,170,Autres,2006
Peugeot,301,25997,5,Essence,Manuelle,150,Berline,2015
Peugeot,106,11800,4,Essence,Manuelle,750,Compacte,1996
Ssangyong,Actyon,38500,7,Diesel,Manuelle,145000,,2014
Peugeot,208,54000,5,Essence,Manuelle,27000,Autres,2022
Volkswagen,Golf,30000,,Diesel,Manuelle,178000,,2009
Peugeot,2008,39000,5,Essence,Manuelle,125000,Autres,2017
Peugeot,206,21200,4,Essence,Manuelle,229000,Berline,2012
Kia,Cerato,45000,8,Essence,Automatique,200000,Berline,2014
Hyundai,I 20,28000,4,Essence,Manuelle,217,Compacte,2014
BMW,X3,32000,11,Diesel,Manuelle,400000,Berline,2008
Suzuki,Celerio,35000,4,Essence,Manuelle,75000,Compacte,2022
Renault,Symbol,29600,5,Essence,Manuelle,167000,,2013
Kia,Picanto,36500,4,Essence,Manuelle,74000,,2020
AC,GT 40,24900,10,Diesel,Manuelle,128,4 x 4,2000
MG,ZS,81997,7,Essence,Automatique,38000,,2023
Volkswagen,Polo,22500,5,Essence,Manuelle,272000,Berline,2010
wallyscar,IRIS,28000,6,Essence,Manuelle,124000,Autres,2017
Renault,Twingo,37000,4,Essence,Automatique,57000,Compacte,2023
Kia,Sportage,42000,11,Essence,Automatique,198264,4 x 4,2011
Mercedes-Benz,Classe GLC,255000,,Hybride Diesel,Automatique,40000,4 x 4,2020
Jeep,Commander,80000,8,Essence,Automatique,43755,Utilitaire,2020
Volkswagen,Transporter,33000,7,Diesel,Manuelle,560,Utilitaire,2014
Renault,Megane,23700,5,Diesel,Manuelle,,Berline,10
Audi,A4,39500,7,Essence,Manuelle,190000,Berline,2014
Suzuki,Celerio,35000,4,Essence,Manuelle,75000,Compacte,2022
Seat,Ibiza,29000,5,Essence,Manuelle,193500,Compacte,2014
Citroen,DS23,85000,165,Essence,Automatique,135000,Pick up,2020
AC,Seven,25500,7,Diesel,Manuelle,180,Pick up,2017
Peugeot,3008,70000,9,Essence,Automatique,133000,4 x 4,2018
Ford,Mondeo,41000,7.0,Essence,Manuelle,217000.0,,2015.0
Mercedes-Benz,210,18000,,Diesel,Manuelle,,,
Chery,Tiggo,69500,9,Essence,Automatique,67000,Autres,2023
Volkswagen,Caddy,38000,6,Diesel,Manuelle,224700,Utilitaire,2020
Opel,Corsa,13500,4,Essence,Manuelle,200,Autres,2000
Audi,Q3,78000,8,Essence,Automatique,142000,Autres,2017
Peugeot,308,28000,,Diesel,Manuelle,316000,Berline,2010
Audi,A4,36000,7,Essence,Manuelle,172000,Berline,2012
Hyundai,I 20,70500,4,Essence,Manuelle,11900,Compacte,2024
Mitsubishi,Lancer,22500,07,Essence,Manuelle,200000,Pick up,2004
Hyundai,I 10,48500,5,Essence,Automatique,16000,Compacte,2023
Peugeot,208,28000,5,Essence,Manuelle,141000,Berline,2016
Audi,Q5,68000,10,Diesel,Automatique,,4 x 4,2010
BMW,M3,16000,19,Essence,Manuelle,630841,Berline,1987
Alfa Romeo,Mito,21999,6,Essence,Manuelle,290000,Compacte,
Citroen,Berlingo,40000,5,Diesel,Manuelle,1780000,Utilitaire,2015
Chery,Tiggo,46000,6,Essence,Manuelle,46000,4 x 4,2020
Haval,jolion,90000,9,Essence,Automatique,60000,4 x 4,2022
Peugeot,308,21500,,,Manuelle,193000,,2009
Volkswagen,Golf,47000,5,Essence,Manuelle,250000,Compacte,2016
Volkswagen,Golf,83000,,Essence,Manuelle,,Compacte,
Seat,Ibiza,31000,5,Essence,Manuelle,120000,,2013
Mercedes-Benz,Classe E,54999,10,Diesel,Automatique,230895,Berline,2009
Volkswagen,Golf,89000,,Essence,Manuelle,,Compacte,2021
Mercedes-Benz,Classe C,140000,9,Diesel,Automatique,50701,Berline,2019
BMW,Serie 1,36000,7,Essence,Manuelle,182000,Compacte,2010
MG,ZS,55000,7,Essence,Manuelle,116000,Berline,2019
Kia,Sportage,67000,7,Essence,Manuelle,120000,Compacte,2017
Peugeot,207,23800,6,Essence,Manuelle,240000,Compacte,2010
Mercedes-Benz,Classe C,86000,6,Diesel,Automatique,177000,Berline,2016
Opel,Corsa,55000,5,Essence,Manuelle,86000,Compacte,2022
Peugeot,107,25500,4,Essence,Manuelle,140000,Berline,2011
Kia,Sportage,73000,11,Essence,Automatique,41000,4 x 4,2015
Hyundai,I 20,56500,5,Essence,Manuelle,87000,Berline,2021
Renault,Clio,39900,4,Essence,Manuelle,109000,Compacte,2017
Nissan,Juke,35000,6,Essence,Manuelle,48000,Compacte,2025
Porsche,Cayenne,95000,21,Essence,Automatique,125000,Compacte,2009
Ford,Focus,38000,6,Essence,Manuelle,138,Autres,2015
Volkswagen,Amarok,58500,8,Diesel,Manuelle,270,4 x 4,2012
Ford,Fiesta,14800,5,Essence,,150000,Compacte,2004
Citroen,C3,34000,82,Essence,Manuelle,74000,Compacte,2020
Citroen,DS3,25000,,Essence,Manuelle,,Compacte,
Peugeot,Partner,43000,5,Diesel,Manuelle,190000,Compacte,2018
Seat,Arosa,65000,6,Essence,Manuelle,52000,Utilitaire,2021
Smart,Crossblade,45000,4,Essence,Manuelle,53000,Berline,2014
Renault,Megane Estate,18000,4,Diesel,Manuelle,250000,Compacte,2222
Volkswagen,T-ROC,85000,6,Essence,Manuelle,103000,Compacte,2019
Renault,Clio,11111,5,Essence,Manuelle,126,Compacte,2021
Renault,Clio,56000,5,Essence,Manuelle,77000,Compacte,2022
Hyundai,I 20,45000,5,Essence,Manuelle,146188,Compacte,2019
Porsche,Cayenne,95000,21,Essence,Automatique,150000,4 x 4,2009
MG,HS,89000,9,Essence,Automatique,70000,Autres,2022
Kia,Rio,34500,5,Essence,Manuelle,135000,,2013
Hyundai,I 20,70500,4,Essence,Manuelle,11900,Compacte,2024
Toyota,Hi Ace,15000,97777644,Diesel,Manuelle,97777644,Autres,1999
Volkswagen,Polo,12121,4,Essence,Automatique,120000,Compacte,2022
Ford,ECOSPORT,62001,7,Essence,Automatique,77000,Autres,2021
Peugeot,207 CC,23000,95,Essence,Manuelle,261,Cabriolet,2011
Volkswagen,Golf,69000,,Essence,Manuelle,35000,,2018
Mahindra,Scorpion,27500,8,Diesel,Manuelle,100000,Pick up,2015
Ford,Fiesta,26500,5,Essence,Manuelle,0,Autres,2011
Volkswagen,Golf,85000,5,Essence,Automatique,124000,Compacte,2021
Volkswagen,Polo,29000,5,Essence,Manuelle,230000,Compacte,2011
Mercedes-Benz,Classe C,28000,11,Essence,Manuelle,324000,Berline,2003
Renault,Clio,22000,5,Essence,Manuelle,220,Autres,2005
Opel,Agila,15500,5,Essence,Manuelle,180000,Compacte,2002
Volkswagen,Golf 7,67000,8,Essence,Manuelle,179000,Berline,2018
mini,Cooper,57000,7,Essence,Manuelle,150000,Autres,2014
MG,5,43497,6,Essence,Manuelle,72000,Berline,2020
Peugeot,407,22000,6,Diesel,Manuelle,,Compacte,2006
Ford,Fiesta,25000,5,Essence,Manuelle,194000,4 x 4,2012
Volkswagen,Amarok,57000,8,Diesel,Manuelle,,,2011
Hyundai,Elantra,46000,7,Essence,Manuelle,216466,Berline,2015
Isuzu,D-MAX,120000,8,Diesel,Manuelle,220,4 x 4,2020
Mitsubishi,Lancer,22500,7,Essence,Manuelle,200000,Pick up,2004
Mitsubishi,Lancer,22500,7,Essence,Manuelle,200,Berline,2004
Volkswagen,Passat,52000,7,Essence,Manuelle,198000,Berline,2016
Peugeot,208,35500,5,Essence,Manuelle,99000,Autres,2022
Citroen,Jumpy,55000,7,Diesel,Manuelle,247000,Autres,2017
Dacia,Sandero,43000,6,Essence,Manuelle,144,Berline,2019
Kia,Rio,43000,4,Essence,Manuelle,116000,Compacte,2017
Volkswagen,Passat,35000,7,Essence,Manuelle,360000,Berline,2010
Volkswagen,Golf 7,70000,,Diesel,Manuelle,99641,,2019
Audi,A3,52000,5,Essence,Manuelle,320000,Autres,2014
Ford,ECOSPORT,111111,,Essence,Manuelle,68000,,2017
Kia,Sportage,12345,7,Diesel,Automatique,108000,Berline,2021
Renault,Clio,34900,5,Essence,Manuelle,130000,Compacte,2022
Chery,Tiggo,39000,6,Essence,Manuelle,77000,Berline,2020
Kia,Rio,36000,5,Essence,Automatique,148000,Berline,2013
Nissan,Juke,35000,6,Essence,Manuelle,48000,Compacte,2025
Volkswagen,Tiguan,67000,9,Essence,Automatique,215000,Monospace,2014
Hyundai,I 20,53000,5,Essence,Manuelle,62000,Compacte,2022
BMW,Serie 7,140000,31,Essence,Automatique,117000,Berline,2011
Citroen,C3,21700,4,Essence,Manuelle,185000,Compacte,2006
Volkswagen,Golf,48000,5,Essence,Manuelle,234500,Compacte,2011
Ssangyong,Tivoli,52000,7,Essence,Manuelle,59000,,2018
Volkswagen,Passat CC,34500,09,Essence,Automatique,186000,Compacte,2012
Ford,Escort,53000,7,Essence,Manuelle,56000,Pick up,2018
BMW,Serie 5,60000,9,Essence,Automatique,277000,,
Peugeot,508,28000,07,Essence,Automatique,590000,,
Citroen,Berlingo,44000,4,Diesel,Manuelle,160.000,Utilitaire,2021
Acura,TSX,47500,5,Essence,Manuelle,59000,Compacte,2024
Nissan,Juke,35000,6,Essence,Manuelle,48000,Compacte,2025
Peugeot,208,31500,,Essence,Manuelle,105000,,2020
Isuzu,D-MAX,111000,9,Diesel,Manuelle,3000,Pick up,2025
BMW,Serie 5,14500,11,Essence,Manuelle,250000,Berline,1991
Peugeot,3008,35000,7,Essence,Manuelle,157000,Autres,2012
Audi,A3,52000,5,Essence,Manuelle,322000,Compacte,2014
Kia,Sorento,57000,12,Diesel,Automatique,210000,4 x 4,2011
Mahindra,Hover,29000,5,Essence,Manuelle,94000,,2019
Geely,GK-GS,80000,10,Essence,Automatique,17.000,Autres,2024
Volkswagen,Fox,8300,5,Essence,Manuelle,0,Monospace,1995
Toyota,C-HR,88000,6,Essence,Automatique,50250,4 x 4,20202021
Dongfeng,s50,35500,6,Essence,Manuelle,95000,Berline,2019
Ford,Fiesta,29700,5,Essence,Manuelle,158000,Autres,2014
Volkswagen,Golf 8,70000,6,Diesel,Automatique,176,Autres,2019
Ford,Fiesta,18500,5,Essence,Manuelle,222,Compacte,2008
Peugeot,207,24500,6,Essence,Manuelle,247000,Autres,2006
Volkswagen,Golf,44200,5,Essence,Manuelle,170000,,2013
Autres,Autres,23000,7,Essence,Manuelle,110000,4 x 4,2018
Renault,Clio,44000,4,Essence,Manuelle,75000,Autres,2020
Audi,A3,42000,8,Diesel,Automatique,229000,Autres,2010
Audi,A3,39500,6,Essence,Manuelle,213,Compacte,2010
Volkswagen,Polo,49500,4,Essence,Manuelle,118000,Compacte,2022
Kia,Picanto,37000,,Essence,Manuelle,28000,,2021
Renault,Express,16000,5,Diesel,Manuelle,66000,Utilitaire,2024
Hyundai,Grand i10,32000,5,Essence,Manuelle,338000,,2018
Suzuki,Wagon R,49500,6,Essence,Automatique,153000,Monospace,2021
Chery,QQ,26000,4,Essence,Manuelle,43000,Compacte,2022
Ford,Focus,39000,6,Essence,Manuelle,120000,Berline,
Volkswagen,Golf,15000,8,Essence,Manuelle,240000,Compacte,1994
Ford,Fiesta,26800,5,Essence,Manuelle,184000,Autres,2012
Mercedes-Benz,E Coupé,172000,10,Essence,Automatique,91000,Berline,2018
Mercedes-Benz,Classe A,90000,7,Diesel,Automatique,79214,Berline,2017
Audi,A4,35900,7,Essence,Manuelle,298000,Berline,2011
BMW,Serie 3,74000,,Diesel,Automatique,105000,Berline,2017
Citroen,C5,15900,,Diesel,Manuelle,,,2007
Peugeot,301,23000,1199,Essence,Manuelle,160000,Compacte,2016
Opel,Corsa,30500,5,Essence,Manuelle,127000,Compacte,2017
BMW,M5,18300,10,Diesel,Automatique,323,Berline,1999
Suzuki,Celerio,41000,4,Essence,Manuelle,32000,Autres,2023
Citroen,C5,15900,,Diesel,Manuelle,,,2007
Citroen,Berlingo,50000,5,Diesel,Manuelle,120000,Utilitaire,2021
Peugeot,508,30000,7,Essence,Automatique,170000,Berline,2013
Volkswagen,Passat,112000,8,Hybride essence,Automatique,93000,Berline,2020
Fiat,Doblo,35000,,Diesel,Manuelle,110724,Utilitaire,2020
Seat,Ibiza,36000,4,Essence,Manuelle,145,,2017
Kia,Carens,42000,7,Essence,Automatique,183000,Berline,2016
Volkswagen,Golf 6,38000,7,Essence,Manuelle,2900000,Berline,2010
Citroen,C3,23000,5,Essence,Manuelle,234000,,2008
Kia,Rio,52000,5,Essence,Manuelle,162000,Berline,2020
Hyundai,I 10,38500,5,Essence,Manuelle,129,Compacte,2021
Kia,Sorento,57000,12,Diesel,Automatique,210000,4 x 4,2011
MG,ZS,47500,5,Essence,Manuelle,59000,Compacte,2024
Peugeot,508,90000,6,Essence,Automatique,140000,Berline,2020
Kia,Sportage,140000,10,Essence,Automatique,31000,Autres,2023
Kia,Picanto,37999,5,Essence,Automatique,92000,,2015
Volkswagen,Golf 8,111000,8,Essence,Automatique,34000,Berline,2021
Peugeot,2008,56000,6,Essence,Manuelle,106000,Autres,2020
MG,ZS,56000,7,Essence,Manuelle,79500,Berline,2020
Renault,Twingo,23500,,Essence,Manuelle,198000,Compacte,2014
Isuzu,D-MAX,45000,10,Diesel,Manuelle,500000,Compacte,2007
Opel,Corsa,30500,5,Essence,Manuelle,170000,Berline,2017
Volkswagen,Polo,10500,5,Essence,Manuelle,,,
Haval,H6,94500,8,Essence,Automatique,49800,4 x 4,2022
Citroen,Berlingo,19000,7,Diesel,Manuelle,999,Berline,2010
Renault,Capture,37800,,Essence,Manuelle,270000,,2014
Autres,Autres,31800,6,Essence,Manuelle,97000,Compacte,2021
Fiat,Fiorino,39000,5,Diesel,Manuelle,40000,Utilitaire,2021
Fiat,Doblo,18000,5,Diesel,Manuelle,00,Utilitaire,2012
Suzuki,Celerio,32000,4,Essence,Manuelle,95000,Compacte,2019
Ford,Focus,79000,7,Essence,Automatique,33000,Berline,2023
Mazda,BT-50,37000,,Diesel,Manuelle,500000,Pick up,2011
Renault,Clio,31500,5,Essence,Automatique,190,Utilitaire,2011
Autres,Autres,37000,11,Essence,Manuelle,57000,4 x 4,2009
Ford,Fiesta,18500,5,Essence,Manuelle,225,Compacte,2008
Hyundai,Tucson,110000,7,Hybride Diesel,Automatique,62400,Compacte,2021
Kia,Rio,61000,5,Essence,Manuelle,80000,,2021
Volkswagen,Golf 7,74000,5,Essence,Manuelle,125000,,2018
Fiat,Grande Punto,24000,5,Essence,Manuelle,270000,Compacte,2005
Isuzu,D-MAX,58000,8,Diesel,Manuelle,310,Pick up,2016
Peugeot,Bipper,75000,7,Diesel,Manuelle,90000,Autres,2022
Citroen,Berlingo,35000,5,Diesel,Manuelle,380,Autres,2010
Peugeot,2008,62000,4,Essence,Automatique,42000,Autres,2021
Land Rover,Range Rover Evoque,84000,15,Essence,Automatique,152000,4 x 4,2014
Ssangyong,Rexton,56000,11,Diesel,Automatique,200000,4 x 4,2012
Kia,Cerato,50600,8,Essence,Automatique,112000,Berline,2017
Fiat,Doblo,21500,5,Diesel,Manuelle,245000,Utilitaire,2015
Nissan,Qashqai,60000,6,Essence,Automatique,147000,Berline,2017
Kia,Picanto,42800,5,Essence,Automatique,78000,Compacte,2021
Nissan,Micra,28200,5,Essence,Manuelle,189000,Compacte,2016
Alfa Romeo,Giulietta,35000,7,Essence,Manuelle,251000,Autres,2011
Chery,Tiggo,90000,9,Essence,Automatique,24000,,2022
Kia,Picanto,32000,5,Essence,Manuelle,180000,Compacte,2015
Citroen,C-Elysée,25000,5,Essence,Manuelle,300000,Autres,2015
Volkswagen,Golf 7,56000,6,Essence,Automatique,180000,Compacte,2020
Fiat,Doblo,30000,5,Diesel,Manuelle,11000,Utilitaire,2025
MG,ZS,58000,5,Essence,Manuelle,98000,Autres,2021
Kia,Rio,48000,5,Essence,Manuelle,127,Compacte,2020
Renault,Clio,42000,5,Essence,Manuelle,140,Berline,2021
Volkswagen,Golf 8,78000,6,Essence,Manuelle,106000,Berline,2021
Peugeot,Partner,42000,155,Diesel,Manuelle,212.278,Berline,2017
Renault,Kadjar,60000,7,Essence,Manuelle,152000,4 x 4,2018
Fiat,Fiorino,43000,5,Diesel,Manuelle,44000,,2024
Citroen,Berlingo,45000,75,Diesel,Manuelle,196500,Utilitaire,2021
Mercedes-Benz,Classe CLA,123000,180,Essence,Automatique,80000,Berline,2020
Volkswagen,Passat,37500,6,Diesel,Manuelle,280,Monospace,2008
Peugeot,308,41000,6,Essence,Manuelle,123000,Autres,2019
Hyundai,I 10,39500,5,Essence,Manuelle,139,Compacte,2021
Peugeot,208,29000,5,Essence,Manuelle,44000,,2018
Kia,Sportage,76000,8,Essence,Automatique,140000,Autres,2018
Renault,Symbol,30000,6,Essence,Manuelle,207,Berline,2011
Seat,Ibiza,32500,4,Essence,Manuelle,170000,Autres,2016
Ford,Ranger,50000,8,Diesel,Manuelle,220000,4 x 4,2013
Peugeot,Boxer,20000,7,Diesel,Manuelle,250,Utilitaire,2008
Chevrolet,Spark,33500,9,Essence,Automatique,40373,Compacte,2012
Volkswagen,Golf 6,37000,7,Essence,Manuelle,225000,Compacte,2009
Opel,Corsa,9800,,Essence,Manuelle,0000000,Compacte,
BMW,Serie 5,199000,,Essence,Automatique,,Berline,2020
Volkswagen,Golf,13499,6,Diesel,Manuelle,510000,,1984
Suzuki,Celerio,37000,,Essence,Manuelle,95000,,2022
Ford,F150,160000,32,Essence,Automatique,140000,Pick up,2017
Peugeot,308 SW,36000,6,Essence,Manuelle,105,Berline,2018
Citroen,Berlingo,41900,5,Diesel,Manuelle,220600,Utilitaire,2018
Peugeot,Boxer,60000,7,Diesel,Manuelle,83649,Autres,2019
Hyundai,Tucson,87000,9,Essence,Automatique,140000,Berline,2019
Citroen,C-Elysée,24000,65,Essence,Manuelle,160000,Autres,2014
Ford,Fiesta,21000,5,Essence,Manuelle,132000,Berline,2009
Hummer,H3,65000,19,Essence,Automatique,106000,4 x 4,2010
Mercedes-Benz,Classe GLC,175000,,Diesel,Automatique,116000,4 x 4,2020
Hyundai,Tucson,99000,-10,Essence,Automatique,120000,Utilitaire,-2022
Peugeot,208,31700,5,Essence,Manuelle,79000,Compacte,2017
Volkswagen,Golf,43000,,Essence,Manuelle,250000,,2012
Peugeot,206,17500,6,Essence,Manuelle,320,Autres,2008
Chery,Tiggo,91998,11,Essence,Automatique,12000,4 x 4,2023
Volkswagen,Tiguan,120000,115,Diesel,Manuelle,140000,Berline,2018
Mitsubishi,L200,38000,10,Diesel,Manuelle,000000,4 x 4,2008
Kia,Cerato,27500,7,Essence,Manuelle,164,,2010
Kia,Sportage,99999,11,Diesel,Automatique,97000,,2019
Toyota,Yaris,60000,6,Essence,Manuelle,42000,Compacte,2021
Volkswagen,Tiguan,29999,7,Essence,Manuelle,230000,4 x 4,2007
Peugeot,2008,33000,5,Essence,Manuelle,240,Berline,2014
Volkswagen,T-ROC,160000,19,Essence,Automatique,90000,4 x 4,2020
Chery,Tiggo,40000,6,Essence,Manuelle,88500,Autres,2020
Chery,Tiggo,47500,6,Essence,Manuelle,45000,4 x 4,2020
Suzuki,Swift,41500,5,Essence,Manuelle,76000,Compacte,2020
Citroen,C5,88000,7,Essence,Manuelle,144000,4 x 4,2020
Kia,Sportage,77000,8,Essence,Automatique,161000,Compacte,2020
Volkswagen,Touareg,220000,18,Diesel,Automatique,63000,4 x 4,2019
Fiat,Doblo,32500,5,Diesel,Manuelle,110000,Utilitaire,2020
Peugeot,206,18500,6,Essence,Manuelle,265000,Berline,2007
Peugeot,308,11111,5,Diesel,Automatique,158,Berline,2021
Renault,Master,32000,1.6,Essence,Automatique,172000,4 x 4,2015
Volkswagen,Golf 4,22500,05,Diesel,Manuelle,384,Berline,2002
Citroen,Saxo,9400,4,Essence,Manuelle,400,Autres,2001
Volkswagen,Caddy,50000,6,Diesel,Automatique,,Autres,11
Citroen,Nemo,22000,1.3,Diesel,Manuelle,210,Pick up,2017
Kia,Sportage,72000,8,Essence,Automatique,151000,Autres,2016
Ford,Focus,40500,6,Diesel,Manuelle,219000,Berline,2014
Fiat,Punto,12500,,Diesel,Manuelle,,,
Peugeot,3008,87000,7,Essence,Automatique,75.500,Autres,2020
Ssangyong,Tivoli,48000,8,Essence,Automatique,196000,Autres,2018
Chery,QQ,27200,4,Essence,Manuelle,16400,Compacte,2020
Volkswagen,Golf 7,47000,5,Essence,Manuelle,226000,Compacte,2012
Toyota,Hi Ace,52000,9,Diesel,Manuelle,558974,Utilitaire,2019
BMW,Serie 3,24500,7,Essence,Manuelle,376000,Berline,2000
Volkswagen,Golf 7,47500,5,Essence,Manuelle,147000,Autres,2013
Ford,Focus,24000,6,Essence,Manuelle,366000,Compacte,2009
Renault,Symbol,23999,5,Essence,Manuelle,000000,Autres,2010
Fiat,Fiorino,27000,1.3,Diesel,Manuelle,200000,Berline,2018
Mazda,6,43000,8,Essence,Manuelle,200000,Berline,2017
Autres,Autres,37000,11,Essence,Manuelle,57000,4 x 4,2009
Seat,Ibiza,47000,4,Essence,Manuelle,72000,Compacte,2021
Citroen,Nemo,30000,6.0,Diesel,Manuelle,152000,Compacte,2016.0
Citroen,C3,26000,4,Essence,Manuelle,165,Autres,2014
Volkswagen,Golf,115000,2,Essence,Automatique,85000,Compacte,2022
Citroen,DS3,33500,5,Essence,Manuelle,117000,Compacte,2015
Peugeot,206+,24600,,Essence,Manuelle,169000,,2012
Volkswagen,Golf 6,38500,130,Diesel,Automatique,330000,Compacte,2011
Hyundai,I 20,58500,5,Essence,Manuelle,58000,,2022
BYD,F3,94999,11,Essence,Automatique,20000,4 x 4,2023
Ford,Maverick,25000,11,Diesel,Manuelle,403000,4 x 4,1998
Volkswagen,Golf,44000,,Diesel,Manuelle,,,2013
BMW,M,35000,,Essence,,150000,,2012
Dacia,Logan,14500,6,Diesel,Manuelle,,,2012
Toyota,Hi Ace,34998,10,Diesel,Manuelle,300000,Utilitaire,2013
Ssangyong,Tivoli,58000,7,Essence,Manuelle,156000,Berline,2019
Audi,A4,75000,8,Essence,Automatique,196000,Berline,2018
Citroen,C3,42000,4,Essence,Manuelle,50000,Compacte,2020
Peugeot,308,119000,7,Hybride essence,Automatique,12000,Compacte,2024
Audi,A4,62000,8,Essence,Manuelle,190000,Berline,2016
Audi,Q3,140000,9,Essence,Automatique,59000,Compacte,2021
Volkswagen,Golf,48000,5,Essence,Manuelle,234500,Compacte,2011
Citroen,Berlingo,73500,5,Diesel,Manuelle,111000,Autres,2021
Dongfeng,s50,38000,6,Essence,Manuelle,93300,Berline,2019
Mercedes-Benz,Classe A,129000,8,Essence,Automatique,50000,Berline,2021
Peugeot,208,40000,68,Diesel,Manuelle,,Compacte,2014
Kia,Rio,59900,5,Essence,Manuelle,78000,Compacte,2021
Audi,A4,75000,,Essence,Manuelle,183000,,2018
Kia,Sportage,69000,,Essence,Automatique,38000,,2016
Ssangyong,Actyon,37800,7,Diesel,Manuelle,350000,Pick up,2013
BMW,Serie 5,67000,10,Diesel,Manuelle,200000,Berline,2012
Peugeot,208,27000,5,Essence,Manuelle,179000,Compacte,2015
Ford,Mondeo,25000,7,Essence,Manuelle,289000,Berline,2011
Dacia,Dokker,24000,6,Diesel,Manuelle,200000,Utilitaire,2016
Kia,Sportage,59000,8,Diesel,Manuelle,1970000,4 x 4,2012
Hyundai,Accent,40000,6,Essence,Automatique,190000,Utilitaire,2014
Peugeot,2008,88000,,Essence,Automatique,41000,Autres,2023
Ford,Mondeo,25000,8,Essence,Manuelle,271000,,2009
Renault,Clio,39800,5,Essence,Manuelle,165000,Compacte,2020
Dacia,Sandero,54000,6,Essence,Automatique,58000,Compacte,2022
Renault,Symbol,27000,5,Essence,Manuelle,220000,Berline,2011
Ford,ECOSPORT,53000,7,Essence,Manuelle,,Pick up,2018
BMW,Serie 3 GT,62000,7,Essence,Automatique,165000,Berline,2014
Peugeot,Partner,18000,7,Diesel,,0000,,2004
Volkswagen,Golf 7,60000,6,Essence,Automatique,238000,Compacte,2019
Mercedes-Benz,AMG GT,145000,9,Diesel,Automatique,156000,4 x 4,2016
Mahindra,Hover,38500,7,Diesel,Manuelle,145000,Pick up,2021
Peugeot,3008,105000,7,Diesel,Automatique,86000,Compacte,2022
Peugeot,106,8500,4,Essence,Manuelle,33333333,Compacte,1996
Peugeot,206+,18300,00000,Essence,Manuelle,250000,Autres,2002
Peugeot,Partner,46000,,Diesel,Manuelle,104000,Utilitaire,
Mitsubishi,Pajero,31000,10,Diesel,Manuelle,700000,4 x 4,1993
Audi,A4,50000,7,Diesel,Manuelle,26020100,Berline,2010
Volkswagen,Golf,43000,14,Essence,Automatique,250000,Berline,2008
Chery,Tiggo,67000,6,Essence,Automatique,5000,Compacte,2024
Land Rover,Range Rover Evoque,110000,14,Essence,Automatique,84000,Autres,2016
Audi,Q3,73000,7,Essence,Automatique,100000,Pick up,2018
Volkswagen,Passat,118000,8,Essence,Automatique,75000,Berline,2021
Renault,Clio,23500,5,Essence,Manuelle,233.000,Berline,2009
Mercedes-Benz,Classe E,159000,10,Diesel,Automatique,120000,Berline,2019
Mercedes-Benz,Classe GLC,147000,13,Essence,Automatique,150000,4 x 4,2019
Kia,Picanto,36500,,,Manuelle,,,2020
Peugeot,2008,37000,5,Essence,Manuelle,100000,Monospace,2017
Renault,Clio,25000,5,Essence,Manuelle,150000,Compacte,2008
Kia,Picanto,38700,4,Essence,Manuelle,75000,Autres,2019
Peugeot,2008,71000,6,Diesel,Automatique,85000,Autres,2022
Isuzu,D-MAX,45000,10,Diesel,Manuelle,500000,Compacte,2007
Fiat,Punto,25900,4,Essence,Manuelle,390,,2010
Honda,HR-V,68000,7,Essence,Automatique,180000,Autres,2020
Renault,Megane,27000,6,Diesel,Manuelle,170000,,2009
Kia,Picanto,38500,4,Essence,Manuelle,120000,Berline,2022
Audi,A1,53500,6,Essence,Manuelle,95000,Berline,2017
Renault,Clio,11800,,Essence,Manuelle,,,1998
Audi,A4,32000,10,Essence,Automatique,290,Berline,2008
Nissan,Qashqai,38000,6,Diesel,Manuelle,240.000,Berline,2012
Audi,Q3,68000,,Diesel,Automatique,150000,4 x 4,2014
Renault,Clio,23499,,Essence,Manuelle,233.000,Berline,2009
Renault,Clio,43000,4,Essence,Manuelle,119,Autres,2020
Volkswagen,Golf 8,105000,7,Essence,Automatique,47000,Compacte,2023
Volkswagen,Caddy,41500,5,Diesel,Manuelle,160,Autres,2017
Hyundai,Tucson,110000,10,Essence,Automatique,89000,,2019
Kia,Sportage,83000,8,Essence,Automatique,129,4 x 4,2019
Mercedes-Benz,Classe A,8500,6,Essence,Automatique,230000,Compacte,2002
Citroen,C5,29500,6.0,Diesel,,151.0,,2010.0
Kia,Sportage,83000,8,Essence,Automatique,129,4 x 4,2019
Kia,Rio,58000,5,Essence,Manuelle,52300,Compacte,2022
Renault,Megane,48000,,,,159000,,
Kia,Rio,38000,4,Essence,Manuelle,000000,Compacte,000000
Mercedes-Benz,Classe C,110000,8,Essence,Automatique,72000,Autres,2018
Renault,Kadjar,185000,200,Hybride,Automatique,3600,4 x 4,2025
Mahindra,Hover,25000,5,Essence,Manuelle,90000,Autres,2021
Mercedes-Benz,Classe CLA,71000,8,Essence,Automatique,154500,Utilitaire,2013
Nissan,X-Trail,28000,07,Diesel,Manuelle,439000,4 x 4,2008
Volkswagen,Passat,17500,,Diesel,Manuelle,,,2002
Mahindra,Hover,27000,05,Essence,Manuelle,200000,Autres,2018
Ford,Focus,43900,7,Essence,Automatique,170000,Compacte,2018
Seat,Altea,36000,5,Diesel,Manuelle,229700,Berline,2017
BMW,Serie 4,74000,7,Essence,Automatique,135000,Berline,2017
Audi,A4,52000,6,Diesel,Manuelle,220000,Berline,2013
MG,3,48000,6,Essence,Manuelle,69519,Autres,2021
BMW,X1,104000,7,Essence,Automatique,63680,Berline,2020
Hyundai,I 10,39800,5,Essence,Manuelle,120000,Compacte,2022
Volkswagen,Golf,48000,5,Essence,Manuelle,234500,Compacte,2011
Opel,Corsa,55000,5,Essence,Manuelle,42500,Compacte,2022
Suzuki,Swift,32300,5,Essence,Manuelle,138000,,2017
Renault,Clio,41500,5,Essence,Manuelle,189000,Compacte,2019
Peugeot,308,28000,6,Essence,Manuelle,187000,Berline,2012
Volkswagen,Polo,28500,4,Essence,Manuelle,135,Berline,2011
Peugeot,106,14000,4,Essence,Manuelle,600000,,1998
Kia,Rio,33500,5,Essence,Manuelle,200,Compacte,2012
Fiat,Fiorino,37000,5,Diesel,Manuelle,75000,Utilitaire,2022
Autres,Autres,69000,,Essence,Automatique,147000,,2021
Audi,A3,63000,6,Essence,Manuelle,141000,Berline,2017
Peugeot,208,24000,5,Essence,Manuelle,95000,Compacte,2014
Peugeot,Partner,52000,,Diesel,Manuelle,150000,Compacte,2021
Suzuki,Swift,52500,5,Essence,Automatique,39000,Autres,2023
Autres,Autres,38000,6,Essence,Manuelle,60000,Autres,2019
Volkswagen,Golf 7,51000,210000,Essence,Automatique,210000,Compacte,2000
BMW,X3,220000,15,Essence,,70000,4 x 4,2019
Kia,Sportage,83000,8,Essence,Automatique,90000,Autres,2019
Dacia,Dokker,35000,,Diesel,Manuelle,246000,Utilitaire,2021
Peugeot,206+,24900,,Essence,Manuelle,221400,Compacte,2011
Toyota,RAV 4,78000,9,Essence,Automatique,268000,4 x 4,2016
Renault,Master,14000,7,Diesel,Manuelle,200,Compacte,2006
Peugeot,Partner,42000,5,Diesel,Manuelle,151000,Utilitaire,2020
Jeep,Patriot,11111,9,Diesel,Manuelle,280000,4 x 4,2009
Fiat,Palio,11000,4,Essence,Manuelle,282000,,2000
Haval,H6,86000,9,Essence,Automatique,14000,4 x 4,2020
Hyundai,I 10,40000,-4,Essence,Manuelle,-49300,Berline,-2017
Citroen,Berlingo,36000,5,Diesel,Manuelle,122000,Utilitaire,2015
Fiat,Punto,15000,4,Essence,Manuelle,331,Compacte,1996
Haval,jolion,28000,9,Essence,Automatique,3000,Compacte,2025
Kia,Rio,24200,6,Essence,Manuelle,295000,Autres,2010
MG,ZS,62000,9,Essence,Automatique,85000,4 x 4,2019
Citroen,C1,23500,4,Essence,Manuelle,213000,Autres,2013
MG,GT,63000,9,Essence,Automatique,123000,Autres,2018
Hyundai,I 20,65000,05,Essence,Automatique,60000,Compacte,2022
Citroen,Berlingo,55000,,Diesel,Manuelle,75000,Utilitaire,2021
Ssangyong,Tivoli,60000,8,Essence,Automatique,120000,Autres,2017
Toyota,Hi Ace,47000,2,Essence,Manuelle,609,Autres,2020
Renault,Megane Estate,33000,6,Diesel,Manuelle,220000,Compacte,2009
Citroen,C4,23500,5,Diesel,Manuelle,262000,Berline,2010
Seat,Leon,42000,5,Essence,Manuelle,159000,Compacte,2014
Mercedes-Benz,Classe CLS,59000,14,Diesel,Automatique,292000,Berline,2009
Mercedes-Benz,Classe E,55000,09,Diesel,Automatique,214,Compacte,2011
Kia,Picanto,37000,5,Essence,Manuelle,126000,Compacte,2022
Hyundai,Santa Fe,70000,12,Diesel,Automatique,150000,Compacte,2017
Peugeot,508,50000,7,Diesel,Automatique,165000,Berline,2021
Chery,A3,35000,6,Essence,Manuelle,85000,Autres,2021
Citroen,C5,70000,7,Diesel,Manuelle,200000,Autres,2019
Toyota,Hilux,50000,10,Diesel,Manuelle,323000,4 x 4,2008
Volkswagen,Passat,24500,7,Essence,Manuelle,200000,Autres,2002
Rover,SD1,95000,11,Diesel,Automatique,402,4 x 4,2014
Mazda,3,47500,6,Essence,Manuelle,180,Compacte,2019
Seat,Leon ST,75000,17,Essence,Automatique,135000,Compacte,2018
Ssangyong,Tivoli,53000,7,Essence,Automatique,156000,4 x 4,2015
BMW,Serie 3,59000,07,Essence,Automatique,171000,Berline,2015
Chevrolet,Aveo,14000,,Essence,Manuelle,200000,,2005
Kia,Sportage,79000,11,Essence,Automatique,187000,Compacte,2020
Fiat,Grande Punto,23500,5,Essence,Manuelle,220,Berline,2010
Volkswagen,Amarok,59000,8,Diesel,Manuelle,252000,Pick up,2011
Nissan,Qashqai,39000,9,Diesel,Manuelle,393000,Utilitaire,
Peugeot,J9,78000,6,Diesel,Manuelle,122850,4 x 4,2021
Citroen,C3,50000,6,Essence,Automatique,90000,Compacte,2020
Citroen,C4 Cactus,36900,5,Essence,Manuelle,148000,Berline,2016
Peugeot,Partner,15000,,Diesel,,,,
Peugeot,2008,42500,5,Essence,Manuelle,126000,Compacte,2017
Suzuki,Baleno,49990,5,Essence,Automatique,100700,Berline,2019
Citroen,C3,20500,4,Essence,Manuelle,226400,Compacte,2007
BMW,X6,78000,19,Diesel,Automatique,250000,4 x 4,2009
Skoda,Fabia,41000,4,Essence,Manuelle,,Compacte,2022
Kia,Sportage,85000,6,Hybride Diesel,Manuelle,175,4 x 4,
Audi,A3,35000,7,Essence,Automatique,297000,Compacte,2008
Audi,A4,60000,7,Diesel,Manuelle,26020100,Berline,2010
Ford,Focus,16200,6,Essence,Manuelle,260000,Berline,2005
Kia,Rio,64500,5,Essence,Manuelle,49500,Compacte,2023
Renault,Clio,9000,5,Essence,Manuelle,300.000,Berline,1996
Kia,Sportage,79500,8,Essence,Automatique,80000,4 x 4,2021
Peugeot,2008,75000,7,Essence,Automatique,50000,4 x 4,2022
Peugeot,407 SW,22500,110,Diesel,Manuelle,294,Autres,2006
Fiat,Doblo,28300,,Diesel,Manuelle,280000,,2019
Porsche,Cayenne,115000,30,Essence,Automatique,155000,Berline,2012
Suzuki,Celerio,31000,1.0,Essence,Manuelle,69,Compacte,2021
Dacia,Logan,14000,6,Diesel,Manuelle,300000,Utilitaire,2012
Kia,Sportage,82000,8,Essence,Automatique,102.000,Autres,2017
Citroen,C-Elysée,19000,5,Essence,Manuelle,140.000,Berline,2014
Haval,H6,70500,9,Essence,Automatique,170,4 x 4,2019
Peugeot,206,12000,6,Essence,Manuelle,239000,Berline,2007
Seat,Arosa,72500,6,Essence,Automatique,102000,Compacte,2023
Citroen,C4,22000,6,Essence,Automatique,300,Berline,2008
Ssangyong,Tivoli,55000,7,Essence,Manuelle,71500,Autres,2018
MG,ZS,60000,0,Essence,Automatique,97000,,2021
Nissan,Micra,31500,5,Essence,Manuelle,130,Compacte,2020
Audi,A5,145000,8,Essence,Automatique,41000,Berline,2021
Land Rover,Range Rover Evoque,100000,11,Diesel,Automatique,205000,4 x 4,2016
Volkswagen,Tiguan,110000,,Diesel,Manuelle,141000,4 x 4,2018
Opel,Astra,28000,5,Essence,Automatique,160000,Compacte,2006
Renault,Symbol,24000,5,Essence,Manuelle,1,,2009
Mercedes-Benz,Classe M,10000,11,Diesel,Manuelle,,4 x 4,2002
Peugeot,2008,44900,4,Essence,Manuelle,87000,Monospace,2018
BYD,F1,73000,9,Essence,Automatique,99000,4 x 4,2022
Citroen,C5,27000,9,Essence,Automatique,250,Autres,2011
Renault,Trafic,49500,7,Diesel,Manuelle,547000,Autres,2018
Jeep,Grand Cherokee,25000,10,Diesel,Automatique,305000,4 x 4,2001
Volkswagen,Golf,90000,7,Essence,Manuelle,90000,Compacte,2020
Fiat,500,39500,4,Essence,Manuelle,129000,Berline,2017
Hyundai,I 20,49000,5,Essence,Manuelle,106,Autres,2022
Hyundai,I 20,49000,5,Essence,Manuelle,106,Autres,2022
Suzuki,Vitara,63000,6,Essence,Manuelle,56000,Autres,2016
Dacia,Dokker,36000,6,Diesel,Manuelle,220,Utilitaire,2019
Suzuki,Maruti,290000,4,Essence,Manuelle,60000,Autres,2021
Volkswagen,Passat,40000,7,Diesel,Manuelle,230000,Autres,2010
Peugeot,3008,85000,7,Diesel,Automatique,140000,Berline,2021
Nissan,Terrano,33000,10,Diesel,Manuelle,350000,4 x 4,2005
BMW,M6,148000,11,Essence,Automatique,75000,4 x 4,2019
Volkswagen,Jetta,45000,6,Essence,Manuelle,190000,Compacte,2012
Citroen,DS4,36500,7,Essence,Automatique,142500,Berline,2015
Mercedes-Benz,Classe CLA,90000,6,Diesel,Automatique,163000,Berline,2017
Chery,QQ,20000,4,Essence,Automatique,380000,Compacte,2021
Mercedes-Benz,Classe SL,120000,29,Essence,Automatique,334174,Berline,2010
Audi,A5,55000,10,Essence,Manuelle,235000,Berline,2008
BMW,Serie 3,70000,15,Diesel,Manuelle,189000,Berline,2009
Mercedes-Benz,Classe E,80000,12,Diesel,Automatique,317270,Berline,2013
Nissan,Almera,18500,7,Essence,Automatique,340000,Compacte,1996
Fiat,Punto,25000,5,Essence,Manuelle,165,Compacte,2012
Kia,Picanto,39000,4,Essence,Manuelle,75000,Autres,2020
Chery,Tiggo,88999,9,Essence,Automatique,29000,4 x 4,2022
Ssangyong,Tivoli,43000,7,Essence,Manuelle,230000,Autres,2017
Mazda,BT-50,46500,10,Diesel,Manuelle,430000,Pick up,2012
Dacia,Logan MCV,41000,5,Essence,Manuelle,156400,Autres,2019
Mercedes-Benz,E Coupé,265000,12,Essence,Automatique,61000,Autres,2022
Geely,GK-GT,52000,6,Essence,Automatique,67000,Compacte,2021
Fiat,Doblo,31000,5,Diesel,Manuelle,101000,Utilitaire,2020
Kia,Sportage,84900,8,Essence,Automatique,60000,4 x 4,2019
Peugeot,508,34000,5,Essence,Manuelle,210000,Compacte,2013
Citroen,C3,25800,5,Essence,Manuelle,220.000,Compacte,2010
Hyundai,I 10,60950,5,Essence,Automatique,5000,Compacte,2025
Ford,Fiesta,29500,5,Essence,Manuelle,202000,Compacte,2011
Isuzu,Trooper,16000,10,Diesel,Manuelle,300000,Autres,2000
Hyundai,Ix 35,65000,11,Diesel,Automatique,366000,Autres,2015
Peugeot,3008,73500,6,Diesel,Manuelle,179,4 x 4,2018
Fiat,Panda,34000,4,Essence,Manuelle,61000,Compacte,2017
Land Rover,Range Rover Evoque,150000,150,Diesel,Automatique,120000,4 x 4,2020
Audi,A4,36000,7,Essence,Manuelle,230,Berline,2012
Citroen,C4 Picasso,35000,9,Essence,Automatique,140000,Berline,2009
BMW,Serie 2,140000,8,Essence,Automatique,51000,Berline,2020
Peugeot,301,28000,5,Essence,Manuelle,60.000,Berline,2014
Peugeot,301,24000,5,Essence,Manuelle,182000,Berline,2014
Fiat,Fiorino,40000,5,Diesel,Manuelle,350000,Utilitaire,2022
Peugeot,206,17000,4,Essence,Manuelle,310000,Berline,2002
Peugeot,301,21000,5,Essence,Manuelle,240000,Berline,2015
Volkswagen,Passat,33000,7,Essence,Manuelle,295000,Berline,
Citroen,C15,255000,150,Essence,Manuelle,128,Utilitaire,2012
Fiat,Tipo,43000,6,Essence,Manuelle,96000,Berline,2020
Hyundai,I 10,41000,5,Essence,Manuelle,62000,Berline,2022
Volkswagen,Golf,61000,7,Essence,Automatique,115000,Compacte,2017
Geely,GK-GL,32000,6,Essence,Manuelle,80000,Compacte,2022
Peugeot,206+,22000,5,Essence,Manuelle,171240,Compacte,2010
Audi,A3,40000,5,Essence,Manuelle,170000,Compacte,2014
Peugeot,308 SW,36000,6,Essence,Manuelle,105,Berline,2018
Toyota,Aygo,25500,4,Essence,Manuelle,180000,Compacte,2018
Chrysler,300C,36997,,Essence,Automatique,,,
Peugeot,Expert,30000,7,Diesel,Manuelle,912000,Autres,2009
Fiat,Doblo,16000,5,Diesel,Manuelle,288000,Autres,2014
Volkswagen,Golf,40000,5,Essence,Manuelle,220000,Compacte,2009
Ford,Kuga,54600,11,Essence,Automatique,110000,4 x 4,2017
Kia,Sportage,80000,8,Essence,Automatique,125000,4 x 4,2018
Fiat,Grande Punto,22000,5,Essence,Manuelle,200000,Compacte,2012
Kia,Rio,45000,6,Essence,Manuelle,137450,Berline,2020
Renault,Symbol,16000,5,Essence,Manuelle,300000,Autres,2012
Volkswagen,Polo,19000,4,Essence,Manuelle,200.000,,2004
Mercedes-Benz,250,90000,10,Diesel,Manuelle,20000,Autres,1983
Audi,Q3,78000,8,Essence,Automatique,192000,Autres,2017
Citroen,C4,27200,6,Essence,Automatique,194000,Compacte,2012
Audi,Q3,93000,7,Essence,Automatique,70000,4 x 4,2016
Volkswagen,Passat,33000,8,Diesel,Manuelle,273000,Berline,2005
Peugeot,2008,47000,5,Essence,Manuelle,106000,4 x 4,2017
Mazda,2,41000,6,Essence,Automatique,263000,Berline,2019
Renault,Clio,48500,5,Essence,Manuelle,121000,Compacte,2021
Ford,Kuga,97000,8,Essence,Automatique,77,Autres,2022
Mahindra,Hover,40000,5,Essence,Manuelle,8887,Berline,2025
Peugeot,206,21500,6,Essence,Manuelle,193430,Berline,2008
Volkswagen,Golf,79900,,Essence,Manuelle,55000,Berline,2020
Volkswagen,Golf 7,84000,1600,Diesel,Manuelle,118000,Berline,2018
Citroen,Jumpy,28000,5,Diesel,Manuelle,390000,Utilitaire,2015
Volkswagen,Polo,27000,5,Essence,Manuelle,1000,Autres,2011
Peugeot,Partner,16000,7,Diesel,Manuelle,600000,Autres,2002
Renault,Clio,16500,4,Essence,Manuelle,300,Utilitaire,2000
Audi,A6,150000,16,Essence,Automatique,24000,Berline,2025
Fiat,Punto,20000,5,Essence,Manuelle,211000,Utilitaire,2009
Volkswagen,Polo,30500,5,Essence,Manuelle,251300,,2012
Ford,Fiesta,33000,5,Essence,Manuelle,202000,Compacte,2012
Hyundai,I 10,44900,5,Essence,Manuelle,105000,Berline,2021
Dacia,Sandero,30000,5,Essence,Manuelle,218000,Compacte,2013
Suzuki,Baleno,42500,5,Essence,Automatique,133,Berline,2019
Citroen,C3,35000,,Essence,Manuelle,134000,Compacte,2017
Peugeot,308,50000,,Diesel,Manuelle,,,2020
Hyundai,I 10,42000,5,Essence,Manuelle,87000,Compacte,2023
Chery,Tiggo,41000,6,Essence,Manuelle,120000,4 x 4,2020
Renault,Clio,40000,5,Essence,Manuelle,147,Autres,2018
Volkswagen,Golf 6,40500,6,Diesel,Manuelle,228,Compacte,2010
BMW,Serie 3,60000,7,Essence,Automatique,200000,Berline,2014
Seat,Ibiza,30000,5,Essence,Automatique,188000,Compacte,2014
Opel,Astra,15500,4,Essence,Manuelle,200000,,2006
Peugeot,Expert,23000,6,Diesel,Manuelle,300000,Monospace,2007
Opel,Corsa,13800,4,Essence,Manuelle,333,Compacte,1997
Ssangyong,Tivoli,59500,6,Essence,Manuelle,84000,Autres,2021
Fiat,Fiorino,30500,5,Diesel,Manuelle,178,Utilitaire,2022
Kia,Sportage,78000,8,Essence,Automatique,48800,4 x 4,2018
Toyota,RAV 4,65000,9,Essence,Automatique,172000,4 x 4,2015
Volkswagen,Polo,39000,5,Essence,Manuelle,120000,Berline,2014
Citroen,C4 Picasso,30000,,Diesel,,,,
Renault,Clio,42000,5,Essence,Manuelle,,Compacte,2021
Geely,GK-GS,47000,6,Essence,Automatique,100000,Utilitaire,2021
Chery,QQ,20000,5,Essence,Manuelle,100,Compacte,2017
Seat,Arosa,70000,6,Essence,Automatique,86000,Compacte,2021
Kia,Rio,37000,,Essence,Manuelle,175000,Autres,2015
Chevrolet,Captiva,75000,,Essence,,70000,Autres,2023
Seat,Leon,54000,,Essence,Automatique,127300,Compacte,
Volkswagen,Polo,60000,4,Essence,Manuelle,63000,Berline,2021
Kia,Sportage,140000,08,Electrique,Automatique,0,Monospace,2025
Dacia,Dokker,21500,6,Diesel,Manuelle,238000,Autres,2015
Dacia,Dokker,31000,,Diesel,Manuelle,230000,,2020
Citroen,C4 Aircross,99999,6,Essence,Manuelle,198459,Utilitaire,2013
Kia,Sportage,52000,6,Diesel,Manuelle,215000,Utilitaire,2012
BMW,X1,52000,10,Diesel,Manuelle,170000,Autres,2011
Mercedes-Benz,270,26000,11,Diesel,Manuelle,500,4 x 4,2003
Geely,GK-GT,48000,6,Essence,Manuelle,68800,Autres,2022
Kia,Rio,66500,5,Essence,Manuelle,40050,Compacte,2022
Citroen,Berlingo,33000,6,Diesel,Manuelle,230000,Autres,2018
Ford,Fiesta,32000,5,Essence,Manuelle,244000,Berline,2013
Volkswagen,Golf 7,65000,6,Essence,Manuelle,128000,,
Audi,Q3,144000,9,Hybride essence,Automatique,45.000,4 x 4,2020
Volkswagen,Jetta,35000,5,Diesel,Manuelle,700,Compacte,
Mercedes-Benz,Citan,9999,7,Diesel,Manuelle,190000,Utilitaire,2021
Renault,Megane,46000,,Essence,Manuelle,,Compacte,2021
Nissan,Micra,28500,5,Essence,Manuelle,191700,Compacte,2018
Audi,A3,53000,6,Essence,Manuelle,217000,Berline,2015
Audi,A3,64500,6,Essence,Manuelle,154000,Compacte,2016
Mercedes-Benz,Classe ML,79000,30,Essence,Automatique,190000,Berline,2009
Mercedes-Benz,Classe CLK,30000,,Essence,Automatique,80000,Cabriolet,2006
Fiat,Punto,9500,5,Essence,Automatique,250000,Compacte,1984
Citroen,Berlingo,28500,5,Diesel,Manuelle,350,Utilitaire,2012
Kia,Rio,25000,06,Essence,Manuelle,197000,Berline,2011
Kia,Rio,55000,5,Essence,Manuelle,55000,Compacte,2021
Citroen,Berlingo,17500,7,Diesel,Manuelle,00,Pick up,2004
Nissan,Qashqai,45000,,Essence,Automatique,153000,4 x 4,2016
Nissan,Patrol GR,57000,17,Diesel,Manuelle,460000,4 x 4,2006
Mercedes-Benz,Classe C Coupe,58000,6,Diesel,Manuelle,290000,Berline,2012
Toyota,Hi Ace,14500,10,Diesel,Manuelle,,,2004
Kia,Rio,55000,5,Essence,Manuelle,60000,Compacte,2021
Citroen,C3,33000,4,Essence,Manuelle,140000,Compacte,2017
Mercedes-Benz,Vito,34000,7,Diesel,Manuelle,,Berline,2008
Land Rover,Range Rover Evoque,100000,11,Diesel,Automatique,205000,4 x 4,2016
Renault,Clio,27700,4,Essence,Manuelle,215,Compacte,2011
Audi,A1,43500,5,Essence,Automatique,116,Berline,2016
Audi,S5,100000,25,Essence,Automatique,125000,Compacte,2010
Volkswagen,Passat,30000,,Diesel,Manuelle,234000,Berline,2001
Renault,Clio,48000,5,Essence,Manuelle,112000,Autres,2021
Ssangyong,Tivoli,58000,7,Essence,Manuelle,155750,Berline,2019
Peugeot,407,18500,7,Essence,Manuelle,284,Autres,
Ford,Focus,27000,6,Diesel,Manuelle,360000,Compacte,2010
Kia,Cerato,39000,7,Essence,Automatique,99000,,2014
Mercedes-Benz,Classe E,190000,10,Hybride essence,Automatique,57000,Berline,2021
Volkswagen,Golf,33500,5,Diesel,Manuelle,380,Autres,2010
Peugeot,Partner,28000,6,Diesel,Manuelle,195000,Utilitaire,2009
Renault,Clio,11500,5,Essence,Manuelle,318000,Compacte,1996
Renault,Clio,36000,5,Essence,Manuelle,180,Berline,2014
Mercedes-Benz,Classe C,68000,9,Essence,Automatique,294,Berline,2014
Volkswagen,Polo,43500,4,Essence,Manuelle,155000,Berline,2021
MG,ZS,80000,,Essence,Automatique,33000,Autres,2024
Renault,Clio,20000,5,Essence,Manuelle,220000,Compacte,2008
BMW,X1,89900,6,Diesel,Manuelle,127000,Berline,2017
GMC,Yukon,89000,9,Essence,Automatique,52000,Autres,2023
Audi,A3,59000,6,Essence,Manuelle,162000,Compacte,2017
Opel,Astra,27000,5,Diesel,Manuelle,261000,Compacte,2010
Volkswagen,Passat CC,32000,6,Diesel,Manuelle,370000,Berline,2008
Renault,Clio,11500,5,Essence,Manuelle,318000,Compacte,1996
Fiat,Doblo,37000,,Diesel,Manuelle,137000,,2021
Volkswagen,Tiguan,125000,8,Essence,Manuelle,89000,4 x 4,2021
Nissan,Juke,35500,6,Diesel,Manuelle,158000,Berline,2012
Volkswagen,Bora,25500,6,Diesel,Automatique,348000,Compacte,2003
Citroen,C35,38500,4,Essence,Manuelle,110,Compacte,2018
Citroen,C3,38000,,Essence,Manuelle,85000,,2018
Kia,Sportage,88500,7,Diesel,Automatique,135000,Berline,2020
Mercedes-Benz,Classe A,99000,7,Essence,Manuelle,67500,Compacte,2020
Ford,Kuga,98000,10,Essence,Automatique,103000,Autres,2022
Kia,Picanto,250000,11,Electrique,Automatique,13000,Compacte,2024
Toyota,Hilux,53000,10,Diesel,Manuelle,530000,Pick up,2007
Volkswagen,Jetta,32000,9,Diesel,Manuelle,440000,Utilitaire,2009
Mercedes-Benz,250,28000,8,Diesel,Manuelle,478000,Berline,1990
Hyundai,Ix 35,50000,136,Diesel,Manuelle,196000,4 x 4,2012
Peugeot,206+,15000,5,Essence,Manuelle,400000,Compacte,2001
Renault,Megane,18000,5,Diesel,Manuelle,300000,Berline,2004
Opel,Corsa,50000,,Essence,Manuelle,70000,Autres,2022
Volkswagen,Golf 8,99000,,Essence,,43000,Compacte,
Suzuki,Celerio,32500,4,Essence,Automatique,104000,Compacte,2022
Toyota,C-HR,81000,6,Essence,Automatique,113900,Autres,2021
Fiat,500X,49500,1,Hybride essence,Automatique,56000,Berline,2021
Volkswagen,Golf,82000,6,Essence,,95000,Compacte,2021
Nissan,Qashqai,78000,6,Essence,Automatique,63000,Compacte,2018
Renault,Megane Estate,41000,5,Diesel,Manuelle,200000,Compacte,2014
MG,5,50000,6,Essence,Manuelle,90000,Berline,2021
Mercedes-Benz,Classe C Coupe,72000,6,Diesel,Manuelle,155000,Berline,2018
Renault,Megane,47500,130,Essence,Manuelle,133000,Berline,2019
Mercedes-Benz,Classe E,78000,9,Essence,Automatique,173000,Berline,2015
Hyundai,I 10,35000,5,Essence,Manuelle,112000,,1917
Mercedes-Benz,Classe A,135000,7,Essence,Automatique,32000,Berline,2020
Hyundai,I 20,51000,5,Essence,Automatique,98000,Berline,2022
Volkswagen,Tiguan,70000,9,Essence,Automatique,125000,Autres,2015
Renault,Clio,23000,4,Essence,Automatique,150000,Compacte,2002
Nissan,Navara,55000,8,Diesel,Manuelle,318000,4 x 4,2011
Mercedes-Benz,Classe GLA,145000,9,Diesel,Automatique,68000,,2017
Porsche,Cayenne,100000,21,Essence,Automatique,93000,4 x 4,2007
Peugeot,3008,42000,6,Diesel,Manuelle,274000,Autres,2011
MG,5,46000,6,Essence,Manuelle,65000,Berline,2020
Mercedes-Benz,Classe A,130000,7,Essence,Automatique,65000,Berline,2022
Hyundai,I 10,39500,5,Essence,Manuelle,149,Utilitaire,2022
Nissan,Micra,15000,,Essence,Manuelle,212000,Compacte,2003
Volkswagen,Caddy,28000,,Diesel,Manuelle,300.000,,2012
Kia,Picanto,36700,4,Essence,Manuelle,42000,Compacte,2018
Ford,Focus,32000,7,Essence,Manuelle,282000,Berline,2013
Renault,Symbol,28500,,Essence,Manuelle,,Berline,2015
BMW,Serie 1,30000,10,Diesel,Automatique,200000,Compacte,2005
Renault,Grand Scenic,12000,6,Diesel,Manuelle,230000,Monospace,2009
Toyota,RAV 4,34996,9,Hybride,Automatique,100000,4 x 4,2022
Toyota,Corolla verso,65000,6,Essence,Manuelle,92000,Compacte,2020
Opel,Zafira,30000,1900,Diesel,Automatique,302000,Berline,2010
Audi,A4,45000,7,Diesel,Manuelle,250000,Compacte,2015
Citroen,C-Elysée,23000,5,Essence,Manuelle,170000,Autres,2015
Renault,Megane,53000,7,Essence,Manuelle,60000,Berline,2021
Volkswagen,Polo,13000,4,Essence,Manuelle,400000,Compacte,2001
Dacia,Logan MCV,37500,5,Essence,Manuelle,118,Berline,2017
Kia,Rio,52000,,,Manuelle,69000,Autres,2021
Volkswagen,Polo,28000,4,Essence,Manuelle,220,Compacte,2010
Autres,Autres,18000,1.0,Essence,Manuelle,250,Autres,2001
Citroen,C3,50000,6,Essence,Automatique,41000,Berline,2018
Renault,Clio,46500,5,Diesel,Manuelle,111000,Berline,2021
Volkswagen,Tiguan,126000,8,Essence,Automatique,143000,4 x 4,2017
BMW,Serie 4,100000,10,,,170000,Berline,2015
Kia,Rio,40000,5,Essence,Manuelle,30000,Compacte,2023
Volkswagen,Polo,38300,3,Essence,Manuelle,151,Compacte,2021
Renault,Megane,22000,6,Hybride essence,Manuelle,400000,Cabriolet,2007
Kia,Rio,69000,5,Essence,Manuelle,30000,Compacte,2023
Hyundai,I 30,78000,7,Essence,Automatique,84.000,,2022
Citroen,C3,19500,5,Essence,Manuelle,202500,Compacte,2006
Volkswagen,Polo,40000,5,Essence,Manuelle,180000,Berline,2017
Haval,H6,31500,6,Essence,Manuelle,92,4 x 4,2017
Mitsubishi,L200,24999,10,Diesel,Manuelle,480000,Utilitaire,1996
Suzuki,Vitara,11000,8,Diesel,Automatique,500000,4 x 4,1997
Nissan,King Cab,13000,9,Diesel,Manuelle,800,Utilitaire,2010
Hyundai,Creta,77000,7,Essence,Automatique,91,Autres,2020
Citroen,C-Elysée,25000,5,Essence,Manuelle,190,Berline,2014
Peugeot,106,8800,4,Essence,Manuelle,3000,Autres,1999
Peugeot,308,36000,6,Essence,Manuelle,110000,Berline,2019
Renault,Kadjar,78000,7,Essence,Automatique,90000,4 x 4,2019
Nissan,Sunny,32000,6,Essence,Manuelle,240000,Berline,2015
Nissan,Micra,29000,5,Essence,Manuelle,300000,Compacte,2020
Peugeot,3008,91000,7,Essence,Manuelle,55000,Berline,2019
Volkswagen,Golf,53000,5,Essence,Manuelle,118600,Berline,2015
Fiat,Pinto,17500,4,Essence,Manuelle,300,Autres,2009
Citroen,Xsara,15000,6,Essence,Manuelle,636000,Autres,2000
Ford,ECOSPORT,52000,6,Essence,Manuelle,62000,Compacte,2020
Renault,Clio,45000,5,Essence,Manuelle,115000,Compacte,2023
Seat,Ibiza,37000,,Essence,Manuelle,178000,,
Fiat,Linea,23000,6,Essence,Manuelle,250000,Compacte,2009
Peugeot,2008,34000,5,Essence,Manuelle,100000,Berline,2016
Audi,A5,107000,8,Essence,Automatique,158000,Berline,2021
Ford,Focus,18600,6,Diesel,Manuelle,232775,Autres,2006
Isuzu,D-MAX,62000,8,Diesel,Manuelle,267000,Pick up,2018
Volkswagen,Golf,11000,5,Diesel,Manuelle,194,Compacte,1999
Opel,Corsa,14500,4,Essence,Manuelle,217000,,1996
Haval,H6,86000,9,Essence,Automatique,14000,4 x 4,2020
Volkswagen,Polo,47000,4,Essence,Manuelle,96000,Compacte,2022
BMW,X6,101000,15,Diesel,Automatique,167110,4 x 4,2011
Ford,Ranger,34000,10,Diesel,Manuelle,1,4 x 4,2015
Volkswagen,Golf,10000,6,Essence,Manuelle,,Compacte,1990
Dacia,Duster,33000,7,Essence,Manuelle,135000,,2012
Mercedes-Benz,Classe E,67000,9,Diesel,Automatique,238000,Berline,2012
Ford,F350,22000,5,Essence,Manuelle,230000,Autres,2013
MG,HS,50000,9,Essence,Automatique,133000,4 x 4,2017
Citroen,Nemo,19500,5,Diesel,Manuelle,254000,Autres,2017
Kia,Rio,51800,,Essence,Manuelle,110,Compacte,2022
Fiat,Uno,8500,8500,Essence,Manuelle,444697,Compacte,43
Peugeot,Partner,43000,6,Diesel,Manuelle,155000,Monospace,5
Seat,Leon,42000,5,Essence,Manuelle,219000,Compacte,2015
Kia,Sportage,54000,6,Diesel,Manuelle,214.000,4 x 4,2014
Citroen,C3,33500,4,Essence,Manuelle,145,,2018
Volkswagen,Tiguan,97000,9,Essence,Automatique,90000,4 x 4,2017
Peugeot,508,95000,6,Diesel,Automatique,139000,Berline,2020
Ford,Kuga,74998,11,Essence,Automatique,34000,4 x 4,2017
Hyundai,I 10,43000,4,Essence,Manuelle,0,,2025
Renault,Clio,31996,3,Essence,Manuelle,201000,Autres,
Renault,Clio,17500,4,Essence,Manuelle,340000,Utilitaire,2000
Toyota,Yaris,34500,5,Essence,Manuelle,202,Compacte,2015
Opel,Corsa,29000,,Essence,Manuelle,225000,,2014
Mahindra,Scorpion,26000,5,Essence,Manuelle,113000,Autres,2020
Hyundai,Ix 35,50000,6,Diesel,Manuelle,290000,Berline,2013
Renault,Clio,25000,4,Essence,Manuelle,219000,Autres,2003
Ford,C-Max,22000,6,Diesel,Manuelle,360,Autres,2008
Peugeot,106,13500,25,Essence,Manuelle,1000,Autres,1998
Mahindra,Hover,25900,5,Essence,Manuelle,55000,Autres,2023
Volkswagen,Passat,22000,6,Diesel,Manuelle,0,Compacte,2001
Mercedes-Benz,Classe A,21000,,Essence,Manuelle,360000,,2005
BMW,X3,60000,11,Diesel,Automatique,89000,4 x 4,2008
Ford,Focus,37500,7,Essence,Manuelle,243000,Berline,2012
Peugeot,307,22000,,Essence,Manuelle,,Compacte,2006
Renault,Clio,17000,5,Diesel,Manuelle,333,Compacte,2005
Peugeot,Expert,11500,6,Diesel,Manuelle,300000,Monospace,2001
Chery,Tiggo,56000,6,Essence,Manuelle,4500,Autres,2025
Peugeot,Expert,10500,6,Diesel,Manuelle,300000,Monospace,2001
Peugeot,308,22000,5,Essence,Manuelle,188.000,Berline,2012
Peugeot,308,35500,5,Essence,Manuelle,133000,Compacte,2015
Chery,QQ,22500,4,Essence,Manuelle,65000,Compacte,2020
Peugeot,106,13000,,Essence,Manuelle,,,1998
Peugeot,308,60000,7,Diesel,Manuelle,108000,Berline,2021
Isuzu,Landwind,111111,10,Diesel,Manuelle,622013,Autres,1995
Kia,Sportage,95000,7,Hybride Diesel,Automatique,92000,Autres,2021
Suzuki,Swift,37500,5,Essence,Manuelle,136000,Compacte,2022
Ford,Focus C-MAX,32500,07,Essence,Manuelle,297000,Berline,2013
Skoda,Fabia,73000,6,Essence,Automatique,48000,Compacte,2024
BMW,Serie 4,63000,10,Essence,Automatique,262000,Berline,2015
Haval,H6,99000,8,Essence,Automatique,36000,4 x 4,2023
Mercedes-Benz,Classe GLK,59999,7,Diesel,Manuelle,250000,4 x 4,2012
Audi,A4,33000,7000,Essence,Manuelle,196000,Berline,2009
Dacia,Dokker,45000,,Diesel,Manuelle,58100,Utilitaire,2021
Mercedes-Benz,Classe GLA,107000,1991,Essence,Automatique,40.000,Compacte,2018
Fiat,500,50000,4,Essence,Automatique,90000,Compacte,2017
Volkswagen,Golf 7,45000,5,Diesel,Manuelle,208000,Autres,2013
Nissan,Qashqai,56000,6,Essence,Manuelle,138000,Monospace,2016
Mazda,3,23998,6,Essence,Manuelle,,Compacte,2012
Citroen,C5,35000,8,Diesel,Manuelle,319123,Berline,2010
Chevrolet,Spark,23000,5,Essence,Manuelle,180000,,2013
Haval,H6,102000,8,Diesel,Automatique,80000,4 x 4,2022
Renault,Clio,19000,4,Essence,Manuelle,250000,Berline,2001
Opel,Corsa,10700,4,Essence,Manuelle,0,Autres,1998
Mahindra,Hover,25900,5,Essence,Manuelle,55000,Autres,2023
Mahindra,Hover,25900,5,Essence,Manuelle,55000,Autres,2023
Volkswagen,Caddy,17000,4,Diesel,Manuelle,120000,Autres,2008
Hyundai,I 20,56000,5,Essence,Manuelle,83000,Berline,2023
Peugeot,208,14000,4,Diesel,Manuelle,140000,Autres,2008
Audi,S3,189000,20,Essence,Automatique,54000,Berline,2021
Kia,Sportage,69000,8,Essence,Automatique,130000,4 x 4,2019
Hyundai,I 20,52499,,Essence,Manuelle,98000,,2021
Volkswagen,Polo,43500,4,Essence,Manuelle,178,Compacte,2019
Citroen,C3,24500,5,Essence,Manuelle,,Autres,2012
Volkswagen,Golf,29000,5,Essence,Manuelle,354000,Autres,2006
Autres,Autres,36000,7,Essence,Manuelle,80000,Compacte,2018
Peugeot,208,24000,5,Essence,Manuelle,226,,2015
Peugeot,308 SW,54500,,Diesel,Automatique,,,2021
Dacia,Dokker,20000,,Hybride Diesel,Manuelle,300000,Compacte,2016
Kia,Sportage,99000,7,Diesel,Automatique,117000,,2020
Fiat,Doblo,27000,7,Diesel,Manuelle,388,Utilitaire,2020
Volkswagen,Polo,26000,5,Essence,Manuelle,260000,Utilitaire,2010
Volkswagen,Golf 8,73000,6,Essence,Manuelle,91000,,2021
Citroen,C15,26800,4,Essence,Manuelle,250,Compacte,2017
Volkswagen,Golf 3,19500,6,Essence,Manuelle,150000,Berline,1997
Renault,Clio,20800,4,Essence,Manuelle,250000,Compacte,2003
Chevrolet,Caprice,19500,5,Essence,Manuelle,156000,Compacte,2007
Citroen,C-Elysée,24500,5,Essence,Manuelle,194000,Berline,2013
Peugeot,208,62000,5,Essence,Manuelle,17000,Compacte,2024
Renault,Symbol,27000,,Essence,Manuelle,262500,Berline,2011
Renault,Megane,111111,,Diesel,Manuelle,300000,Compacte,2005
Chevrolet,Metro,39000,5,Essence,Manuelle,70.000,Autres,2018
Haval,H6,86000,9,Essence,Automatique,14000,4 x 4,2020
Ford,Ka,11500,5,Essence,Manuelle,,,
Peugeot,208,24500,5,Essence,Manuelle,140000,Berline,2017
Kia,Rio,56000,5,Essence,Manuelle,50000,Compacte,2022
Nissan,Juke,44000,06,Essence,Manuelle,139000,4 x 4,2014
Audi,A4,58000,11,Diesel,Automatique,200000,Berline,2011
Peugeot,207,24500,4,Essence,Manuelle,180,,2012
Ford,Ranger,20000,200,Diesel,Manuelle,400000,Compacte,2008
Peugeot,3008,80000,7,Diesel,Automatique,100000,Compacte,2021
Mercedes-Benz,Classe E,123456,9,Essence,Automatique,180000,Berline,2017
Peugeot,107,25500,4,Essence,Manuelle,140000,Berline,2011
Volkswagen,Polo,55000,5,Essence,Manuelle,150,Autres,2022
Nissan,Qashqai,30000,6,Diesel,Manuelle,219000,Compacte,2010
Volkswagen,Polo,55000,4,Essence,Manuelle,92000,Compacte,2020
Volkswagen,Touran,28000,6,Diesel,Manuelle,334000,Berline,2008
Volkswagen,Golf,33900,,Diesel,Manuelle,201000,,2009
Renault,Clio,11500,5,Diesel,Automatique,300000,Compacte,2002
Nissan,Qashqai,69000,6,Essence,,95000,,2020
Renault,Megane Estate,16500,6,Essence,Manuelle,300,Compacte,2004
Volkswagen,Caddy,59000,5,Diesel,Manuelle,149000,Autres,2021
Seat,Altea,12345,8,Essence,Automatique,160000,Autres,2021
Peugeot,208,33000,4,Essence,Manuelle,58700,Autres,2019
Renault,Clio,43000,,Diesel,Manuelle,150000,Berline,2019
Mazda,3,49000,6,Essence,Manuelle,190000,Berline,2017
Renault,Clio,45000,5,Essence,Manuelle,40000,Compacte,2022
Fiat,Punto,26000,04,Essence,Manuelle,150000,Berline,2013
mini,One,28500,4,Essence,Manuelle,200000,Autres,2014
Peugeot,Partner,42500,5,Diesel,Manuelle,171000,Monospace,2021
Volkswagen,Golf 7,75000,,Essence,Manuelle,130,Berline,2018
Peugeot,206,25000,,Essence,Manuelle,244000,,2010
Ford,Focus,18600,6,Diesel,Manuelle,232,Autres,2006
Volkswagen,Tiguan,120000,8,Diesel,Manuelle,135000,Autres,2019
Hyundai,Santa Fe,32000,120,Diesel,Automatique,140000,Berline,2005
Hyundai,I 20,26000,4,Essence,Manuelle,284709,Compacte,2014
Renault,Symbol,25000,5,Essence,Manuelle,210,Berline,2014
Volkswagen,Polo,12500,5,Essence,Manuelle,365,Berline,2000
lancia,Ypsilon,27000,4,Essence,Manuelle,175000,Compacte,2015
Volkswagen,Polo,43000,4,Essence,Manuelle,92700,Compacte,2021
Volkswagen,Golf 7,87000,6,Essence,Automatique,63000,Berline,2020
Renault,Clio,24000,4,Diesel,Manuelle,320000,Compacte,2010
Opel,Astra,19400,5,Essence,Manuelle,280000,Autres,2002
Citroen,Berlingo,11200,7,Diesel,Manuelle,44000,Compacte,2000
Citroen,C-Elysée,29000,5,Essence,Manuelle,188000,Berline,2016
Kia,Sportage,90000,8,Essence,Automatique,114000,Autres,2020
Volkswagen,Caddy,33000,6,Diesel,Manuelle,220000,Utilitaire,2012
Volkswagen,Passat,21800,7,Diesel,Manuelle,330000,Autres,1999
Dacia,Logan,13000,6,Diesel,Manuelle,210000,Utilitaire,2012
Peugeot,206 SW,50000,7,Essence,Manuelle,25000,Autres,2023
Volkswagen,Polo,39000,6,Essence,Manuelle,200000,Berline,1998
Haval,H6,86000,9,Essence,Automatique,14000,4 x 4,2020
Audi,A4,36000,,Essence,Manuelle,258000,Berline,2009
Hyundai,I 10,39000,5,Essence,Manuelle,99000,Berline,2023
Citroen,C3,40800,6,Essence,Automatique,110000,Compacte,2017
Peugeot,208,50000,4,Essence,Manuelle,6500,Compacte,
Volkswagen,Polo,62500,5,Essence,Manuelle,75000,Autres,2021
Kia,Sportage,127000,10,Essence,Automatique,74000,Autres,
Seat,Ibiza,17000,5,Essence,,59865,,2004
Isuzu,D-MAX,53000,8,Diesel,Manuelle,108,,2018
Mercedes-Benz,Classe A,102000,7,Essence,Automatique,118000,Compacte,2020
Volkswagen,Amarok,66000,10,Diesel,Manuelle,250000,4 x 4,2013
Fiat,Panda,24300,4,Essence,Manuelle,164800,Berline,2009
Dacia,Dokker,35500,6,Diesel,Manuelle,119000,Cabriolet,2020
Peugeot,2008,36000,,Essence,Manuelle,115000,Autres,2016
Ssangyong,Korando,30000,10,Diesel,Manuelle,350000,4 x 4,2015
Mercedes-Benz,Classe C Coupe,78000,12,Essence,Automatique,217000,Berline,2015
Citroen,C4,30500,5,Diesel,Manuelle,190000,,2010
Ssangyong,Korando,36000,11,Diesel,Automatique,245000,Autres,2011
Peugeot,208,35900,5,Essence,Manuelle,90.000,Compacte,2015
Hyundai,Tucson,140000,,Hybride Diesel,Automatique,34000,Autres,2022
Toyota,Hi Ace,15000,100,Diesel,Manuelle,200000,Autres,2001
Peugeot,2008,50000,5,Essence,Manuelle,97539,4 x 4,2018
Kia,Sportage,95000,8,Essence,Automatique,95000,Autres,2019
Audi,Q7,295000,16,Essence,Automatique,78000,4 x 4,2021
Toyota,Prado,115000,10,Diesel,Automatique,333000,4 x 4,2006
Mercedes-Benz,Classe E,88000,9,Essence,Automatique,190000,Berline,2016
Seat,Leon,72000,6,Essence,Manuelle,148000,Autres,2022
Peugeot,Boxer,55000,77,Diesel,Manuelle,120000,Utilitaire,2020
Peugeot,Boxer,17500,6636393,Hybride essence,Manuelle,283733,Compacte,2006
Suzuki,Jimny,28000,4,Essence,Manuelle,50000,Berline,2020
Renault,Megane,20000,5,Diesel,Manuelle,425500,Compacte,2006
Kia,Rio,61000,5,Essence,Manuelle,68000,Utilitaire,2021
AC,Cobra,70000,1,Diesel,Manuelle,73000,Compacte,2022
Seat,Leon ST,47000,6,Essence,Manuelle,270321,Autres,2018
Kia,Rio,53500,5,Essence,Manuelle,118000,Compacte,2021
Chevrolet,Cruze,33900,7,Essence,Manuelle,164000,Berline,2017
Nissan,Terrano,38500,10,Diesel,Manuelle,330000,4 x 4,2002
Dacia,Sandero,27000,,,,170000,,2015
Mercedes-Benz,Classe C,57000,7,Diesel,Manuelle,210000,Berline,2011
Volkswagen,Golf 7,77000,6,Essence,Manuelle,75000,Compacte,2016
Audi,A3,50000,6,Essence,Automatique,240000,Autres,2014
Mahindra,Scorpion,28000,5,Essence,Manuelle,76000,Pick up,2019
Volkswagen,Polo,22450,5,Essence,Manuelle,200000,,2009
Kia,Cerato,31000,06,Essence,Manuelle,219000,Berline,2010
Nissan,Micra,27500,5,Essence,Manuelle,222000,Autres,2018
Peugeot,2008,15300,7,Diesel,Manuelle,100,Compacte,2008
Nissan,Micra,26000,5,Essence,Manuelle,000000,Compacte,2014
Seat,Arosa,60500,5,Essence,Manuelle,70000,Berline,2021
Hyundai,I 20,43500,5,Essence,Manuelle,143000,Autres,2022
Peugeot,106,130000,5,Essence,Manuelle,255993,Compacte,1997
Volkswagen,Polo,12345,5,Essence,Manuelle,526000,Compacte,2014
Chery,QQ,27000,4111,Essence,Manuelle,16000,Compacte,2022
Volkswagen,Amarok,61000,8,Diesel,Manuelle,516000,Pick up,2012
Volkswagen,Golf,123456,5,Essence,Manuelle,1,Berline,2014
Fiat,Grande Punto,32000,4,Essence,Manuelle,65000,Compacte,2015
Hyundai,Tucson,113000,136,Hybride Diesel,Automatique,105000,4 x 4,2021
Renault,Fluence,38000,07,Essence,Manuelle,154000,Berline,2012
Seat,Ibiza,31000,,Essence,Automatique,180000,Berline,
Peugeot,5008,26000,6,Diesel,Automatique,268000,Monospace,2010
Peugeot,5008,36000,9,Essence,Automatique,197000,Autres,2012
Mazda,BT-50,111111,10,Diesel,Manuelle,300000,4 x 4,2012
Volkswagen,Tiguan,139000,,,Automatique,40000,Autres,2021
Ford,Fiesta,24500,5,Essence,Manuelle,198000,Compacte,2010
Peugeot,308 SW,37000,6,Essence,Manuelle,105,Berline,2018
Renault,Clio,32000,3,Essence,Manuelle,201000,Autres,
Ford,ECOSPORT,75000,6,Essence,Manuelle,70000,4 x 4,2018
Peugeot,Partner,17500,7,Diesel,Manuelle,492000,Utilitaire,2011
Renault,Megane,21500,,Diesel,Manuelle,160,,2008
Renault,Megane,12345,5,Essence,Manuelle,250,Compacte,2001
Dacia,Duster,85000,6,Diesel,Manuelle,62000,4 x 4,2019
Audi,A3,65000,6,Diesel,Manuelle,212103,Berline,2018
Dacia,Duster,40000,5,Diesel,Manuelle,27808,4 x 4,2024
Honda,HR-V,54000,7,Essence,Manuelle,141000,4 x 4,2017
Hyundai,I 10,43500,5,Essence,Automatique,42000,Compacte,2021
Ford,Fusion,38000,9,Essence,Manuelle,434000,Berline,2016
Dacia,Logan,17500,5,Diesel,Manuelle,350000,Utilitaire,2011
Audi,A3,48000,5,Diesel,Manuelle,244000,Berline,2010
Mercedes-Benz,Classe C,200000,9,Hybride essence,Automatique,26000,Berline,2024
Haval,H6,86000,9,Essence,Automatique,14000,Autres,2020
Peugeot,208,43000,4,Essence,Manuelle,37000,Autres,2023
Hyundai,Veloster,37000,8,Essence,Automatique,229000,Autres,2014
Peugeot,308,36000,5,Essence,Manuelle,1540000,Compacte,2016
Hyundai,Tucson,110000,10,Essence,Automatique,30800,Autres,2020
Renault,Clio,24998,5,Essence,Manuelle,125000,Compacte,2022
Ford,Fiesta,25500,4,Essence,Manuelle,168000,,2009
Mercedes-Benz,Classe C Coupe,57000,9,Essence,Automatique,171000,Berline,2010
Citroen,C4,30000,6,Essence,Manuelle,179000,Autres,2012
Citroen,C4,29800,6,Diesel,Manuelle,170000,Berline,2008
Opel,Astra,27000,5,Diesel,Manuelle,261000,Compacte,2010
Land Rover,Range Rover Evoque,125000,8,Diesel,Manuelle,130000,4 x 4,2017
Mercedes-Benz,Classe ML,125000,,Diesel,Automatique,146000,4 x 4,2014
Volkswagen,Polo,15500,,Essence,Manuelle,306500,,1999
Peugeot,308,58000,6,Essence,Manuelle,77600,Compacte,2021
Hyundai,Grand i10,39000,4,Essence,Manuelle,73000,Compacte,2021
Citroen,Berlingo,111111,5,Essence,Manuelle,202908,Compacte,2018
Toyota,Corolla verso,65000,6,Essence,Automatique,97000,Compacte,2020
Volkswagen,Polo,14200,5,Essence,Manuelle,11,Compacte,2003
Hyundai,I 10,35000,5,Essence,Manuelle,230000,Berline,2016
Volkswagen,Golf,51500,5,Diesel,Manuelle,208000,Berline,2014
Renault,Clio,29000,5,Essence,Manuelle,146000,Autres,2009
Volkswagen,Golf,28000,,Diesel,Automatique,240,,2007
Hyundai,I 10,33500,4,Essence,Automatique,160000,Compacte,2020
Renault,Megane,15000,5,Diesel,Manuelle,100,Berline,2002
Kia,Rio,34499,5,Essence,Manuelle,176000,Compacte,2014
Opel,Astra,10500,5,Essence,Manuelle,300000,Compacte,1997
Volkswagen,Golf,111111,10,Essence,Automatique,160000,Berline,2017
Citroen,C3,43500,4,Essence,Manuelle,120000,Berline,2021
Volkswagen,Golf 8,75000,6,Essence,Manuelle,154000,Compacte,2017
BMW,Serie 3 GT,75000,6,Essence,Automatique,100,Berline,2016
Volkswagen,New Beetle,38500,7,Essence,Manuelle,190000,Berline,2014
Chery,Tiggo,42500,6,Essence,Manuelle,78000,Autres,2020
Volkswagen,Golf,92000,,Essence,Manuelle,57000,,2021
Volkswagen,Golf 8,85000,110,Hybride essence,Automatique,70000,Berline,2021
Renault,Megane,39000,7,Essence,Manuelle,125000,Berline,2020
Nissan,Qashqai,48000,110,Diesel,Manuelle,240000,Compacte,2012
Fiat,Fiorino,29500,5,Diesel,Manuelle,98200,Utilitaire,2018
Mercedes-Benz,Classe C Coupe,128000,7,Essence,Automatique,162000,Berline,2019
Ssangyong,Tivoli,69000,8,Essence,Automatique,89000,4 x 4,2020
Hyundai,Grand i10,36000,5,Essence,Manuelle,147000,Berline,2017
Toyota,RAV 4,146999,9,Hybride essence,Automatique,30000,Autres,2024
Toyota,Corolla,14000,7,Essence,Automatique,150,Autres,2000
Citroen,Berlingo,47000,5,Diesel,Manuelle,78000,Utilitaire,2019
BMW,Serie 4,80000,5,Essence,Automatique,200000,Berline,2018
Mercedes-Benz,Classe C,52500,6,Diesel,Manuelle,200000,,
Mercedes-Benz,Classe C Coupe,55000,9,Diesel,Automatique,220000,Berline,2013
Citroen,C3,45000,4,Diesel,Manuelle,219000,Autres,2018
Peugeot,5008,80000,,Diesel,Automatique,250000,Monospace,
Renault,Megane,27000,,Diesel,Manuelle,220000,Autres,2009
Opel,Astra,10500,5,Essence,Manuelle,300000,Autres,1998
Peugeot,208,43000,4,Essence,Manuelle,46000,Berline,2023
Renault,Clio,21998,4,Essence,Manuelle,310,Autres,2006
Volkswagen,Golf,14500,6,Diesel,Manuelle,2700000,Autres,2000
Iveco,Daily,25000,8,Diesel,Manuelle,600000,Compacte,2005
Dacia,Logan MCV,37500,5,Essence,Manuelle,140,Autres,2019
MG,5,55500,7,Essence,Automatique,100,Berline,2022
Renault,Clio,36000,5,Essence,Manuelle,200000,Berline,4
mini,Cabrio,65000,10,Essence,Automatique,36500,Cabriolet,2014
MG,ZS,65800,7,Essence,Automatique,125000,4 x 4,2020
Volkswagen,Golf,84000,6,Essence,Manuelle,60000,Berline,2021
Mercedes-Benz,Classe E,108000,09,Essence,Automatique,108000,Berline,2017
Kia,Rio,34500,5,Essence,Manuelle,184,Berline,2016
Chevrolet,Spark,25980,5,Essence,Manuelle,174000,,2010
Mercedes-Benz,Classe GLA,98000,7,Essence,Automatique,160000,Berline,2017
Peugeot,208,33500,5,Essence,Manuelle,75000,,2018
BMW,X4,123456,11,Diesel,Automatique,73000,4 x 4,2020
Mercedes-Benz,E Coupé,91500,10,Essence,Automatique,112000,,1014
Mercedes-Benz,Classe CLA,129000,8,Essence,Automatique,106000,Berline,2020
Volkswagen,Polo,25000,5,Essence,Manuelle,245,Compacte,210
Renault,Clio,23300,4,Essence,Manuelle,220000,Compacte,2006
Land Rover,Range Rover Sport,130000,15,Essence,Automatique,45000,4 x 4,2015
Mercedes-Benz,E Coupé,175000,12,Essence,Automatique,86000,Autres,2021
Volkswagen,Passat,33333,7,Essence,Manuelle,315000,Berline,2005
Citroen,DS5,48500,7,Essence,Automatique,130000,Autres,2015
Mazda,3,35000,6,Essence,Manuelle,392000,Berline,2014
Citroen,Grand C4 Picasso,25000,6,Diesel,Automatique,228640,Monospace,2009
Volkswagen,Jetta,30000,,Essence,Manuelle,,,2009
Volkswagen,Amarok,59000,8,Diesel,Manuelle,255000,4 x 4,11.2010
Nissan,Micra,30000,5,Essence,Manuelle,100000,Compacte,2018
Volkswagen,Golf 7,39000,5,Essence,Manuelle,347000,Berline,2013
Volkswagen,Tiguan,70000,8,Diesel,,183500,4 x 4,2014
Renault,Clio,17500,4,Essence,Manuelle,150000,Berline,2000
Peugeot,308,57000,7,Diesel,Manuelle,174,Autres,2022
Ford,Focus,39500,,Essence,Automatique,102,Berline,2016
Haval,H6,79000,144,Essence,Automatique,115000,Berline,2020
Chevrolet,Optra,13500,9,Essence,Manuelle,325000,Berline,2004
Citroen,Berlingo,37000,6,Diesel,Manuelle,320000,Monospace,2019
Ssangyong,Tivoli,12345,4,Essence,Automatique,163000,Pick up,2021
Audi,A3,20000,7,Diesel,Manuelle,272027,Compacte,2002
Citroen,Berlingo,28900,5,Diesel,,310000,Autres,2016
Renault,Safrane,41000,10,Essence,Automatique,171000,Compacte,2012
Fiat,Scudo,16499,7,Diesel,Manuelle,1500,Compacte,2005
Renault,Clio,19000,4,Essence,Manuelle,125000,Berline,2022
Ford,Focus,39500,7,Essence,Automatique,101000,Compacte,2017
Chery,Tiggo,75000,9,Essence,,75000,4 x 4,2022
Kia,Sportage,89000,7,Diesel,Manuelle,120000,,12.2019
Fiat,Fiorino,27000,5,Diesel,Manuelle,180,Autres,2020
Citroen,C3,38000,1,Essence,Manuelle,111000,Compacte,2018
Volkswagen,Vento,15000,,Diesel,Manuelle,,,1995
BMW,Serie 3,65000,10,Essence,Automatique,196000,Berline,2012
Citroen,Berlingo,31000,5,Diesel,Manuelle,320000,Berline,2014
Mazda,MX3,71000,6,Essence,Manuelle,52000,Berline,2019
Dacia,Dokker,30000,,Diesel,,145000,Utilitaire,2020
Audi,A3,20000,00,Diesel,Manuelle,00,Autres,00
Volvo,S40,225500,9,Hybride essence,Automatique,18000,4 x 4,2024
Ford,Focus,40000,6,Essence,Manuelle,192000,Compacte,2016
Peugeot,208,25900,5,Essence,Manuelle,174000,Compacte,2013
Fiat,Doblo,19500,5,Diesel,Manuelle,253,Autres,2017
Volkswagen,Passat,43800,5,Diesel,Manuelle,262000,Berline,2012
Seat,Ibiza,28000,5,Essence,Manuelle,204000,Berline,2012
Audi,A4,45000,7,Essence,Automatique,290000,,2013
Kia,Cerato,12345,8,Essence,Automatique,287000,Berline,2013
Haval,H6,70000,9,Essence,Automatique,111000,4 x 4,2020
Renault,Megane,21000,4,Diesel,Manuelle,239000,Compacte,2006
Hyundai,I 30,81000,7,Essence,,81000,Compacte,2023
Volkswagen,Golf,46000,5,Essence,Automatique,249000,Compacte,2015
Renault,Scenic,27000,6,Diesel,Manuelle,336611,Monospace,2007
MG,ZS,56000,,Essence,Automatique,125.000,Autres,2019
Audi,A5,120000,8,Essence,Automatique,155,Berline,2020
Nissan,Juke,69998,,Essence,Automatique,,,
Volkswagen,Polo,26500,4,Essence,Manuelle,295000,Autres,2010
Isuzu,D-MAX,145000,11,Diesel,Manuelle,6700,Pick up,2019
Peugeot,208,31000,4,Essence,Manuelle,90000,Compacte,2019
Toyota,Aygo,38000,4,Essence,Manuelle,200000,Berline,2020
Peugeot,Partner,51500,100,Diesel,Manuelle,120000,Berline,2021
Peugeot,208,40500,4,Essence,Manuelle,25000,Compacte,2022
Volkswagen,Touareg,28000,12,Diesel,Automatique,295,4 x 4,2005
Alfa Romeo,159,123456,8,Diesel,Manuelle,1,Autres,2009
Volkswagen,Polo,41000,,Essence,Manuelle,175000,Autres,2021
Volkswagen,Golf 8,33800,5,Diesel,Manuelle,233000,Compacte,2010
BMW,X5,34000,13,Diesel,Automatique,,4 x 4,2004
Citroen,C3,33500,4,Essence,Manuelle,150.000,,2020
Kia,Sportage,93000,7,Diesel,Automatique,106400,Compacte,2019
Ssangyong,Korando,76000,8,Essence,Automatique,109000,Berline,2021
Renault,Megane Estate,49950,5,Diesel,Manuelle,170000,Autres,2018
Citroen,C3,30000,05,Essence,Manuelle,86600,Compacte,2015
Renault,Megane,29500,,Diesel,Manuelle,330,,2011
Volkswagen,Crafter,38500,8,Diesel,Manuelle,300000,Autres,2009
Audi,Q5,65000,10,Diesel,Manuelle,220000,4 x 4,2011
BMW,Serie 1,45000,6,Essence,Manuelle,204,Compacte,2016
BMW,X1,120000,,Diesel,Manuelle,80000,,2016
Mitsubishi,Pajero,60000,12,Diesel,Manuelle,177000,4 x 4,2001
Volkswagen,Passat,21500,7,Essence,Manuelle,300,Berline,2003
Volkswagen,Passat CC,19800,6,Essence,Manuelle,300,Berline,2003
Mercedes-Benz,E Coupé,185000,120,Essence,Automatique,36000,Autres,2020
Hyundai,I 30,75000,7,Essence,Automatique,22000,Compacte,2023
Volkswagen,Passat CC,19800,6,Essence,Manuelle,300,Berline,2003
Fiat,Grande Punto,29000,4,Essence,Manuelle,131600,Compacte,2016
Isuzu,D-MAX,70000,,,Manuelle,362000,,2018
Audi,A3,46000,6,Essence,Manuelle,216000,Compacte,2012
Mazda,E2000,37500,06,Essence,Manuelle,107000,Compacte,2015
Volkswagen,Golf 7,45000,5,Essence,Manuelle,160,Compacte,2014
Mahindra,Hover,31500,5,Essence,Manuelle,65000,Autres,-2021
Renault,Symbol,25500,5,Essence,Manuelle,302000,Berline,2013
Volkswagen,Golf 7,80000,6,Diesel,Manuelle,197800,Compacte,2018
Renault,Clio,47498,5,Essence,Manuelle,123000,Berline,2021
Volkswagen,Passat CC,32500,9,Essence,Automatique,252000,Berline,2011
MG,3,32999,5,Essence,Manuelle,101000,Compacte,2018
Toyota,Land Cruiser,40000,14,Diesel,Manuelle,500000,4 x 4,1991
Fiat,Grande Punto,20000,5,Essence,Manuelle,326000,,2010
Toyota,Land Cruiser,40000,14,Diesel,Manuelle,500000,4 x 4,1991
Citroen,DS3,27500,5,Essence,Manuelle,180,,2011
Citroen,C5,28000,6,Diesel,Manuelle,1234,Berline,2010
Mercedes-Benz,Classe C Coupe,138000,6,Diesel,Automatique,71000,Berline,2020
Foton,Forland,69000,6,Diesel,Manuelle,150000,4 x 4,2021
Autres,Autres,55000,9,Diesel,Manuelle,163000,4 x 4,2018
Kia,Rio,21500,7,Essence,Automatique,172000,,2002
Hyundai,Santa Fe,38000,1111,Essence,Automatique,320000,Compacte,2009
Renault,Clio,19500,4,Essence,Manuelle,270,Compacte,2000
Volkswagen,Passat CC,72500,8,Diesel,Automatique,140000,Berline,2015
Porsche,Cayenne,215000,16,Essence,Manuelle,100000,4 x 4,2020
Volkswagen,Golf 6,41500,5,Essence,Manuelle,229,Autres,2011
Fiat,Doblo,38000,5,Diesel,Manuelle,180000,Utilitaire,2021
Audi,Q5,160000,,Diesel,Automatique,130000,4 x 4,2018
Mercedes-Benz,Classe A,79000,9,Essence,Automatique,122000,Compacte,2018
Mitsubishi,L200,63000,10,Diesel,Automatique,250000,Pick up,2007
Chrysler,300C,45500,17,Essence,Automatique,151000,Berline,
Fiat,Fiorino,26000,5,Diesel,Manuelle,174000,Compacte,2020
Mazda,6,44000,9,Essence,Automatique,164000,Berline,2015
Peugeot,3008,76000,7,Diesel,Manuelle,185000,Compacte,2020
Geely,GK-GL,54000,5,Essence,Automatique,33000,Autres,2021
Citroen,Berlingo,24000,6,Essence,Manuelle,150000,Autres,2008
Mercedes-Benz,Classe CLA,128000,8,Hybride essence,Automatique,117000,Berline,2022
Mercedes-Benz,Classe CLA,129000,7,Essence,Automatique,19000,Berline,2021
Peugeot,3008,50000,6,Diesel,Automatique,158000,Monospace,2016
Citroen,C3,27000,5,Essence,Manuelle,123,,2014
Mercedes-Benz,Classe A,57000,6,Essence,Automatique,94973,Compacte,2014
Jeep,Wrangler,235000,1,Essence,Automatique,102000,4 x 4,2013
Volkswagen,Passat CC,38500,5,Diesel,Manuelle,400,Berline,2011
Renault,Clio,35000,5,Essence,Manuelle,85951,Compacte,2013
Toyota,Hilux,119000,14,Essence,Manuelle,69000,Autres,2021
Isuzu,D-MAX,105000,8,Diesel,Manuelle,80376,Autres,2014
Honda,HR-V,58000,7,Essence,Manuelle,262000,4 x 4,2019
Mercedes-Benz,Classe ML,75000,15,Diesel,Automatique,140000,Berline,
Peugeot,208,28500,4,Essence,,69000,,2020
Volkswagen,Passat,40000,7,Diesel,Manuelle,240000,Berline,2010
Fiat,Punto,12500,4,Essence,Manuelle,350000,Compacte,1997
Renault,Clio,42000,5,Essence,Manuelle,51000,Compacte,2020
Opel,Astra,18800,5,Essence,Manuelle,180,Berline,2001
Citroen,C4,27500,5,Diesel,Manuelle,240000,Berline,2009
Fiat,Grande Punto,29000,4,Essence,Manuelle,131500,Compacte,2016
Ford,Fiesta,11111,5,Essence,Manuelle,300,Compacte,2009
Renault,Laguna,20000,7,Diesel,Manuelle,260,Berline,2002
Kia,Optima,39500,10,Essence,Manuelle,285500,Berline,2011
Opel,Corsa,41500,5,Essence,Manuelle,113000,Berline,2022
Volkswagen,Golf 8,83500,6,Essence,Manuelle,49000,Berline,2021
Skoda,Octavia,85000,08,Essence,Automatique,57000,Berline,2023
Mercedes-Benz,250,150000,8,Hybride essence,Automatique,85,Autres,2021
Peugeot,308 SW,23000,6,Essence,Manuelle,220000,Compacte,2008
Peugeot,Partner,11800,,Diesel,,,,
Mercedes-Benz,Classe C,163000,10,Essence,Automatique,50500,Berline,2020
Volkswagen,Golf 6,38000,5,Diesel,Automatique,272000,Berline,2012
Citroen,C3,37000,4,Essence,Manuelle,68888,Compacte,2019
Citroen,C-Elysée,16000,5,Essence,Manuelle,200000,Compacte,2013
Geely,LC,34000,6,Essence,Manuelle,124000,Autres,2020
Renault,Clio,19500,5,Essence,Manuelle,246000,Berline,2003
Peugeot,106,14000,4,Essence,Manuelle,000,Compacte,1997
BMW,Serie 3,67000,7,Essence,Automatique,157000,Berline,2016
Volkswagen,Golf 8,97498,6,Essence,Automatique,97169,Compacte,2023
Volkswagen,Golf 8,97498,6,Essence,Automatique,97169,Compacte,2023
Skoda,Octavia,48800,07,Essence,Automatique,120000,Berline,2015
Mercedes-Benz,Classe C,60000,8,Diesel,Automatique,290000,Berline,2011
Ssangyong,Actyon,44900,7,Diesel,Automatique,138000,4 x 4,2013
Volkswagen,Caddy,28500,5,Diesel,Manuelle,330,Autres,2012
Ssangyong,Family,40000,8,Diesel,Automatique,450000,4 x 4,2017
Mazda,BT-50,49000,,Diesel,Manuelle,354000,4 x 4,
Peugeot,308,45000,9,Essence,Automatique,130000,Compacte,2017
Volkswagen,Polo,32000,5,Essence,Manuelle,150,Utilitaire,2013
Renault,Clio,42000,5,Essence,Manuelle,112000,,2018
Ford,Focus,21000,6,Essence,Manuelle,234000,Autres,2006
Geely,LC,54000,6,Essence,Manuelle,23715,Autres,2021
Volkswagen,Golf 8,56000,6,Essence,Manuelle,151000,Compacte,2016
Fiat,Doblo,37800,5,Diesel,Manuelle,88000,,2021
Citroen,Jumpy,30000,7,Diesel,Manuelle,300000,Utilitaire,2011
Volkswagen,Passat CC,40000,9,Essence,Automatique,000000,Autres,2010
Peugeot,3008,45000,6,Diesel,Manuelle,271500,Monospace,2013
Renault,Clio,38000,4,Essence,Automatique,53000,Compacte,2020
Citroen,C-Elysée,20500,5,Essence,Manuelle,441,Berline,2015
Volkswagen,Caddy,62000,7,Diesel,Manuelle,59700,Utilitaire,2023
Hyundai,Elantra,40000,7,Essence,Automatique,176000,Berline,2012
Ford,Fiesta,24500,5,Essence,Manuelle,276000,,2012
Volkswagen,Amarok,90000,7,Diesel,Automatique,200,4 x 4,2014
Fiat,Ducato,60000,,Diesel,Manuelle,177000,,2023
Volkswagen,Golf,46000,5,Diesel,Manuelle,270,,2013
Hyundai,I 20,63000,5,Essence,Manuelle,44000,Berline,2022
Renault,Trafic,15000,6,Diesel,Manuelle,468600,Autres,2003
Citroen,C3,27000,5,Essence,Manuelle,123,,2014
Fiat,Grande Punto,29000,4,Essence,Manuelle,131500,Compacte,2016
Citroen,C3,27000,5,Essence,Manuelle,123,,2014
wallyscar,IRIS,30000,4,Essence,Manuelle,90043,Autres,2018
Mercedes-Benz,Classe CLA,177000,9,Essence,Automatique,13000,Berline,2024
Chery,Tiggo,38000,6,Essence,Manuelle,135000,Autres,2020
Peugeot,208,33000,,,Manuelle,89000,Autres,2020
Ford,Kuga,60000,8,Essence,Automatique,35000,4 x 4,2024
Ford,Ranger,24000,,Diesel,Manuelle,,,2005
Suzuki,Celerio,29000,4,Essence,Manuelle,100,Autres,2019
Volkswagen,Polo,19000,,Essence,Manuelle,,,2005
Citroen,C-Elysée,23000,5,Essence,Manuelle,142000,Berline,2015
Citroen,DS3,28000,5,Essence,Manuelle,145600,Cabriolet,2013
Renault,Grand Espace,60000,7,Diesel,Manuelle,173000,Compacte,2016
MG,ZS,58000,7,Essence,Automatique,133000,Compacte,2019
Peugeot,208,40000,4,Essence,Manuelle,41800,Compacte,2021
Dacia,Dokker,38000,,Diesel,Manuelle,137000,Utilitaire,2021
BMW,Serie 1,38000,20,Essence,Automatique,246000,Autres,2011
Kia,Sportage,100000,7,Diesel,Automatique,100000,Autres,2021
Renault,Clio,23800,5,Essence,Manuelle,273000,Berline,2006
Audi,A4,67000,,Essence,Automatique,230.000,Berline,2017
MG,5,55000,6,Essence,Manuelle,26000,Berline,2023
Volkswagen,Golf 6,38000,5,Essence,Manuelle,187,Compacte,2011
Ford,Mondeo,30000,9,Essence,Manuelle,156000,Berline,2012
BMW,Serie 5,35000,,Diesel,Automatique,290000,Compacte,2006
Fiat,Punto,15000,4,Essence,Manuelle,275000,Autres,1998
BMW,Serie 2,135000,7,Essence,Automatique,70000,Berline,2021
Audi,Q3,12345,8,Diesel,Automatique,64500,Autres,2021
Mercedes-Benz,Classe C,168000,8,Diesel,Automatique,140000,Pick up,2019
Volkswagen,Polo,23000,4,Essence,Manuelle,264000,Autres,2008
BMW,Serie 5,99000,9,Essence,Automatique,,Berline,2017
BMW,Serie 2,64000,7,Essence,Automatique,119000,Berline,2016
Audi,Q5,77000,14,Essence,Automatique,240000,4 x 4,2015
Citroen,C4,15000,,Diesel,Manuelle,,,2010
Volkswagen,Tiguan,80000,8,Diesel,Manuelle,312000,4 x 4,2017
Volkswagen,Amarok,85000,7,Diesel,Automatique,280000,Pick up,2013
Seat,Ibiza,42000,5,Essence,Manuelle,140,Compacte,2020
Mercedes-Benz,Classe C,57000,7,Diesel,Manuelle,210000,Berline,2011
Autres,Autres,95000,8,Essence,Automatique,68000,Autres,2023
Volkswagen,Golf,36500,6,Diesel,Automatique,260000,Compacte,2009
Seat,Leon,46500,6,Essence,Manuelle,210000,Compacte,2016
Renault,Megane Estate,28000,5,Diesel,Manuelle,310000,Compacte,2009
Mercedes-Benz,Classe C Coupe,59000,9,Essence,Automatique,185000,Compacte,2009
Mercedes-Benz,Classe GLC,248000,16,Essence,Automatique,69000,4 x 4,2020
Volkswagen,Passat,38000,6,Diesel,Manuelle,251000,Berline,2008
Nissan,Patrol GR,40000,11,Diesel,Manuelle,3201,4 x 4,1998
Ford,Ranger,140000,7,Diesel,Automatique,61000,4 x 4,2022
Citroen,Jumpy,22000,7,Diesel,Manuelle,474,Autres,2006
Volkswagen,Tiguan,75000,8,Diesel,Automatique,66000,Compacte,2021
MG,GT,33500,6,Essence,Manuelle,11,Berline,
Opel,Astra,27000,5,Diesel,Manuelle,261000,Compacte,2010
Citroen,Berlingo,55000,7,Diesel,Automatique,167200,Monospace,032022
Fiat,Doblo,25000,5,Diesel,Manuelle,182000,Autres,2018
Citroen,C4 Cactus,39000,5,Essence,Manuelle,140000,Compacte,2016
Hyundai,I 20,75000,5,Essence,Automatique,33000,Berline,2023
Alfa Romeo,Mito,28000,4,Essence,Manuelle,245,Compacte,2010
Kia,Rio,50000,,Essence,,97000,Compacte,2018
Ssangyong,Actyon,33500,7,Diesel,Manuelle,450000,4 x 4,2014
Volkswagen,Golf,58000,6,Essence,Automatique,119000,Compacte,2020
Ssangyong,Actyon,44900,7,Diesel,Automatique,138000,4 x 4,2013
Nissan,Qashqai,52000,6,Essence,Automatique,165000,4 x 4,2015
Volkswagen,Jetta,32000,7,Essence,Manuelle,272000,Berline,2008
mini,One,32000,5,Essence,Manuelle,150000,Compacte,2009
Ssangyong,Tivoli,45000,,Essence,Automatique,181.000,Monospace,2017
Citroen,C5,24500,6,Diesel,Manuelle,300000,Berline,2009
AC,Cobra,72000,5,Diesel,Manuelle,73000,Compacte,2022
BMW,X5,9000,1444,Essence,Manuelle,10000,Autres,2010
Renault,Symbol,45000,5,Essence,Manuelle,128000,Autres,2021
Suzuki,Celerio,30000,4,Essence,Manuelle,150000,Berline,2021
Mercedes-Benz,Classe E,118000,9,Essence,Automatique,88000,Berline,2017
Nissan,Navara,60000,8,Diesel,Manuelle,340000,4 x 4,2010
Mercedes-Benz,Classe C,290000,9,,Automatique,9000,,2025
Kia,Sportage,80000,10,Diesel,Automatique,80000,4 x 4,2019
Audi,A3,53500,5,Diesel,Manuelle,280000,Berline,2014
Skoda,Octavia,109000,8,Essence,Automatique,30000,Berline,2022
Ford,Focus,42000,7,Essence,Automatique,129000,Autres,2018
Nissan,Juke,43000,6,Diesel,Manuelle,219000,Compacte,2015
Volkswagen,Golf 8,85000,110,Hybride essence,Automatique,70000,Berline,2021
Jaguar,X-Type,29500,7,Diesel,Manuelle,195900,Berline,2005
Volkswagen,Caddy,12000,8,Diesel,,444,Utilitaire,2000
Ssangyong,Tivoli,45000,,Essence,Manuelle,175000,Berline,2015
Ssangyong,Tivoli,45000,,Essence,Manuelle,175000,Berline,2015
Volkswagen,Polo,38000,5,Essence,Manuelle,190000,Berline,2017
Volkswagen,Golf 7,41000,,Essence,Manuelle,385000,,2015
Renault,Clio,47799,5,Essence,Manuelle,123000,Compacte,2021
Fiat,Uno,125000,4,,Manuelle,,Cabriolet,
Chery,QQ,18000,5,Essence,Manuelle,80000,Compacte,2017
Citroen,C5,26500,6,Diesel,Manuelle,330000,Berline,2011
Peugeot,508,25500,,Diesel,Automatique,,Berline,2011
Renault,Clio,46000,4,Essence,Manuelle,74000,Compacte,2023
Chevrolet,Captiva,78000,9,Essence,Automatique,70000,4 x 4,2023
Mercedes-Benz,190,16500,6,Diesel,Manuelle,350000,Berline,1987
Volkswagen,Tiguan,140000,8,Hybride essence,Automatique,89280,Monospace,2023
Mercedes-Benz,Classe E,250000,4,Electrique,Automatique,105000,Berline,2022
Ford,Fiesta,34000,5,Essence,Manuelle,120000,Compacte,2017
Renault,Megane,17000,5,Diesel,Manuelle,500000,Berline,2005
Kia,Picanto,31000,,,Manuelle,101000,,
Volkswagen,Jetta,29000,7,Essence,Manuelle,229000,Berline,2011
Volkswagen,Golf,65000,6,Essence,Manuelle,80000,Berline,2017
BMW,Serie 5,138000,10,Essence,Automatique,80000,Berline,2018
Geely,GK-GS,42000,6,Essence,Manuelle,29000,Berline,2021
Ford,Ka,24800,4,Essence,Manuelle,153000,Compacte,2010
Suzuki,Celerio,31000,,Essence,,,Berline,
Ford,Ranger,78000,7,Diesel,Manuelle,230000,Pick up,2013
Volkswagen,Jetta,39000,6,Essence,Manuelle,178000,Berline,2011
AC,Cobra,72000,8,Diesel,Manuelle,73000,4 x 4,2022
Suzuki,Swift,42500,5,,Manuelle,76600,Compacte,2020
BMW,Serie 3,28000,,Essence,Manuelle,310,,2006
MG,HS,80000,9,Essence,Automatique,65000,Berline,2023
Hyundai,I 10,32000,5,Essence,Manuelle,175000,Autres,2015
Chery,Tiggo,100000,11,Essence,Automatique,35000,Autres,2024
Fiat,Punto,18800,5,Essence,Manuelle,,,2009
Isuzu,D-MAX,68000,8,Diesel,Manuelle,117000,Utilitaire,2022
Peugeot,208,42000,5,Essence,Manuelle,110000,,2022
Volkswagen,Golf 7,87000,7,Essence,Automatique,20000,Berline,2020
Peugeot,Bipper,25000,1248,Diesel,Manuelle,177000,Autres,2018
Nissan,Micra,29000,,,,180,,2018
Citroen,C-Elysée,21500,5,Essence,Manuelle,200,Compacte,2015
Citroen,C4,24500,6,Essence,Manuelle,300000,Berline,2007
Fiat,Punto,26500,5,Essence,Manuelle,170000,Compacte,2015
Volkswagen,Jetta,39000,6,Essence,Manuelle,178000,Berline,2011
Toyota,Aygo,35000,4,Essence,Manuelle,100000,Autres,2021
Haval,jolion,82000,9,Essence,Automatique,84000,Autres,2021
Renault,Megane,14000,7,Diesel,Manuelle,360,Berline,2005
Volkswagen,Polo,21800,4,Essence,Manuelle,184.000,Berline,2006
Opel,Combo,53500,6,Diesel,Manuelle,138,,2022
Toyota,C-HR,65000,,Essence,Automatique,184000,,2020
Mazda,MPV,99999,10,Essence,Manuelle,300,Autres,2002
Ford,Fiesta,20000,5,,Manuelle,260,,2005
Peugeot,208,25000,7,Essence,Automatique,260000,Berline,2013
Peugeot,406,18500,6,Diesel,Manuelle,293400,Compacte,83
Nissan,Maxima,15000,10,,Manuelle,,Compacte,1997
Mazda,CX-9,91900,15,Essence,Automatique,155000,4 x 4,2019
Peugeot,407,25000,6,Diesel,Manuelle,270000,,2007
Peugeot,208,43000,5,Essence,Manuelle,70000,Compacte,2023
Renault,R19,11000,6,Essence,Manuelle,275000,Autres,1994
Kia,Rio,64000,6,Essence,Automatique,50000,Compacte,2024
Peugeot,106,12500,,Essence,Manuelle,127000,,1997
Haval,jolion,85000,9,Essence,Automatique,60000,Autres,2022
BMW,Serie 3,62000,7,Essence,Automatique,142000,Berline,2015
Fiat,Grande Punto,24000,5,Essence,Manuelle,278000,Compacte,2010
Peugeot,2008,38000,5,Essence,Manuelle,124000,Compacte,2017
Chevrolet,Aveo,12800,5,Essence,Manuelle,200000,Autres,2005
Fiat,Panda,21000,4,Essence,Manuelle,140,Compacte,2006
Peugeot,3008,90000,6,Diesel,Manuelle,134500,4 x 4,2016
Volkswagen,Tiguan,65000,6,Diesel,Manuelle,153000,Berline,2016
Hyundai,Tucson,112000,10,Essence,Automatique,57000,,2019
Seat,Leon,38000,6,Essence,Manuelle,193000,Berline,2015
Mercedes-Benz,Classe E,280000,12,Hybride essence,Automatique,8000,Berline,2024
Mercedes-Benz,Classe A,57000,7,Essence,Manuelle,,,2016
Ford,C-Max,17800,6,Diesel,Manuelle,,Monospace,2007
Volkswagen,Tiguan,37000,8,Diesel,Automatique,239,Autres,2006
Jeep,Compass,95000,0,Essence,Automatique,135000,4 x 4,2021
Peugeot,2008,41000,5,Essence,Manuelle,120000,Autres,2018
Citroen,C4,33000,5,Essence,Manuelle,165000,Berline,2013
Jeep,Grand Cherokee,225000,,Essence,Automatique,58000,4 x 4,2022
Renault,Megane,58000,7,Essence,Automatique,92000,Autres,2020
Chevrolet,Aveo,20500,5,Essence,,294000,,
Volkswagen,Polo,42000,6,Essence,Manuelle,65000,Berline,2019
Seat,Leon,75000,6,Essence,Manuelle,66000,Berline,2020
Kia,Rio,47000,,Essence,Manuelle,115000,,2019
Toyota,Yaris,25000,5,Diesel,Manuelle,260000,,2009
Renault,Messenger,19997,7,Essence,Manuelle,299998,Autres,2005
Peugeot,404,24000,1200,Diesel,Manuelle,22000,Autres,1974
Opel,Corsa,12000,4,Essence,Manuelle,,,2002
Isuzu,D-MAX,116000,7,Diesel,Manuelle,2000,4 x 4,2025
Renault,Laguna Estate,30000,8,Diesel,Manuelle,269,Autres,2011
Ssangyong,Actyon,59000,7,Diesel,Manuelle,90000,4 x 4,2017
Volkswagen,Polo,12500,5,Essence,Manuelle,70000,Autres,1990
Renault,Megane CC,18000,5,Diesel,Manuelle,3700000,Berline,
Renault,Megane CC,18000,5,Diesel,Manuelle,3700000,Berline,
Mercedes-Benz,Classe ML,48500,15,Diesel,Automatique,288.000,4 x 4,2008
Seat,Ibiza,60000,,Essence,Manuelle,65000,,2021
Opel,Mokka,87500,6,Essence,Automatique,17000,Autres,2022
Ford,Focus C-MAX,39000,6,Essence,Automatique,140000,Compacte,2017
Suzuki,Celerio,38000,4,Essence,Manuelle,46000,Compacte,2022
Chery,Tiggo,40000,6,Essence,Manuelle,18000,Autres,2020
Renault,Megane CC,20500,5,Diesel,Manuelle,,,2005
Honda,CR-X,19500,9,Essence,Manuelle,200000,Autres,1997
Peugeot,Partner,33000,6,Diesel,Manuelle,190,Utilitaire,2018
Volkswagen,Golf,39800,,Essence,Manuelle,217,Berline,
Mercedes-Benz,220,29000,,,Manuelle,310,,
Toyota,C-HR,139000,5,Hybride,Automatique,27000,Autres,2022
Volkswagen,Polo,123456,5,Essence,Manuelle,187000,Autres,2016.2017
Peugeot,2008,85000,7,Essence,Automatique,30000,Berline,2023
Renault,Clio,68000,5,Hybride essence,Automatique,55000,Compacte,2021
Peugeot,5008,36000,6,Diesel,Automatique,330,Berline,2009
Mercedes-Benz,Classe CLA,69000,6,Essence,Manuelle,75852,Berline,2013
Isuzu,D-MAX,155000,11,Diesel,Manuelle,6700,Pick up,2019
Volkswagen,Passat,105000,8,Essence,Automatique,20500,Berline,2019
Fiat,Doblo,17500,,Diesel,Manuelle,,,
Iveco,Daily,36000,9,Diesel,Manuelle,312000,Autres,2013
Volkswagen,Caddy,31000,,Diesel,Manuelle,267000,Utilitaire,2015
Haval,H6,115000,9,Essence,Automatique,40000,4 x 4,2023
Renault,Clio,40000,,Essence,,97000,,
MG,HS,115000,4,Essence,Manuelle,54,Autres,2023
Citroen,C-Elysée,22000,6,Essence,Manuelle,244,Berline,2014
Volkswagen,Passat,58000,15,Essence,Automatique,199000,Berline,2016
Porsche,Cayenne,123456,21,Essence,Automatique,230000,Compacte,2008
Volkswagen,Tiguan,94000,8,Diesel,Automatique,145000,Berline,2017
Nissan,Qashqai,75000,6,Essence,Manuelle,136000,4 x 4,2018
Mercedes-Benz,Classe E,69800,8,Diesel,Automatique,260000,Berline,2014
Renault,Clio,17000,5,Essence,Manuelle,200.000,Autres,2003
Fiat,Fiorino,32000,5,Diesel,Manuelle,100000,Autres,2021
Haval,H6,99000,8,Essence,Automatique,33.000,4 x 4,2023
Ford,Fiesta,250000,5,Essence,Manuelle,240000,Compacte,2011
Volkswagen,Transporter,30000,7,Diesel,Manuelle,290,Compacte,2014
Kia,Picanto,41000,,Essence,Manuelle,59000,,2022
Peugeot,206,11111,5,Essence,Manuelle,175,Berline,2005
Volkswagen,Caddy,32000,5,Diesel,Manuelle,232000,Utilitaire,2015
Seat,Ibiza,46000,5,Essence,Manuelle,16400,Compacte,2021
Mahindra,Hover,29000,4,Essence,Manuelle,62000,Autres,2021
Hyundai,I 10,32000,4,Essence,Manuelle,0,Compacte,2017
Citroen,C3,111111,,Essence,Automatique,230,Cabriolet,
Volkswagen,Caddy,15000,8,Diesel,Manuelle,250000,Utilitaire,2002
Kia,Cerato,41000,,Essence,Automatique,135000,Berline,2014
Renault,Megane,19000,5,Diesel,Manuelle,380,Berline,2006
Kia,Rio,65000,5,Essence,Manuelle,61000,,2022
Kia,Rio,45000,,Essence,Automatique,99000,Compacte,2016
Skoda,Octavia,68500,6,Diesel,Manuelle,65000,Berline,2020
Hyundai,Tucson,77000,8,Essence,Automatique,135,4 x 4,2020
Kia,Rio,66500,5,Essence,Manuelle,39235,Berline,2022
Volkswagen,Golf,60000,6,Essence,Automatique,118000,Compacte,2020
Isuzu,D-MAX,95000,,Diesel,Manuelle,50000,Pick up,2023
Toyota,Land Cruiser,36000,11,Diesel,Manuelle,600000,4 x 4,1994
Hyundai,Ix 35,50000,11,Diesel,Automatique,221000,4 x 4,2013
Kia,Sportage,97600,8,Diesel,Automatique,114000,4 x 4,2021
Chery,Tiggo,57500,6,Essence,Automatique,16000,Autres,2023
Peugeot,208,24000,,Essence,Manuelle,209000,Berline,2013
Mazda,BT-50,62000,,Diesel,Manuelle,227000,Pick up,
Volkswagen,Golf 6,31500,7,Essence,Manuelle,320000,Berline,2007
Volkswagen,Golf 7,89500,6,Diesel,Manuelle,130000,,2020
Kia,Sorento,65000,12,Diesel,Automatique,220000,4 x 4,2015
Volkswagen,Polo,42000,7,Essence,Manuelle,152000,Compacte,2021
Citroen,C-Elysée,27500,5,Essence,Manuelle,159000,Berline,2016
Citroen,C3,45000,4,Essence,Manuelle,19500,Berline,2024
Iveco,Trakker,50000,15111111,Diesel,Manuelle,111,Autres,1980
Renault,Clio,20002,4,Essence,Manuelle,360000,,2006
Citroen,Berlingo,13800,28449,Diesel,Manuelle,125889,Compacte,2004
Renault,Megane,48000,5,Diesel,Manuelle,240.000,Berline,2016
Citroen,C4,20500,7,Essence,Manuelle,270,Autres,2007
Opel,Astra,14000,5,Essence,Manuelle,29200,Berline,2004
Renault,Symbol,24500,5,Essence,Manuelle,300,Autres,06.2012
Renault,Clio,18700,5,Essence,Manuelle,170000,Berline,2003
Renault,Symbol,27000,5,Essence,Manuelle,270000,Berline,2016
Volkswagen,Caddy,51000,5,Diesel,Manuelle,125000,Autres,2021
Land Rover,Range Rover Evoque,68000,150,Diesel,Manuelle,213,4 x 4,2013
BMW,Serie 1,26500,,Essence,Manuelle,100000,Compacte,
Volkswagen,Golf 8,12345,6,Essence,Manuelle,101,Berline,2021
Kia,Sportage,56000,6,Diesel,Manuelle,175000,4 x 4,2012
Kia,Picanto,38500,4,Essence,Manuelle,90000,Compacte,2021
Volkswagen,Caddy,12000,19,Diesel,Manuelle,1100010,Cabriolet,2000
Mazda,2,40000,,Essence,Manuelle,138,Berline,2017
Mercedes-Benz,Classe C,42000,9,Essence,Automatique,290000,Berline,2008
Peugeot,206+,18000,4,Essence,Manuelle,200,Compacte,2000
Fiat,Grande Punto,25500,,Essence,Manuelle,184,,2013
Chery,QQ,25000,4,Essence,Manuelle,5000,Compacte,2021
Hyundai,Santa Fe,31000,8,Diesel,Manuelle,154000,4 x 4,2003
Mazda,2,45000,6,Essence,Manuelle,97000,Berline,2017
Dongfeng,s50,37000,6,Essence,Manuelle,95400,Berline,2019
Volkswagen,Jetta,39000,6,Essence,Manuelle,178000,Berline,2011
MG,ZS,52000,9,Essence,Automatique,90000,4 x 4,2018
Chevrolet,Aveo,24000,5,Essence,Manuelle,155000,Cabriolet,2012
Peugeot,208,24000,5,Diesel,Manuelle,515,Autres,2016
Fiat,Grande Punto,22800,4,Essence,Manuelle,330000,Compacte,2009
Hyundai,I 20,38000,4,Essence,Manuelle,80000,Compacte,2017
Volkswagen,Jetta,31500,,Essence,,270000,Autres,2008
Volkswagen,Golf 7,49500,5,Diesel,Manuelle,280000,Berline,2014
Peugeot,407,24000,6,Diesel,Manuelle,247000,Berline,
Chery,QQ6,25000,4,Essence,Manuelle,50000,Compacte,2021
Chery,QQ,25000,4,Essence,Manuelle,50000,Compacte,2021
Citroen,C3,19000,4,Essence,Manuelle,265000,Compacte,2007
Fiat,Doblo,21500,5,Diesel,Manuelle,163000,Utilitaire,2015
Renault,Clio,24000,5,Essence,Manuelle,300000,Berline,2007
Porsche,Cayenne,115000,30,Essence,Automatique,155000,Berline,2012
Chery,QQ,24000,4,Essence,Manuelle,70000,Compacte,2021
Kia,Rio,11111,6,Essence,Manuelle,130000,Berline,2021
Chevrolet,Spark,24000,5,Essence,Manuelle,130000,Compacte,2014
Geely,LC,40000,6,Essence,Manuelle,45000,4 x 4,2020
Dongfeng,s50,32000,6,Essence,Manuelle,147000,Berline,2019
Mercedes-Benz,Classe C,112000,9,Essence,Automatique,123000,Berline,2018
Citroen,Berlingo,69500,5,Diesel,Manuelle,133,,2019
Audi,A4,65000,8,Essence,Manuelle,140000,Berline,2016
Peugeot,208,30000,4,Essence,Manuelle,110000,Compacte,2020
BMW,Serie 3,69000,136,Essence,Automatique,199000,Berline,2015
Ford,Fiesta,20000,5,Essence,Manuelle,190,Compacte,2004
Peugeot,407 SW,26000,06,Diesel,Manuelle,335000,Berline,2008
Renault,Megane,60000,6,Diesel,Automatique,210,Berline,2019
Renault,Megane,32000,6,Diesel,Manuelle,272000,Berline,2009
Peugeot,208,32000,,Essence,Manuelle,109000,,2016
Citroen,C3,26500,,Essence,Manuelle,192000,,2012
Volkswagen,Golf 6,41500,5,Essence,Manuelle,229,Autres,2011
Nissan,Navara,60000,,Diesel,Manuelle,200000,4 x 4,2014
Volkswagen,Passat CC,34000,8,Diesel,Manuelle,140000,Berline,2007
Jaguar,F-Type,210000,10,Diesel,Automatique,84000,4 x 4,2020
Volkswagen,Golf 7,55000,5,Diesel,Manuelle,247000,Berline,2071
Peugeot,206,13500,7,Essence,Manuelle,294543,Cabriolet,2005
Fiat,Freemont,80000,10,Diesel,Manuelle,92000,Autres,2012
Ssangyong,Tivoli,65000,6,Essence,Manuelle,22000,Autres,2022
Kia,Rio,38500,5,Essence,Manuelle,170000,Compacte,2016
Ford,Ranger,40000,10,Diesel,Manuelle,350000,Autres,2010
Audi,Q5,65000,14,Essence,Automatique,220000,4 x 4,2014
MG,ZS,62000,7,Essence,Manuelle,67000,4 x 4,2020
Audi,A4,69000,8,Essence,Automatique,215000,Berline,2017
